2025-11-07 14:54:48,614 [INFO] Activator:176 - 


2025-11-07 14:54:48,616 [INFO] Activator:177 - !SESSION log4j initialized
2025-11-07 14:54:51,051 [INFO] LogOutputStream:77 - [STDOUT_REDIRECT] 
2025-11-07 14:54:52,195 [INFO] ApplicationProperties:184 - Using Application install path: /home/abanchio/st/stm32cubeide_1.19.0/plugins/com.st.stm32cube.common.mx_6.15.0.202507011659
2025-11-07 14:54:52,204 [INFO] DbMcusXml:78 - Set database path to: /home/abanchio/st/stm32cubeide_1.19.0/plugins/com.st.stm32cube.common.mx_6.15.0.202507011659//db//mcu/
2025-11-07 14:54:52,205 [INFO] ApiDb:274 - Set plugin database path to: /home/abanchio/st/stm32cubeide_1.19.0/plugins/com.st.stm32cube.common.mx_6.15.0.202507011659//db//plugins/boardmanager/
2025-11-07 14:54:52,205 [WARN] ApiDb:259 - Overriding images path with different value:  => /home/abanchio/st/stm32cubeide_1.19.0/plugins/com.st.stm32cube.common.mx_6.15.0.202507011659//db//plugins/mcufinder/images/
2025-11-07 14:54:52,210 [INFO] ApiDb:250 - Set database path to: /home/abanchio/.stmcufinder/plugins/mcufinder//mcu/
2025-11-07 14:54:52,211 [INFO] DbMcusAds:125 - Set database path to: /home/abanchio/.stmcufinder/plugins/mcufinder//mcu/
2025-11-07 14:54:52,212 [INFO] CrossReferenceDbSqlite:203 - Set database path to: /home/abanchio/.stmcufinder/plugins/mcufinder//mcu/cs/
2025-11-07 14:54:52,279 [INFO] RulesReader:64 - Compatibility file has been processed (317 Rules)
2025-11-07 14:54:52,313 [INFO] DbMcusXml:78 - Set database path to: /home/abanchio/st/stm32cubeide_1.19.0/plugins/com.st.stm32cube.common.mx_6.15.0.202507011659//db//mcu/
2025-11-07 14:54:52,313 [INFO] ApiDb:274 - Set plugin database path to: /home/abanchio/st/stm32cubeide_1.19.0/plugins/com.st.stm32cube.common.mx_6.15.0.202507011659//db//plugins/boardmanager/
2025-11-07 14:54:52,313 [INFO] ApiDb:261 - Set plugin images path to: /home/abanchio/st/stm32cubeide_1.19.0/plugins/com.st.stm32cube.common.mx_6.15.0.202507011659//db//plugins/mcufinder/images/
2025-11-07 14:54:52,313 [WARN] DbFile:41 - Overriding database path with different value: /home/abanchio/.stmcufinder/plugins/mcufinder/ => /home/abanchio/.stmcufinder/plugins/mcufinder
2025-11-07 14:54:52,313 [INFO] ApiDb:250 - Set database path to: /home/abanchio/.stmcufinder/plugins/mcufinder//mcu/
2025-11-07 14:54:52,313 [WARN] DbFile:41 - Overriding database path with different value: /home/abanchio/.stmcufinder/plugins/mcufinder/ => /home/abanchio/.stmcufinder/plugins/mcufinder
2025-11-07 14:54:52,313 [INFO] DbMcusAds:125 - Set database path to: /home/abanchio/.stmcufinder/plugins/mcufinder//mcu/
2025-11-07 14:54:52,313 [WARN] DbFile:41 - Overriding database path with different value: /home/abanchio/.stmcufinder/plugins/mcufinder/ => /home/abanchio/.stmcufinder/plugins/mcufinder
2025-11-07 14:54:52,314 [WARN] DbFile:41 - Overriding database path with different value: /home/abanchio/.stmcufinder/plugins/mcufinder/ => /home/abanchio/.stmcufinder/plugins/mcufinder
2025-11-07 14:54:52,314 [INFO] CrossReferenceDbSqlite:203 - Set database path to: /home/abanchio/.stmcufinder/plugins/mcufinder//mcu/cs/
2025-11-07 14:54:52,355 [INFO] MainPanel:274 - HeapMemory: 268435456
2025-11-07 14:54:52,440 [INFO] DbMcusXml:78 - Set database path to: /home/abanchio/st/stm32cubeide_1.19.0/plugins/com.st.stm32cube.common.mx_6.15.0.202507011659//db//mcu/
2025-11-07 14:54:52,440 [INFO] ApiDb:274 - Set plugin database path to: /home/abanchio/st/stm32cubeide_1.19.0/plugins/com.st.stm32cube.common.mx_6.15.0.202507011659//db//plugins/boardmanager/
2025-11-07 14:54:52,440 [INFO] ApiDb:261 - Set plugin images path to: /home/abanchio/st/stm32cubeide_1.19.0/plugins/com.st.stm32cube.common.mx_6.15.0.202507011659//db//plugins/mcufinder/images/
2025-11-07 14:54:52,440 [WARN] DbFile:41 - Overriding database path with different value: /home/abanchio/.stmcufinder/plugins/mcufinder/ => /home/abanchio/.stmcufinder/plugins/mcufinder
2025-11-07 14:54:52,440 [INFO] ApiDb:250 - Set database path to: /home/abanchio/.stmcufinder/plugins/mcufinder//mcu/
2025-11-07 14:54:52,440 [WARN] DbFile:41 - Overriding database path with different value: /home/abanchio/.stmcufinder/plugins/mcufinder/ => /home/abanchio/.stmcufinder/plugins/mcufinder
2025-11-07 14:54:52,440 [INFO] DbMcusAds:125 - Set database path to: /home/abanchio/.stmcufinder/plugins/mcufinder//mcu/
2025-11-07 14:54:52,441 [WARN] DbFile:41 - Overriding database path with different value: /home/abanchio/.stmcufinder/plugins/mcufinder/ => /home/abanchio/.stmcufinder/plugins/mcufinder
2025-11-07 14:54:52,441 [WARN] DbFile:41 - Overriding database path with different value: /home/abanchio/.stmcufinder/plugins/mcufinder/ => /home/abanchio/.stmcufinder/plugins/mcufinder
2025-11-07 14:54:52,441 [INFO] CrossReferenceDbSqlite:203 - Set database path to: /home/abanchio/.stmcufinder/plugins/mcufinder//mcu/cs/
2025-11-07 14:54:52,449 [INFO] ApplicationProperties:184 - Using Application install path: /home/abanchio/st/stm32cubeide_1.19.0/plugins/com.st.stm32cube.common.mx_6.15.0.202507011659
2025-11-07 14:54:52,450 [INFO] PluginManage:196 - Search for loadable plugins [exclusion list=, ]
2025-11-07 14:54:52,450 [INFO] PluginManage:310 - Check plugin analytics
2025-11-07 14:54:52,570 [INFO] AnalyticsPlugin:253 - Accepted Software Licenses: 
2025-11-07 14:54:52,570 [INFO] AnalyticsPlugin:255 - Accepted CMSIS Pack Licenses: 
2025-11-07 14:54:52,570 [INFO] AnalyticsPlugin:257 - Accepted Firmware Licenses: 
2025-11-07 14:54:52,573 [INFO] PluginManage:359 - Loaded plugin analytics (category:tool,tabindex:-1)
2025-11-07 14:54:52,573 [INFO] PluginManage:310 - Check plugin cadmodel
2025-11-07 14:54:52,578 [INFO] CADModel:105 - Init CAD model plugin
2025-11-07 14:54:52,578 [INFO] PluginManage:359 - Loaded plugin cadmodel (category:power,tabindex:5)
2025-11-07 14:54:52,578 [INFO] PluginManage:310 - Check plugin clock
2025-11-07 14:54:52,587 [INFO] PluginManage:359 - Loaded plugin clock (category:base,tabindex:2)
2025-11-07 14:54:52,587 [INFO] PluginManage:310 - Check plugin ddr
2025-11-07 14:54:52,589 [INFO] PluginManage:359 - Loaded plugin ddr (category:tool,tabindex:6)
2025-11-07 14:54:52,589 [INFO] PluginManage:310 - Check plugin filemanager
2025-11-07 14:54:52,723 [INFO] PluginManage:359 - Loaded plugin filemanager (category:base,tabindex:10)
2025-11-07 14:54:52,724 [INFO] PluginManage:310 - Check plugin ipmanager
2025-11-07 14:54:52,727 [INFO] PluginManage:359 - Loaded plugin ipmanager (category:base,tabindex:5)
2025-11-07 14:54:52,728 [INFO] PluginManage:310 - Check plugin lpbam
2025-11-07 14:54:52,738 [INFO] PluginManage:359 - Loaded plugin lpbam (category:base,tabindex:0)
2025-11-07 14:54:52,738 [INFO] PluginManage:310 - Check plugin memorymap
2025-11-07 14:54:52,749 [INFO] PluginManage:359 - Loaded plugin memorymap (category:base,tabindex:4)
2025-11-07 14:54:52,749 [INFO] PluginManage:310 - Check plugin pinoutandconfiguration
2025-11-07 14:54:52,757 [INFO] PluginManage:359 - Loaded plugin pinoutandconfiguration (category:base,tabindex:1)
2025-11-07 14:54:52,758 [INFO] PluginManage:310 - Check plugin pinoutconfig
2025-11-07 14:54:52,818 [WARN] SupportedApi:132 - Cannot load RTOS API schema: s4s-elt-must-match.1: The content of 'definitions' must match (annotation?, (simpleType | complexType)?, (unique | key | keyref)*)). A problem was found starting at: attribute.
2025-11-07 14:54:52,909 [INFO] PluginManage:359 - Loaded plugin pinoutconfig (category:base,tabindex:0)
2025-11-07 14:54:52,909 [INFO] PluginManage:310 - Check plugin power
2025-11-07 14:54:52,919 [INFO] PluginManage:359 - Loaded plugin power (category:power,tabindex:4)
2025-11-07 14:54:52,919 [INFO] PluginManage:310 - Check plugin projectmanager
2025-11-07 14:54:52,933 [INFO] PluginManage:359 - Loaded plugin projectmanager (category:projectmanager,tabindex:4)
2025-11-07 14:54:52,934 [INFO] PluginManage:310 - Check plugin rif
2025-11-07 14:54:52,942 [INFO] PluginManage:359 - Loaded plugin rif (category:base,tabindex:3)
2025-11-07 14:54:52,943 [INFO] PluginManage:310 - Check plugin thirdparty
2025-11-07 14:54:53,039 [INFO] PluginManage:359 - Loaded plugin thirdparty (category:base,tabindex:-1)
2025-11-07 14:54:53,039 [WARN] IntegrityCheckThread:84 - waiting for thirdparty lock release [integrity check]
2025-11-07 14:54:53,040 [INFO] PluginManage:310 - Check plugin tools
2025-11-07 14:54:53,040 [INFO] IntegrityCheckThread:86 - entering critical section [integrity check]
2025-11-07 14:54:53,040 [INFO] ThirdPartyUpdaterWithRetryManager:70 - Updater plugin not ready yet. [1/15]
2025-11-07 14:54:53,042 [INFO] PluginManage:359 - Loaded plugin tools (category:base,tabindex:7)
2025-11-07 14:54:53,042 [INFO] PluginManage:310 - Check plugin tutovideos
2025-11-07 14:54:53,172 [INFO] PluginManage:359 - Loaded plugin tutovideos (category:base,tabindex:-1)
2025-11-07 14:54:53,172 [INFO] PluginManage:310 - Check plugin updater
2025-11-07 14:54:53,192 [INFO] PluginManage:359 - Loaded plugin updater (category:base,tabindex:12)
2025-11-07 14:54:53,192 [INFO] PluginManage:310 - Check plugin userauth
2025-11-07 14:54:53,195 [INFO] UserAuth:118 - Init User Auth plugin
2025-11-07 14:54:53,196 [INFO] PluginManage:359 - Loaded plugin userauth (category:base,tabindex:14)
2025-11-07 14:54:53,197 [INFO] PluginManage:283 - PluginManage : Loaded plugins [18]
2025-11-07 14:54:53,318 [INFO] PinOutPanel:1589 - setPackage(No Configuration,No Configuration)
2025-11-07 14:54:53,357 [INFO] CADModel:165 - CPN selected for project level
2025-11-07 14:54:53,357 [INFO] CADModel:114 - Register for checkConnection events
2025-11-07 14:54:53,368 [INFO] IPUIPlugin:80 - create IPUIPlugin
2025-11-07 14:54:53,368 [INFO] PluginManager:220 - loadIPPluginJar : add adc
2025-11-07 14:54:53,370 [INFO] IPUIPlugin:80 - create IPUIPlugin
2025-11-07 14:54:53,370 [INFO] PluginManager:220 - loadIPPluginJar : add aes
2025-11-07 14:54:53,371 [INFO] IPUIPlugin:80 - create IPUIPlugin
2025-11-07 14:54:53,371 [INFO] PluginManager:220 - loadIPPluginJar : add can
2025-11-07 14:54:53,372 [INFO] IPUIPlugin:80 - create IPUIPlugin
2025-11-07 14:54:53,372 [INFO] PluginManager:220 - loadIPPluginJar : add comp
2025-11-07 14:54:53,373 [INFO] IPUIPlugin:80 - create IPUIPlugin
2025-11-07 14:54:53,373 [INFO] PluginManager:220 - loadIPPluginJar : add cryp
2025-11-07 14:54:53,375 [INFO] IPUIPlugin:80 - create IPUIPlugin
2025-11-07 14:54:53,375 [INFO] PluginManager:220 - loadIPPluginJar : add ddr_ctrl_phy
2025-11-07 14:54:53,376 [INFO] IPUIPlugin:80 - create IPUIPlugin
2025-11-07 14:54:53,376 [INFO] PluginManager:220 - loadIPPluginJar : add dfsdm
2025-11-07 14:54:53,380 [INFO] IPUIPlugin:80 - create IPUIPlugin
2025-11-07 14:54:53,380 [INFO] PluginManager:220 - loadIPPluginJar : add dma
2025-11-07 14:54:53,381 [INFO] IPUIPlugin:80 - create IPUIPlugin
2025-11-07 14:54:53,382 [INFO] PluginManager:220 - loadIPPluginJar : add dma3
2025-11-07 14:54:53,383 [INFO] IPUIPlugin:80 - create IPUIPlugin
2025-11-07 14:54:53,383 [INFO] PluginManager:220 - loadIPPluginJar : add extmemmanager
2025-11-07 14:54:53,384 [INFO] IPUIPlugin:80 - create IPUIPlugin
2025-11-07 14:54:53,384 [INFO] PluginManager:220 - loadIPPluginJar : add fatfs
2025-11-07 14:54:53,386 [INFO] IPUIPlugin:80 - create IPUIPlugin
2025-11-07 14:54:53,386 [INFO] PluginManager:220 - loadIPPluginJar : add fmc
2025-11-07 14:54:53,390 [INFO] IPUIPlugin:80 - create IPUIPlugin
2025-11-07 14:54:53,390 [INFO] PluginManager:220 - loadIPPluginJar : add freertos
2025-11-07 14:54:53,391 [INFO] IPUIPlugin:80 - create IPUIPlugin
2025-11-07 14:54:53,391 [INFO] PluginManager:220 - loadIPPluginJar : add genericplugin
2025-11-07 14:54:53,392 [INFO] IPUIPlugin:80 - create IPUIPlugin
2025-11-07 14:54:53,392 [INFO] PluginManager:220 - loadIPPluginJar : add gfxmmu
2025-11-07 14:54:53,395 [INFO] IPUIPlugin:80 - create IPUIPlugin
2025-11-07 14:54:53,396 [INFO] PluginManager:220 - loadIPPluginJar : add gic
2025-11-07 14:54:53,398 [INFO] IPUIPlugin:80 - create IPUIPlugin
2025-11-07 14:54:53,398 [INFO] PluginManager:220 - loadIPPluginJar : add gpio
2025-11-07 14:54:53,400 [INFO] IPUIPlugin:80 - create IPUIPlugin
2025-11-07 14:54:53,400 [INFO] PluginManager:220 - loadIPPluginJar : add gtzc
2025-11-07 14:54:53,401 [INFO] IPUIPlugin:80 - create IPUIPlugin
2025-11-07 14:54:53,401 [INFO] PluginManager:220 - loadIPPluginJar : add hash
2025-11-07 14:54:53,402 [INFO] IPUIPlugin:80 - create IPUIPlugin
2025-11-07 14:54:53,402 [INFO] PluginManager:220 - loadIPPluginJar : add i2c
2025-11-07 14:54:53,403 [INFO] IPUIPlugin:80 - create IPUIPlugin
2025-11-07 14:54:53,403 [INFO] PluginManager:220 - loadIPPluginJar : add i2s
2025-11-07 14:54:53,405 [INFO] IPUIPlugin:80 - create IPUIPlugin
2025-11-07 14:54:53,405 [INFO] PluginManager:220 - loadIPPluginJar : add i3c
2025-11-07 14:54:53,407 [INFO] IPUIPlugin:80 - create IPUIPlugin
2025-11-07 14:54:53,407 [INFO] PluginManager:220 - loadIPPluginJar : add ipddr
2025-11-07 14:54:53,411 [INFO] IPUIPlugin:80 - create IPUIPlugin
2025-11-07 14:54:53,412 [INFO] PluginManager:220 - loadIPPluginJar : add linkedlist
2025-11-07 14:54:53,413 [INFO] IPUIPlugin:80 - create IPUIPlugin
2025-11-07 14:54:53,413 [INFO] PluginManager:220 - loadIPPluginJar : add lorawan
2025-11-07 14:54:53,414 [INFO] IPUIPlugin:80 - create IPUIPlugin
2025-11-07 14:54:53,414 [INFO] PluginManager:220 - loadIPPluginJar : add ltdc
2025-11-07 14:54:53,417 [INFO] IPUIPlugin:80 - create IPUIPlugin
2025-11-07 14:54:53,418 [INFO] PluginManager:220 - loadIPPluginJar : add mdma
2025-11-07 14:54:53,420 [INFO] IPUIPlugin:80 - create IPUIPlugin
2025-11-07 14:54:53,420 [INFO] PluginManager:220 - loadIPPluginJar : add nvic
2025-11-07 14:54:53,422 [INFO] IPUIPlugin:80 - create IPUIPlugin
2025-11-07 14:54:53,422 [INFO] PluginManager:220 - loadIPPluginJar : add opamp
2025-11-07 14:54:53,423 [INFO] IPUIPlugin:80 - create IPUIPlugin
2025-11-07 14:54:53,423 [INFO] PluginManager:220 - loadIPPluginJar : add openamp
2025-11-07 14:54:53,424 [INFO] IPUIPlugin:80 - create IPUIPlugin
2025-11-07 14:54:53,425 [INFO] PluginManager:220 - loadIPPluginJar : add pdm2pcm
2025-11-07 14:54:53,429 [INFO] IPUIPlugin:80 - create IPUIPlugin
2025-11-07 14:54:53,432 [INFO] PluginManager:220 - loadIPPluginJar : add plateformsettings
2025-11-07 14:54:53,433 [INFO] IPUIPlugin:80 - create IPUIPlugin
2025-11-07 14:54:53,433 [INFO] PluginManager:220 - loadIPPluginJar : add quadspi
2025-11-07 14:54:53,434 [INFO] IPUIPlugin:80 - create IPUIPlugin
2025-11-07 14:54:53,434 [INFO] PluginManager:220 - loadIPPluginJar : add radio
2025-11-07 14:54:53,437 [INFO] IPUIPlugin:80 - create IPUIPlugin
2025-11-07 14:54:53,437 [INFO] PluginManager:220 - loadIPPluginJar : add resmgrutility
2025-11-07 14:54:53,439 [INFO] IPUIPlugin:80 - create IPUIPlugin
2025-11-07 14:54:53,439 [INFO] PluginManager:220 - loadIPPluginJar : add sai
2025-11-07 14:54:53,441 [INFO] IPUIPlugin:80 - create IPUIPlugin
2025-11-07 14:54:53,441 [INFO] PluginManager:220 - loadIPPluginJar : add spi
2025-11-07 14:54:53,445 [INFO] IPUIPlugin:80 - create IPUIPlugin
2025-11-07 14:54:53,445 [INFO] PluginManager:220 - loadIPPluginJar : add stm32_wpan
2025-11-07 14:54:53,446 [INFO] IPUIPlugin:80 - create IPUIPlugin
2025-11-07 14:54:53,446 [INFO] PluginManager:220 - loadIPPluginJar : add tim
2025-11-07 14:54:53,448 [INFO] IPUIPlugin:80 - create IPUIPlugin
2025-11-07 14:54:53,448 [INFO] PluginManager:220 - loadIPPluginJar : add touchsensing
2025-11-07 14:54:53,449 [INFO] IPUIPlugin:80 - create IPUIPlugin
2025-11-07 14:54:53,449 [INFO] PluginManager:220 - loadIPPluginJar : add tracer_emb
2025-11-07 14:54:53,450 [INFO] IPUIPlugin:80 - create IPUIPlugin
2025-11-07 14:54:53,450 [INFO] PluginManager:220 - loadIPPluginJar : add ts
2025-11-07 14:54:53,451 [INFO] IPUIPlugin:80 - create IPUIPlugin
2025-11-07 14:54:53,451 [INFO] PluginManager:220 - loadIPPluginJar : add tsc
2025-11-07 14:54:53,452 [INFO] IPUIPlugin:80 - create IPUIPlugin
2025-11-07 14:54:53,452 [INFO] PluginManager:220 - loadIPPluginJar : add ucpd
2025-11-07 14:54:53,453 [INFO] IPUIPlugin:80 - create IPUIPlugin
2025-11-07 14:54:53,453 [INFO] PluginManager:220 - loadIPPluginJar : add usart
2025-11-07 14:54:53,455 [INFO] IPUIPlugin:80 - create IPUIPlugin
2025-11-07 14:54:53,456 [INFO] PluginManager:220 - loadIPPluginJar : add usbx
2025-11-07 14:54:53,549 [FATAL] Updater:351 - Updater called before beeing initialized
2025-11-07 14:54:53,565 [INFO] RulesReader:64 - Compatibility file has been processed (317 Rules)
2025-11-07 14:54:53,571 [INFO] RulesReader:64 - Compatibility file has been processed (317 Rules)
2025-11-07 14:54:53,575 [INFO] CADModel:165 - CPN selected for project level
2025-11-07 14:54:53,575 [INFO] CADModel:114 - Register for checkConnection events
2025-11-07 14:54:53,575 [FATAL] Updater:351 - Updater called before beeing initialized
2025-11-07 14:54:53,575 [ERROR] CADModel:125 - Updater not yet initialized, retry later 
2025-11-07 14:54:53,661 [FATAL] Updater:351 - Updater called before beeing initialized
2025-11-07 14:54:53,662 [INFO] CADModel:165 - CPN selected for project level
2025-11-07 14:54:53,662 [INFO] CADModel:114 - Register for checkConnection events
2025-11-07 14:54:53,662 [FATAL] Updater:351 - Updater called before beeing initialized
2025-11-07 14:54:53,662 [ERROR] CADModel:125 - Updater not yet initialized, retry later 
2025-11-07 14:54:53,664 [FATAL] Updater:351 - Updater called before beeing initialized
2025-11-07 14:54:53,732 [FATAL] Updater:351 - Updater called before beeing initialized
2025-11-07 14:54:53,736 [INFO] DbMcusAds:53 - JSON generation date=Thu Oct 02 06:36:05 ART 2025 (1759397765645)
2025-11-07 14:54:53,737 [FATAL] Updater:351 - Updater called before beeing initialized
2025-11-07 14:54:53,766 [WARN] DetailPanel:346 - Failed to get advertising image, set to default
2025-11-07 14:54:53,818 [FATAL] Updater:351 - Updater called before beeing initialized
2025-11-07 14:54:53,819 [FATAL] Updater:351 - Updater called before beeing initialized
2025-11-07 14:54:53,819 [FATAL] Updater:351 - Updater called before beeing initialized
2025-11-07 14:54:53,819 [WARN] DetailPanel:346 - Failed to get advertising image, set to default
2025-11-07 14:54:53,820 [FATAL] Updater:351 - Updater called before beeing initialized
2025-11-07 14:54:53,839 [ERROR] Updater:1198 - MainUpdater not yet initialized. External WinMGr cannot be set.
2025-11-07 14:54:53,840 [INFO] Updater:1134 - Updater Version found : 6.15.0
2025-11-07 14:54:53,853 [INFO] ApplicationProperties:184 - Using Application install path: /home/abanchio/st/stm32cubeide_1.19.0/plugins/com.st.stm32cube.common.mx_6.15.0.202507011659
2025-11-07 14:54:54,193 [INFO] MainUpdater:2872 - connection check result : 10
2025-11-07 14:54:54,194 [INFO] MainUpdater:289 - Updater Check For Update Now.
2025-11-07 14:54:54,194 [INFO] MicroXplorer:498 - Change Database Version : DB.6.0.150
2025-11-07 14:54:54,199 [INFO] McuFinderGlobals:63 - Set McuFinder mode to 2 (CubeIDE integrated)
2025-11-07 14:54:54,200 [INFO] UserAuth:487 - Internet connection configuration mode: 1
2025-11-07 14:54:54,218 [INFO] JxBrowserEngine:152 - Initiate JxBrowser Engine with user profile folder
2025-11-07 14:54:54,385 [INFO] CheckServerUpdateThread:120 - End of CheckServer Thread
2025-11-07 14:54:54,846 [INFO] WebApp:169 - Instantiating new browser for Auth
2025-11-07 14:54:55,217 [INFO] WebApp:463 - Apply proxy settings
2025-11-07 14:54:55,217 [INFO] WebApp:548 - Chromium requires no authentication
2025-11-07 14:54:55,222 [INFO] WebApp:491 - Direct internet connection detected
2025-11-07 14:54:55,233 [INFO] WebApp:900 - Register for checkConnection events
2025-11-07 14:54:55,233 [INFO] WebApp:463 - Apply proxy settings
2025-11-07 14:54:55,233 [INFO] WebApp:548 - Chromium requires no authentication
2025-11-07 14:54:55,234 [INFO] WebApp:491 - Direct internet connection detected
2025-11-07 14:54:55,309 [INFO] WebApp:225 - Starting web application
2025-11-07 14:54:55,309 [INFO] WebApp:593 - Web application path used /home/abanchio/st/stm32cubeide_1.19.0/plugins/com.st.stm32cube.common.mx_6.15.0.202507011659/db/plugins/mcufinder/reactClient1/index.html
2025-11-07 14:54:55,394 [INFO] UserAuth:487 - Internet connection configuration mode: 1
2025-11-07 14:54:56,119 [WARN] PackLoader:240 - Cannot read IP mode file for STMicroelectronics.FP-SNS-MOTENVWB1.1.4.0
2025-11-07 14:54:56,125 [WARN] PackLoader:240 - Cannot read IP mode file for STMicroelectronics.FP-ATR-ASTRA1.2.0.2
2025-11-07 14:54:56,132 [WARN] PackLoader:240 - Cannot read IP mode file for STMicroelectronics.X-CUBE-SMBUS.2.1.0
2025-11-07 14:54:56,165 [WARN] PackLoader:240 - Cannot read IP mode file for STMicroelectronics.X-CUBE-AZRTOS-F7.1.1.0
2025-11-07 14:54:56,173 [WARN] PackLoader:240 - Cannot read IP mode file for Cesanta.I-CUBE-Mongoose.7.19.0
2025-11-07 14:54:56,178 [WARN] PackLoader:240 - Cannot read IP mode file for STMicroelectronics.FP-SNS-MOTENV1.5.1.0
2025-11-07 14:54:56,190 [WARN] PackLoader:240 - Cannot read IP mode file for WES.I-CUBE-Cesium.1.4.0
2025-11-07 14:54:56,220 [INFO] WebApp:191 - Connection restablished
2025-11-07 14:54:56,221 [WARN] PackLoader:240 - Cannot read IP mode file for Infineon.AIROC-Wi-Fi-Bluetooth-STM32.1.7.1
2025-11-07 14:54:56,253 [WARN] PackLoader:240 - Cannot read IP mode file for STMicroelectronics.X-CUBE-AZRTOS-H7.3.4.0
2025-11-07 14:54:56,265 [WARN] PackLoader:240 - Cannot read IP mode file for STMicroelectronics.X-CUBE-DISPLAY.3.0.0
2025-11-07 14:54:56,277 [WARN] PackLoader:240 - Cannot read IP mode file for STMicroelectronics.X-CUBE-NFC10.1.0.0
2025-11-07 14:54:56,284 [WARN] PackLoader:240 - Cannot read IP mode file for STMicroelectronics.X-CUBE-ST60.1.1.0
2025-11-07 14:54:56,289 [WARN] PackLoader:240 - Cannot read IP mode file for emotas.I-CUBE-CANOPEN.1.3.0
2025-11-07 14:54:56,294 [WARN] PackLoader:240 - Cannot read IP mode file for STMicroelectronics.X-CUBE-GNSS1.7.1.0
2025-11-07 14:54:56,302 [WARN] PackLoader:240 - Cannot read IP mode file for STMicroelectronics.FP-SNS-STBOX1.2.1.0
2025-11-07 14:54:56,308 [WARN] PackLoader:240 - Cannot read IP mode file for STMicroelectronics.FP-SNS-SMARTAG2.1.2.0
2025-11-07 14:54:56,312 [WARN] PackLoader:240 - Cannot read IP mode file for STMicroelectronics.FP-SNS-FLIGHT1.5.1.0
2025-11-07 14:54:56,319 [INFO] LogOutputStream:77 - [STDOUT_REDIRECT] 1 : Invalid condition id : UX_CORESTACK_Condition cause : null
2025-11-07 14:54:56,320 [INFO] LogOutputStream:77 - [STDOUT_REDIRECT] 1 : Invalid condition id : UX_CORESTACK_Condition cause : null
2025-11-07 14:54:56,320 [INFO] LogOutputStream:77 - [STDOUT_REDIRECT] 1 : Invalid condition id : UX_CORESTACK_Condition cause : null
2025-11-07 14:54:56,320 [INFO] LogOutputStream:77 - [STDOUT_REDIRECT] 1 : Invalid condition id : UX_CORESTACK_Condition cause : null
2025-11-07 14:54:56,321 [INFO] LogOutputStream:77 - [STDOUT_REDIRECT] 1 : Invalid condition id : UX_CORESTACK_Condition cause : null
2025-11-07 14:54:56,323 [WARN] PackLoader:240 - Cannot read IP mode file for STMicroelectronics.X-CUBE-AZRTOS-WL.2.0.0
2025-11-07 14:54:56,328 [WARN] PackLoader:240 - Cannot read IP mode file for STMicroelectronics.FP-SNS-MOTENV1.5.0.0
2025-11-07 14:54:56,334 [WARN] PackLoader:240 - Cannot read IP mode file for STMicroelectronics.X-CUBE-BLE2.3.3.0
2025-11-07 14:54:56,339 [WARN] PackLoader:240 - Cannot read IP mode file for STMicroelectronics.X-CUBE-NFC9.1.0.0
2025-11-07 14:54:56,344 [WARN] PackLoader:240 - Cannot read IP mode file for wolfSSL.I-CUBE-wolfSSL.5.8.2
2025-11-07 14:54:56,348 [WARN] PackLoader:240 - Cannot read IP mode file for STMicroelectronics.X-CUBE-BLE1.7.1.0
2025-11-07 14:54:56,351 [WARN] PackLoader:240 - Cannot read IP mode file for wolfSSL.I-CUBE-wolfMQTT.1.19.2
2025-11-07 14:54:56,356 [WARN] PackLoader:240 - Cannot read IP mode file for STMicroelectronics.X-CUBE-EEPRMA1.5.2.0
2025-11-07 14:54:56,371 [WARN] PackLoader:240 - Cannot read IP mode file for STMicroelectronics.X-CUBE-ST67W61.1.1.0
2025-11-07 14:54:56,384 [WARN] PackLoader:240 - Cannot read IP mode file for STMicroelectronics.X-CUBE-AZRTOS-G0.1.1.0
2025-11-07 14:54:56,392 [WARN] PackLoader:240 - Cannot read IP mode file for STMicroelectronics.X-CUBE-SAFEA1.1.2.2
2025-11-07 14:54:56,397 [WARN] PackLoader:240 - Cannot read IP mode file for STMicroelectronics.X-CUBE-NFC4.3.0.0
2025-11-07 14:54:56,405 [WARN] PackLoader:240 - Cannot read IP mode file for EmbeddedOffice.I-CUBE-FS-RTOS.1.0.1
2025-11-07 14:54:56,410 [WARN] PackLoader:240 - Cannot read IP mode file for STMicroelectronics.X-CUBE-WB05N.2.0.0
2025-11-07 14:54:56,414 [WARN] PackLoader:240 - Cannot read IP mode file for wolfSSL.I-CUBE-wolfTPM.3.8.0
2025-11-07 14:54:56,418 [WARN] PackLoader:240 - Cannot read IP mode file for STMicroelectronics.X-CUBE-TCPP.4.2.0
2025-11-07 14:54:56,423 [WARN] PackLoader:240 - Cannot read IP mode file for RealThread.X-CUBE-RT-Thread_Nano.4.1.1
2025-11-07 14:54:56,427 [WARN] PackLoader:240 - Cannot read IP mode file for STMicroelectronics.FP-ATR-SIGFOX1.3.2.0
2025-11-07 14:54:56,431 [WARN] PackLoader:240 - Cannot read IP mode file for ITTIA_DB.I-CUBE-ITTIADB.8.9.0
2025-11-07 14:54:56,435 [WARN] PackLoader:240 - Cannot read IP mode file for STMicroelectronics.X-CUBE-AI.10.2.0
2025-11-07 14:54:56,460 [WARN] PackLoader:240 - Cannot read IP mode file for SEGGER.I-CUBE-embOS.1.3.1
2025-11-07 14:54:56,489 [WARN] PackLoader:240 - Cannot read IP mode file for STMicroelectronics.X-CUBE-ALGOBUILD.1.4.0
2025-11-07 14:54:56,517 [WARN] PackLoader:240 - Cannot read IP mode file for STMicroelectronics.X-CUBE-MEMS1.11.3.0
2025-11-07 14:54:56,671 [WARN] PackLoader:240 - Cannot read IP mode file for STMicroelectronics.X-CUBE-PM33A1.1.0.0
2025-11-07 14:54:56,686 [WARN] PackLoader:240 - Cannot read IP mode file for STMicroelectronics.X-CUBE-AZRTOS-F4.1.1.0
2025-11-07 14:54:56,692 [WARN] PackLoader:240 - Cannot read IP mode file for STMicroelectronics.X-CUBE-ISPU.2.1.0
2025-11-07 14:54:56,705 [WARN] PackLoader:240 - Cannot read IP mode file for STMicroelectronics.X-CUBE-IPS.3.2.0
2025-11-07 14:54:56,716 [WARN] PackLoader:240 - Cannot read IP mode file for STMicroelectronics.X-CUBE-NFC12.1.0.0
2025-11-07 14:54:56,730 [WARN] PackLoader:240 - Cannot read IP mode file for STMicroelectronics.X-CUBE-AZRTOS-L5.2.0.0
2025-11-07 14:54:56,737 [WARN] PackLoader:240 - Cannot read IP mode file for STMicroelectronics.X-CUBE-NFC6.3.1.0
2025-11-07 14:54:56,742 [WARN] PackLoader:240 - Cannot read IP mode file for STMicroelectronics.X-CUBE-FREERTOS.1.3.1
2025-11-07 14:54:56,746 [WARN] PackLoader:240 - Cannot read IP mode file for STMicroelectronics.X-CUBE-TOUCHGFX.4.26.0
2025-11-07 14:54:56,749 [WARN] PackLoader:240 - Cannot read IP mode file for STMicroelectronics.FP-SNS-STAIOTCFT.1.0.0
2025-11-07 14:54:56,754 [WARN] PackLoader:240 - Cannot read IP mode file for STMicroelectronics.X-CUBE-DPower.1.3.0
2025-11-07 14:54:56,769 [WARN] ConditionMgr:438 - getConditionDescription Invalid condition id : LAN8742 Phy interface Condition cause : null
2025-11-07 14:54:56,770 [WARN] PackLoader:240 - Cannot read IP mode file for STMicroelectronics.X-CUBE-AZRTOS-L4.2.0.0
2025-11-07 14:54:56,771 [WARN] ConditionMgr:1044 - genDependencies : Invalid condition id : LAN8742 Phy interface Condition cause : null
2025-11-07 14:54:56,771 [WARN] ConditionMgr:1044 - genDependencies : Invalid condition id : LAN8742 Phy interface Condition cause : null
2025-11-07 14:54:56,771 [WARN] ConditionMgr:1044 - genDependencies : Invalid condition id : LAN8742 Phy interface Condition cause : null
2025-11-07 14:54:56,778 [WARN] PackLoader:240 - Cannot read IP mode file for STMicroelectronics.X-CUBE-SFXS2LP1.4.0.0
2025-11-07 14:54:56,792 [WARN] PackLoader:240 - Cannot read IP mode file for STMicroelectronics.X-CUBE-BLEMGR.4.1.0
2025-11-07 14:54:56,806 [WARN] ConditionMgr:438 - getConditionDescription Invalid condition id : UX DEVICE CLASS RTOS Condition cause : null
2025-11-07 14:54:56,807 [WARN] ConditionMgr:438 - getConditionDescription Invalid condition id : UX DEVICE CLASS RTOS Condition cause : null
2025-11-07 14:54:56,809 [WARN] PackLoader:240 - Cannot read IP mode file for STMicroelectronics.X-CUBE-AZRTOS-WB.2.0.0
2025-11-07 14:54:56,810 [WARN] ConditionMgr:1044 - genDependencies : Invalid condition id : UX DEVICE CLASS RTOS Condition cause : null
2025-11-07 14:54:56,810 [WARN] ConditionMgr:1044 - genDependencies : Invalid condition id : UX DEVICE CLASS RTOS Condition cause : null
2025-11-07 14:54:56,810 [WARN] ConditionMgr:1044 - genDependencies : Invalid condition id : UX DEVICE CLASS RTOS Condition cause : null
2025-11-07 14:54:56,810 [WARN] ConditionMgr:1044 - genDependencies : Invalid condition id : UX DEVICE CLASS RTOS Condition cause : null
2025-11-07 14:54:56,810 [WARN] ConditionMgr:1044 - genDependencies : Invalid condition id : UX DEVICE CLASS RTOS Condition cause : null
2025-11-07 14:54:56,815 [WARN] PackLoader:240 - Cannot read IP mode file for STMicroelectronics.X-CUBE-GNSS1.7.0.1
2025-11-07 14:54:56,821 [WARN] ConditionMgr:438 - getConditionDescription Invalid condition id : Cortex-A Device cause : null
2025-11-07 14:54:56,833 [WARN] ConditionMgr:1044 - genDependencies : Invalid condition id : Cortex-A Device cause : null
2025-11-07 14:54:56,833 [WARN] ConditionMgr:1044 - genDependencies : Invalid condition id : Cortex-A Device cause : null
2025-11-07 14:54:56,833 [WARN] ConditionMgr:1044 - genDependencies : Invalid condition id : Cortex-A Device cause : null
2025-11-07 14:54:56,840 [WARN] PackLoader:240 - Cannot read IP mode file for STMicroelectronics.X-CUBE-SUBG2.5.0.0
2025-11-07 14:54:56,853 [WARN] PackLoader:240 - Cannot read IP mode file for STMicroelectronics.X-CUBE-AZRTOS-H7RS.1.1.0
2025-11-07 14:54:56,862 [WARN] PackLoader:240 - Cannot read IP mode file for STMicroelectronics.X-CUBE-AZRTOS-G4.2.0.0
2025-11-07 14:54:56,865 [WARN] PackLoader:240 - Cannot read IP mode file for wolfSSL.I-CUBE-wolfSSH.1.4.20
2025-11-07 14:54:56,869 [WARN] PackLoader:240 - Cannot read IP mode file for STMicroelectronics.X-CUBE-NFC7.2.0.0
2025-11-07 14:54:56,872 [WARN] PackLoader:240 - Cannot read IP mode file for STMicroelectronics.X-CUBE-ALS.1.0.2
2025-11-07 14:54:56,878 [WARN] PackLoader:240 - Cannot read IP mode file for STMicroelectronics.X-CUBE-STSE01.1.0.0
2025-11-07 14:54:56,887 [WARN] PackLoader:240 - Cannot read IP mode file for STMicroelectronics.X-CUBE-TOF1.3.4.3
2025-11-07 14:54:56,897 [INFO] ThirdParty:978 - Integrity check success = true
2025-11-07 14:54:56,897 [INFO] IntegrityCheckThread:100 - exiting critical section [integrity check]
2025-11-07 14:54:56,897 [INFO] IntegrityCheckThread:103 - End integrity checks thread
2025-11-07 14:55:20,524 [ERROR] LogOutputStream:75 - [STDERR_REDIRECT] Nov 07, 2025 2:55:20 PM java.util.prefs.FileSystemPreferences checkLockFile0ErrorCode
2025-11-07 14:55:20,525 [ERROR] LogOutputStream:75 - [STDERR_REDIRECT] WARNING: Could not lock System prefs. Unix error code 2.
2025-11-07 14:55:20,525 [ERROR] LogOutputStream:75 - [STDERR_REDIRECT] 
2025-11-07 14:55:20,526 [ERROR] LogOutputStream:75 - [STDERR_REDIRECT] Nov 07, 2025 2:55:20 PM java.util.prefs.FileSystemPreferences syncWorld
2025-11-07 14:55:20,526 [ERROR] LogOutputStream:75 - [STDERR_REDIRECT] WARNING: Couldn't flush system prefs: java.util.prefs.BackingStoreException: Couldn't get file lock.
2025-11-07 14:55:20,526 [ERROR] LogOutputStream:75 - [STDERR_REDIRECT] 
2025-11-07 14:55:50,509 [ERROR] LogOutputStream:75 - [STDERR_REDIRECT] Nov 07, 2025 2:55:50 PM java.util.prefs.FileSystemPreferences checkLockFile0ErrorCode
2025-11-07 14:55:50,510 [ERROR] LogOutputStream:75 - [STDERR_REDIRECT] WARNING: Could not lock System prefs. Unix error code 2.
2025-11-07 14:55:50,510 [ERROR] LogOutputStream:75 - [STDERR_REDIRECT] 
2025-11-07 14:55:50,510 [ERROR] LogOutputStream:75 - [STDERR_REDIRECT] Nov 07, 2025 2:55:50 PM java.util.prefs.FileSystemPreferences syncWorld
2025-11-07 14:55:50,510 [ERROR] LogOutputStream:75 - [STDERR_REDIRECT] WARNING: Couldn't flush system prefs: java.util.prefs.BackingStoreException: Couldn't get file lock.
2025-11-07 14:55:50,511 [ERROR] LogOutputStream:75 - [STDERR_REDIRECT] 
2025-11-07 14:56:20,510 [ERROR] LogOutputStream:75 - [STDERR_REDIRECT] Nov 07, 2025 2:56:20 PM java.util.prefs.FileSystemPreferences checkLockFile0ErrorCode
2025-11-07 14:56:20,510 [ERROR] LogOutputStream:75 - [STDERR_REDIRECT] WARNING: Could not lock System prefs. Unix error code 2.
2025-11-07 14:56:20,511 [ERROR] LogOutputStream:75 - [STDERR_REDIRECT] 
2025-11-07 14:56:20,511 [ERROR] LogOutputStream:75 - [STDERR_REDIRECT] Nov 07, 2025 2:56:20 PM java.util.prefs.FileSystemPreferences syncWorld
2025-11-07 14:56:20,512 [ERROR] LogOutputStream:75 - [STDERR_REDIRECT] WARNING: Couldn't flush system prefs: java.util.prefs.BackingStoreException: Couldn't get file lock.
2025-11-07 14:56:20,512 [ERROR] LogOutputStream:75 - [STDERR_REDIRECT] 
2025-11-07 14:56:29,743 [ERROR] LogOutputStream:75 - [STDERR_REDIRECT] 
2025-11-07 14:56:29,744 [ERROR] LogOutputStream:75 - [STDERR_REDIRECT] 
2025-11-07 14:56:34,590 [INFO] Activator:176 - 


2025-11-07 14:56:34,591 [INFO] Activator:177 - !SESSION log4j initialized
2025-11-07 14:56:38,397 [INFO] LogOutputStream:77 - [STDOUT_REDIRECT] 
2025-11-07 14:56:39,232 [INFO] ApplicationProperties:184 - Using Application install path: /home/abanchio/st/stm32cubeide_1.19.0/plugins/com.st.stm32cube.common.mx_6.15.0.202507011659
2025-11-07 14:56:39,240 [INFO] DbMcusXml:78 - Set database path to: /home/abanchio/st/stm32cubeide_1.19.0/plugins/com.st.stm32cube.common.mx_6.15.0.202507011659//db//mcu/
2025-11-07 14:56:39,241 [INFO] ApiDb:274 - Set plugin database path to: /home/abanchio/st/stm32cubeide_1.19.0/plugins/com.st.stm32cube.common.mx_6.15.0.202507011659//db//plugins/boardmanager/
2025-11-07 14:56:39,241 [WARN] ApiDb:259 - Overriding images path with different value:  => /home/abanchio/st/stm32cubeide_1.19.0/plugins/com.st.stm32cube.common.mx_6.15.0.202507011659//db//plugins/mcufinder/images/
2025-11-07 14:56:39,242 [INFO] ApiDb:250 - Set database path to: /home/abanchio/.stmcufinder/plugins/mcufinder//mcu/
2025-11-07 14:56:39,243 [INFO] DbMcusAds:125 - Set database path to: /home/abanchio/.stmcufinder/plugins/mcufinder//mcu/
2025-11-07 14:56:39,244 [INFO] CrossReferenceDbSqlite:203 - Set database path to: /home/abanchio/.stmcufinder/plugins/mcufinder//mcu/cs/
2025-11-07 14:56:39,307 [INFO] RulesReader:64 - Compatibility file has been processed (317 Rules)
2025-11-07 14:56:39,337 [INFO] DbMcusXml:78 - Set database path to: /home/abanchio/st/stm32cubeide_1.19.0/plugins/com.st.stm32cube.common.mx_6.15.0.202507011659//db//mcu/
2025-11-07 14:56:39,337 [INFO] ApiDb:274 - Set plugin database path to: /home/abanchio/st/stm32cubeide_1.19.0/plugins/com.st.stm32cube.common.mx_6.15.0.202507011659//db//plugins/boardmanager/
2025-11-07 14:56:39,338 [INFO] ApiDb:261 - Set plugin images path to: /home/abanchio/st/stm32cubeide_1.19.0/plugins/com.st.stm32cube.common.mx_6.15.0.202507011659//db//plugins/mcufinder/images/
2025-11-07 14:56:39,338 [WARN] DbFile:41 - Overriding database path with different value: /home/abanchio/.stmcufinder/plugins/mcufinder/ => /home/abanchio/.stmcufinder/plugins/mcufinder
2025-11-07 14:56:39,338 [INFO] ApiDb:250 - Set database path to: /home/abanchio/.stmcufinder/plugins/mcufinder//mcu/
2025-11-07 14:56:39,338 [WARN] DbFile:41 - Overriding database path with different value: /home/abanchio/.stmcufinder/plugins/mcufinder/ => /home/abanchio/.stmcufinder/plugins/mcufinder
2025-11-07 14:56:39,338 [INFO] DbMcusAds:125 - Set database path to: /home/abanchio/.stmcufinder/plugins/mcufinder//mcu/
2025-11-07 14:56:39,338 [WARN] DbFile:41 - Overriding database path with different value: /home/abanchio/.stmcufinder/plugins/mcufinder/ => /home/abanchio/.stmcufinder/plugins/mcufinder
2025-11-07 14:56:39,338 [WARN] DbFile:41 - Overriding database path with different value: /home/abanchio/.stmcufinder/plugins/mcufinder/ => /home/abanchio/.stmcufinder/plugins/mcufinder
2025-11-07 14:56:39,338 [INFO] CrossReferenceDbSqlite:203 - Set database path to: /home/abanchio/.stmcufinder/plugins/mcufinder//mcu/cs/
2025-11-07 14:56:39,366 [INFO] MainPanel:274 - HeapMemory: 268435456
2025-11-07 14:56:39,424 [INFO] DbMcusXml:78 - Set database path to: /home/abanchio/st/stm32cubeide_1.19.0/plugins/com.st.stm32cube.common.mx_6.15.0.202507011659//db//mcu/
2025-11-07 14:56:39,425 [INFO] ApiDb:274 - Set plugin database path to: /home/abanchio/st/stm32cubeide_1.19.0/plugins/com.st.stm32cube.common.mx_6.15.0.202507011659//db//plugins/boardmanager/
2025-11-07 14:56:39,425 [INFO] ApiDb:261 - Set plugin images path to: /home/abanchio/st/stm32cubeide_1.19.0/plugins/com.st.stm32cube.common.mx_6.15.0.202507011659//db//plugins/mcufinder/images/
2025-11-07 14:56:39,425 [WARN] DbFile:41 - Overriding database path with different value: /home/abanchio/.stmcufinder/plugins/mcufinder/ => /home/abanchio/.stmcufinder/plugins/mcufinder
2025-11-07 14:56:39,425 [INFO] ApiDb:250 - Set database path to: /home/abanchio/.stmcufinder/plugins/mcufinder//mcu/
2025-11-07 14:56:39,425 [WARN] DbFile:41 - Overriding database path with different value: /home/abanchio/.stmcufinder/plugins/mcufinder/ => /home/abanchio/.stmcufinder/plugins/mcufinder
2025-11-07 14:56:39,425 [INFO] DbMcusAds:125 - Set database path to: /home/abanchio/.stmcufinder/plugins/mcufinder//mcu/
2025-11-07 14:56:39,425 [WARN] DbFile:41 - Overriding database path with different value: /home/abanchio/.stmcufinder/plugins/mcufinder/ => /home/abanchio/.stmcufinder/plugins/mcufinder
2025-11-07 14:56:39,425 [WARN] DbFile:41 - Overriding database path with different value: /home/abanchio/.stmcufinder/plugins/mcufinder/ => /home/abanchio/.stmcufinder/plugins/mcufinder
2025-11-07 14:56:39,425 [INFO] CrossReferenceDbSqlite:203 - Set database path to: /home/abanchio/.stmcufinder/plugins/mcufinder//mcu/cs/
2025-11-07 14:56:39,434 [INFO] ApplicationProperties:184 - Using Application install path: /home/abanchio/st/stm32cubeide_1.19.0/plugins/com.st.stm32cube.common.mx_6.15.0.202507011659
2025-11-07 14:56:39,435 [INFO] PluginManage:196 - Search for loadable plugins [exclusion list=, ]
2025-11-07 14:56:39,436 [INFO] PluginManage:310 - Check plugin analytics
2025-11-07 14:56:39,540 [INFO] AnalyticsPlugin:253 - Accepted Software Licenses: 
2025-11-07 14:56:39,540 [INFO] AnalyticsPlugin:255 - Accepted CMSIS Pack Licenses: 
2025-11-07 14:56:39,540 [INFO] AnalyticsPlugin:257 - Accepted Firmware Licenses: 
2025-11-07 14:56:39,542 [INFO] PluginManage:359 - Loaded plugin analytics (category:tool,tabindex:-1)
2025-11-07 14:56:39,542 [INFO] PluginManage:310 - Check plugin cadmodel
2025-11-07 14:56:39,544 [INFO] CADModel:105 - Init CAD model plugin
2025-11-07 14:56:39,545 [INFO] PluginManage:359 - Loaded plugin cadmodel (category:power,tabindex:5)
2025-11-07 14:56:39,545 [INFO] PluginManage:310 - Check plugin clock
2025-11-07 14:56:39,551 [INFO] PluginManage:359 - Loaded plugin clock (category:base,tabindex:2)
2025-11-07 14:56:39,551 [INFO] PluginManage:310 - Check plugin ddr
2025-11-07 14:56:39,558 [INFO] PluginManage:359 - Loaded plugin ddr (category:tool,tabindex:6)
2025-11-07 14:56:39,558 [INFO] PluginManage:310 - Check plugin filemanager
2025-11-07 14:56:39,710 [INFO] PluginManage:359 - Loaded plugin filemanager (category:base,tabindex:10)
2025-11-07 14:56:39,710 [INFO] PluginManage:310 - Check plugin ipmanager
2025-11-07 14:56:39,715 [INFO] PluginManage:359 - Loaded plugin ipmanager (category:base,tabindex:5)
2025-11-07 14:56:39,715 [INFO] PluginManage:310 - Check plugin lpbam
2025-11-07 14:56:39,720 [INFO] PluginManage:359 - Loaded plugin lpbam (category:base,tabindex:0)
2025-11-07 14:56:39,720 [INFO] PluginManage:310 - Check plugin memorymap
2025-11-07 14:56:39,726 [INFO] PluginManage:359 - Loaded plugin memorymap (category:base,tabindex:4)
2025-11-07 14:56:39,726 [INFO] PluginManage:310 - Check plugin pinoutandconfiguration
2025-11-07 14:56:39,730 [INFO] PluginManage:359 - Loaded plugin pinoutandconfiguration (category:base,tabindex:1)
2025-11-07 14:56:39,730 [INFO] PluginManage:310 - Check plugin pinoutconfig
2025-11-07 14:56:39,773 [WARN] SupportedApi:132 - Cannot load RTOS API schema: s4s-elt-must-match.1: The content of 'definitions' must match (annotation?, (simpleType | complexType)?, (unique | key | keyref)*)). A problem was found starting at: attribute.
2025-11-07 14:56:39,837 [INFO] PluginManage:359 - Loaded plugin pinoutconfig (category:base,tabindex:0)
2025-11-07 14:56:39,837 [INFO] PluginManage:310 - Check plugin power
2025-11-07 14:56:39,842 [INFO] PluginManage:359 - Loaded plugin power (category:power,tabindex:4)
2025-11-07 14:56:39,842 [INFO] PluginManage:310 - Check plugin projectmanager
2025-11-07 14:56:39,851 [INFO] PluginManage:359 - Loaded plugin projectmanager (category:projectmanager,tabindex:4)
2025-11-07 14:56:39,851 [INFO] PluginManage:310 - Check plugin rif
2025-11-07 14:56:39,855 [INFO] PluginManage:359 - Loaded plugin rif (category:base,tabindex:3)
2025-11-07 14:56:39,855 [INFO] PluginManage:310 - Check plugin thirdparty
2025-11-07 14:56:39,918 [INFO] PluginManage:359 - Loaded plugin thirdparty (category:base,tabindex:-1)
2025-11-07 14:56:39,918 [INFO] PluginManage:310 - Check plugin tools
2025-11-07 14:56:39,918 [WARN] IntegrityCheckThread:84 - waiting for thirdparty lock release [integrity check]
2025-11-07 14:56:39,918 [INFO] IntegrityCheckThread:86 - entering critical section [integrity check]
2025-11-07 14:56:39,918 [INFO] ThirdPartyUpdaterWithRetryManager:70 - Updater plugin not ready yet. [1/15]
2025-11-07 14:56:39,919 [INFO] PluginManage:359 - Loaded plugin tools (category:base,tabindex:7)
2025-11-07 14:56:39,919 [INFO] PluginManage:310 - Check plugin tutovideos
2025-11-07 14:56:40,015 [INFO] PluginManage:359 - Loaded plugin tutovideos (category:base,tabindex:-1)
2025-11-07 14:56:40,015 [INFO] PluginManage:310 - Check plugin updater
2025-11-07 14:56:40,026 [INFO] PluginManage:359 - Loaded plugin updater (category:base,tabindex:12)
2025-11-07 14:56:40,026 [INFO] PluginManage:310 - Check plugin userauth
2025-11-07 14:56:40,028 [INFO] UserAuth:118 - Init User Auth plugin
2025-11-07 14:56:40,029 [INFO] PluginManage:359 - Loaded plugin userauth (category:base,tabindex:14)
2025-11-07 14:56:40,029 [INFO] PluginManage:283 - PluginManage : Loaded plugins [18]
2025-11-07 14:56:40,113 [INFO] PinOutPanel:1589 - setPackage(No Configuration,No Configuration)
2025-11-07 14:56:40,143 [INFO] CADModel:165 - CPN selected for project level
2025-11-07 14:56:40,144 [INFO] CADModel:114 - Register for checkConnection events
2025-11-07 14:56:40,152 [INFO] IPUIPlugin:80 - create IPUIPlugin
2025-11-07 14:56:40,152 [INFO] PluginManager:220 - loadIPPluginJar : add adc
2025-11-07 14:56:40,153 [INFO] IPUIPlugin:80 - create IPUIPlugin
2025-11-07 14:56:40,153 [INFO] PluginManager:220 - loadIPPluginJar : add aes
2025-11-07 14:56:40,154 [INFO] IPUIPlugin:80 - create IPUIPlugin
2025-11-07 14:56:40,154 [INFO] PluginManager:220 - loadIPPluginJar : add can
2025-11-07 14:56:40,155 [INFO] IPUIPlugin:80 - create IPUIPlugin
2025-11-07 14:56:40,155 [INFO] PluginManager:220 - loadIPPluginJar : add comp
2025-11-07 14:56:40,156 [INFO] IPUIPlugin:80 - create IPUIPlugin
2025-11-07 14:56:40,156 [INFO] PluginManager:220 - loadIPPluginJar : add cryp
2025-11-07 14:56:40,157 [INFO] IPUIPlugin:80 - create IPUIPlugin
2025-11-07 14:56:40,157 [INFO] PluginManager:220 - loadIPPluginJar : add ddr_ctrl_phy
2025-11-07 14:56:40,158 [INFO] IPUIPlugin:80 - create IPUIPlugin
2025-11-07 14:56:40,158 [INFO] PluginManager:220 - loadIPPluginJar : add dfsdm
2025-11-07 14:56:40,160 [INFO] IPUIPlugin:80 - create IPUIPlugin
2025-11-07 14:56:40,161 [INFO] PluginManager:220 - loadIPPluginJar : add dma
2025-11-07 14:56:40,162 [INFO] IPUIPlugin:80 - create IPUIPlugin
2025-11-07 14:56:40,162 [INFO] PluginManager:220 - loadIPPluginJar : add dma3
2025-11-07 14:56:40,163 [INFO] IPUIPlugin:80 - create IPUIPlugin
2025-11-07 14:56:40,163 [INFO] PluginManager:220 - loadIPPluginJar : add extmemmanager
2025-11-07 14:56:40,164 [INFO] IPUIPlugin:80 - create IPUIPlugin
2025-11-07 14:56:40,164 [INFO] PluginManager:220 - loadIPPluginJar : add fatfs
2025-11-07 14:56:40,166 [INFO] IPUIPlugin:80 - create IPUIPlugin
2025-11-07 14:56:40,166 [INFO] PluginManager:220 - loadIPPluginJar : add fmc
2025-11-07 14:56:40,168 [INFO] IPUIPlugin:80 - create IPUIPlugin
2025-11-07 14:56:40,168 [INFO] PluginManager:220 - loadIPPluginJar : add freertos
2025-11-07 14:56:40,169 [INFO] IPUIPlugin:80 - create IPUIPlugin
2025-11-07 14:56:40,169 [INFO] PluginManager:220 - loadIPPluginJar : add genericplugin
2025-11-07 14:56:40,170 [INFO] IPUIPlugin:80 - create IPUIPlugin
2025-11-07 14:56:40,170 [INFO] PluginManager:220 - loadIPPluginJar : add gfxmmu
2025-11-07 14:56:40,172 [INFO] IPUIPlugin:80 - create IPUIPlugin
2025-11-07 14:56:40,172 [INFO] PluginManager:220 - loadIPPluginJar : add gic
2025-11-07 14:56:40,175 [INFO] IPUIPlugin:80 - create IPUIPlugin
2025-11-07 14:56:40,175 [INFO] PluginManager:220 - loadIPPluginJar : add gpio
2025-11-07 14:56:40,176 [INFO] IPUIPlugin:80 - create IPUIPlugin
2025-11-07 14:56:40,176 [INFO] PluginManager:220 - loadIPPluginJar : add gtzc
2025-11-07 14:56:40,177 [INFO] IPUIPlugin:80 - create IPUIPlugin
2025-11-07 14:56:40,177 [INFO] PluginManager:220 - loadIPPluginJar : add hash
2025-11-07 14:56:40,178 [INFO] IPUIPlugin:80 - create IPUIPlugin
2025-11-07 14:56:40,178 [INFO] PluginManager:220 - loadIPPluginJar : add i2c
2025-11-07 14:56:40,179 [INFO] IPUIPlugin:80 - create IPUIPlugin
2025-11-07 14:56:40,180 [INFO] PluginManager:220 - loadIPPluginJar : add i2s
2025-11-07 14:56:40,181 [INFO] IPUIPlugin:80 - create IPUIPlugin
2025-11-07 14:56:40,181 [INFO] PluginManager:220 - loadIPPluginJar : add i3c
2025-11-07 14:56:40,182 [INFO] IPUIPlugin:80 - create IPUIPlugin
2025-11-07 14:56:40,183 [INFO] PluginManager:220 - loadIPPluginJar : add ipddr
2025-11-07 14:56:40,187 [INFO] IPUIPlugin:80 - create IPUIPlugin
2025-11-07 14:56:40,187 [INFO] PluginManager:220 - loadIPPluginJar : add linkedlist
2025-11-07 14:56:40,188 [INFO] IPUIPlugin:80 - create IPUIPlugin
2025-11-07 14:56:40,188 [INFO] PluginManager:220 - loadIPPluginJar : add lorawan
2025-11-07 14:56:40,189 [INFO] IPUIPlugin:80 - create IPUIPlugin
2025-11-07 14:56:40,189 [INFO] PluginManager:220 - loadIPPluginJar : add ltdc
2025-11-07 14:56:40,192 [INFO] IPUIPlugin:80 - create IPUIPlugin
2025-11-07 14:56:40,192 [INFO] PluginManager:220 - loadIPPluginJar : add mdma
2025-11-07 14:56:40,194 [INFO] IPUIPlugin:80 - create IPUIPlugin
2025-11-07 14:56:40,194 [INFO] PluginManager:220 - loadIPPluginJar : add nvic
2025-11-07 14:56:40,195 [INFO] IPUIPlugin:80 - create IPUIPlugin
2025-11-07 14:56:40,195 [INFO] PluginManager:220 - loadIPPluginJar : add opamp
2025-11-07 14:56:40,197 [INFO] IPUIPlugin:80 - create IPUIPlugin
2025-11-07 14:56:40,197 [INFO] PluginManager:220 - loadIPPluginJar : add openamp
2025-11-07 14:56:40,198 [INFO] IPUIPlugin:80 - create IPUIPlugin
2025-11-07 14:56:40,199 [INFO] PluginManager:220 - loadIPPluginJar : add pdm2pcm
2025-11-07 14:56:40,201 [INFO] IPUIPlugin:80 - create IPUIPlugin
2025-11-07 14:56:40,203 [INFO] PluginManager:220 - loadIPPluginJar : add plateformsettings
2025-11-07 14:56:40,204 [INFO] IPUIPlugin:80 - create IPUIPlugin
2025-11-07 14:56:40,204 [INFO] PluginManager:220 - loadIPPluginJar : add quadspi
2025-11-07 14:56:40,205 [INFO] IPUIPlugin:80 - create IPUIPlugin
2025-11-07 14:56:40,205 [INFO] PluginManager:220 - loadIPPluginJar : add radio
2025-11-07 14:56:40,207 [INFO] IPUIPlugin:80 - create IPUIPlugin
2025-11-07 14:56:40,207 [INFO] PluginManager:220 - loadIPPluginJar : add resmgrutility
2025-11-07 14:56:40,208 [INFO] IPUIPlugin:80 - create IPUIPlugin
2025-11-07 14:56:40,208 [INFO] PluginManager:220 - loadIPPluginJar : add sai
2025-11-07 14:56:40,209 [INFO] IPUIPlugin:80 - create IPUIPlugin
2025-11-07 14:56:40,209 [INFO] PluginManager:220 - loadIPPluginJar : add spi
2025-11-07 14:56:40,212 [INFO] IPUIPlugin:80 - create IPUIPlugin
2025-11-07 14:56:40,212 [INFO] PluginManager:220 - loadIPPluginJar : add stm32_wpan
2025-11-07 14:56:40,214 [INFO] IPUIPlugin:80 - create IPUIPlugin
2025-11-07 14:56:40,214 [INFO] PluginManager:220 - loadIPPluginJar : add tim
2025-11-07 14:56:40,215 [INFO] IPUIPlugin:80 - create IPUIPlugin
2025-11-07 14:56:40,216 [INFO] PluginManager:220 - loadIPPluginJar : add touchsensing
2025-11-07 14:56:40,217 [INFO] IPUIPlugin:80 - create IPUIPlugin
2025-11-07 14:56:40,217 [INFO] PluginManager:220 - loadIPPluginJar : add tracer_emb
2025-11-07 14:56:40,218 [INFO] IPUIPlugin:80 - create IPUIPlugin
2025-11-07 14:56:40,218 [INFO] PluginManager:220 - loadIPPluginJar : add ts
2025-11-07 14:56:40,218 [INFO] IPUIPlugin:80 - create IPUIPlugin
2025-11-07 14:56:40,218 [INFO] PluginManager:220 - loadIPPluginJar : add tsc
2025-11-07 14:56:40,219 [INFO] IPUIPlugin:80 - create IPUIPlugin
2025-11-07 14:56:40,220 [INFO] PluginManager:220 - loadIPPluginJar : add ucpd
2025-11-07 14:56:40,221 [INFO] IPUIPlugin:80 - create IPUIPlugin
2025-11-07 14:56:40,221 [INFO] PluginManager:220 - loadIPPluginJar : add usart
2025-11-07 14:56:40,223 [INFO] IPUIPlugin:80 - create IPUIPlugin
2025-11-07 14:56:40,223 [INFO] PluginManager:220 - loadIPPluginJar : add usbx
2025-11-07 14:56:40,313 [FATAL] Updater:351 - Updater called before beeing initialized
2025-11-07 14:56:40,327 [INFO] RulesReader:64 - Compatibility file has been processed (317 Rules)
2025-11-07 14:56:40,333 [INFO] RulesReader:64 - Compatibility file has been processed (317 Rules)
2025-11-07 14:56:40,336 [INFO] CADModel:165 - CPN selected for project level
2025-11-07 14:56:40,336 [INFO] CADModel:114 - Register for checkConnection events
2025-11-07 14:56:40,337 [FATAL] Updater:351 - Updater called before beeing initialized
2025-11-07 14:56:40,337 [ERROR] CADModel:125 - Updater not yet initialized, retry later 
2025-11-07 14:56:40,396 [FATAL] Updater:351 - Updater called before beeing initialized
2025-11-07 14:56:40,397 [INFO] CADModel:165 - CPN selected for project level
2025-11-07 14:56:40,397 [INFO] CADModel:114 - Register for checkConnection events
2025-11-07 14:56:40,397 [FATAL] Updater:351 - Updater called before beeing initialized
2025-11-07 14:56:40,397 [ERROR] CADModel:125 - Updater not yet initialized, retry later 
2025-11-07 14:56:40,399 [FATAL] Updater:351 - Updater called before beeing initialized
2025-11-07 14:56:40,442 [FATAL] Updater:351 - Updater called before beeing initialized
2025-11-07 14:56:40,444 [INFO] DbMcusAds:53 - JSON generation date=Thu Oct 02 06:36:05 ART 2025 (1759397765645)
2025-11-07 14:56:40,444 [FATAL] Updater:351 - Updater called before beeing initialized
2025-11-07 14:56:40,461 [WARN] DetailPanel:346 - Failed to get advertising image, set to default
2025-11-07 14:56:40,504 [FATAL] Updater:351 - Updater called before beeing initialized
2025-11-07 14:56:40,505 [FATAL] Updater:351 - Updater called before beeing initialized
2025-11-07 14:56:40,505 [FATAL] Updater:351 - Updater called before beeing initialized
2025-11-07 14:56:40,505 [WARN] DetailPanel:346 - Failed to get advertising image, set to default
2025-11-07 14:56:40,506 [FATAL] Updater:351 - Updater called before beeing initialized
2025-11-07 14:56:40,522 [ERROR] Updater:1198 - MainUpdater not yet initialized. External WinMGr cannot be set.
2025-11-07 14:56:40,523 [INFO] Updater:1134 - Updater Version found : 6.15.0
2025-11-07 14:56:40,532 [INFO] ApplicationProperties:184 - Using Application install path: /home/abanchio/st/stm32cubeide_1.19.0/plugins/com.st.stm32cube.common.mx_6.15.0.202507011659
2025-11-07 14:56:41,379 [INFO] MainUpdater:2872 - connection check result : 10
2025-11-07 14:56:41,380 [INFO] MainUpdater:289 - Updater Check For Update Now.
2025-11-07 14:56:41,380 [INFO] MicroXplorer:498 - Change Database Version : DB.6.0.150
2025-11-07 14:56:41,383 [INFO] McuFinderGlobals:63 - Set McuFinder mode to 2 (CubeIDE integrated)
2025-11-07 14:56:41,383 [INFO] UserAuth:487 - Internet connection configuration mode: 1
2025-11-07 14:56:41,393 [INFO] JxBrowserEngine:152 - Initiate JxBrowser Engine with user profile folder
2025-11-07 14:56:41,548 [INFO] CheckServerUpdateThread:120 - End of CheckServer Thread
2025-11-07 14:56:41,811 [INFO] WebApp:169 - Instantiating new browser for Auth
2025-11-07 14:56:42,147 [INFO] WebApp:463 - Apply proxy settings
2025-11-07 14:56:42,147 [INFO] WebApp:548 - Chromium requires no authentication
2025-11-07 14:56:42,152 [INFO] WebApp:491 - Direct internet connection detected
2025-11-07 14:56:42,163 [INFO] WebApp:900 - Register for checkConnection events
2025-11-07 14:56:42,164 [INFO] WebApp:463 - Apply proxy settings
2025-11-07 14:56:42,164 [INFO] WebApp:548 - Chromium requires no authentication
2025-11-07 14:56:42,164 [INFO] WebApp:491 - Direct internet connection detected
2025-11-07 14:56:42,236 [INFO] WebApp:225 - Starting web application
2025-11-07 14:56:42,237 [INFO] WebApp:593 - Web application path used /home/abanchio/st/stm32cubeide_1.19.0/plugins/com.st.stm32cube.common.mx_6.15.0.202507011659/db/plugins/mcufinder/reactClient1/index.html
2025-11-07 14:56:42,297 [INFO] UserAuth:487 - Internet connection configuration mode: 1
2025-11-07 14:56:43,001 [WARN] PackLoader:240 - Cannot read IP mode file for STMicroelectronics.FP-SNS-MOTENVWB1.1.4.0
2025-11-07 14:56:43,007 [WARN] PackLoader:240 - Cannot read IP mode file for STMicroelectronics.FP-ATR-ASTRA1.2.0.2
2025-11-07 14:56:43,013 [WARN] PackLoader:240 - Cannot read IP mode file for STMicroelectronics.X-CUBE-SMBUS.2.1.0
2025-11-07 14:56:43,038 [WARN] PackLoader:240 - Cannot read IP mode file for STMicroelectronics.X-CUBE-AZRTOS-F7.1.1.0
2025-11-07 14:56:43,046 [WARN] PackLoader:240 - Cannot read IP mode file for Cesanta.I-CUBE-Mongoose.7.19.0
2025-11-07 14:56:43,049 [WARN] PackLoader:240 - Cannot read IP mode file for STMicroelectronics.FP-SNS-MOTENV1.5.1.0
2025-11-07 14:56:43,059 [WARN] PackLoader:240 - Cannot read IP mode file for WES.I-CUBE-Cesium.1.4.0
2025-11-07 14:56:43,080 [WARN] PackLoader:240 - Cannot read IP mode file for Infineon.AIROC-Wi-Fi-Bluetooth-STM32.1.7.1
2025-11-07 14:56:43,104 [WARN] PackLoader:240 - Cannot read IP mode file for STMicroelectronics.X-CUBE-AZRTOS-H7.3.4.0
2025-11-07 14:56:43,113 [WARN] PackLoader:240 - Cannot read IP mode file for STMicroelectronics.X-CUBE-DISPLAY.3.0.0
2025-11-07 14:56:43,122 [WARN] PackLoader:240 - Cannot read IP mode file for STMicroelectronics.X-CUBE-NFC10.1.0.0
2025-11-07 14:56:43,126 [WARN] PackLoader:240 - Cannot read IP mode file for STMicroelectronics.X-CUBE-ST60.1.1.0
2025-11-07 14:56:43,130 [WARN] PackLoader:240 - Cannot read IP mode file for emotas.I-CUBE-CANOPEN.1.3.0
2025-11-07 14:56:43,134 [WARN] PackLoader:240 - Cannot read IP mode file for STMicroelectronics.X-CUBE-GNSS1.7.1.0
2025-11-07 14:56:43,140 [WARN] PackLoader:240 - Cannot read IP mode file for STMicroelectronics.FP-SNS-STBOX1.2.1.0
2025-11-07 14:56:43,144 [WARN] PackLoader:240 - Cannot read IP mode file for STMicroelectronics.FP-SNS-SMARTAG2.1.2.0
2025-11-07 14:56:43,146 [WARN] PackLoader:240 - Cannot read IP mode file for STMicroelectronics.FP-SNS-FLIGHT1.5.1.0
2025-11-07 14:56:43,152 [INFO] LogOutputStream:77 - [STDOUT_REDIRECT] 1 : Invalid condition id : UX_CORESTACK_Condition cause : null
2025-11-07 14:56:43,152 [INFO] LogOutputStream:77 - [STDOUT_REDIRECT] 1 : Invalid condition id : UX_CORESTACK_Condition cause : null
2025-11-07 14:56:43,152 [INFO] LogOutputStream:77 - [STDOUT_REDIRECT] 1 : Invalid condition id : UX_CORESTACK_Condition cause : null
2025-11-07 14:56:43,152 [INFO] LogOutputStream:77 - [STDOUT_REDIRECT] 1 : Invalid condition id : UX_CORESTACK_Condition cause : null
2025-11-07 14:56:43,152 [INFO] LogOutputStream:77 - [STDOUT_REDIRECT] 1 : Invalid condition id : UX_CORESTACK_Condition cause : null
2025-11-07 14:56:43,154 [WARN] PackLoader:240 - Cannot read IP mode file for STMicroelectronics.X-CUBE-AZRTOS-WL.2.0.0
2025-11-07 14:56:43,156 [WARN] PackLoader:240 - Cannot read IP mode file for STMicroelectronics.FP-SNS-MOTENV1.5.0.0
2025-11-07 14:56:43,160 [WARN] PackLoader:240 - Cannot read IP mode file for STMicroelectronics.X-CUBE-BLE2.3.3.0
2025-11-07 14:56:43,162 [WARN] PackLoader:240 - Cannot read IP mode file for STMicroelectronics.X-CUBE-NFC9.1.0.0
2025-11-07 14:56:43,165 [WARN] PackLoader:240 - Cannot read IP mode file for wolfSSL.I-CUBE-wolfSSL.5.8.2
2025-11-07 14:56:43,167 [WARN] PackLoader:240 - Cannot read IP mode file for STMicroelectronics.X-CUBE-BLE1.7.1.0
2025-11-07 14:56:43,176 [WARN] PackLoader:240 - Cannot read IP mode file for wolfSSL.I-CUBE-wolfMQTT.1.19.2
2025-11-07 14:56:43,180 [WARN] PackLoader:240 - Cannot read IP mode file for STMicroelectronics.X-CUBE-EEPRMA1.5.2.0
2025-11-07 14:56:43,185 [WARN] PackLoader:240 - Cannot read IP mode file for STMicroelectronics.X-CUBE-ST67W61.1.1.0
2025-11-07 14:56:43,195 [WARN] PackLoader:240 - Cannot read IP mode file for STMicroelectronics.X-CUBE-AZRTOS-G0.1.1.0
2025-11-07 14:56:43,200 [WARN] PackLoader:240 - Cannot read IP mode file for STMicroelectronics.X-CUBE-SAFEA1.1.2.2
2025-11-07 14:56:43,203 [WARN] PackLoader:240 - Cannot read IP mode file for STMicroelectronics.X-CUBE-NFC4.3.0.0
2025-11-07 14:56:43,206 [WARN] PackLoader:240 - Cannot read IP mode file for EmbeddedOffice.I-CUBE-FS-RTOS.1.0.1
2025-11-07 14:56:43,208 [WARN] PackLoader:240 - Cannot read IP mode file for STMicroelectronics.X-CUBE-WB05N.2.0.0
2025-11-07 14:56:43,210 [WARN] PackLoader:240 - Cannot read IP mode file for wolfSSL.I-CUBE-wolfTPM.3.8.0
2025-11-07 14:56:43,212 [WARN] PackLoader:240 - Cannot read IP mode file for STMicroelectronics.X-CUBE-TCPP.4.2.0
2025-11-07 14:56:43,215 [WARN] PackLoader:240 - Cannot read IP mode file for RealThread.X-CUBE-RT-Thread_Nano.4.1.1
2025-11-07 14:56:43,216 [WARN] PackLoader:240 - Cannot read IP mode file for STMicroelectronics.FP-ATR-SIGFOX1.3.2.0
2025-11-07 14:56:43,218 [WARN] PackLoader:240 - Cannot read IP mode file for ITTIA_DB.I-CUBE-ITTIADB.8.9.0
2025-11-07 14:56:43,220 [WARN] PackLoader:240 - Cannot read IP mode file for STMicroelectronics.X-CUBE-AI.10.2.0
2025-11-07 14:56:43,230 [WARN] PackLoader:240 - Cannot read IP mode file for SEGGER.I-CUBE-embOS.1.3.1
2025-11-07 14:56:43,248 [WARN] PackLoader:240 - Cannot read IP mode file for STMicroelectronics.X-CUBE-ALGOBUILD.1.4.0
2025-11-07 14:56:43,266 [WARN] PackLoader:240 - Cannot read IP mode file for STMicroelectronics.X-CUBE-MEMS1.11.3.0
2025-11-07 14:56:43,349 [WARN] PackLoader:240 - Cannot read IP mode file for STMicroelectronics.X-CUBE-PM33A1.1.0.0
2025-11-07 14:56:43,362 [WARN] PackLoader:240 - Cannot read IP mode file for STMicroelectronics.X-CUBE-AZRTOS-F4.1.1.0
2025-11-07 14:56:43,366 [WARN] PackLoader:240 - Cannot read IP mode file for STMicroelectronics.X-CUBE-ISPU.2.1.0
2025-11-07 14:56:43,375 [WARN] PackLoader:240 - Cannot read IP mode file for STMicroelectronics.X-CUBE-IPS.3.2.0
2025-11-07 14:56:43,382 [WARN] PackLoader:240 - Cannot read IP mode file for STMicroelectronics.X-CUBE-NFC12.1.0.0
2025-11-07 14:56:43,394 [WARN] PackLoader:240 - Cannot read IP mode file for STMicroelectronics.X-CUBE-AZRTOS-L5.2.0.0
2025-11-07 14:56:43,401 [WARN] PackLoader:240 - Cannot read IP mode file for STMicroelectronics.X-CUBE-NFC6.3.1.0
2025-11-07 14:56:43,406 [WARN] PackLoader:240 - Cannot read IP mode file for STMicroelectronics.X-CUBE-FREERTOS.1.3.1
2025-11-07 14:56:43,409 [WARN] PackLoader:240 - Cannot read IP mode file for STMicroelectronics.X-CUBE-TOUCHGFX.4.26.0
2025-11-07 14:56:43,411 [WARN] PackLoader:240 - Cannot read IP mode file for STMicroelectronics.FP-SNS-STAIOTCFT.1.0.0
2025-11-07 14:56:43,415 [WARN] PackLoader:240 - Cannot read IP mode file for STMicroelectronics.X-CUBE-DPower.1.3.0
2025-11-07 14:56:43,422 [WARN] ConditionMgr:438 - getConditionDescription Invalid condition id : LAN8742 Phy interface Condition cause : null
2025-11-07 14:56:43,422 [WARN] PackLoader:240 - Cannot read IP mode file for STMicroelectronics.X-CUBE-AZRTOS-L4.2.0.0
2025-11-07 14:56:43,423 [WARN] ConditionMgr:1044 - genDependencies : Invalid condition id : LAN8742 Phy interface Condition cause : null
2025-11-07 14:56:43,423 [WARN] ConditionMgr:1044 - genDependencies : Invalid condition id : LAN8742 Phy interface Condition cause : null
2025-11-07 14:56:43,428 [WARN] ConditionMgr:1044 - genDependencies : Invalid condition id : LAN8742 Phy interface Condition cause : null
2025-11-07 14:56:43,433 [WARN] PackLoader:240 - Cannot read IP mode file for STMicroelectronics.X-CUBE-SFXS2LP1.4.0.0
2025-11-07 14:56:43,438 [WARN] PackLoader:240 - Cannot read IP mode file for STMicroelectronics.X-CUBE-BLEMGR.4.1.0
2025-11-07 14:56:43,444 [WARN] ConditionMgr:438 - getConditionDescription Invalid condition id : UX DEVICE CLASS RTOS Condition cause : null
2025-11-07 14:56:43,444 [WARN] ConditionMgr:438 - getConditionDescription Invalid condition id : UX DEVICE CLASS RTOS Condition cause : null
2025-11-07 14:56:43,445 [WARN] PackLoader:240 - Cannot read IP mode file for STMicroelectronics.X-CUBE-AZRTOS-WB.2.0.0
2025-11-07 14:56:43,445 [WARN] ConditionMgr:1044 - genDependencies : Invalid condition id : UX DEVICE CLASS RTOS Condition cause : null
2025-11-07 14:56:43,445 [WARN] ConditionMgr:1044 - genDependencies : Invalid condition id : UX DEVICE CLASS RTOS Condition cause : null
2025-11-07 14:56:43,445 [WARN] ConditionMgr:1044 - genDependencies : Invalid condition id : UX DEVICE CLASS RTOS Condition cause : null
2025-11-07 14:56:43,445 [WARN] ConditionMgr:1044 - genDependencies : Invalid condition id : UX DEVICE CLASS RTOS Condition cause : null
2025-11-07 14:56:43,445 [WARN] ConditionMgr:1044 - genDependencies : Invalid condition id : UX DEVICE CLASS RTOS Condition cause : null
2025-11-07 14:56:43,448 [WARN] PackLoader:240 - Cannot read IP mode file for STMicroelectronics.X-CUBE-GNSS1.7.0.1
2025-11-07 14:56:43,449 [WARN] ConditionMgr:438 - getConditionDescription Invalid condition id : Cortex-A Device cause : null
2025-11-07 14:56:43,457 [WARN] ConditionMgr:1044 - genDependencies : Invalid condition id : Cortex-A Device cause : null
2025-11-07 14:56:43,457 [WARN] ConditionMgr:1044 - genDependencies : Invalid condition id : Cortex-A Device cause : null
2025-11-07 14:56:43,457 [WARN] ConditionMgr:1044 - genDependencies : Invalid condition id : Cortex-A Device cause : null
2025-11-07 14:56:43,461 [WARN] PackLoader:240 - Cannot read IP mode file for STMicroelectronics.X-CUBE-SUBG2.5.0.0
2025-11-07 14:56:43,470 [WARN] PackLoader:240 - Cannot read IP mode file for STMicroelectronics.X-CUBE-AZRTOS-H7RS.1.1.0
2025-11-07 14:56:43,477 [WARN] PackLoader:240 - Cannot read IP mode file for STMicroelectronics.X-CUBE-AZRTOS-G4.2.0.0
2025-11-07 14:56:43,479 [WARN] PackLoader:240 - Cannot read IP mode file for wolfSSL.I-CUBE-wolfSSH.1.4.20
2025-11-07 14:56:43,481 [WARN] PackLoader:240 - Cannot read IP mode file for STMicroelectronics.X-CUBE-NFC7.2.0.0
2025-11-07 14:56:43,483 [WARN] PackLoader:240 - Cannot read IP mode file for STMicroelectronics.X-CUBE-ALS.1.0.2
2025-11-07 14:56:43,486 [WARN] PackLoader:240 - Cannot read IP mode file for STMicroelectronics.X-CUBE-STSE01.1.0.0
2025-11-07 14:56:43,491 [WARN] PackLoader:240 - Cannot read IP mode file for STMicroelectronics.X-CUBE-TOF1.3.4.3
2025-11-07 14:56:43,496 [INFO] ThirdParty:978 - Integrity check success = true
2025-11-07 14:56:43,496 [INFO] IntegrityCheckThread:100 - exiting critical section [integrity check]
2025-11-07 14:56:43,496 [INFO] IntegrityCheckThread:103 - End integrity checks thread
2025-11-07 14:56:43,659 [INFO] WebApp:191 - Connection restablished
2025-11-07 14:57:06,564 [ERROR] LogOutputStream:75 - [STDERR_REDIRECT] Nov 07, 2025 2:57:06 PM java.util.prefs.FileSystemPreferences checkLockFile0ErrorCode
2025-11-07 14:57:06,564 [ERROR] LogOutputStream:75 - [STDERR_REDIRECT] WARNING: Could not lock System prefs. Unix error code 2.
2025-11-07 14:57:06,564 [ERROR] LogOutputStream:75 - [STDERR_REDIRECT] 
2025-11-07 14:57:06,564 [ERROR] LogOutputStream:75 - [STDERR_REDIRECT] Nov 07, 2025 2:57:06 PM java.util.prefs.FileSystemPreferences syncWorld
2025-11-07 14:57:06,564 [ERROR] LogOutputStream:75 - [STDERR_REDIRECT] WARNING: Couldn't flush system prefs: java.util.prefs.BackingStoreException: Couldn't get file lock.
2025-11-07 14:57:06,565 [ERROR] LogOutputStream:75 - [STDERR_REDIRECT] 
2025-11-07 14:57:36,550 [ERROR] LogOutputStream:75 - [STDERR_REDIRECT] Nov 07, 2025 2:57:36 PM java.util.prefs.FileSystemPreferences checkLockFile0ErrorCode
2025-11-07 14:57:36,550 [ERROR] LogOutputStream:75 - [STDERR_REDIRECT] WARNING: Could not lock System prefs. Unix error code 2.
2025-11-07 14:57:36,550 [ERROR] LogOutputStream:75 - [STDERR_REDIRECT] 
2025-11-07 14:57:36,550 [ERROR] LogOutputStream:75 - [STDERR_REDIRECT] Nov 07, 2025 2:57:36 PM java.util.prefs.FileSystemPreferences syncWorld
2025-11-07 14:57:36,550 [ERROR] LogOutputStream:75 - [STDERR_REDIRECT] WARNING: Couldn't flush system prefs: java.util.prefs.BackingStoreException: Couldn't get file lock.
2025-11-07 14:57:36,550 [ERROR] LogOutputStream:75 - [STDERR_REDIRECT] 
2025-11-07 14:58:03,899 [INFO] McuFinderGlobals:63 - Set McuFinder mode to 2 (CubeIDE integrated)
2025-11-07 14:58:03,901 [INFO] MainUpdater:2872 - connection check result : 10
2025-11-07 14:58:04,202 [INFO] ApiDb:581 - Connected to CubeFinder SQLite database (/home/abanchio/.stmcufinder/plugins/mcufinder/mcu/cube-finder-db.db)
2025-11-07 14:58:04,249 [INFO] ApiDb:668 - CubeFinder database Data Model version=2.1
2025-11-07 14:58:04,249 [INFO] ApiDb:669 - CubeFinder database Configuration version=3.0.39
2025-11-07 14:58:04,250 [INFO] ApiDb:670 - CubeFinder database generation date=2025-10-27 (1761571959)
2025-11-07 14:58:04,250 [INFO] ApiDb:671 - CubeFinder database FW Pack versions=[FP-ATR-ASTRA1_V2.0.0, FP-SNS-FLIGHT1_V5.1.0, FP-SNS-MOTENV1_V5.0.0, FP-SNS-MOTENVWB1_V1.4.0, FP-SNS-SMARTAG2_V1.2.0, FP-SNS-STBOX1_V2.1.0, STM32Cube_FW_C0_V1.4.0, STM32Cube_FW_F4_V1.28.3, STM32Cube_FW_F7_V1.17.4, STM32Cube_FW_G0_V1.6.2, STM32Cube_FW_G4_V1.6.1, STM32Cube_FW_H5_V1.5.0, STM32Cube_FW_H7RS_V1.2.0, STM32Cube_FW_H7_V1.12.1, STM32Cube_FW_L0_V1.12.2, STM32Cube_FW_L4_V1.18.1, STM32Cube_FW_L5_V1.5.1, STM32Cube_FW_N6_V1.2.0, STM32Cube_FW_U0_V1.3.0, STM32Cube_FW_U3_V1.2.1, STM32Cube_FW_U5_V1.8.0, STM32Cube_FW_WB0_V1.3.0, STM32Cube_FW_WBA_V1.7.0, STM32Cube_FW_WB_V1.23.0, STM32Cube_FW_WL3_V1.2.0, STM32Cube_FW_WL_V1.3.1, X-CUBE-ALGOBUILD_V1.4.0, X-CUBE-ALS_V1.0.2, X-CUBE-AZRTOS-F4_V1.1.0, X-CUBE-AZRTOS-F7_V1.1.0, X-CUBE-AZRTOS-G0_V1.1.0, X-CUBE-AZRTOS-G4_V2.0.0, X-CUBE-AZRTOS-H7RS_V1.1.0, X-CUBE-AZRTOS-H7_V3.4.0, X-CUBE-AZRTOS-L4_V2.0.0, X-CUBE-AZRTOS-L5_V2.0.0, X-CUBE-AZRTOS-WB_V2.0.0, X-CUBE-AZRTOS-WL_V2.0.0, X-CUBE-BLE1_V7.1.0, X-CUBE-BLE2_V3.3.0, X-CUBE-BLEMGR_V4.1.0, X-CUBE-EEPRMA1_V5.2.0, X-CUBE-FREERTOS_V1.3.1, X-CUBE-GNSS1_V6.0.0, X-CUBE-MEMS1_V11.3.0, X-CUBE-NFC4_V3.0.0, X-CUBE-NFC7_V2.0.0, X-CUBE-SFXS2LP1_V4.0.0, X-CUBE-ST67W61_V1.1.0, X-CUBE-SUBG2_V5.0.0, X-CUBE-TOF1_V3.4.3]
2025-11-07 14:58:05,704 [INFO] ApiDb:240 - Found 880 in-development CPN: [B-G473E-ZEST1S, B-WB1M-WPAN1, B-WBA5M-WPAN, B-WL5M-SUBG1, NUCLEO-C031C6, NUCLEO-C051C8, NUCLEO-C071RB, NUCLEO-C092RC, NUCLEO-H503RB, NUCLEO-H533RE, NUCLEO-H563ZI, NUCLEO-H7S3L8, NUCLEO-N657X0-Q, NUCLEO-U031R8, NUCLEO-U083RC, NUCLEO-U385RG-Q, NUCLEO-U545RE-Q, NUCLEO-U5A5ZJ-Q, NUCLEO-WB05KZ, NUCLEO-WB07CC, NUCLEO-WB09KE, NUCLEO-WBA52CG, NUCLEO-WBA55CG, NUCLEO-WL33CC1, NUCLEO-WL33CC2, STEVAL-PROTEUS1, STEVAL-SMARTAG2, STEVAL-STWINBX1, STM320518-EVAL, STM32C0116-DK, STM32C011D6Y3TR, STM32C011D6Y6TR, STM32C011F4P3, STM32C011F4P6, STM32C011F4U3, STM32C011F4U6TR, STM32C011F6P3, STM32C011F6P6, STM32C011F6U3, STM32C011F6U6TR, STM32C011J4M3, STM32C011J4M6, STM32C011J6M3, STM32C011J6M6, STM32C0316-DK, STM32C031C4T3, STM32C031C4T6, STM32C031C4U3, STM32C031C4U6, STM32C031C6T3, STM32C031C6T6, STM32C031C6U3, STM32C031C6U6, STM32C031F4P3, STM32C031F4P6, STM32C031F6P3, STM32C031F6P6, STM32C031G4U3, STM32C031G4U6, STM32C031G6U3, STM32C031G6U6, STM32C031K4T3, STM32C031K4T6, STM32C031K4U3, STM32C031K4U6, STM32C031K6T3, STM32C031K6T6, STM32C031K6U3, STM32C031K6U6, STM32C051C6T6, STM32C051C6U6, STM32C051C8T6, STM32C051C8U6, STM32C051D8Y6TR, STM32C051F6P6, STM32C051F8P6, STM32C051G6U6, STM32C051G8U6, STM32C051K6T6, STM32C051K6U6, STM32C051K8T6, STM32C071C8T6, STM32C071C8T6N, STM32C071C8U6, STM32C071C8U6N, STM32C071CBT6, STM32C071CBT6N, STM32C071CBU6, STM32C071CBU6N, STM32C071F8P6, STM32C071F8P6N, STM32C071FBP6, STM32C071FBP6N, STM32C071FBY6TR, STM32C071G8U6, STM32C071G8U6N, STM32C071GBU6, STM32C071GBU6N, STM32C071K8T6, STM32C071K8T6N, STM32C071K8U6, STM32C071K8U6N, STM32C071KBT6, STM32C071KBT6N, STM32C071KBU6, STM32C071KBU6N, STM32C071R8T6, STM32C071R8T6N, STM32C071RBI6N, STM32C071RBT6, STM32C071RBT6N, STM32C091CBT6, STM32C091CBU6, STM32C091CCT6, STM32C091CCU6, STM32C091ECY6TR, STM32C091FBP6, STM32C091FCP6, STM32C091GBU6, STM32C091GCU6, STM32C091KBT6, STM32C091KBU6, STM32C091KCT6, STM32C091KCU6, STM32C091RBT6, STM32C091RCI6, STM32C091RCT6, STM32C092CBT6, STM32C092CBU6, STM32C092CCT6, STM32C092CCU6, STM32C092ECY6TR, STM32C092FBP6, STM32C092FCP6, STM32C092GBU6, STM32C092GCU6, STM32C092KBT6, STM32C092KBU6, STM32C092KCT6, STM32C092KCU6, STM32C092RBT6, STM32C092RCI6, STM32C092RCT6, STM32G071K8TXN, STM32G071K8UXN, STM32G081GBU6N, STM32G081KBT6N, STM32G081KBUXN, STM32G0B1CCT6N, STM32G0B1KCT6, STM32G0B1NEY6TR, STM32G0B1RCT6N, STM32G0C1CCT6, STM32G0C1CCT6N, STM32G0C1CCU6N, STM32G0C1CET6N, STM32G0C1CEU6N, STM32G0C1KCT6, STM32G0C1NEY6TR, STM32G0C1RCI6N, STM32G0C1RCT6N, STM32G0C1REI6N, STM32G0C1RET6N, STM32G0C1VCI6, STM32G0C1VEI6, STM32G411C6T3, STM32G411C6T6, STM32G411C6U3, STM32G411C6U6, STM32G411C8T3, STM32G411C8T6, STM32G411C8U3, STM32G411C8U6, STM32G411CBT3, STM32G411CBT6, STM32G411CBU3, STM32G411CBU6, STM32G411K6T3, STM32G411K6T6, STM32G411K6U3, STM32G411K6U6, STM32G411K8T3, STM32G411K8T6, STM32G411K8U3, STM32G411K8U6, STM32G411KBT3, STM32G411KBT6, STM32G411KBU3, STM32G411KBU6, STM32G411M6T3, STM32G411M6T6, STM32G411M8T3, STM32G411M8T6, STM32G411MBT3, STM32G411MBT6, STM32G411R6T3, STM32G411R6T6, STM32G411R8T3, STM32G411R8T6, STM32G411RBT3, STM32G411RBT6, STM32G414CBT3, STM32G414CBT6, STM32G414CBU3, STM32G414CBU6, STM32G414CCT3, STM32G414CCT6, STM32G414CCU3, STM32G414CCU6, STM32G414MBT3, STM32G414MBT6, STM32G414MCT3, STM32G414MCT6, STM32G414RBT3, STM32G414RBT6, STM32G414RCT3, STM32G414RCT6, STM32G414VBT3, STM32G414VBT6, STM32G414VCT3, STM32G414VCT6, STM32G431CBT3Z, STM32G431RBT3Z, STM32G471CCT6, STM32G471CCU6, STM32G471CET3, STM32G471CET6, STM32G471CEU3, STM32G471CEU6, STM32G471MCT6, STM32G471MET3, STM32G471MET6, STM32G471MEY6TR, STM32G471QCT6, STM32G471QET3, STM32G471RCT6, STM32G471RET3, STM32G471RET6, STM32G471VCH6, STM32G471VCI6, STM32G471VCT6, STM32G471VEH3, STM32G471VEH6, STM32G471VEI3, STM32G471VEI6, STM32G471VET3, STM32G471VET6, STM32G473QET3Z, STM32G473RET3Z, STM32G474CCT6, STM32G491RET3Z, STM32H503CBT6, STM32H503CBU6, STM32H503EBY6TR, STM32H503KBU6, STM32H503RBT6, STM32H523CCT6, STM32H523CCU6, STM32H523CET6, STM32H523CEU6, STM32H523HEY6TR, STM32H523RCT6, STM32H523RET6, STM32H523VCI6, STM32H523VCT6, STM32H523VEI6, STM32H523VET6, STM32H523ZCJ6, STM32H523ZCT6, STM32H523ZEJ6, STM32H523ZET6, STM32H533CET6, STM32H533CEU6, STM32H533HEY6TR, STM32H533RET6, STM32H533VEI6, STM32H533VET6, STM32H533ZEJ6, STM32H533ZET6, STM32H562AGI6, STM32H562AII6, STM32H562IGK6, STM32H562IGT6, STM32H562IIK6, STM32H562IIT6, STM32H562RGT6, STM32H562RGV6, STM32H562RIT6, STM32H562RIV6, STM32H562VGT6, STM32H562VIT6, STM32H562ZGT6, STM32H562ZIT6, STM32H563AGI6, STM32H563AII3Q, STM32H563AII6, STM32H563IGK6, STM32H563IGT6, STM32H563IIK3Q, STM32H563IIK6, STM32H563IIT3Q, STM32H563IIT6, STM32H563MIY3QTR, STM32H563RGT6, STM32H563RGV6, STM32H563RIT6, STM32H563RIV6, STM32H563VGT6, STM32H563VIT3Q, STM32H563VIT6, STM32H563ZGT6, STM32H563ZIT3Q, STM32H563ZIT6, STM32H573AII3Q, STM32H573AII6, STM32H573I-DK, STM32H573IIK3Q, STM32H573IIK6, STM32H573IIT3Q, STM32H573IIT6, STM32H573MIY3QTR, STM32H573RIT6, STM32H573RIV6, STM32H573VIT3Q, STM32H573VIT6, STM32H573ZIT3Q, STM32H573ZIT6, STM32H7R3A8I6, STM32H7R3I8K6, STM32H7R3I8T6, STM32H7R3L8H6, STM32H7R3L8H6H, STM32H7R3R8V6, STM32H7R3V8H6, STM32H7R3V8T6, STM32H7R3V8Y6TR, STM32H7R3Z8J6, STM32H7R3Z8T6, STM32H7R7A8I6, STM32H7R7I8K6, STM32H7R7I8T6, STM32H7R7L8H6, STM32H7R7L8H6H, STM32H7R7Z8J6, STM32H7S3A8I6, STM32H7S3I8K6, STM32H7S3I8T6, STM32H7S3L8H6, STM32H7S3L8H6H, STM32H7S3R8V6, STM32H7S3V8H6, STM32H7S3V8T6, STM32H7S3V8Y6TR, STM32H7S3Z8J6, STM32H7S3Z8T6, STM32H7S78-DK, STM32H7S7A8I6, STM32H7S7I8K6, STM32H7S7I8T6, STM32H7S7L8H6, STM32H7S7L8H6H, STM32H7S7Z8J6, STM32L4R5QGI6STR, STM32MP131AAE3, STM32MP131AAF3, STM32MP131AAG3, STM32MP131CAE3, STM32MP131CAF3, STM32MP131CAG3, STM32MP131DAE7, STM32MP131DAF7, STM32MP131DAG7, STM32MP131FAE7, STM32MP131FAF7, STM32MP131FAG7, STM32MP133AAE3, STM32MP133AAF3, STM32MP133AAG3, STM32MP133CAE3, STM32MP133CAF3, STM32MP133CAG3, STM32MP133DAE7, STM32MP133DAF7, STM32MP133DAG7, STM32MP133FAE7, STM32MP133FAF7, STM32MP133FAG7, STM32MP135AAE3, STM32MP135AAF3, STM32MP135AAG3, STM32MP135CAE3, STM32MP135CAF3, STM32MP135CAG3, STM32MP135DAE7, STM32MP135DAF7, STM32MP135DAG7, STM32MP135F-DK, STM32MP135FAE7, STM32MP135FAF7, STM32MP135FAF7T, STM32MP135FAF7U, STM32MP135FAG7, STM32MP211AAL3, STM32MP211AAM3, STM32MP211AAN3, STM32MP211AAO3, STM32MP211CAL3, STM32MP211CAM3, STM32MP211CAN3, STM32MP211CAO3, STM32MP211DAL3, STM32MP211DAM3, STM32MP211DAN3, STM32MP211DAO3, STM32MP211FAL3, STM32MP211FAM3, STM32MP211FAN3, STM32MP211FAO3, STM32MP213AAL3, STM32MP213AAM3, STM32MP213AAN3, STM32MP213AAO3, STM32MP213CAL3, STM32MP213CAM3, STM32MP213CAN3, STM32MP213CAO3, STM32MP213DAL3, STM32MP213DAM3, STM32MP213DAN3, STM32MP213DAO3, STM32MP213FAL3, STM32MP213FAM3, STM32MP213FAN3, STM32MP213FAO3, STM32MP215AAL3, STM32MP215AAM3, STM32MP215AAN3, STM32MP215AAO3, STM32MP215CAL3, STM32MP215CAM3, STM32MP215CAN3, STM32MP215CAO3, STM32MP215DAL3, STM32MP215DAM3, STM32MP215DAN3, STM32MP215DAO3, STM32MP215F-DK, STM32MP215FAL3, STM32MP215FAM3, STM32MP215FAN3, STM32MP215FAO3, STM32MP231AAJ3, STM32MP231AAK3, STM32MP231AAL3, STM32MP231CAJ3, STM32MP231CAK3, STM32MP231CAL3, STM32MP231DAJ3, STM32MP231DAK3, STM32MP231DAL3, STM32MP231FAJ3, STM32MP231FAK3, STM32MP231FAL3, STM32MP233AAJ3, STM32MP233AAK3, STM32MP233AAL3, STM32MP233CAJ3, STM32MP233CAK3, STM32MP233CAL3, STM32MP233DAJ3, STM32MP233DAK3, STM32MP233DAL3, STM32MP233FAJ3, STM32MP233FAK3, STM32MP233FAL3, STM32MP235AAJ3, STM32MP235AAK3, STM32MP235AAL3, STM32MP235CAJ3, STM32MP235CAK3, STM32MP235CAL3, STM32MP235DAJ3, STM32MP235DAK3, STM32MP235DAL3, STM32MP235FAJ3, STM32MP235FAK3, STM32MP235FAL3, STM32MP251AAI3, STM32MP251AAK3, STM32MP251AAL3, STM32MP251CAI3, STM32MP251CAK3, STM32MP251CAL3, STM32MP251DAI3, STM32MP251DAK3, STM32MP251DAL3, STM32MP251FAI3, STM32MP251FAK3, STM32MP251FAL3, STM32MP253AAI3, STM32MP253AAK3, STM32MP253AAL3, STM32MP253CAI3, STM32MP253CAK3, STM32MP253CAL3, STM32MP253DAI3, STM32MP253DAK3, STM32MP253DAL3, STM32MP253FAI3, STM32MP253FAK3, STM32MP253FAL3, STM32MP255AAI3, STM32MP255AAK3, STM32MP255AAL3, STM32MP255CAI3, STM32MP255CAK3, STM32MP255CAL3, STM32MP255DAI3, STM32MP255DAK3, STM32MP255DAL3, STM32MP255FAI3, STM32MP255FAK3, STM32MP255FAL3, STM32MP257AAI3, STM32MP257AAK3, STM32MP257AAL3, STM32MP257CAI3, STM32MP257CAK3, STM32MP257CAL3, STM32MP257DAI3, STM32MP257DAK3, STM32MP257DAL3, STM32MP257F-DK, STM32MP257F-EV1, STM32MP257FAI3, STM32MP257FAK3, STM32MP257FAL3, STM32N645A0H3Q, STM32N645B0H3Q, STM32N645I0H3Q, STM32N645L0H3Q, STM32N645X0H3Q, STM32N645Z0H3Q, STM32N647A0H3Q, STM32N647B0H3Q, STM32N647I0H3Q, STM32N647L0H3Q, STM32N647X0H3Q, STM32N647Z0H3Q, STM32N655A0H3Q, STM32N655B0H3Q, STM32N655I0H3Q, STM32N655L0H3Q, STM32N655X0H3Q, STM32N655Z0H3Q, STM32N6570-DK, STM32N657A0H3Q, STM32N657B0H3Q, STM32N657I0H3Q, STM32N657L0H3Q, STM32N657X0H3Q, STM32N657Z0H3Q, STM32U031C6T6, STM32U031C6U6, STM32U031C8T6, STM32U031C8U6, STM32U031F4P6, STM32U031F6P6, STM32U031F8P6, STM32U031G6Y6TR, STM32U031G8Y6TR, STM32U031K4U6, STM32U031K6U6, STM32U031K8U6, STM32U031R6I6, STM32U031R6T6, STM32U031R8I6, STM32U031R8T6, STM32U073C8T6, STM32U073C8U6, STM32U073CBT6, STM32U073CBU6, STM32U073CCT6, STM32U073CCU6, STM32U073H8Y6TR, STM32U073HBY6TR, STM32U073HCY6TR, STM32U073K8U6, STM32U073KBU6, STM32U073KCU6, STM32U073M8I6, STM32U073M8T6, STM32U073MBI6, STM32U073MBT6, STM32U073MCI6, STM32U073MCT6, STM32U073R8I6, STM32U073R8T6, STM32U073RBI6, STM32U073RBT6, STM32U073RCI6, STM32U073RCT6, STM32U083C-DK, STM32U083CCT6, STM32U083CCU6, STM32U083HCY6TR, STM32U083KCU6, STM32U083MCI6, STM32U083MCT6, STM32U083RCI6, STM32U083RCT6, STM32U375CET6, STM32U375CET6Q, STM32U375CEU6, STM32U375CEU6Q, STM32U375CEY6QTR, STM32U375CGT6, STM32U375CGT6Q, STM32U375CGU6, STM32U375CGU6Q, STM32U375CGY6QTR, STM32U375KEU6, STM32U375KGU6, STM32U375REI6, STM32U375REI6Q, STM32U375RET6, STM32U375RET6Q, STM32U375REY6GTR, STM32U375REY6QTR, STM32U375RGI6, STM32U375RGI6Q, STM32U375RGT6, STM32U375RGT6Q, STM32U375RGY6GTR, STM32U375RGY6QTR, STM32U375VEI6, STM32U375VEI6Q, STM32U375VET6, STM32U375VET6Q, STM32U375VGI6, STM32U375VGI6Q, STM32U375VGT6, STM32U375VGT6Q, STM32U385CGT6, STM32U385CGT6Q, STM32U385CGU6, STM32U385CGU6Q, STM32U385CGY6QTR, STM32U385KGU6, STM32U385RGI6, STM32U385RGI6Q, STM32U385RGT6, STM32U385RGT6Q, STM32U385RGY6GTR, STM32U385RGY6QTR, STM32U385VGI6, STM32U385VGI6Q, STM32U385VGT6, STM32U385VGT6Q, STM32U535CBT6, STM32U535CBT6Q, STM32U535CBU6, STM32U535CBU6Q, STM32U535CCT6, STM32U535CCT6Q, STM32U535CCU6, STM32U535CCU6Q, STM32U535CET6, STM32U535CET6Q, STM32U535CEU6, STM32U535CEU6Q, STM32U535JEY6QTR, STM32U535NCY6QTR, STM32U535NEY6QTR, STM32U535RBI6, STM32U535RBI6Q, STM32U535RBT6, STM32U535RBT6Q, STM32U535RCI6, STM32U535RCI6Q, STM32U535RCT6, STM32U535RCT6Q, STM32U535REI6, STM32U535REI6Q, STM32U535RET6, STM32U535RET6Q, STM32U535VCI6, STM32U535VCI6Q, STM32U535VCT6, STM32U535VCT6Q, STM32U535VEI6, STM32U535VEI6Q, STM32U535VET6, STM32U535VET6Q, STM32U545CET6, STM32U545CET6Q, STM32U545CEU6, STM32U545CEU6Q, STM32U545JEY6QTR, STM32U545NEY6QTR, STM32U545REI6, STM32U545REI6Q, STM32U545RET6, STM32U545RET6Q, STM32U545VEI6, STM32U545VEI6Q, STM32U545VET6, STM32U545VET6Q, STM32U595AIH6, STM32U595AIH6Q, STM32U595AJH6, STM32U595AJH6Q, STM32U595QII6, STM32U595QII6Q, STM32U595QJI6, STM32U595QJI6Q, STM32U595RIT6, STM32U595RIT6Q, STM32U595RJT6, STM32U595RJT6Q, STM32U595VIT6, STM32U595VIT6Q, STM32U595VJT6, STM32U595VJT6Q, STM32U595ZIT6, STM32U595ZIT6Q, STM32U595ZIY6QTR, STM32U595ZJT6, STM32U595ZJT6Q, STM32U595ZJY6QTR, STM32U599BJY6QTR, STM32U599NIH6Q, STM32U599NJH6Q, STM32U599VIT6Q, STM32U599VJT6, STM32U599VJT6Q, STM32U599ZIT6Q, STM32U599ZIY6QTR, STM32U599ZJT6Q, STM32U599ZJY6QTR, STM32U5A5AJH6, STM32U5A5AJH6Q, STM32U5A5QII3Q , STM32U5A5QJI6, STM32U5A5QJI6Q, STM32U5A5RJT6, STM32U5A5RJT6Q, STM32U5A5VJT6, STM32U5A5VJT6Q, STM32U5A5ZJT6, STM32U5A5ZJT6Q, STM32U5A5ZJY6QTR, STM32U5A9BJY6QTR, STM32U5A9J-DK, STM32U5A9NJH6Q, STM32U5A9VJT6Q, STM32U5A9ZJT6Q, STM32U5A9ZJY6QTR, STM32U5F7VIT6, STM32U5F7VIT6Q, STM32U5F7VJT6, STM32U5F7VJT6Q, STM32U5F9BJY6QTR, STM32U5F9NJH6Q, STM32U5F9VIT6Q, STM32U5F9VJT6Q, STM32U5F9ZIJ6QTR, STM32U5F9ZIT6Q, STM32U5F9ZJJ6QTR, STM32U5F9ZJT6Q, STM32U5G7VJT6, STM32U5G7VJT6Q, STM32U5G9BJY6QTR, STM32U5G9J-DK1, STM32U5G9J-DK2, STM32U5G9NJH6Q, STM32U5G9VJT6Q, STM32U5G9ZJJ6QTR, STM32U5G9ZJT6Q, STM32WB05KZV6TR, STM32WB05KZV7TR, STM32WB05TZF6TR, STM32WB05TZF7TR, STM32WB06CCF6TR, STM32WB06CCF7TR, STM32WB06CCV6TR, STM32WB06CCV7TR, STM32WB06KCV6TR, STM32WB06KCV7TR, STM32WB07CCF6TR, STM32WB07CCF7TR, STM32WB07CCV6TR, STM32WB07CCV7TR, STM32WB07KCV6TR, STM32WB07KCV7TR, STM32WB09KEV6TR, STM32WB09KEV7TR, STM32WB09TEF6TR, STM32WB09TEF7TR, STM32WB1MMCH6, STM32WBA50KGU6, STM32WBA50KGU6TR, STM32WBA52CEU6, STM32WBA52CEU6TR, STM32WBA52CEU7, STM32WBA52CEU7TR, STM32WBA52CGU6, STM32WBA52CGU6TR, STM32WBA52CGU6U, STM32WBA52CGU7, STM32WBA52CGU7TR, STM32WBA52KEU6, STM32WBA52KEU6TR, STM32WBA52KGU6, STM32WBA52KGU6TR, STM32WBA54CEU6, STM32WBA54CEU6TR, STM32WBA54CEU7, STM32WBA54CEU7TR, STM32WBA54CGU6, STM32WBA54CGU6TR, STM32WBA54CGU7, STM32WBA54CGU7TR, STM32WBA54KEU6, STM32WBA54KEU6TR, STM32WBA54KEU7, STM32WBA54KEU7TR, STM32WBA54KGU6, STM32WBA54KGU6TR, STM32WBA54KGU7, STM32WBA54KGU7TR, STM32WBA55CEU6, STM32WBA55CEU6TR, STM32WBA55CEU7, STM32WBA55CEU7TR, STM32WBA55CGU6, STM32WBA55CGU6TR, STM32WBA55CGU6U, STM32WBA55CGU7, STM32WBA55CGU7TR, STM32WBA55G-DK1, STM32WBA55HEF6, STM32WBA55HEF7, STM32WBA55HGF6, STM32WBA55HGF7, STM32WBA55UEI6, STM32WBA55UEI6TR, STM32WBA55UEI7, STM32WBA55UEI7TR, STM32WBA55UGI6, STM32WBA55UGI6TR, STM32WBA55UGI7, STM32WBA55UGI7TR, STM32WBA5MMGH6TR, STM32WBA62MGF6, STM32WBA62MIF6, STM32WBA65MGF7, STM32WBA65MIF6, STM32WBA65MIF7, STM32WL30K8V6, STM32WL30KBV6, STM32WL31C8V6, STM32WL31CBV6, STM32WL31K8V6, STM32WL31KBV6, STM32WL33C8V6, STM32WL33C8V6X, STM32WL33CBV6, STM32WL33CBV6X, STM32WL33CCV6, STM32WL33CCV6A, STM32WL33CCV6X, STM32WL33K8V7, STM32WL33K8V7X, STM32WL33KBV7 , STM32WL33KBV7X, STM32WL33KCV7, STM32WL33KCV7X, STM32WL5MOCH6, STM32WL5MOCH6TR]
2025-11-07 14:58:05,709 [INFO] DbMcus:218 - Found 4801 MCUs, 4801 are supported
2025-11-07 14:58:05,709 [INFO] ApiDb:423 - Load user favorites file /home/abanchio/.stm32cubeide/favorites.mcus.txt: 0 item(s)
2025-11-07 14:58:05,709 [INFO] ApiDb:427 - User favorites MCUs=[]
2025-11-07 14:58:05,709 [INFO] DbMcus:224 - Set 0 / 0 favorites MCUs
2025-11-07 14:58:06,011 [INFO] ApiDb:668 - CubeFinder database Data Model version=2.1
2025-11-07 14:58:06,011 [INFO] ApiDb:669 - CubeFinder database Configuration version=3.0.39
2025-11-07 14:58:06,011 [INFO] ApiDb:670 - CubeFinder database generation date=2025-10-27 (1761571959)
2025-11-07 14:58:06,011 [INFO] ApiDb:671 - CubeFinder database FW Pack versions=[FP-ATR-ASTRA1_V2.0.0, FP-SNS-FLIGHT1_V5.1.0, FP-SNS-MOTENV1_V5.0.0, FP-SNS-MOTENVWB1_V1.4.0, FP-SNS-SMARTAG2_V1.2.0, FP-SNS-STBOX1_V2.1.0, STM32Cube_FW_C0_V1.4.0, STM32Cube_FW_F4_V1.28.3, STM32Cube_FW_F7_V1.17.4, STM32Cube_FW_G0_V1.6.2, STM32Cube_FW_G4_V1.6.1, STM32Cube_FW_H5_V1.5.0, STM32Cube_FW_H7RS_V1.2.0, STM32Cube_FW_H7_V1.12.1, STM32Cube_FW_L0_V1.12.2, STM32Cube_FW_L4_V1.18.1, STM32Cube_FW_L5_V1.5.1, STM32Cube_FW_N6_V1.2.0, STM32Cube_FW_U0_V1.3.0, STM32Cube_FW_U3_V1.2.1, STM32Cube_FW_U5_V1.8.0, STM32Cube_FW_WB0_V1.3.0, STM32Cube_FW_WBA_V1.7.0, STM32Cube_FW_WB_V1.23.0, STM32Cube_FW_WL3_V1.2.0, STM32Cube_FW_WL_V1.3.1, X-CUBE-ALGOBUILD_V1.4.0, X-CUBE-ALS_V1.0.2, X-CUBE-AZRTOS-F4_V1.1.0, X-CUBE-AZRTOS-F7_V1.1.0, X-CUBE-AZRTOS-G0_V1.1.0, X-CUBE-AZRTOS-G4_V2.0.0, X-CUBE-AZRTOS-H7RS_V1.1.0, X-CUBE-AZRTOS-H7_V3.4.0, X-CUBE-AZRTOS-L4_V2.0.0, X-CUBE-AZRTOS-L5_V2.0.0, X-CUBE-AZRTOS-WB_V2.0.0, X-CUBE-AZRTOS-WL_V2.0.0, X-CUBE-BLE1_V7.1.0, X-CUBE-BLE2_V3.3.0, X-CUBE-BLEMGR_V4.1.0, X-CUBE-EEPRMA1_V5.2.0, X-CUBE-FREERTOS_V1.3.1, X-CUBE-GNSS1_V6.0.0, X-CUBE-MEMS1_V11.3.0, X-CUBE-NFC4_V3.0.0, X-CUBE-NFC7_V2.0.0, X-CUBE-SFXS2LP1_V4.0.0, X-CUBE-ST67W61_V1.1.0, X-CUBE-SUBG2_V5.0.0, X-CUBE-TOF1_V3.4.3]
2025-11-07 14:58:06,039 [INFO] DbBoardsSqlite:226 - include board P-NUCLEO-WB55-NUCLEO as a kit item of type 'Nucleo-64'
2025-11-07 14:58:06,039 [INFO] DbBoardsSqlite:226 - include board P-NUCLEO-WB55-USBDONGLE as a kit item of type 'Nucleo USB Dongle'
2025-11-07 14:58:06,040 [INFO] DbBoardsSqlite:226 - include board STEVAL-IDP005V1 as a kit item of type 'Evaluation Board'
2025-11-07 14:58:06,040 [INFO] DbBoardsSqlite:226 - include board STEVAL-IDP005V2 as a kit item of type 'Evaluation Board'
2025-11-07 14:58:06,062 [INFO] ApiDb:240 - Found 880 in-development CPN: [B-G473E-ZEST1S, B-WB1M-WPAN1, B-WBA5M-WPAN, B-WL5M-SUBG1, NUCLEO-C031C6, NUCLEO-C051C8, NUCLEO-C071RB, NUCLEO-C092RC, NUCLEO-H503RB, NUCLEO-H533RE, NUCLEO-H563ZI, NUCLEO-H7S3L8, NUCLEO-N657X0-Q, NUCLEO-U031R8, NUCLEO-U083RC, NUCLEO-U385RG-Q, NUCLEO-U545RE-Q, NUCLEO-U5A5ZJ-Q, NUCLEO-WB05KZ, NUCLEO-WB07CC, NUCLEO-WB09KE, NUCLEO-WBA52CG, NUCLEO-WBA55CG, NUCLEO-WL33CC1, NUCLEO-WL33CC2, STEVAL-PROTEUS1, STEVAL-SMARTAG2, STEVAL-STWINBX1, STM320518-EVAL, STM32C0116-DK, STM32C011D6Y3TR, STM32C011D6Y6TR, STM32C011F4P3, STM32C011F4P6, STM32C011F4U3, STM32C011F4U6TR, STM32C011F6P3, STM32C011F6P6, STM32C011F6U3, STM32C011F6U6TR, STM32C011J4M3, STM32C011J4M6, STM32C011J6M3, STM32C011J6M6, STM32C0316-DK, STM32C031C4T3, STM32C031C4T6, STM32C031C4U3, STM32C031C4U6, STM32C031C6T3, STM32C031C6T6, STM32C031C6U3, STM32C031C6U6, STM32C031F4P3, STM32C031F4P6, STM32C031F6P3, STM32C031F6P6, STM32C031G4U3, STM32C031G4U6, STM32C031G6U3, STM32C031G6U6, STM32C031K4T3, STM32C031K4T6, STM32C031K4U3, STM32C031K4U6, STM32C031K6T3, STM32C031K6T6, STM32C031K6U3, STM32C031K6U6, STM32C051C6T6, STM32C051C6U6, STM32C051C8T6, STM32C051C8U6, STM32C051D8Y6TR, STM32C051F6P6, STM32C051F8P6, STM32C051G6U6, STM32C051G8U6, STM32C051K6T6, STM32C051K6U6, STM32C051K8T6, STM32C071C8T6, STM32C071C8T6N, STM32C071C8U6, STM32C071C8U6N, STM32C071CBT6, STM32C071CBT6N, STM32C071CBU6, STM32C071CBU6N, STM32C071F8P6, STM32C071F8P6N, STM32C071FBP6, STM32C071FBP6N, STM32C071FBY6TR, STM32C071G8U6, STM32C071G8U6N, STM32C071GBU6, STM32C071GBU6N, STM32C071K8T6, STM32C071K8T6N, STM32C071K8U6, STM32C071K8U6N, STM32C071KBT6, STM32C071KBT6N, STM32C071KBU6, STM32C071KBU6N, STM32C071R8T6, STM32C071R8T6N, STM32C071RBI6N, STM32C071RBT6, STM32C071RBT6N, STM32C091CBT6, STM32C091CBU6, STM32C091CCT6, STM32C091CCU6, STM32C091ECY6TR, STM32C091FBP6, STM32C091FCP6, STM32C091GBU6, STM32C091GCU6, STM32C091KBT6, STM32C091KBU6, STM32C091KCT6, STM32C091KCU6, STM32C091RBT6, STM32C091RCI6, STM32C091RCT6, STM32C092CBT6, STM32C092CBU6, STM32C092CCT6, STM32C092CCU6, STM32C092ECY6TR, STM32C092FBP6, STM32C092FCP6, STM32C092GBU6, STM32C092GCU6, STM32C092KBT6, STM32C092KBU6, STM32C092KCT6, STM32C092KCU6, STM32C092RBT6, STM32C092RCI6, STM32C092RCT6, STM32G071K8TXN, STM32G071K8UXN, STM32G081GBU6N, STM32G081KBT6N, STM32G081KBUXN, STM32G0B1CCT6N, STM32G0B1KCT6, STM32G0B1NEY6TR, STM32G0B1RCT6N, STM32G0C1CCT6, STM32G0C1CCT6N, STM32G0C1CCU6N, STM32G0C1CET6N, STM32G0C1CEU6N, STM32G0C1KCT6, STM32G0C1NEY6TR, STM32G0C1RCI6N, STM32G0C1RCT6N, STM32G0C1REI6N, STM32G0C1RET6N, STM32G0C1VCI6, STM32G0C1VEI6, STM32G411C6T3, STM32G411C6T6, STM32G411C6U3, STM32G411C6U6, STM32G411C8T3, STM32G411C8T6, STM32G411C8U3, STM32G411C8U6, STM32G411CBT3, STM32G411CBT6, STM32G411CBU3, STM32G411CBU6, STM32G411K6T3, STM32G411K6T6, STM32G411K6U3, STM32G411K6U6, STM32G411K8T3, STM32G411K8T6, STM32G411K8U3, STM32G411K8U6, STM32G411KBT3, STM32G411KBT6, STM32G411KBU3, STM32G411KBU6, STM32G411M6T3, STM32G411M6T6, STM32G411M8T3, STM32G411M8T6, STM32G411MBT3, STM32G411MBT6, STM32G411R6T3, STM32G411R6T6, STM32G411R8T3, STM32G411R8T6, STM32G411RBT3, STM32G411RBT6, STM32G414CBT3, STM32G414CBT6, STM32G414CBU3, STM32G414CBU6, STM32G414CCT3, STM32G414CCT6, STM32G414CCU3, STM32G414CCU6, STM32G414MBT3, STM32G414MBT6, STM32G414MCT3, STM32G414MCT6, STM32G414RBT3, STM32G414RBT6, STM32G414RCT3, STM32G414RCT6, STM32G414VBT3, STM32G414VBT6, STM32G414VCT3, STM32G414VCT6, STM32G431CBT3Z, STM32G431RBT3Z, STM32G471CCT6, STM32G471CCU6, STM32G471CET3, STM32G471CET6, STM32G471CEU3, STM32G471CEU6, STM32G471MCT6, STM32G471MET3, STM32G471MET6, STM32G471MEY6TR, STM32G471QCT6, STM32G471QET3, STM32G471RCT6, STM32G471RET3, STM32G471RET6, STM32G471VCH6, STM32G471VCI6, STM32G471VCT6, STM32G471VEH3, STM32G471VEH6, STM32G471VEI3, STM32G471VEI6, STM32G471VET3, STM32G471VET6, STM32G473QET3Z, STM32G473RET3Z, STM32G474CCT6, STM32G491RET3Z, STM32H503CBT6, STM32H503CBU6, STM32H503EBY6TR, STM32H503KBU6, STM32H503RBT6, STM32H523CCT6, STM32H523CCU6, STM32H523CET6, STM32H523CEU6, STM32H523HEY6TR, STM32H523RCT6, STM32H523RET6, STM32H523VCI6, STM32H523VCT6, STM32H523VEI6, STM32H523VET6, STM32H523ZCJ6, STM32H523ZCT6, STM32H523ZEJ6, STM32H523ZET6, STM32H533CET6, STM32H533CEU6, STM32H533HEY6TR, STM32H533RET6, STM32H533VEI6, STM32H533VET6, STM32H533ZEJ6, STM32H533ZET6, STM32H562AGI6, STM32H562AII6, STM32H562IGK6, STM32H562IGT6, STM32H562IIK6, STM32H562IIT6, STM32H562RGT6, STM32H562RGV6, STM32H562RIT6, STM32H562RIV6, STM32H562VGT6, STM32H562VIT6, STM32H562ZGT6, STM32H562ZIT6, STM32H563AGI6, STM32H563AII3Q, STM32H563AII6, STM32H563IGK6, STM32H563IGT6, STM32H563IIK3Q, STM32H563IIK6, STM32H563IIT3Q, STM32H563IIT6, STM32H563MIY3QTR, STM32H563RGT6, STM32H563RGV6, STM32H563RIT6, STM32H563RIV6, STM32H563VGT6, STM32H563VIT3Q, STM32H563VIT6, STM32H563ZGT6, STM32H563ZIT3Q, STM32H563ZIT6, STM32H573AII3Q, STM32H573AII6, STM32H573I-DK, STM32H573IIK3Q, STM32H573IIK6, STM32H573IIT3Q, STM32H573IIT6, STM32H573MIY3QTR, STM32H573RIT6, STM32H573RIV6, STM32H573VIT3Q, STM32H573VIT6, STM32H573ZIT3Q, STM32H573ZIT6, STM32H7R3A8I6, STM32H7R3I8K6, STM32H7R3I8T6, STM32H7R3L8H6, STM32H7R3L8H6H, STM32H7R3R8V6, STM32H7R3V8H6, STM32H7R3V8T6, STM32H7R3V8Y6TR, STM32H7R3Z8J6, STM32H7R3Z8T6, STM32H7R7A8I6, STM32H7R7I8K6, STM32H7R7I8T6, STM32H7R7L8H6, STM32H7R7L8H6H, STM32H7R7Z8J6, STM32H7S3A8I6, STM32H7S3I8K6, STM32H7S3I8T6, STM32H7S3L8H6, STM32H7S3L8H6H, STM32H7S3R8V6, STM32H7S3V8H6, STM32H7S3V8T6, STM32H7S3V8Y6TR, STM32H7S3Z8J6, STM32H7S3Z8T6, STM32H7S78-DK, STM32H7S7A8I6, STM32H7S7I8K6, STM32H7S7I8T6, STM32H7S7L8H6, STM32H7S7L8H6H, STM32H7S7Z8J6, STM32L4R5QGI6STR, STM32MP131AAE3, STM32MP131AAF3, STM32MP131AAG3, STM32MP131CAE3, STM32MP131CAF3, STM32MP131CAG3, STM32MP131DAE7, STM32MP131DAF7, STM32MP131DAG7, STM32MP131FAE7, STM32MP131FAF7, STM32MP131FAG7, STM32MP133AAE3, STM32MP133AAF3, STM32MP133AAG3, STM32MP133CAE3, STM32MP133CAF3, STM32MP133CAG3, STM32MP133DAE7, STM32MP133DAF7, STM32MP133DAG7, STM32MP133FAE7, STM32MP133FAF7, STM32MP133FAG7, STM32MP135AAE3, STM32MP135AAF3, STM32MP135AAG3, STM32MP135CAE3, STM32MP135CAF3, STM32MP135CAG3, STM32MP135DAE7, STM32MP135DAF7, STM32MP135DAG7, STM32MP135F-DK, STM32MP135FAE7, STM32MP135FAF7, STM32MP135FAF7T, STM32MP135FAF7U, STM32MP135FAG7, STM32MP211AAL3, STM32MP211AAM3, STM32MP211AAN3, STM32MP211AAO3, STM32MP211CAL3, STM32MP211CAM3, STM32MP211CAN3, STM32MP211CAO3, STM32MP211DAL3, STM32MP211DAM3, STM32MP211DAN3, STM32MP211DAO3, STM32MP211FAL3, STM32MP211FAM3, STM32MP211FAN3, STM32MP211FAO3, STM32MP213AAL3, STM32MP213AAM3, STM32MP213AAN3, STM32MP213AAO3, STM32MP213CAL3, STM32MP213CAM3, STM32MP213CAN3, STM32MP213CAO3, STM32MP213DAL3, STM32MP213DAM3, STM32MP213DAN3, STM32MP213DAO3, STM32MP213FAL3, STM32MP213FAM3, STM32MP213FAN3, STM32MP213FAO3, STM32MP215AAL3, STM32MP215AAM3, STM32MP215AAN3, STM32MP215AAO3, STM32MP215CAL3, STM32MP215CAM3, STM32MP215CAN3, STM32MP215CAO3, STM32MP215DAL3, STM32MP215DAM3, STM32MP215DAN3, STM32MP215DAO3, STM32MP215F-DK, STM32MP215FAL3, STM32MP215FAM3, STM32MP215FAN3, STM32MP215FAO3, STM32MP231AAJ3, STM32MP231AAK3, STM32MP231AAL3, STM32MP231CAJ3, STM32MP231CAK3, STM32MP231CAL3, STM32MP231DAJ3, STM32MP231DAK3, STM32MP231DAL3, STM32MP231FAJ3, STM32MP231FAK3, STM32MP231FAL3, STM32MP233AAJ3, STM32MP233AAK3, STM32MP233AAL3, STM32MP233CAJ3, STM32MP233CAK3, STM32MP233CAL3, STM32MP233DAJ3, STM32MP233DAK3, STM32MP233DAL3, STM32MP233FAJ3, STM32MP233FAK3, STM32MP233FAL3, STM32MP235AAJ3, STM32MP235AAK3, STM32MP235AAL3, STM32MP235CAJ3, STM32MP235CAK3, STM32MP235CAL3, STM32MP235DAJ3, STM32MP235DAK3, STM32MP235DAL3, STM32MP235FAJ3, STM32MP235FAK3, STM32MP235FAL3, STM32MP251AAI3, STM32MP251AAK3, STM32MP251AAL3, STM32MP251CAI3, STM32MP251CAK3, STM32MP251CAL3, STM32MP251DAI3, STM32MP251DAK3, STM32MP251DAL3, STM32MP251FAI3, STM32MP251FAK3, STM32MP251FAL3, STM32MP253AAI3, STM32MP253AAK3, STM32MP253AAL3, STM32MP253CAI3, STM32MP253CAK3, STM32MP253CAL3, STM32MP253DAI3, STM32MP253DAK3, STM32MP253DAL3, STM32MP253FAI3, STM32MP253FAK3, STM32MP253FAL3, STM32MP255AAI3, STM32MP255AAK3, STM32MP255AAL3, STM32MP255CAI3, STM32MP255CAK3, STM32MP255CAL3, STM32MP255DAI3, STM32MP255DAK3, STM32MP255DAL3, STM32MP255FAI3, STM32MP255FAK3, STM32MP255FAL3, STM32MP257AAI3, STM32MP257AAK3, STM32MP257AAL3, STM32MP257CAI3, STM32MP257CAK3, STM32MP257CAL3, STM32MP257DAI3, STM32MP257DAK3, STM32MP257DAL3, STM32MP257F-DK, STM32MP257F-EV1, STM32MP257FAI3, STM32MP257FAK3, STM32MP257FAL3, STM32N645A0H3Q, STM32N645B0H3Q, STM32N645I0H3Q, STM32N645L0H3Q, STM32N645X0H3Q, STM32N645Z0H3Q, STM32N647A0H3Q, STM32N647B0H3Q, STM32N647I0H3Q, STM32N647L0H3Q, STM32N647X0H3Q, STM32N647Z0H3Q, STM32N655A0H3Q, STM32N655B0H3Q, STM32N655I0H3Q, STM32N655L0H3Q, STM32N655X0H3Q, STM32N655Z0H3Q, STM32N6570-DK, STM32N657A0H3Q, STM32N657B0H3Q, STM32N657I0H3Q, STM32N657L0H3Q, STM32N657X0H3Q, STM32N657Z0H3Q, STM32U031C6T6, STM32U031C6U6, STM32U031C8T6, STM32U031C8U6, STM32U031F4P6, STM32U031F6P6, STM32U031F8P6, STM32U031G6Y6TR, STM32U031G8Y6TR, STM32U031K4U6, STM32U031K6U6, STM32U031K8U6, STM32U031R6I6, STM32U031R6T6, STM32U031R8I6, STM32U031R8T6, STM32U073C8T6, STM32U073C8U6, STM32U073CBT6, STM32U073CBU6, STM32U073CCT6, STM32U073CCU6, STM32U073H8Y6TR, STM32U073HBY6TR, STM32U073HCY6TR, STM32U073K8U6, STM32U073KBU6, STM32U073KCU6, STM32U073M8I6, STM32U073M8T6, STM32U073MBI6, STM32U073MBT6, STM32U073MCI6, STM32U073MCT6, STM32U073R8I6, STM32U073R8T6, STM32U073RBI6, STM32U073RBT6, STM32U073RCI6, STM32U073RCT6, STM32U083C-DK, STM32U083CCT6, STM32U083CCU6, STM32U083HCY6TR, STM32U083KCU6, STM32U083MCI6, STM32U083MCT6, STM32U083RCI6, STM32U083RCT6, STM32U375CET6, STM32U375CET6Q, STM32U375CEU6, STM32U375CEU6Q, STM32U375CEY6QTR, STM32U375CGT6, STM32U375CGT6Q, STM32U375CGU6, STM32U375CGU6Q, STM32U375CGY6QTR, STM32U375KEU6, STM32U375KGU6, STM32U375REI6, STM32U375REI6Q, STM32U375RET6, STM32U375RET6Q, STM32U375REY6GTR, STM32U375REY6QTR, STM32U375RGI6, STM32U375RGI6Q, STM32U375RGT6, STM32U375RGT6Q, STM32U375RGY6GTR, STM32U375RGY6QTR, STM32U375VEI6, STM32U375VEI6Q, STM32U375VET6, STM32U375VET6Q, STM32U375VGI6, STM32U375VGI6Q, STM32U375VGT6, STM32U375VGT6Q, STM32U385CGT6, STM32U385CGT6Q, STM32U385CGU6, STM32U385CGU6Q, STM32U385CGY6QTR, STM32U385KGU6, STM32U385RGI6, STM32U385RGI6Q, STM32U385RGT6, STM32U385RGT6Q, STM32U385RGY6GTR, STM32U385RGY6QTR, STM32U385VGI6, STM32U385VGI6Q, STM32U385VGT6, STM32U385VGT6Q, STM32U535CBT6, STM32U535CBT6Q, STM32U535CBU6, STM32U535CBU6Q, STM32U535CCT6, STM32U535CCT6Q, STM32U535CCU6, STM32U535CCU6Q, STM32U535CET6, STM32U535CET6Q, STM32U535CEU6, STM32U535CEU6Q, STM32U535JEY6QTR, STM32U535NCY6QTR, STM32U535NEY6QTR, STM32U535RBI6, STM32U535RBI6Q, STM32U535RBT6, STM32U535RBT6Q, STM32U535RCI6, STM32U535RCI6Q, STM32U535RCT6, STM32U535RCT6Q, STM32U535REI6, STM32U535REI6Q, STM32U535RET6, STM32U535RET6Q, STM32U535VCI6, STM32U535VCI6Q, STM32U535VCT6, STM32U535VCT6Q, STM32U535VEI6, STM32U535VEI6Q, STM32U535VET6, STM32U535VET6Q, STM32U545CET6, STM32U545CET6Q, STM32U545CEU6, STM32U545CEU6Q, STM32U545JEY6QTR, STM32U545NEY6QTR, STM32U545REI6, STM32U545REI6Q, STM32U545RET6, STM32U545RET6Q, STM32U545VEI6, STM32U545VEI6Q, STM32U545VET6, STM32U545VET6Q, STM32U595AIH6, STM32U595AIH6Q, STM32U595AJH6, STM32U595AJH6Q, STM32U595QII6, STM32U595QII6Q, STM32U595QJI6, STM32U595QJI6Q, STM32U595RIT6, STM32U595RIT6Q, STM32U595RJT6, STM32U595RJT6Q, STM32U595VIT6, STM32U595VIT6Q, STM32U595VJT6, STM32U595VJT6Q, STM32U595ZIT6, STM32U595ZIT6Q, STM32U595ZIY6QTR, STM32U595ZJT6, STM32U595ZJT6Q, STM32U595ZJY6QTR, STM32U599BJY6QTR, STM32U599NIH6Q, STM32U599NJH6Q, STM32U599VIT6Q, STM32U599VJT6, STM32U599VJT6Q, STM32U599ZIT6Q, STM32U599ZIY6QTR, STM32U599ZJT6Q, STM32U599ZJY6QTR, STM32U5A5AJH6, STM32U5A5AJH6Q, STM32U5A5QII3Q , STM32U5A5QJI6, STM32U5A5QJI6Q, STM32U5A5RJT6, STM32U5A5RJT6Q, STM32U5A5VJT6, STM32U5A5VJT6Q, STM32U5A5ZJT6, STM32U5A5ZJT6Q, STM32U5A5ZJY6QTR, STM32U5A9BJY6QTR, STM32U5A9J-DK, STM32U5A9NJH6Q, STM32U5A9VJT6Q, STM32U5A9ZJT6Q, STM32U5A9ZJY6QTR, STM32U5F7VIT6, STM32U5F7VIT6Q, STM32U5F7VJT6, STM32U5F7VJT6Q, STM32U5F9BJY6QTR, STM32U5F9NJH6Q, STM32U5F9VIT6Q, STM32U5F9VJT6Q, STM32U5F9ZIJ6QTR, STM32U5F9ZIT6Q, STM32U5F9ZJJ6QTR, STM32U5F9ZJT6Q, STM32U5G7VJT6, STM32U5G7VJT6Q, STM32U5G9BJY6QTR, STM32U5G9J-DK1, STM32U5G9J-DK2, STM32U5G9NJH6Q, STM32U5G9VJT6Q, STM32U5G9ZJJ6QTR, STM32U5G9ZJT6Q, STM32WB05KZV6TR, STM32WB05KZV7TR, STM32WB05TZF6TR, STM32WB05TZF7TR, STM32WB06CCF6TR, STM32WB06CCF7TR, STM32WB06CCV6TR, STM32WB06CCV7TR, STM32WB06KCV6TR, STM32WB06KCV7TR, STM32WB07CCF6TR, STM32WB07CCF7TR, STM32WB07CCV6TR, STM32WB07CCV7TR, STM32WB07KCV6TR, STM32WB07KCV7TR, STM32WB09KEV6TR, STM32WB09KEV7TR, STM32WB09TEF6TR, STM32WB09TEF7TR, STM32WB1MMCH6, STM32WBA50KGU6, STM32WBA50KGU6TR, STM32WBA52CEU6, STM32WBA52CEU6TR, STM32WBA52CEU7, STM32WBA52CEU7TR, STM32WBA52CGU6, STM32WBA52CGU6TR, STM32WBA52CGU6U, STM32WBA52CGU7, STM32WBA52CGU7TR, STM32WBA52KEU6, STM32WBA52KEU6TR, STM32WBA52KGU6, STM32WBA52KGU6TR, STM32WBA54CEU6, STM32WBA54CEU6TR, STM32WBA54CEU7, STM32WBA54CEU7TR, STM32WBA54CGU6, STM32WBA54CGU6TR, STM32WBA54CGU7, STM32WBA54CGU7TR, STM32WBA54KEU6, STM32WBA54KEU6TR, STM32WBA54KEU7, STM32WBA54KEU7TR, STM32WBA54KGU6, STM32WBA54KGU6TR, STM32WBA54KGU7, STM32WBA54KGU7TR, STM32WBA55CEU6, STM32WBA55CEU6TR, STM32WBA55CEU7, STM32WBA55CEU7TR, STM32WBA55CGU6, STM32WBA55CGU6TR, STM32WBA55CGU6U, STM32WBA55CGU7, STM32WBA55CGU7TR, STM32WBA55G-DK1, STM32WBA55HEF6, STM32WBA55HEF7, STM32WBA55HGF6, STM32WBA55HGF7, STM32WBA55UEI6, STM32WBA55UEI6TR, STM32WBA55UEI7, STM32WBA55UEI7TR, STM32WBA55UGI6, STM32WBA55UGI6TR, STM32WBA55UGI7, STM32WBA55UGI7TR, STM32WBA5MMGH6TR, STM32WBA62MGF6, STM32WBA62MIF6, STM32WBA65MGF7, STM32WBA65MIF6, STM32WBA65MIF7, STM32WL30K8V6, STM32WL30KBV6, STM32WL31C8V6, STM32WL31CBV6, STM32WL31K8V6, STM32WL31KBV6, STM32WL33C8V6, STM32WL33C8V6X, STM32WL33CBV6, STM32WL33CBV6X, STM32WL33CCV6, STM32WL33CCV6A, STM32WL33CCV6X, STM32WL33K8V7, STM32WL33K8V7X, STM32WL33KBV7 , STM32WL33KBV7X, STM32WL33KCV7, STM32WL33KCV7X, STM32WL5MOCH6, STM32WL5MOCH6TR]
2025-11-07 14:58:06,138 [INFO] BoardInfo:889 - No configuration file found for board P-NUCLEO-WB55
2025-11-07 14:58:06,139 [INFO] DbBoards:161 - Kit is not supported: P-NUCLEO-WB55
2025-11-07 14:58:06,141 [INFO] BoardInfo:889 - No configuration file found for board STEVAL-BFA001V1B
2025-11-07 14:58:06,141 [INFO] DbBoards:161 - Kit is not supported: STEVAL-BFA001V1B
2025-11-07 14:58:06,141 [INFO] BoardInfo:889 - No configuration file found for board STEVAL-BFA001V2B
2025-11-07 14:58:06,141 [INFO] DbBoards:161 - Kit is not supported: STEVAL-BFA001V2B
2025-11-07 14:58:06,185 [INFO] DbBoards:168 - Found 212 boards, 209 are supported
2025-11-07 14:58:06,185 [INFO] DbBoards:169 - Found 212 boards, 43 of them is supported for  Bsp
2025-11-07 14:58:06,189 [INFO] ApiDb:423 - Load user favorites file /home/abanchio/.stm32cubeide/favorites.boards.txt: 3 item(s)
2025-11-07 14:58:06,189 [INFO] ApiDb:427 - User favorites Boards=[NUCLEO-F756ZG, STM32F407G-DISC1, STM32F411E-DISCO]
2025-11-07 14:58:06,189 [INFO] DbBoards:198 - Set 3 / 3 favorites Boards
2025-11-07 14:58:06,189 [INFO] McuFinderGlobals:76 - Set McuFinderConnectedMode to true
2025-11-07 14:58:06,193 [INFO] MultiScanPanel:200 - Auto-refresh data requested => check proxy status ongoing
2025-11-07 14:58:06,194 [INFO] FinderPluginLoader:96 - Searching for filters in installed packs
2025-11-07 14:58:06,550 [ERROR] LogOutputStream:75 - [STDERR_REDIRECT] Nov 07, 2025 2:58:06 PM java.util.prefs.FileSystemPreferences checkLockFile0ErrorCode
2025-11-07 14:58:06,550 [ERROR] LogOutputStream:75 - [STDERR_REDIRECT] WARNING: Could not lock System prefs. Unix error code 2.
2025-11-07 14:58:06,550 [ERROR] LogOutputStream:75 - [STDERR_REDIRECT] 
2025-11-07 14:58:06,551 [ERROR] LogOutputStream:75 - [STDERR_REDIRECT] Nov 07, 2025 2:58:06 PM java.util.prefs.FileSystemPreferences syncWorld
2025-11-07 14:58:06,551 [ERROR] LogOutputStream:75 - [STDERR_REDIRECT] WARNING: Couldn't flush system prefs: java.util.prefs.BackingStoreException: Couldn't get file lock.
2025-11-07 14:58:06,551 [ERROR] LogOutputStream:75 - [STDERR_REDIRECT] 
2025-11-07 14:58:07,154 [INFO] LoadUrlFilesThread:185 - End of LoadServerUrlFiles without Thread
2025-11-07 14:58:07,172 [INFO] DetailPanel:341 - Set advertising image to /home/abanchio/STM32Cube/Repository//en.mcu-finder-stm32n6dk.jpg
2025-11-07 14:58:10,862 [INFO] MultiScanPanel:200 - Auto-refresh data requested => check proxy status ongoing
2025-11-07 14:58:10,942 [INFO] LoadUrlFilesThread:185 - End of LoadServerUrlFiles without Thread
2025-11-07 14:58:10,942 [INFO] DetailPanel:341 - Set advertising image to /home/abanchio/STM32Cube/Repository//en.mcu-finder-stm32n6dk.jpg
2025-11-07 14:58:10,949 [INFO] DbBoards:642 - Loading board mini-images...
2025-11-07 14:58:12,255 [ERROR] DbBoards:659 - Image file not found for board STM32MP215F-DK: /home/abanchio/.stmcufinder/plugins/mcufinder//mcu//boards_images/STM32MP215F-DK.jpg
2025-11-07 14:58:12,335 [INFO] DbBoards:665 - Loaded 211 board mini-images
2025-11-07 14:58:36,553 [ERROR] LogOutputStream:75 - [STDERR_REDIRECT] Nov 07, 2025 2:58:36 PM java.util.prefs.FileSystemPreferences checkLockFile0ErrorCode
2025-11-07 14:58:36,554 [ERROR] LogOutputStream:75 - [STDERR_REDIRECT] WARNING: Could not lock System prefs. Unix error code 2.
2025-11-07 14:58:36,554 [ERROR] LogOutputStream:75 - [STDERR_REDIRECT] 
2025-11-07 14:58:36,555 [ERROR] LogOutputStream:75 - [STDERR_REDIRECT] Nov 07, 2025 2:58:36 PM java.util.prefs.FileSystemPreferences syncWorld
2025-11-07 14:58:36,556 [ERROR] LogOutputStream:75 - [STDERR_REDIRECT] WARNING: Couldn't flush system prefs: java.util.prefs.BackingStoreException: Couldn't get file lock.
2025-11-07 14:58:36,556 [ERROR] LogOutputStream:75 - [STDERR_REDIRECT] 
2025-11-07 14:59:06,552 [ERROR] LogOutputStream:75 - [STDERR_REDIRECT] Nov 07, 2025 2:59:06 PM java.util.prefs.FileSystemPreferences checkLockFile0ErrorCode
2025-11-07 14:59:06,552 [ERROR] LogOutputStream:75 - [STDERR_REDIRECT] WARNING: Could not lock System prefs. Unix error code 2.
2025-11-07 14:59:06,553 [ERROR] LogOutputStream:75 - [STDERR_REDIRECT] 
2025-11-07 14:59:06,553 [ERROR] LogOutputStream:75 - [STDERR_REDIRECT] Nov 07, 2025 2:59:06 PM java.util.prefs.FileSystemPreferences syncWorld
2025-11-07 14:59:06,553 [ERROR] LogOutputStream:75 - [STDERR_REDIRECT] WARNING: Couldn't flush system prefs: java.util.prefs.BackingStoreException: Couldn't get file lock.
2025-11-07 14:59:06,553 [ERROR] LogOutputStream:75 - [STDERR_REDIRECT] 
2025-11-07 14:59:36,552 [ERROR] LogOutputStream:75 - [STDERR_REDIRECT] Nov 07, 2025 2:59:36 PM java.util.prefs.FileSystemPreferences checkLockFile0ErrorCode
2025-11-07 14:59:36,553 [ERROR] LogOutputStream:75 - [STDERR_REDIRECT] WARNING: Could not lock System prefs. Unix error code 2.
2025-11-07 14:59:36,553 [ERROR] LogOutputStream:75 - [STDERR_REDIRECT] 
2025-11-07 14:59:36,554 [ERROR] LogOutputStream:75 - [STDERR_REDIRECT] Nov 07, 2025 2:59:36 PM java.util.prefs.FileSystemPreferences syncWorld
2025-11-07 14:59:36,555 [ERROR] LogOutputStream:75 - [STDERR_REDIRECT] WARNING: Couldn't flush system prefs: java.util.prefs.BackingStoreException: Couldn't get file lock.
2025-11-07 14:59:36,555 [ERROR] LogOutputStream:75 - [STDERR_REDIRECT] 
2025-11-07 15:00:06,554 [ERROR] LogOutputStream:75 - [STDERR_REDIRECT] Nov 07, 2025 3:00:06 PM java.util.prefs.FileSystemPreferences checkLockFile0ErrorCode
2025-11-07 15:00:06,555 [ERROR] LogOutputStream:75 - [STDERR_REDIRECT] WARNING: Could not lock System prefs. Unix error code 2.
2025-11-07 15:00:06,555 [ERROR] LogOutputStream:75 - [STDERR_REDIRECT] 
2025-11-07 15:00:06,555 [ERROR] LogOutputStream:75 - [STDERR_REDIRECT] Nov 07, 2025 3:00:06 PM java.util.prefs.FileSystemPreferences syncWorld
2025-11-07 15:00:06,556 [ERROR] LogOutputStream:75 - [STDERR_REDIRECT] WARNING: Couldn't flush system prefs: java.util.prefs.BackingStoreException: Couldn't get file lock.
2025-11-07 15:00:06,556 [ERROR] LogOutputStream:75 - [STDERR_REDIRECT] 
2025-11-07 15:00:36,552 [ERROR] LogOutputStream:75 - [STDERR_REDIRECT] Nov 07, 2025 3:00:36 PM java.util.prefs.FileSystemPreferences checkLockFile0ErrorCode
2025-11-07 15:00:36,553 [ERROR] LogOutputStream:75 - [STDERR_REDIRECT] WARNING: Could not lock System prefs. Unix error code 2.
2025-11-07 15:00:36,553 [ERROR] LogOutputStream:75 - [STDERR_REDIRECT] 
2025-11-07 15:00:36,554 [ERROR] LogOutputStream:75 - [STDERR_REDIRECT] Nov 07, 2025 3:00:36 PM java.util.prefs.FileSystemPreferences syncWorld
2025-11-07 15:00:36,554 [ERROR] LogOutputStream:75 - [STDERR_REDIRECT] WARNING: Couldn't flush system prefs: java.util.prefs.BackingStoreException: Couldn't get file lock.
2025-11-07 15:00:36,554 [ERROR] LogOutputStream:75 - [STDERR_REDIRECT] 
2025-11-07 15:01:06,553 [ERROR] LogOutputStream:75 - [STDERR_REDIRECT] Nov 07, 2025 3:01:06 PM java.util.prefs.FileSystemPreferences checkLockFile0ErrorCode
2025-11-07 15:01:06,554 [ERROR] LogOutputStream:75 - [STDERR_REDIRECT] WARNING: Could not lock System prefs. Unix error code 2.
2025-11-07 15:01:06,554 [ERROR] LogOutputStream:75 - [STDERR_REDIRECT] 
2025-11-07 15:01:06,555 [ERROR] LogOutputStream:75 - [STDERR_REDIRECT] Nov 07, 2025 3:01:06 PM java.util.prefs.FileSystemPreferences syncWorld
2025-11-07 15:01:06,555 [ERROR] LogOutputStream:75 - [STDERR_REDIRECT] WARNING: Couldn't flush system prefs: java.util.prefs.BackingStoreException: Couldn't get file lock.
2025-11-07 15:01:06,555 [ERROR] LogOutputStream:75 - [STDERR_REDIRECT] 
2025-11-07 15:01:34,185 [INFO] MainUpdater:2872 - connection check result : 10
2025-11-07 15:01:34,185 [INFO] MainUpdater:2872 - connection check result : 10
2025-11-07 15:01:34,191 [INFO] MicroXplorer:468 - Change Database Path : 
2025-11-07 15:01:34,191 [INFO] MicroXplorer:498 - Change Database Version : DB.6.0.150
2025-11-07 15:01:34,195 [WARN] ThirdParty:871 - waiting for thirdparty lock release [close project]
2025-11-07 15:01:34,195 [INFO] ThirdParty:873 - entering critical section [close project]
2025-11-07 15:01:34,196 [INFO] ThirdParty:883 - exiting critical section [close project]
2025-11-07 15:01:34,197 [INFO] PinOutPanel:1589 - setPackage(No Configuration,No Configuration)
2025-11-07 15:01:34,198 [INFO] UtilMem:75 - Begin LoadConfig() Used Memory: 965837272 Bytes (1073741824)
2025-11-07 15:01:34,204 [INFO] MicroXplorer:468 - Change Database Path : 
2025-11-07 15:01:34,204 [INFO] MicroXplorer:498 - Change Database Version : DB.6.0.150
2025-11-07 15:01:34,204 [INFO] OpenFileManager:355 - Change cursor
2025-11-07 15:01:34,251 [INFO] Mcu:2029 - Initializing MCU STM32F756ZGTx STM32F756ZGTx STM32F756ZGT6
2025-11-07 15:01:35,651 [INFO] Context:786 - Trying to add GPIOservice into a context  which must be forbidden
2025-11-07 15:01:36,192 [INFO] Rule:233 - rule Adapt Old IOC before rework replace old CORTEX_M33/CORTEX_M55 attributes by the new one. is applicable
2025-11-07 15:01:36,193 [INFO] Rule:233 - rule Rename parametre of RCC RCC_APBDBG_DIV2 to RCC_TIMPRES_DIV2 is applicable
2025-11-07 15:01:36,193 [INFO] Rule:233 - rule Rename DIE493 pin PA10 [PA12] -> PA10 is applicable
2025-11-07 15:01:36,193 [INFO] Rule:233 - rule Rename DIE493 pin PA9 [PA11] -> PA9 is applicable
2025-11-07 15:01:36,193 [INFO] Rule:233 - rule Rename DIE492 PartNumber CPN STM32WBA5MJGHx -> STM32WBA5MMGHx is applicable
2025-11-07 15:01:36,193 [INFO] Rule:233 - rule Rename DIE492 PartNumber  Name STM32WBA5MJGHx -> STM32WBA5MMGHx is applicable
2025-11-07 15:01:36,193 [INFO] Rule:233 - rule Rename DIE492 PartNumber UserName STM32WBA5MJGHx -> STM32WBA5MMGHx is applicable
2025-11-07 15:01:36,193 [INFO] Rule:233 - rule Rename DIE492 PartNumber DeviceId STM32WBA5MJGHx -> STM32WBA5MMGHx is applicable
2025-11-07 15:01:36,193 [INFO] Rule:233 - rule Adapt Old IOC CSI. is applicable
2025-11-07 15:01:36,193 [INFO] Rule:233 - rule Adapt Old IOC DCMIPP. is applicable
2025-11-07 15:01:36,193 [INFO] Rule:233 - rule Adapt Old IOC DCMIPP Mode Parallel. is applicable
2025-11-07 15:01:36,193 [INFO] Rule:233 - rule Adapt Old IOC LTDC. is applicable
2025-11-07 15:01:36,193 [INFO] Rule:233 - rule Rename STM32MP2 RIF Peripheral LTDC RIF.RISUP.LTDC_L0L1.Privilege -> RIF.RISUP.LTDC_L1L2.Privilege is applicable
2025-11-07 15:01:36,193 [INFO] Rule:233 - rule Rename STM32MP2 RIF Peripheral LTDC RIF.RISUP.LTDC_L0L1.Privilege -> RIF.RISUP.LTDC_L1L2.Privilege is applicable
2025-11-07 15:01:36,193 [INFO] Rule:233 - rule Rename STM32MP2 RIF Peripheral LTDC RIF.RISUP.LTDC_L0L1.Lock -> RIF.RISUP.LTDC_L1L2.Lock is applicable
2025-11-07 15:01:36,193 [INFO] Rule:233 - rule Rename STM32MP2 RIF Peripheral LTDC RIF.RISUP.LTDC_L2.Lock -> RIF.RISUP.LTDC_L3.Lock is applicable
2025-11-07 15:01:36,193 [INFO] Rule:233 - rule Adapt the old IOC example for updating the SYS when it is misconfigured. is applicable
2025-11-07 15:01:36,193 [INFO] Rule:233 - rule Rename STM32C09 Mcu.Package LQFP64 -> LQFP48 is applicable
2025-11-07 15:01:36,193 [INFO] Rule:233 - rule Adapt the old IOC example for updating the SYS when it is misconfigured. is applicable
2025-11-07 15:01:36,193 [INFO] Rule:233 - rule Adapt the old IOC example for updating the SYS when it is misconfigured. is applicable
2025-11-07 15:01:36,195 [INFO] DbConfProperties:307 - Apply Compatibility (4/20 Rules)
2025-11-07 15:01:36,218 [INFO] ImportTextPane:234 - (OptionalMessage_ERROR) Pin32 (VP_RIF_VS_RIF1) cannot be retrieved for this MCU
2025-11-07 15:01:36,314 [INFO] RtosManager:558 - Registered RTOS mode: class=CMSIS, group=RTOS, mode=CMSIS_V1, owner=FREERTOS
2025-11-07 15:01:36,315 [INFO] RtosManager:558 - Registered RTOS mode: class=CMSIS, group=RTOS2, mode=CMSIS_V2, owner=FREERTOS
2025-11-07 15:01:36,315 [INFO] RtosManager:558 - Registered RTOS mode: class=RTOS, group=Core, mode=CMSIS_V1, owner=FREERTOS
2025-11-07 15:01:36,315 [INFO] RtosManager:558 - Registered RTOS mode: class=RTOS, group=Core, mode=CMSIS_V2, owner=FREERTOS
2025-11-07 15:01:36,315 [WARN] ModelIntegratedComponent:184 - Missing modes for component STMicroelectronics:FreeRTOS:0.0.1:STMicroelectronics:RTOS:FreeRTOS:Core:::10.2.0:
2025-11-07 15:01:36,331 [WARN] ModelIntegratedComponent:63 - No mode defined for component null
2025-11-07 15:01:36,331 [WARN] ModelIntegratedComponent:63 - No mode defined for component null
2025-11-07 15:01:36,331 [WARN] ModelIntegratedComponent:63 - No mode defined for component null
2025-11-07 15:01:36,331 [WARN] ModelIntegratedComponent:63 - No mode defined for component null
2025-11-07 15:01:36,331 [WARN] ModelIntegratedComponent:63 - No mode defined for component null
2025-11-07 15:01:36,331 [WARN] ModelIntegratedComponent:63 - No mode defined for component null
2025-11-07 15:01:36,331 [WARN] ModelIntegratedComponent:63 - No mode defined for component null
2025-11-07 15:01:36,331 [WARN] ModelIntegratedComponent:63 - No mode defined for component null
2025-11-07 15:01:36,331 [WARN] ModelIntegratedComponent:63 - No mode defined for component null
2025-11-07 15:01:36,331 [WARN] ModelIntegratedComponent:63 - No mode defined for component null
2025-11-07 15:01:36,332 [WARN] ModelIntegratedComponent:63 - No mode defined for component null
2025-11-07 15:01:36,332 [WARN] ModelIntegratedComponent:63 - No mode defined for component null
2025-11-07 15:01:36,332 [WARN] ModelIntegratedComponent:63 - No mode defined for component null
2025-11-07 15:01:36,332 [WARN] ModelIntegratedComponent:63 - No mode defined for component null
2025-11-07 15:01:36,332 [WARN] ModelIntegratedComponent:63 - No mode defined for component null
2025-11-07 15:01:36,332 [WARN] ModelIntegratedComponent:63 - No mode defined for component null
2025-11-07 15:01:36,332 [WARN] ModelIntegratedComponent:63 - No mode defined for component null
2025-11-07 15:01:36,332 [WARN] ModelIntegratedComponent:63 - No mode defined for component null
2025-11-07 15:01:36,332 [WARN] ModelIntegratedComponent:63 - No mode defined for component null
2025-11-07 15:01:36,332 [WARN] ModelIntegratedComponent:63 - No mode defined for component null
2025-11-07 15:01:36,332 [WARN] ModelIntegratedComponent:63 - No mode defined for component null
2025-11-07 15:01:36,332 [WARN] ModelIntegratedComponent:63 - No mode defined for component null
2025-11-07 15:01:36,332 [WARN] ModelIntegratedComponent:63 - No mode defined for component null
2025-11-07 15:01:36,332 [WARN] ModelIntegratedComponent:63 - No mode defined for component null
2025-11-07 15:01:36,332 [WARN] ModelIntegratedComponent:63 - No mode defined for component null
2025-11-07 15:01:36,332 [WARN] ModelIntegratedComponent:63 - No mode defined for component null
2025-11-07 15:01:36,332 [WARN] ModelIntegratedComponent:63 - No mode defined for component null
2025-11-07 15:01:36,332 [WARN] ModelIntegratedComponent:63 - No mode defined for component null
2025-11-07 15:01:36,332 [WARN] ModelIntegratedComponent:63 - No mode defined for component null
2025-11-07 15:01:36,332 [WARN] ModelIntegratedComponent:63 - No mode defined for component null
2025-11-07 15:01:36,333 [WARN] ModelIntegratedComponent:63 - No mode defined for component null
2025-11-07 15:01:36,333 [WARN] ModelIntegratedComponent:63 - No mode defined for component null
2025-11-07 15:01:36,333 [WARN] ModelIntegratedComponent:63 - No mode defined for component null
2025-11-07 15:01:36,333 [WARN] ModelIntegratedComponent:63 - No mode defined for component null
2025-11-07 15:01:36,333 [WARN] ModelIntegratedComponent:63 - No mode defined for component null
2025-11-07 15:01:36,333 [WARN] ModelPack:524 - Component already loaded: STMicroelectronics:HAL Drivers:0.0.0:STMicroelectronics:Device:STMicro_Driver:XSPI:HAL::0.0.1:HAL_XSPI
2025-11-07 15:01:36,414 [INFO] ThirdPartyModel:298 - Start build external matchings
2025-11-07 15:01:36,559 [ERROR] LogOutputStream:75 - [STDERR_REDIRECT] Nov 07, 2025 3:01:36 PM java.util.prefs.FileSystemPreferences checkLockFile0ErrorCode
2025-11-07 15:01:36,559 [ERROR] LogOutputStream:75 - [STDERR_REDIRECT] WARNING: Could not lock System prefs. Unix error code 2.
2025-11-07 15:01:36,559 [ERROR] LogOutputStream:75 - [STDERR_REDIRECT] 
2025-11-07 15:01:36,560 [ERROR] LogOutputStream:75 - [STDERR_REDIRECT] Nov 07, 2025 3:01:36 PM java.util.prefs.FileSystemPreferences syncWorld
2025-11-07 15:01:36,560 [ERROR] LogOutputStream:75 - [STDERR_REDIRECT] WARNING: Couldn't flush system prefs: java.util.prefs.BackingStoreException: Couldn't get file lock.
2025-11-07 15:01:36,560 [ERROR] LogOutputStream:75 - [STDERR_REDIRECT] 
2025-11-07 15:01:36,868 [INFO] ThirdPartyModel:316 - End build external matchings
2025-11-07 15:01:37,058 [INFO] UtilMem:75 - End LoadConfig() Used Memory: 846225976 Bytes (1073741824)
2025-11-07 15:01:37,176 [WARN] ThirdParty:833 - waiting for thirdparty lock release [change project]
2025-11-07 15:01:37,176 [INFO] ThirdParty:835 - entering critical section [change project]
2025-11-07 15:01:37,176 [INFO] ThirdParty:1030 - CMSIS Pack Vendor :STMicroelectronics X-CUBE-PM33A1 1.0.0
2025-11-07 15:01:37,176 [INFO] ThirdParty:1030 - CMSIS Pack Vendor :STMicroelectronics USBPD 4.1
2025-11-07 15:01:37,176 [INFO] ThirdParty:1030 - CMSIS Pack Vendor :STMicroelectronics X-CUBE-NFC9 1.0.0
2025-11-07 15:01:37,176 [INFO] ThirdParty:1030 - CMSIS Pack Vendor :STMicroelectronics USB_HOST 2.0.0
2025-11-07 15:01:37,177 [INFO] ThirdParty:1030 - CMSIS Pack Vendor :STMicroelectronics FP-SNS-MOTENVWB1 1.4.0
2025-11-07 15:01:37,177 [INFO] ThirdParty:1030 - CMSIS Pack Vendor :STMicroelectronics X-CUBE-AZRTOS-F4 1.1.0
2025-11-07 15:01:37,177 [INFO] ThirdParty:1030 - CMSIS Pack Vendor :STMicroelectronics LIBJPEG 8.0.0
2025-11-07 15:01:37,177 [INFO] ThirdParty:1030 - CMSIS Pack Vendor :STMicroelectronics FP-ATR-ASTRA1 2.0.2
2025-11-07 15:01:37,177 [INFO] ThirdParty:1030 - CMSIS Pack Vendor :wolfSSL I-CUBE-wolfSSL 5.8.2
2025-11-07 15:01:37,177 [INFO] ThirdParty:1030 - CMSIS Pack Vendor :STMicroelectronics X-CUBE-BLE1 7.1.0
2025-11-07 15:01:37,177 [INFO] ThirdParty:1030 - CMSIS Pack Vendor :STMicroelectronics X-CUBE-SMBUS 2.1.0
2025-11-07 15:01:37,177 [INFO] ThirdParty:1030 - CMSIS Pack Vendor :wolfSSL I-CUBE-wolfMQTT 1.19.2
2025-11-07 15:01:37,177 [INFO] ThirdParty:1030 - CMSIS Pack Vendor :STMicroelectronics USB_DEVICE 3.0.0
2025-11-07 15:01:37,177 [INFO] ThirdParty:1030 - CMSIS Pack Vendor :STMicroelectronics X-CUBE-ISPU 2.1.0
2025-11-07 15:01:37,178 [INFO] ThirdParty:1030 - CMSIS Pack Vendor :STMicroelectronics X-CUBE-EEPRMA1 5.2.0
2025-11-07 15:01:37,178 [INFO] ThirdParty:1030 - CMSIS Pack Vendor :STMicroelectronics X-CUBE-IPS 3.2.0
2025-11-07 15:01:37,178 [INFO] ThirdParty:1030 - CMSIS Pack Vendor :STMicroelectronics X-CUBE-BLEMGR 4.1.0
2025-11-07 15:01:37,178 [INFO] ThirdParty:1030 - CMSIS Pack Vendor :STMicroelectronics X-CUBE-AZRTOS-WB 2.0.0
2025-11-07 15:01:37,178 [INFO] ThirdParty:1030 - CMSIS Pack Vendor :STMicroelectronics X-CUBE-GNSS1 7.0.1
2025-11-07 15:01:37,178 [INFO] ThirdParty:1030 - CMSIS Pack Vendor :STMicroelectronics X-CUBE-NFC12 1.0.0
2025-11-07 15:01:37,178 [INFO] ThirdParty:1030 - CMSIS Pack Vendor :STMicroelectronics X-CUBE-AZRTOS-F7 1.1.0
2025-11-07 15:01:37,178 [INFO] ThirdParty:1030 - CMSIS Pack Vendor :STMicroelectronics X-CUBE-AZRTOS-L5 2.0.0
2025-11-07 15:01:37,178 [INFO] ThirdParty:1030 - CMSIS Pack Vendor :STMicroelectronics USB_DEVICE 2.0.0
2025-11-07 15:01:37,179 [INFO] ThirdParty:1030 - CMSIS Pack Vendor :STMicroelectronics X-CUBE-NFC6 3.1.0
2025-11-07 15:01:37,179 [INFO] ThirdParty:1030 - CMSIS Pack Vendor :STMicroelectronics X-CUBE-ST67W61 1.1.0
2025-11-07 15:01:37,179 [INFO] ThirdParty:1030 - CMSIS Pack Vendor :Cesanta I-CUBE-Mongoose 7.19.0
2025-11-07 15:01:37,179 [INFO] ThirdParty:1030 - CMSIS Pack Vendor :quantropi X-CUBE-qispace-sdk-base 2.1.0
2025-11-07 15:01:37,179 [INFO] ThirdParty:1030 - CMSIS Pack Vendor :STMicroelectronics FP-SNS-MOTENV1 5.1.0
2025-11-07 15:01:37,179 [INFO] ThirdParty:1030 - CMSIS Pack Vendor :STMicroelectronics FreeRTOS 0.0.1
2025-11-07 15:01:37,179 [INFO] ThirdParty:1030 - CMSIS Pack Vendor :STMicroelectronics X-CUBE-AZRTOS-G0 1.1.0
2025-11-07 15:01:37,179 [INFO] ThirdParty:1030 - CMSIS Pack Vendor :STMicroelectronics X-CUBE-SAFEA1 1.2.2
2025-11-07 15:01:37,179 [INFO] ThirdParty:1030 - CMSIS Pack Vendor :STMicroelectronics X-CUBE-NFC4 3.0.0
2025-11-07 15:01:37,179 [INFO] ThirdParty:1030 - CMSIS Pack Vendor :STMicroelectronics X-CUBE-SUBG2 5.0.0
2025-11-07 15:01:37,179 [INFO] ThirdParty:1030 - CMSIS Pack Vendor :STMicroelectronics X-CUBE-AZRTOS-H7RS 1.1.0
2025-11-07 15:01:37,179 [INFO] ThirdParty:1030 - CMSIS Pack Vendor :STMicroelectronics STM32_WPAN 1.0.0
2025-11-07 15:01:37,179 [INFO] ThirdParty:1030 - CMSIS Pack Vendor :EmbeddedOffice I-CUBE-FS-RTOS 1.0.1
2025-11-07 15:01:37,179 [INFO] ThirdParty:1030 - CMSIS Pack Vendor :STMicroelectronics lwIP 2.0.3
2025-11-07 15:01:37,179 [INFO] ThirdParty:1030 - CMSIS Pack Vendor :WES I-CUBE-Cesium 1.4.0
2025-11-07 15:01:37,179 [INFO] ThirdParty:1030 - CMSIS Pack Vendor :STMicroelectronics USB_HOST 1.0.0
2025-11-07 15:01:37,179 [INFO] ThirdParty:1030 - CMSIS Pack Vendor :Infineon AIROC-Wi-Fi-Bluetooth-STM32 1.7.1
2025-11-07 15:01:37,179 [INFO] ThirdParty:1030 - CMSIS Pack Vendor :STMicroelectronics X-CUBE-AZRTOS-G4 2.0.0
2025-11-07 15:01:37,179 [INFO] ThirdParty:1030 - CMSIS Pack Vendor :STMicroelectronics X-CUBE-WB05N 2.0.0
2025-11-07 15:01:37,179 [INFO] ThirdParty:1030 - CMSIS Pack Vendor :STMicroelectronics PDM2PCM 3.1.0
2025-11-07 15:01:37,180 [INFO] ThirdParty:1030 - CMSIS Pack Vendor :STMicroelectronics PDM2PCM 3.3.0
2025-11-07 15:01:37,180 [INFO] ThirdParty:1030 - CMSIS Pack Vendor :wolfSSL I-CUBE-wolfTPM 3.8.0
2025-11-07 15:01:37,180 [INFO] ThirdParty:1030 - CMSIS Pack Vendor :STMicroelectronics X-CUBE-AZRTOS-H7 3.4.0
2025-11-07 15:01:37,180 [INFO] ThirdParty:1030 - CMSIS Pack Vendor :STMicroelectronics X-CUBE-DISPLAY 3.0.0
2025-11-07 15:01:37,180 [INFO] ThirdParty:1030 - CMSIS Pack Vendor :wolfSSL I-CUBE-wolfSSH 1.4.20
2025-11-07 15:01:37,180 [INFO] ThirdParty:1030 - CMSIS Pack Vendor :STMicroelectronics X-CUBE-NFC7 2.0.0
2025-11-07 15:01:37,180 [INFO] ThirdParty:1030 - CMSIS Pack Vendor :STMicroelectronics X-CUBE-TCPP 4.2.0
2025-11-07 15:01:37,180 [INFO] ThirdParty:1030 - CMSIS Pack Vendor :RealThread X-CUBE-RT-Thread_Nano 4.1.1
2025-11-07 15:01:37,180 [INFO] ThirdParty:1030 - CMSIS Pack Vendor :STMicroelectronics FP-ATR-SIGFOX1 3.2.0
2025-11-07 15:01:37,180 [INFO] ThirdParty:1030 - CMSIS Pack Vendor :STMicroelectronics X-CUBE-NFC10 1.0.0
2025-11-07 15:01:37,180 [INFO] ThirdParty:1030 - CMSIS Pack Vendor :STMicroelectronics X-CUBE-FREERTOS 1.3.1
2025-11-07 15:01:37,180 [INFO] ThirdParty:1030 - CMSIS Pack Vendor :STMicroelectronics HAL Drivers 0.0.0
2025-11-07 15:01:37,180 [INFO] ThirdParty:1030 - CMSIS Pack Vendor :STMicroelectronics MBEDTLS 2.16.2
2025-11-07 15:01:37,180 [INFO] ThirdParty:1030 - CMSIS Pack Vendor :STMicroelectronics X-CUBE-ST60 1.1.0
2025-11-07 15:01:37,180 [INFO] ThirdParty:1030 - CMSIS Pack Vendor :STMicroelectronics X-CUBE-ALS 1.0.2
2025-11-07 15:01:37,180 [INFO] ThirdParty:1030 - CMSIS Pack Vendor :emotas I-CUBE-CANOPEN 1.3.0
2025-11-07 15:01:37,180 [INFO] ThirdParty:1030 - CMSIS Pack Vendor :STMicroelectronics MBEDTLS 2.14.1
2025-11-07 15:01:37,180 [INFO] ThirdParty:1030 - CMSIS Pack Vendor :STMicroelectronics X-CUBE-GNSS1 7.1.0
2025-11-07 15:01:37,180 [INFO] ThirdParty:1030 - CMSIS Pack Vendor :ITTIA_DB I-CUBE-ITTIADB 8.9.0
2025-11-07 15:01:37,181 [INFO] ThirdParty:1030 - CMSIS Pack Vendor :STMicroelectronics X-CUBE-TOUCHGFX 4.26.0
2025-11-07 15:01:37,181 [INFO] ThirdParty:1030 - CMSIS Pack Vendor :STMicroelectronics X-CUBE-STSE01 1.0.0
2025-11-07 15:01:37,181 [INFO] ThirdParty:1030 - CMSIS Pack Vendor :STMicroelectronics FP-SNS-STBOX1 2.1.0
2025-11-07 15:01:37,181 [INFO] ThirdParty:1030 - CMSIS Pack Vendor :STMicroelectronics X-CUBE-AI 10.2.0
2025-11-07 15:01:37,181 [INFO] ThirdParty:1030 - CMSIS Pack Vendor :STMicroelectronics FP-SNS-STAIOTCFT 1.0.0
2025-11-07 15:01:37,181 [INFO] ThirdParty:1030 - CMSIS Pack Vendor :STMicroelectronics ThreadX 1.0.0
2025-11-07 15:01:37,181 [INFO] ThirdParty:1030 - CMSIS Pack Vendor :STMicroelectronics FP-SNS-SMARTAG2 1.2.0
2025-11-07 15:01:37,181 [INFO] ThirdParty:1030 - CMSIS Pack Vendor :STMicroelectronics FP-SNS-FLIGHT1 5.1.0
2025-11-07 15:01:37,181 [INFO] ThirdParty:1030 - CMSIS Pack Vendor :STMicroelectronics X-CUBE-AZRTOS-WL 2.0.0
2025-11-07 15:01:37,181 [INFO] ThirdParty:1030 - CMSIS Pack Vendor :SEGGER I-CUBE-embOS 1.3.1
2025-11-07 15:01:37,181 [INFO] ThirdParty:1030 - CMSIS Pack Vendor :STMicroelectronics X-CUBE-ALGOBUILD 1.4.0
2025-11-07 15:01:37,181 [INFO] ThirdParty:1030 - CMSIS Pack Vendor :STMicroelectronics X-CUBE-DPower 1.3.0
2025-11-07 15:01:37,181 [INFO] ThirdParty:1030 - CMSIS Pack Vendor :STMicroelectronics X-CUBE-MEMS1 11.3.0
2025-11-07 15:01:37,181 [INFO] ThirdParty:1030 - CMSIS Pack Vendor :STMicroelectronics FP-SNS-MOTENV1 5.0.0
2025-11-07 15:01:37,181 [INFO] ThirdParty:1030 - CMSIS Pack Vendor :STMicroelectronics USB_DEVICE 1.0.0
2025-11-07 15:01:37,181 [INFO] ThirdParty:1030 - CMSIS Pack Vendor :STMicroelectronics X-CUBE-AZRTOS-L4 2.0.0
2025-11-07 15:01:37,181 [INFO] ThirdParty:1030 - CMSIS Pack Vendor :STMicroelectronics ThreadX 0.0.2
2025-11-07 15:01:37,181 [INFO] ThirdParty:1030 - CMSIS Pack Vendor :STMicroelectronics lwIP 2.1.2
2025-11-07 15:01:37,181 [INFO] ThirdParty:1030 - CMSIS Pack Vendor :STMicroelectronics X-CUBE-SFXS2LP1 4.0.0
2025-11-07 15:01:37,181 [INFO] ThirdParty:1030 - CMSIS Pack Vendor :STMicroelectronics X-CUBE-BLE2 3.3.0
2025-11-07 15:01:37,181 [INFO] ThirdParty:1030 - CMSIS Pack Vendor :STMicroelectronics X-CUBE-TOF1 3.4.3
2025-11-07 15:01:37,182 [INFO] ThirdParty:1030 - CMSIS Pack Vendor :STMicroelectronics PDM2PCM 3.2.0
2025-11-07 15:01:37,182 [INFO] ThirdParty:841 - exiting critical section [change project]
2025-11-07 15:01:37,615 [INFO] PinOutPanel:1589 - setPackage(No Configuration,No Configuration)
2025-11-07 15:01:37,616 [INFO] PinOutPanel:1589 - setPackage(STM32F756ZGTx,LQFP144)
2025-11-07 15:01:38,093 [INFO] UtilMem:75 - Before build in PCC Used Memory: 908199056 Bytes (1073741824)
2025-11-07 15:01:38,564 [INFO] UtilMem:75 - After build in PCC Used Memory: 872376920 Bytes (1073741824)
2025-11-07 15:01:38,610 [INFO] IPUIPlugin:80 - create IPUIPlugin
2025-11-07 15:01:38,610 [INFO] IPUIPlugin:80 - create IPUIPlugin
2025-11-07 15:01:38,611 [INFO] IPUIPlugin:80 - create IPUIPlugin
2025-11-07 15:01:38,611 [INFO] IPUIPlugin:80 - create IPUIPlugin
2025-11-07 15:01:38,611 [INFO] IPUIPlugin:80 - create IPUIPlugin
2025-11-07 15:01:38,611 [INFO] IPUIPlugin:80 - create IPUIPlugin
2025-11-07 15:01:38,611 [INFO] IPUIPlugin:80 - create IPUIPlugin
2025-11-07 15:01:38,611 [INFO] IPUIPlugin:80 - create IPUIPlugin
2025-11-07 15:01:38,612 [INFO] IPUIPlugin:80 - create IPUIPlugin
2025-11-07 15:01:38,612 [INFO] IPUIPlugin:80 - create IPUIPlugin
2025-11-07 15:01:38,612 [INFO] IPUIPlugin:80 - create IPUIPlugin
2025-11-07 15:01:38,612 [INFO] IPUIPlugin:80 - create IPUIPlugin
2025-11-07 15:01:38,612 [INFO] IPUIPlugin:80 - create IPUIPlugin
2025-11-07 15:01:38,613 [INFO] IPUIPlugin:80 - create IPUIPlugin
2025-11-07 15:01:38,613 [INFO] IPUIPlugin:80 - create IPUIPlugin
2025-11-07 15:01:38,613 [INFO] IPUIPlugin:80 - create IPUIPlugin
2025-11-07 15:01:38,613 [INFO] IPUIPlugin:80 - create IPUIPlugin
2025-11-07 15:01:38,613 [INFO] IPUIPlugin:80 - create IPUIPlugin
2025-11-07 15:01:38,613 [INFO] IPUIPlugin:80 - create IPUIPlugin
2025-11-07 15:01:38,614 [INFO] IPUIPlugin:80 - create IPUIPlugin
2025-11-07 15:01:38,614 [INFO] IPUIPlugin:80 - create IPUIPlugin
2025-11-07 15:01:38,614 [INFO] IPUIPlugin:80 - create IPUIPlugin
2025-11-07 15:01:38,614 [INFO] IPUIPlugin:80 - create IPUIPlugin
2025-11-07 15:01:38,614 [INFO] IPUIPlugin:80 - create IPUIPlugin
2025-11-07 15:01:38,614 [INFO] IPUIPlugin:80 - create IPUIPlugin
2025-11-07 15:01:38,614 [INFO] IPUIPlugin:80 - create IPUIPlugin
2025-11-07 15:01:38,615 [INFO] IPUIPlugin:80 - create IPUIPlugin
2025-11-07 15:01:38,615 [INFO] IPUIPlugin:80 - create IPUIPlugin
2025-11-07 15:01:38,615 [INFO] IPUIPlugin:80 - create IPUIPlugin
2025-11-07 15:01:38,616 [INFO] IPUIPlugin:80 - create IPUIPlugin
2025-11-07 15:01:38,616 [INFO] IPUIPlugin:80 - create IPUIPlugin
2025-11-07 15:01:38,616 [INFO] IPUIPlugin:80 - create IPUIPlugin
2025-11-07 15:01:38,616 [INFO] IPUIPlugin:80 - create IPUIPlugin
2025-11-07 15:01:38,617 [INFO] IPUIPlugin:80 - create IPUIPlugin
2025-11-07 15:01:38,617 [INFO] IPUIPlugin:80 - create IPUIPlugin
2025-11-07 15:01:38,617 [INFO] IPUIPlugin:80 - create IPUIPlugin
2025-11-07 15:01:38,617 [INFO] IPUIPlugin:80 - create IPUIPlugin
2025-11-07 15:01:38,618 [INFO] IPUIPlugin:80 - create IPUIPlugin
2025-11-07 15:01:38,618 [INFO] IPUIPlugin:80 - create IPUIPlugin
2025-11-07 15:01:38,618 [INFO] IPUIPlugin:80 - create IPUIPlugin
2025-11-07 15:01:38,618 [INFO] IPUIPlugin:80 - create IPUIPlugin
2025-11-07 15:01:38,619 [INFO] IPUIPlugin:80 - create IPUIPlugin
2025-11-07 15:01:38,619 [INFO] IPUIPlugin:80 - create IPUIPlugin
2025-11-07 15:01:38,619 [INFO] IPUIPlugin:80 - create IPUIPlugin
2025-11-07 15:01:38,619 [INFO] IPUIPlugin:80 - create IPUIPlugin
2025-11-07 15:01:38,620 [INFO] IPUIPlugin:80 - create IPUIPlugin
2025-11-07 15:01:38,620 [INFO] IPUIPlugin:80 - create IPUIPlugin
2025-11-07 15:01:38,620 [INFO] IPUIPlugin:80 - create IPUIPlugin
2025-11-07 15:01:38,620 [INFO] IPUIPlugin:80 - create IPUIPlugin
2025-11-07 15:01:38,621 [INFO] IPUIPlugin:80 - create IPUIPlugin
2025-11-07 15:01:38,621 [INFO] IPUIPlugin:80 - create IPUIPlugin
2025-11-07 15:01:38,621 [INFO] IPUIPlugin:80 - create IPUIPlugin
2025-11-07 15:01:38,622 [INFO] IPUIPlugin:80 - create IPUIPlugin
2025-11-07 15:01:38,622 [INFO] IPUIPlugin:80 - create IPUIPlugin
2025-11-07 15:01:38,622 [INFO] IPUIPlugin:80 - create IPUIPlugin
2025-11-07 15:01:38,622 [INFO] IPUIPlugin:80 - create IPUIPlugin
2025-11-07 15:01:38,623 [INFO] IPUIPlugin:80 - create IPUIPlugin
2025-11-07 15:01:38,623 [INFO] IPUIPlugin:80 - create IPUIPlugin
2025-11-07 15:01:38,623 [INFO] IPUIPlugin:80 - create IPUIPlugin
2025-11-07 15:01:38,624 [INFO] IPUIPlugin:80 - create IPUIPlugin
2025-11-07 15:01:38,624 [INFO] IPUIPlugin:80 - create IPUIPlugin
2025-11-07 15:01:38,625 [INFO] IPUIPlugin:80 - create IPUIPlugin
2025-11-07 15:01:38,625 [INFO] IPUIPlugin:80 - create IPUIPlugin
2025-11-07 15:01:38,625 [INFO] IPUIPlugin:80 - create IPUIPlugin
2025-11-07 15:01:38,626 [INFO] IPUIPlugin:80 - create IPUIPlugin
2025-11-07 15:01:38,626 [INFO] IPUIPlugin:80 - create IPUIPlugin
2025-11-07 15:01:38,627 [INFO] IPUIPlugin:80 - create IPUIPlugin
2025-11-07 15:01:38,627 [INFO] IPUIPlugin:80 - create IPUIPlugin
2025-11-07 15:01:38,628 [INFO] IPUIPlugin:80 - create IPUIPlugin
2025-11-07 15:01:38,628 [INFO] IPUIPlugin:80 - create IPUIPlugin
2025-11-07 15:01:38,628 [INFO] IPUIPlugin:80 - create IPUIPlugin
2025-11-07 15:01:38,629 [INFO] IPUIPlugin:80 - create IPUIPlugin
2025-11-07 15:01:38,629 [INFO] IPUIPlugin:80 - create IPUIPlugin
2025-11-07 15:01:38,630 [INFO] IPUIPlugin:80 - create IPUIPlugin
2025-11-07 15:01:38,631 [INFO] IPUIPlugin:80 - create IPUIPlugin
2025-11-07 15:01:38,631 [INFO] IPUIPlugin:80 - create IPUIPlugin
2025-11-07 15:01:38,666 [INFO] ApiDbMcu:532 - Load IP Config File for PDM2PCM
2025-11-07 15:01:38,792 [INFO] CADModel:165 - CPN selected for project levelSTM32F756ZGT6
2025-11-07 15:01:38,792 [INFO] CADModel:114 - Register for checkConnection events
2025-11-07 15:01:38,829 [INFO] OpenFileManager:386 - Restore cursor
2025-11-07 15:01:39,254 [INFO] UtilMem:75 - End SaveConfig() Used Memory: 814110616 Bytes (1073741824)
2025-11-07 15:01:39,315 [INFO] UtilMem:75 - End SaveConfig() Used Memory: 842944408 Bytes (1073741824)
2025-11-07 15:01:39,590 [INFO] BlockDiagram:2775 - set Specific Code input for plugin: SYS
2025-11-07 15:01:39,590 [INFO] BlockDiagram:2775 - set Specific Code input for plugin: RCC
2025-11-07 15:01:39,590 [INFO] BlockDiagram:2775 - set Specific Code input for plugin: NVIC
2025-11-07 15:01:39,591 [INFO] BlockDiagram:2775 - set Specific Code input for plugin: GPIO
2025-11-07 15:01:39,591 [INFO] CodeGenerator:892 - code generatio: config db path: /home/abanchio/st/stm32cubeide_1.19.0/plugins/com.st.stm32cube.common.mx_6.15.0.202507011659//db/
2025-11-07 15:01:39,720 [INFO] CodeEngine:265 - oldGeneratedFile, /home/abanchio/Documents/Famaf/5to/microcontroladores/stm32/light_tracker/MXTmpFiles/license.tmp_save
2025-11-07 15:01:39,910 [INFO] CodeEngine:289 - Generated code: /home/abanchio/Documents/Famaf/5to/microcontroladores/stm32/light_tracker/MXTmpFiles/license.tmp
2025-11-07 15:01:40,015 [INFO] CodeEngine:265 - oldGeneratedFile, /home/abanchio/Documents/Famaf/5to/microcontroladores/stm32/light_tracker/MXTmpFiles/gpio.tmp_save
2025-11-07 15:01:40,150 [INFO] CodeEngine:289 - Generated code: /home/abanchio/Documents/Famaf/5to/microcontroladores/stm32/light_tracker/MXTmpFiles/gpio.tmp
2025-11-07 15:01:40,241 [INFO] CodeEngine:265 - oldGeneratedFile, /home/abanchio/Documents/Famaf/5to/microcontroladores/stm32/light_tracker/MXTmpFiles/cortex.tmp_save
2025-11-07 15:01:40,312 [INFO] CodeEngine:289 - Generated code: /home/abanchio/Documents/Famaf/5to/microcontroladores/stm32/light_tracker/MXTmpFiles/cortex.tmp
2025-11-07 15:01:40,318 [INFO] CodeEngine:265 - oldGeneratedFile, /home/abanchio/Documents/Famaf/5to/microcontroladores/stm32/light_tracker/Core/Src/stm32f7xx_it.c_save
2025-11-07 15:01:40,403 [INFO] CodeEngine:289 - Generated code: /home/abanchio/Documents/Famaf/5to/microcontroladores/stm32/light_tracker/Core/Src/stm32f7xx_it.c
2025-11-07 15:01:40,405 [INFO] CodeEngine:265 - oldGeneratedFile, /home/abanchio/Documents/Famaf/5to/microcontroladores/stm32/light_tracker/Core/Inc/stm32f7xx_it.h_save
2025-11-07 15:01:40,463 [INFO] CodeEngine:289 - Generated code: /home/abanchio/Documents/Famaf/5to/microcontroladores/stm32/light_tracker/Core/Inc/stm32f7xx_it.h
2025-11-07 15:01:40,469 [INFO] CodeEngine:265 - oldGeneratedFile, /home/abanchio/Documents/Famaf/5to/microcontroladores/stm32/light_tracker/Core/Src/stm32f7xx_hal_msp.c_save
2025-11-07 15:01:40,563 [INFO] CodeEngine:289 - Generated code: /home/abanchio/Documents/Famaf/5to/microcontroladores/stm32/light_tracker/Core/Src/stm32f7xx_hal_msp.c
2025-11-07 15:01:40,565 [INFO] CodeEngine:265 - oldGeneratedFile, /home/abanchio/Documents/Famaf/5to/microcontroladores/stm32/light_tracker/MXTmpFiles/system.tmp_save
2025-11-07 15:01:40,613 [INFO] CodeEngine:289 - Generated code: /home/abanchio/Documents/Famaf/5to/microcontroladores/stm32/light_tracker/MXTmpFiles/system.tmp
2025-11-07 15:01:40,619 [INFO] CodeEngine:321 - oldGeneratedFile, /home/abanchio/Documents/Famaf/5to/microcontroladores/stm32/light_tracker/Core/Inc/stm32f7xx_hal_conf.h_save
2025-11-07 15:01:40,683 [INFO] CodeEngine:345 - Generated code: /home/abanchio/Documents/Famaf/5to/microcontroladores/stm32/light_tracker/Core/Inc/stm32f7xx_hal_conf.h
2025-11-07 15:01:40,715 [INFO] ApiDbMcu:532 - Load IP Config File for RCC
2025-11-07 15:01:40,720 [INFO] CodeEngine:265 - oldGeneratedFile, /home/abanchio/Documents/Famaf/5to/microcontroladores/stm32/light_tracker/Core/Inc/main.h_save
2025-11-07 15:01:40,791 [INFO] CodeEngine:289 - Generated code: /home/abanchio/Documents/Famaf/5to/microcontroladores/stm32/light_tracker/Core/Inc/main.h
2025-11-07 15:01:40,792 [INFO] CodeEngine:265 - oldGeneratedFile, /home/abanchio/Documents/Famaf/5to/microcontroladores/stm32/light_tracker/Core/Src/main.c_save
2025-11-07 15:01:40,926 [INFO] CodeEngine:289 - Generated code: /home/abanchio/Documents/Famaf/5to/microcontroladores/stm32/light_tracker/Core/Src/main.c
2025-11-07 15:01:41,122 [INFO] ProjectBuilder:3606 - Time for Copy HAL[1] : 11mS.
2025-11-07 15:01:41,125 [INFO] ProjectBuilder:5216 - Project Generator version: 4.7.0-B52
2025-11-07 15:01:41,172 [INFO] ConfigFileManager:1595 - The Die is : DIE449
2025-11-07 15:01:41,180 [INFO] ApiDbMcu:532 - Load IP Config File for FATFS
2025-11-07 15:01:41,187 [INFO] ApiDbMcu:532 - Load IP Config File for FREERTOS
2025-11-07 15:01:41,189 [INFO] ApiDbMcu:532 - Load IP Config File for LIBJPEG
2025-11-07 15:01:41,196 [INFO] ApiDbMcu:532 - Load IP Config File for LWIP
2025-11-07 15:01:41,203 [INFO] ApiDbMcu:532 - Load IP Config File for MBEDTLS
2025-11-07 15:01:41,211 [INFO] ApiDbMcu:532 - Load IP Config File for USB_DEVICE
2025-11-07 15:01:41,215 [INFO] ApiDbMcu:532 - Load IP Config File for USB_HOST
2025-11-07 15:01:41,409 [INFO] LogOutputStream:77 - [STDOUT_REDIRECT] 
2025-11-07 15:01:42,579 [INFO] ProjectBuilder:5496 - Time for Generating toolchain IDE Files: 1453mS.
2025-11-07 15:01:42,579 [INFO] ProjectBuilder:3463 - Time for Copy CMSIS : 0mS.
2025-11-07 15:01:42,580 [INFO] ProjectBuilder:3463 - Time for Copy CMSIS : 0mS.
2025-11-07 15:01:43,238 [INFO] McuFinderGlobals:76 - Set McuFinderConnectedMode to true
2025-11-07 15:01:43,241 [INFO] ApiDb:448 - Save user favorites file /home/abanchio/.stm32cubeide/favorites.mcus.txt: 0 item(s)
2025-11-07 15:01:43,241 [INFO] ApiDb:452 - User favorites MCUs=[]
2025-11-07 15:01:43,242 [INFO] ApiDb:448 - Save user favorites file /home/abanchio/.stm32cubeide/favorites.boards.txt: 3 item(s)
2025-11-07 15:01:43,242 [INFO] ApiDb:452 - User favorites Boards=[NUCLEO-F756ZG, STM32F407G-DISC1, STM32F411E-DISCO]
2025-11-07 15:02:06,572 [ERROR] LogOutputStream:75 - [STDERR_REDIRECT] Nov 07, 2025 3:02:06 PM java.util.prefs.FileSystemPreferences checkLockFile0ErrorCode
2025-11-07 15:02:06,573 [ERROR] LogOutputStream:75 - [STDERR_REDIRECT] WARNING: Could not lock System prefs. Unix error code 2.
2025-11-07 15:02:06,574 [ERROR] LogOutputStream:75 - [STDERR_REDIRECT] 
2025-11-07 15:02:06,577 [ERROR] LogOutputStream:75 - [STDERR_REDIRECT] Nov 07, 2025 3:02:06 PM java.util.prefs.FileSystemPreferences syncWorld
2025-11-07 15:02:06,578 [ERROR] LogOutputStream:75 - [STDERR_REDIRECT] WARNING: Couldn't flush system prefs: java.util.prefs.BackingStoreException: Couldn't get file lock.
2025-11-07 15:02:06,578 [ERROR] LogOutputStream:75 - [STDERR_REDIRECT] 
2025-11-07 15:02:36,557 [ERROR] LogOutputStream:75 - [STDERR_REDIRECT] Nov 07, 2025 3:02:36 PM java.util.prefs.FileSystemPreferences checkLockFile0ErrorCode
2025-11-07 15:02:36,558 [ERROR] LogOutputStream:75 - [STDERR_REDIRECT] WARNING: Could not lock System prefs. Unix error code 2.
2025-11-07 15:02:36,559 [ERROR] LogOutputStream:75 - [STDERR_REDIRECT] 
2025-11-07 15:02:36,559 [ERROR] LogOutputStream:75 - [STDERR_REDIRECT] Nov 07, 2025 3:02:36 PM java.util.prefs.FileSystemPreferences syncWorld
2025-11-07 15:02:36,559 [ERROR] LogOutputStream:75 - [STDERR_REDIRECT] WARNING: Couldn't flush system prefs: java.util.prefs.BackingStoreException: Couldn't get file lock.
2025-11-07 15:02:36,560 [ERROR] LogOutputStream:75 - [STDERR_REDIRECT] 
2025-11-07 15:03:06,556 [ERROR] LogOutputStream:75 - [STDERR_REDIRECT] Nov 07, 2025 3:03:06 PM java.util.prefs.FileSystemPreferences checkLockFile0ErrorCode
2025-11-07 15:03:06,557 [ERROR] LogOutputStream:75 - [STDERR_REDIRECT] WARNING: Could not lock System prefs. Unix error code 2.
2025-11-07 15:03:06,558 [ERROR] LogOutputStream:75 - [STDERR_REDIRECT] 
2025-11-07 15:03:06,559 [ERROR] LogOutputStream:75 - [STDERR_REDIRECT] Nov 07, 2025 3:03:06 PM java.util.prefs.FileSystemPreferences syncWorld
2025-11-07 15:03:06,559 [ERROR] LogOutputStream:75 - [STDERR_REDIRECT] WARNING: Couldn't flush system prefs: java.util.prefs.BackingStoreException: Couldn't get file lock.
2025-11-07 15:03:06,559 [ERROR] LogOutputStream:75 - [STDERR_REDIRECT] 
2025-11-07 15:03:36,555 [ERROR] LogOutputStream:75 - [STDERR_REDIRECT] Nov 07, 2025 3:03:36 PM java.util.prefs.FileSystemPreferences checkLockFile0ErrorCode
2025-11-07 15:03:36,556 [ERROR] LogOutputStream:75 - [STDERR_REDIRECT] WARNING: Could not lock System prefs. Unix error code 2.
2025-11-07 15:03:36,557 [ERROR] LogOutputStream:75 - [STDERR_REDIRECT] 
2025-11-07 15:03:36,557 [ERROR] LogOutputStream:75 - [STDERR_REDIRECT] Nov 07, 2025 3:03:36 PM java.util.prefs.FileSystemPreferences syncWorld
2025-11-07 15:03:36,558 [ERROR] LogOutputStream:75 - [STDERR_REDIRECT] WARNING: Couldn't flush system prefs: java.util.prefs.BackingStoreException: Couldn't get file lock.
2025-11-07 15:03:36,558 [ERROR] LogOutputStream:75 - [STDERR_REDIRECT] 
2025-11-07 15:04:06,558 [ERROR] LogOutputStream:75 - [STDERR_REDIRECT] Nov 07, 2025 3:04:06 PM java.util.prefs.FileSystemPreferences checkLockFile0ErrorCode
2025-11-07 15:04:06,558 [ERROR] LogOutputStream:75 - [STDERR_REDIRECT] WARNING: Could not lock System prefs. Unix error code 2.
2025-11-07 15:04:06,558 [ERROR] LogOutputStream:75 - [STDERR_REDIRECT] 
2025-11-07 15:04:06,560 [ERROR] LogOutputStream:75 - [STDERR_REDIRECT] Nov 07, 2025 3:04:06 PM java.util.prefs.FileSystemPreferences syncWorld
2025-11-07 15:04:06,560 [ERROR] LogOutputStream:75 - [STDERR_REDIRECT] WARNING: Couldn't flush system prefs: java.util.prefs.BackingStoreException: Couldn't get file lock.
2025-11-07 15:04:06,561 [ERROR] LogOutputStream:75 - [STDERR_REDIRECT] 
2025-11-07 15:04:36,556 [ERROR] LogOutputStream:75 - [STDERR_REDIRECT] Nov 07, 2025 3:04:36 PM java.util.prefs.FileSystemPreferences checkLockFile0ErrorCode
2025-11-07 15:04:36,557 [ERROR] LogOutputStream:75 - [STDERR_REDIRECT] WARNING: Could not lock System prefs. Unix error code 2.
2025-11-07 15:04:36,557 [ERROR] LogOutputStream:75 - [STDERR_REDIRECT] 
2025-11-07 15:04:36,558 [ERROR] LogOutputStream:75 - [STDERR_REDIRECT] Nov 07, 2025 3:04:36 PM java.util.prefs.FileSystemPreferences syncWorld
2025-11-07 15:04:36,558 [ERROR] LogOutputStream:75 - [STDERR_REDIRECT] WARNING: Couldn't flush system prefs: java.util.prefs.BackingStoreException: Couldn't get file lock.
2025-11-07 15:04:36,558 [ERROR] LogOutputStream:75 - [STDERR_REDIRECT] 
2025-11-07 15:05:06,557 [ERROR] LogOutputStream:75 - [STDERR_REDIRECT] Nov 07, 2025 3:05:06 PM java.util.prefs.FileSystemPreferences checkLockFile0ErrorCode
2025-11-07 15:05:06,558 [ERROR] LogOutputStream:75 - [STDERR_REDIRECT] WARNING: Could not lock System prefs. Unix error code 2.
2025-11-07 15:05:06,559 [ERROR] LogOutputStream:75 - [STDERR_REDIRECT] 
2025-11-07 15:05:06,560 [ERROR] LogOutputStream:75 - [STDERR_REDIRECT] Nov 07, 2025 3:05:06 PM java.util.prefs.FileSystemPreferences syncWorld
2025-11-07 15:05:06,560 [ERROR] LogOutputStream:75 - [STDERR_REDIRECT] WARNING: Couldn't flush system prefs: java.util.prefs.BackingStoreException: Couldn't get file lock.
2025-11-07 15:05:06,560 [ERROR] LogOutputStream:75 - [STDERR_REDIRECT] 
2025-11-07 15:05:36,556 [ERROR] LogOutputStream:75 - [STDERR_REDIRECT] Nov 07, 2025 3:05:36 PM java.util.prefs.FileSystemPreferences checkLockFile0ErrorCode
2025-11-07 15:05:36,557 [ERROR] LogOutputStream:75 - [STDERR_REDIRECT] WARNING: Could not lock System prefs. Unix error code 2.
2025-11-07 15:05:36,558 [ERROR] LogOutputStream:75 - [STDERR_REDIRECT] 
2025-11-07 15:05:36,559 [ERROR] LogOutputStream:75 - [STDERR_REDIRECT] Nov 07, 2025 3:05:36 PM java.util.prefs.FileSystemPreferences syncWorld
2025-11-07 15:05:36,559 [ERROR] LogOutputStream:75 - [STDERR_REDIRECT] WARNING: Couldn't flush system prefs: java.util.prefs.BackingStoreException: Couldn't get file lock.
2025-11-07 15:05:36,559 [ERROR] LogOutputStream:75 - [STDERR_REDIRECT] 
2025-11-07 15:06:06,557 [ERROR] LogOutputStream:75 - [STDERR_REDIRECT] Nov 07, 2025 3:06:06 PM java.util.prefs.FileSystemPreferences checkLockFile0ErrorCode
2025-11-07 15:06:06,558 [ERROR] LogOutputStream:75 - [STDERR_REDIRECT] WARNING: Could not lock System prefs. Unix error code 2.
2025-11-07 15:06:06,558 [ERROR] LogOutputStream:75 - [STDERR_REDIRECT] 
2025-11-07 15:06:06,559 [ERROR] LogOutputStream:75 - [STDERR_REDIRECT] Nov 07, 2025 3:06:06 PM java.util.prefs.FileSystemPreferences syncWorld
2025-11-07 15:06:06,560 [ERROR] LogOutputStream:75 - [STDERR_REDIRECT] WARNING: Couldn't flush system prefs: java.util.prefs.BackingStoreException: Couldn't get file lock.
2025-11-07 15:06:06,560 [ERROR] LogOutputStream:75 - [STDERR_REDIRECT] 
2025-11-07 15:06:36,562 [ERROR] LogOutputStream:75 - [STDERR_REDIRECT] Nov 07, 2025 3:06:36 PM java.util.prefs.FileSystemPreferences checkLockFile0ErrorCode
2025-11-07 15:06:36,562 [ERROR] LogOutputStream:75 - [STDERR_REDIRECT] WARNING: Could not lock System prefs. Unix error code 2.
2025-11-07 15:06:36,562 [ERROR] LogOutputStream:75 - [STDERR_REDIRECT] 
2025-11-07 15:06:36,563 [ERROR] LogOutputStream:75 - [STDERR_REDIRECT] Nov 07, 2025 3:06:36 PM java.util.prefs.FileSystemPreferences syncWorld
2025-11-07 15:06:36,563 [ERROR] LogOutputStream:75 - [STDERR_REDIRECT] WARNING: Couldn't flush system prefs: java.util.prefs.BackingStoreException: Couldn't get file lock.
2025-11-07 15:06:36,564 [ERROR] LogOutputStream:75 - [STDERR_REDIRECT] 
2025-11-07 15:07:06,559 [ERROR] LogOutputStream:75 - [STDERR_REDIRECT] Nov 07, 2025 3:07:06 PM java.util.prefs.FileSystemPreferences checkLockFile0ErrorCode
2025-11-07 15:07:06,560 [ERROR] LogOutputStream:75 - [STDERR_REDIRECT] WARNING: Could not lock System prefs. Unix error code 2.
2025-11-07 15:07:06,560 [ERROR] LogOutputStream:75 - [STDERR_REDIRECT] 
2025-11-07 15:07:06,561 [ERROR] LogOutputStream:75 - [STDERR_REDIRECT] Nov 07, 2025 3:07:06 PM java.util.prefs.FileSystemPreferences syncWorld
2025-11-07 15:07:06,562 [ERROR] LogOutputStream:75 - [STDERR_REDIRECT] WARNING: Couldn't flush system prefs: java.util.prefs.BackingStoreException: Couldn't get file lock.
2025-11-07 15:07:06,562 [ERROR] LogOutputStream:75 - [STDERR_REDIRECT] 
2025-11-07 15:07:36,560 [ERROR] LogOutputStream:75 - [STDERR_REDIRECT] Nov 07, 2025 3:07:36 PM java.util.prefs.FileSystemPreferences checkLockFile0ErrorCode
2025-11-07 15:07:36,561 [ERROR] LogOutputStream:75 - [STDERR_REDIRECT] WARNING: Could not lock System prefs. Unix error code 2.
2025-11-07 15:07:36,561 [ERROR] LogOutputStream:75 - [STDERR_REDIRECT] 
2025-11-07 15:07:36,562 [ERROR] LogOutputStream:75 - [STDERR_REDIRECT] Nov 07, 2025 3:07:36 PM java.util.prefs.FileSystemPreferences syncWorld
2025-11-07 15:07:36,563 [ERROR] LogOutputStream:75 - [STDERR_REDIRECT] WARNING: Couldn't flush system prefs: java.util.prefs.BackingStoreException: Couldn't get file lock.
2025-11-07 15:07:36,563 [ERROR] LogOutputStream:75 - [STDERR_REDIRECT] 
2025-11-07 15:08:06,559 [ERROR] LogOutputStream:75 - [STDERR_REDIRECT] Nov 07, 2025 3:08:06 PM java.util.prefs.FileSystemPreferences checkLockFile0ErrorCode
2025-11-07 15:08:06,560 [ERROR] LogOutputStream:75 - [STDERR_REDIRECT] WARNING: Could not lock System prefs. Unix error code 2.
2025-11-07 15:08:06,561 [ERROR] LogOutputStream:75 - [STDERR_REDIRECT] 
2025-11-07 15:08:06,562 [ERROR] LogOutputStream:75 - [STDERR_REDIRECT] Nov 07, 2025 3:08:06 PM java.util.prefs.FileSystemPreferences syncWorld
2025-11-07 15:08:06,562 [ERROR] LogOutputStream:75 - [STDERR_REDIRECT] WARNING: Couldn't flush system prefs: java.util.prefs.BackingStoreException: Couldn't get file lock.
2025-11-07 15:08:06,563 [ERROR] LogOutputStream:75 - [STDERR_REDIRECT] 
2025-11-07 15:08:36,560 [ERROR] LogOutputStream:75 - [STDERR_REDIRECT] Nov 07, 2025 3:08:36 PM java.util.prefs.FileSystemPreferences checkLockFile0ErrorCode
2025-11-07 15:08:36,561 [ERROR] LogOutputStream:75 - [STDERR_REDIRECT] WARNING: Could not lock System prefs. Unix error code 2.
2025-11-07 15:08:36,561 [ERROR] LogOutputStream:75 - [STDERR_REDIRECT] 
2025-11-07 15:08:36,562 [ERROR] LogOutputStream:75 - [STDERR_REDIRECT] Nov 07, 2025 3:08:36 PM java.util.prefs.FileSystemPreferences syncWorld
2025-11-07 15:08:36,563 [ERROR] LogOutputStream:75 - [STDERR_REDIRECT] WARNING: Couldn't flush system prefs: java.util.prefs.BackingStoreException: Couldn't get file lock.
2025-11-07 15:08:36,563 [ERROR] LogOutputStream:75 - [STDERR_REDIRECT] 
2025-11-07 15:09:05,302 [INFO] NvicIntPanel:101 - NVIC parent = com.st.microxplorer.plugins.ip.nvic.MultiNvicIntPanel[,0,0,525x262,layout=javax.swing.BoxLayout,alignmentX=0.0,alignmentY=0.0,border=,flags=9,maximumSize=,minimumSize=,preferredSize=]
2025-11-07 15:09:06,564 [ERROR] LogOutputStream:75 - [STDERR_REDIRECT] Nov 07, 2025 3:09:06 PM java.util.prefs.FileSystemPreferences checkLockFile0ErrorCode
2025-11-07 15:09:06,564 [ERROR] LogOutputStream:75 - [STDERR_REDIRECT] WARNING: Could not lock System prefs. Unix error code 2.
2025-11-07 15:09:06,565 [ERROR] LogOutputStream:75 - [STDERR_REDIRECT] 
2025-11-07 15:09:06,565 [ERROR] LogOutputStream:75 - [STDERR_REDIRECT] Nov 07, 2025 3:09:06 PM java.util.prefs.FileSystemPreferences syncWorld
2025-11-07 15:09:06,566 [ERROR] LogOutputStream:75 - [STDERR_REDIRECT] WARNING: Couldn't flush system prefs: java.util.prefs.BackingStoreException: Couldn't get file lock.
2025-11-07 15:09:06,567 [ERROR] LogOutputStream:75 - [STDERR_REDIRECT] 
2025-11-07 15:09:31,673 [INFO] NvicIntPanel:101 - NVIC parent = com.st.microxplorer.plugins.ip.nvic.MultiNvicIntPanel[,0,0,0x0,invalid,layout=javax.swing.BoxLayout,alignmentX=0.0,alignmentY=0.0,border=,flags=9,maximumSize=,minimumSize=,preferredSize=]
2025-11-07 15:09:36,563 [ERROR] LogOutputStream:75 - [STDERR_REDIRECT] Nov 07, 2025 3:09:36 PM java.util.prefs.FileSystemPreferences checkLockFile0ErrorCode
2025-11-07 15:09:36,563 [ERROR] LogOutputStream:75 - [STDERR_REDIRECT] WARNING: Could not lock System prefs. Unix error code 2.
2025-11-07 15:09:36,564 [ERROR] LogOutputStream:75 - [STDERR_REDIRECT] 
2025-11-07 15:09:36,564 [ERROR] LogOutputStream:75 - [STDERR_REDIRECT] Nov 07, 2025 3:09:36 PM java.util.prefs.FileSystemPreferences syncWorld
2025-11-07 15:09:36,565 [ERROR] LogOutputStream:75 - [STDERR_REDIRECT] WARNING: Couldn't flush system prefs: java.util.prefs.BackingStoreException: Couldn't get file lock.
2025-11-07 15:09:36,565 [ERROR] LogOutputStream:75 - [STDERR_REDIRECT] 
2025-11-07 15:10:06,561 [ERROR] LogOutputStream:75 - [STDERR_REDIRECT] Nov 07, 2025 3:10:06 PM java.util.prefs.FileSystemPreferences checkLockFile0ErrorCode
2025-11-07 15:10:06,561 [ERROR] LogOutputStream:75 - [STDERR_REDIRECT] WARNING: Could not lock System prefs. Unix error code 2.
2025-11-07 15:10:06,562 [ERROR] LogOutputStream:75 - [STDERR_REDIRECT] 
2025-11-07 15:10:06,562 [ERROR] LogOutputStream:75 - [STDERR_REDIRECT] Nov 07, 2025 3:10:06 PM java.util.prefs.FileSystemPreferences syncWorld
2025-11-07 15:10:06,563 [ERROR] LogOutputStream:75 - [STDERR_REDIRECT] WARNING: Couldn't flush system prefs: java.util.prefs.BackingStoreException: Couldn't get file lock.
2025-11-07 15:10:06,563 [ERROR] LogOutputStream:75 - [STDERR_REDIRECT] 
2025-11-07 15:10:34,711 [INFO] WebApp:194 - Connection lost
2025-11-07 15:10:36,565 [ERROR] LogOutputStream:75 - [STDERR_REDIRECT] Nov 07, 2025 3:10:36 PM java.util.prefs.FileSystemPreferences checkLockFile0ErrorCode
2025-11-07 15:10:36,565 [ERROR] LogOutputStream:75 - [STDERR_REDIRECT] WARNING: Could not lock System prefs. Unix error code 2.
2025-11-07 15:10:36,566 [ERROR] LogOutputStream:75 - [STDERR_REDIRECT] 
2025-11-07 15:10:36,566 [ERROR] LogOutputStream:75 - [STDERR_REDIRECT] Nov 07, 2025 3:10:36 PM java.util.prefs.FileSystemPreferences syncWorld
2025-11-07 15:10:36,567 [ERROR] LogOutputStream:75 - [STDERR_REDIRECT] WARNING: Couldn't flush system prefs: java.util.prefs.BackingStoreException: Couldn't get file lock.
2025-11-07 15:10:36,567 [ERROR] LogOutputStream:75 - [STDERR_REDIRECT] 
2025-11-07 15:10:48,189 [INFO] WebApp:191 - Connection restablished
2025-11-07 15:11:06,559 [ERROR] LogOutputStream:75 - [STDERR_REDIRECT] Nov 07, 2025 3:11:06 PM java.util.prefs.FileSystemPreferences checkLockFile0ErrorCode
2025-11-07 15:11:06,559 [ERROR] LogOutputStream:75 - [STDERR_REDIRECT] WARNING: Could not lock System prefs. Unix error code 2.
2025-11-07 15:11:06,559 [ERROR] LogOutputStream:75 - [STDERR_REDIRECT] 
2025-11-07 15:11:06,560 [ERROR] LogOutputStream:75 - [STDERR_REDIRECT] Nov 07, 2025 3:11:06 PM java.util.prefs.FileSystemPreferences syncWorld
2025-11-07 15:11:06,560 [ERROR] LogOutputStream:75 - [STDERR_REDIRECT] WARNING: Couldn't flush system prefs: java.util.prefs.BackingStoreException: Couldn't get file lock.
2025-11-07 15:11:06,560 [ERROR] LogOutputStream:75 - [STDERR_REDIRECT] 
2025-11-07 15:11:36,558 [ERROR] LogOutputStream:75 - [STDERR_REDIRECT] Nov 07, 2025 3:11:36 PM java.util.prefs.FileSystemPreferences checkLockFile0ErrorCode
2025-11-07 15:11:36,558 [ERROR] LogOutputStream:75 - [STDERR_REDIRECT] WARNING: Could not lock System prefs. Unix error code 2.
2025-11-07 15:11:36,559 [ERROR] LogOutputStream:75 - [STDERR_REDIRECT] 
2025-11-07 15:11:36,559 [ERROR] LogOutputStream:75 - [STDERR_REDIRECT] Nov 07, 2025 3:11:36 PM java.util.prefs.FileSystemPreferences syncWorld
2025-11-07 15:11:36,559 [ERROR] LogOutputStream:75 - [STDERR_REDIRECT] WARNING: Couldn't flush system prefs: java.util.prefs.BackingStoreException: Couldn't get file lock.
2025-11-07 15:11:36,560 [ERROR] LogOutputStream:75 - [STDERR_REDIRECT] 
2025-11-07 15:12:06,558 [ERROR] LogOutputStream:75 - [STDERR_REDIRECT] Nov 07, 2025 3:12:06 PM java.util.prefs.FileSystemPreferences checkLockFile0ErrorCode
2025-11-07 15:12:06,559 [ERROR] LogOutputStream:75 - [STDERR_REDIRECT] WARNING: Could not lock System prefs. Unix error code 2.
2025-11-07 15:12:06,559 [ERROR] LogOutputStream:75 - [STDERR_REDIRECT] 
2025-11-07 15:12:06,560 [ERROR] LogOutputStream:75 - [STDERR_REDIRECT] Nov 07, 2025 3:12:06 PM java.util.prefs.FileSystemPreferences syncWorld
2025-11-07 15:12:06,560 [ERROR] LogOutputStream:75 - [STDERR_REDIRECT] WARNING: Couldn't flush system prefs: java.util.prefs.BackingStoreException: Couldn't get file lock.
2025-11-07 15:12:06,560 [ERROR] LogOutputStream:75 - [STDERR_REDIRECT] 
2025-11-07 15:12:36,558 [ERROR] LogOutputStream:75 - [STDERR_REDIRECT] Nov 07, 2025 3:12:36 PM java.util.prefs.FileSystemPreferences checkLockFile0ErrorCode
2025-11-07 15:12:36,559 [ERROR] LogOutputStream:75 - [STDERR_REDIRECT] WARNING: Could not lock System prefs. Unix error code 2.
2025-11-07 15:12:36,559 [ERROR] LogOutputStream:75 - [STDERR_REDIRECT] 
2025-11-07 15:12:36,559 [ERROR] LogOutputStream:75 - [STDERR_REDIRECT] Nov 07, 2025 3:12:36 PM java.util.prefs.FileSystemPreferences syncWorld
2025-11-07 15:12:36,560 [ERROR] LogOutputStream:75 - [STDERR_REDIRECT] WARNING: Couldn't flush system prefs: java.util.prefs.BackingStoreException: Couldn't get file lock.
2025-11-07 15:12:36,560 [ERROR] LogOutputStream:75 - [STDERR_REDIRECT] 
2025-11-07 15:13:06,560 [ERROR] LogOutputStream:75 - [STDERR_REDIRECT] Nov 07, 2025 3:13:06 PM java.util.prefs.FileSystemPreferences checkLockFile0ErrorCode
2025-11-07 15:13:06,560 [ERROR] LogOutputStream:75 - [STDERR_REDIRECT] WARNING: Could not lock System prefs. Unix error code 2.
2025-11-07 15:13:06,561 [ERROR] LogOutputStream:75 - [STDERR_REDIRECT] 
2025-11-07 15:13:06,562 [ERROR] LogOutputStream:75 - [STDERR_REDIRECT] Nov 07, 2025 3:13:06 PM java.util.prefs.FileSystemPreferences syncWorld
2025-11-07 15:13:06,562 [ERROR] LogOutputStream:75 - [STDERR_REDIRECT] WARNING: Couldn't flush system prefs: java.util.prefs.BackingStoreException: Couldn't get file lock.
2025-11-07 15:13:06,563 [ERROR] LogOutputStream:75 - [STDERR_REDIRECT] 
2025-11-07 15:13:36,559 [ERROR] LogOutputStream:75 - [STDERR_REDIRECT] Nov 07, 2025 3:13:36 PM java.util.prefs.FileSystemPreferences checkLockFile0ErrorCode
2025-11-07 15:13:36,559 [ERROR] LogOutputStream:75 - [STDERR_REDIRECT] WARNING: Could not lock System prefs. Unix error code 2.
2025-11-07 15:13:36,560 [ERROR] LogOutputStream:75 - [STDERR_REDIRECT] 
2025-11-07 15:13:36,560 [ERROR] LogOutputStream:75 - [STDERR_REDIRECT] Nov 07, 2025 3:13:36 PM java.util.prefs.FileSystemPreferences syncWorld
2025-11-07 15:13:36,560 [ERROR] LogOutputStream:75 - [STDERR_REDIRECT] WARNING: Couldn't flush system prefs: java.util.prefs.BackingStoreException: Couldn't get file lock.
2025-11-07 15:13:36,561 [ERROR] LogOutputStream:75 - [STDERR_REDIRECT] 
2025-11-07 15:14:06,558 [ERROR] LogOutputStream:75 - [STDERR_REDIRECT] Nov 07, 2025 3:14:06 PM java.util.prefs.FileSystemPreferences checkLockFile0ErrorCode
2025-11-07 15:14:06,558 [ERROR] LogOutputStream:75 - [STDERR_REDIRECT] WARNING: Could not lock System prefs. Unix error code 2.
2025-11-07 15:14:06,558 [ERROR] LogOutputStream:75 - [STDERR_REDIRECT] 
2025-11-07 15:14:06,559 [ERROR] LogOutputStream:75 - [STDERR_REDIRECT] Nov 07, 2025 3:14:06 PM java.util.prefs.FileSystemPreferences syncWorld
2025-11-07 15:14:06,559 [ERROR] LogOutputStream:75 - [STDERR_REDIRECT] WARNING: Couldn't flush system prefs: java.util.prefs.BackingStoreException: Couldn't get file lock.
2025-11-07 15:14:06,560 [ERROR] LogOutputStream:75 - [STDERR_REDIRECT] 
2025-11-07 15:14:36,557 [ERROR] LogOutputStream:75 - [STDERR_REDIRECT] Nov 07, 2025 3:14:36 PM java.util.prefs.FileSystemPreferences checkLockFile0ErrorCode
2025-11-07 15:14:36,558 [ERROR] LogOutputStream:75 - [STDERR_REDIRECT] WARNING: Could not lock System prefs. Unix error code 2.
2025-11-07 15:14:36,558 [ERROR] LogOutputStream:75 - [STDERR_REDIRECT] 
2025-11-07 15:14:36,558 [ERROR] LogOutputStream:75 - [STDERR_REDIRECT] Nov 07, 2025 3:14:36 PM java.util.prefs.FileSystemPreferences syncWorld
2025-11-07 15:14:36,558 [ERROR] LogOutputStream:75 - [STDERR_REDIRECT] WARNING: Couldn't flush system prefs: java.util.prefs.BackingStoreException: Couldn't get file lock.
2025-11-07 15:14:36,559 [ERROR] LogOutputStream:75 - [STDERR_REDIRECT] 
2025-11-07 15:15:06,558 [ERROR] LogOutputStream:75 - [STDERR_REDIRECT] Nov 07, 2025 3:15:06 PM java.util.prefs.FileSystemPreferences checkLockFile0ErrorCode
2025-11-07 15:15:06,558 [ERROR] LogOutputStream:75 - [STDERR_REDIRECT] WARNING: Could not lock System prefs. Unix error code 2.
2025-11-07 15:15:06,558 [ERROR] LogOutputStream:75 - [STDERR_REDIRECT] 
2025-11-07 15:15:06,559 [ERROR] LogOutputStream:75 - [STDERR_REDIRECT] Nov 07, 2025 3:15:06 PM java.util.prefs.FileSystemPreferences syncWorld
2025-11-07 15:15:06,559 [ERROR] LogOutputStream:75 - [STDERR_REDIRECT] WARNING: Couldn't flush system prefs: java.util.prefs.BackingStoreException: Couldn't get file lock.
2025-11-07 15:15:06,559 [ERROR] LogOutputStream:75 - [STDERR_REDIRECT] 
2025-11-07 15:15:36,559 [ERROR] LogOutputStream:75 - [STDERR_REDIRECT] Nov 07, 2025 3:15:36 PM java.util.prefs.FileSystemPreferences checkLockFile0ErrorCode
2025-11-07 15:15:36,559 [ERROR] LogOutputStream:75 - [STDERR_REDIRECT] WARNING: Could not lock System prefs. Unix error code 2.
2025-11-07 15:15:36,559 [ERROR] LogOutputStream:75 - [STDERR_REDIRECT] 
2025-11-07 15:15:36,560 [ERROR] LogOutputStream:75 - [STDERR_REDIRECT] Nov 07, 2025 3:15:36 PM java.util.prefs.FileSystemPreferences syncWorld
2025-11-07 15:15:36,560 [ERROR] LogOutputStream:75 - [STDERR_REDIRECT] WARNING: Couldn't flush system prefs: java.util.prefs.BackingStoreException: Couldn't get file lock.
2025-11-07 15:15:36,560 [ERROR] LogOutputStream:75 - [STDERR_REDIRECT] 
2025-11-07 15:16:06,560 [ERROR] LogOutputStream:75 - [STDERR_REDIRECT] Nov 07, 2025 3:16:06 PM java.util.prefs.FileSystemPreferences checkLockFile0ErrorCode
2025-11-07 15:16:06,561 [ERROR] LogOutputStream:75 - [STDERR_REDIRECT] WARNING: Could not lock System prefs. Unix error code 2.
2025-11-07 15:16:06,561 [ERROR] LogOutputStream:75 - [STDERR_REDIRECT] 
2025-11-07 15:16:06,562 [ERROR] LogOutputStream:75 - [STDERR_REDIRECT] Nov 07, 2025 3:16:06 PM java.util.prefs.FileSystemPreferences syncWorld
2025-11-07 15:16:06,562 [ERROR] LogOutputStream:75 - [STDERR_REDIRECT] WARNING: Couldn't flush system prefs: java.util.prefs.BackingStoreException: Couldn't get file lock.
2025-11-07 15:16:06,562 [ERROR] LogOutputStream:75 - [STDERR_REDIRECT] 
2025-11-07 15:16:36,561 [ERROR] LogOutputStream:75 - [STDERR_REDIRECT] Nov 07, 2025 3:16:36 PM java.util.prefs.FileSystemPreferences checkLockFile0ErrorCode
2025-11-07 15:16:36,561 [ERROR] LogOutputStream:75 - [STDERR_REDIRECT] WARNING: Could not lock System prefs. Unix error code 2.
2025-11-07 15:16:36,562 [ERROR] LogOutputStream:75 - [STDERR_REDIRECT] 
2025-11-07 15:16:36,562 [ERROR] LogOutputStream:75 - [STDERR_REDIRECT] Nov 07, 2025 3:16:36 PM java.util.prefs.FileSystemPreferences syncWorld
2025-11-07 15:16:36,562 [ERROR] LogOutputStream:75 - [STDERR_REDIRECT] WARNING: Couldn't flush system prefs: java.util.prefs.BackingStoreException: Couldn't get file lock.
2025-11-07 15:16:36,563 [ERROR] LogOutputStream:75 - [STDERR_REDIRECT] 
2025-11-07 15:17:06,561 [ERROR] LogOutputStream:75 - [STDERR_REDIRECT] Nov 07, 2025 3:17:06 PM java.util.prefs.FileSystemPreferences checkLockFile0ErrorCode
2025-11-07 15:17:06,561 [ERROR] LogOutputStream:75 - [STDERR_REDIRECT] WARNING: Could not lock System prefs. Unix error code 2.
2025-11-07 15:17:06,561 [ERROR] LogOutputStream:75 - [STDERR_REDIRECT] 
2025-11-07 15:17:06,562 [ERROR] LogOutputStream:75 - [STDERR_REDIRECT] Nov 07, 2025 3:17:06 PM java.util.prefs.FileSystemPreferences syncWorld
2025-11-07 15:17:06,562 [ERROR] LogOutputStream:75 - [STDERR_REDIRECT] WARNING: Couldn't flush system prefs: java.util.prefs.BackingStoreException: Couldn't get file lock.
2025-11-07 15:17:06,562 [ERROR] LogOutputStream:75 - [STDERR_REDIRECT] 
2025-11-07 15:17:36,561 [ERROR] LogOutputStream:75 - [STDERR_REDIRECT] Nov 07, 2025 3:17:36 PM java.util.prefs.FileSystemPreferences checkLockFile0ErrorCode
2025-11-07 15:17:36,561 [ERROR] LogOutputStream:75 - [STDERR_REDIRECT] WARNING: Could not lock System prefs. Unix error code 2.
2025-11-07 15:17:36,561 [ERROR] LogOutputStream:75 - [STDERR_REDIRECT] 
2025-11-07 15:17:36,562 [ERROR] LogOutputStream:75 - [STDERR_REDIRECT] Nov 07, 2025 3:17:36 PM java.util.prefs.FileSystemPreferences syncWorld
2025-11-07 15:17:36,562 [ERROR] LogOutputStream:75 - [STDERR_REDIRECT] WARNING: Couldn't flush system prefs: java.util.prefs.BackingStoreException: Couldn't get file lock.
2025-11-07 15:17:36,562 [ERROR] LogOutputStream:75 - [STDERR_REDIRECT] 
2025-11-07 15:18:06,563 [ERROR] LogOutputStream:75 - [STDERR_REDIRECT] Nov 07, 2025 3:18:06 PM java.util.prefs.FileSystemPreferences checkLockFile0ErrorCode
2025-11-07 15:18:06,564 [ERROR] LogOutputStream:75 - [STDERR_REDIRECT] WARNING: Could not lock System prefs. Unix error code 2.
2025-11-07 15:18:06,564 [ERROR] LogOutputStream:75 - [STDERR_REDIRECT] 
2025-11-07 15:18:06,566 [ERROR] LogOutputStream:75 - [STDERR_REDIRECT] Nov 07, 2025 3:18:06 PM java.util.prefs.FileSystemPreferences syncWorld
2025-11-07 15:18:06,566 [ERROR] LogOutputStream:75 - [STDERR_REDIRECT] WARNING: Couldn't flush system prefs: java.util.prefs.BackingStoreException: Couldn't get file lock.
2025-11-07 15:18:06,567 [ERROR] LogOutputStream:75 - [STDERR_REDIRECT] 
2025-11-07 15:18:36,562 [ERROR] LogOutputStream:75 - [STDERR_REDIRECT] Nov 07, 2025 3:18:36 PM java.util.prefs.FileSystemPreferences checkLockFile0ErrorCode
2025-11-07 15:18:36,563 [ERROR] LogOutputStream:75 - [STDERR_REDIRECT] WARNING: Could not lock System prefs. Unix error code 2.
2025-11-07 15:18:36,563 [ERROR] LogOutputStream:75 - [STDERR_REDIRECT] 
2025-11-07 15:18:36,564 [ERROR] LogOutputStream:75 - [STDERR_REDIRECT] Nov 07, 2025 3:18:36 PM java.util.prefs.FileSystemPreferences syncWorld
2025-11-07 15:18:36,565 [ERROR] LogOutputStream:75 - [STDERR_REDIRECT] WARNING: Couldn't flush system prefs: java.util.prefs.BackingStoreException: Couldn't get file lock.
2025-11-07 15:18:36,565 [ERROR] LogOutputStream:75 - [STDERR_REDIRECT] 
2025-11-07 15:19:06,562 [ERROR] LogOutputStream:75 - [STDERR_REDIRECT] Nov 07, 2025 3:19:06 PM java.util.prefs.FileSystemPreferences checkLockFile0ErrorCode
2025-11-07 15:19:06,563 [ERROR] LogOutputStream:75 - [STDERR_REDIRECT] WARNING: Could not lock System prefs. Unix error code 2.
2025-11-07 15:19:06,563 [ERROR] LogOutputStream:75 - [STDERR_REDIRECT] 
2025-11-07 15:19:06,564 [ERROR] LogOutputStream:75 - [STDERR_REDIRECT] Nov 07, 2025 3:19:06 PM java.util.prefs.FileSystemPreferences syncWorld
2025-11-07 15:19:06,564 [ERROR] LogOutputStream:75 - [STDERR_REDIRECT] WARNING: Couldn't flush system prefs: java.util.prefs.BackingStoreException: Couldn't get file lock.
2025-11-07 15:19:06,564 [ERROR] LogOutputStream:75 - [STDERR_REDIRECT] 
2025-11-07 15:19:36,564 [ERROR] LogOutputStream:75 - [STDERR_REDIRECT] Nov 07, 2025 3:19:36 PM java.util.prefs.FileSystemPreferences checkLockFile0ErrorCode
2025-11-07 15:19:36,604 [ERROR] LogOutputStream:75 - [STDERR_REDIRECT] WARNING: Could not lock System prefs. Unix error code 2.
2025-11-07 15:19:36,605 [ERROR] LogOutputStream:75 - [STDERR_REDIRECT] 
2025-11-07 15:19:36,605 [ERROR] LogOutputStream:75 - [STDERR_REDIRECT] Nov 07, 2025 3:19:36 PM java.util.prefs.FileSystemPreferences syncWorld
2025-11-07 15:19:36,606 [ERROR] LogOutputStream:75 - [STDERR_REDIRECT] WARNING: Couldn't flush system prefs: java.util.prefs.BackingStoreException: Couldn't get file lock.
2025-11-07 15:19:36,606 [ERROR] LogOutputStream:75 - [STDERR_REDIRECT] 
2025-11-07 15:20:06,563 [ERROR] LogOutputStream:75 - [STDERR_REDIRECT] Nov 07, 2025 3:20:06 PM java.util.prefs.FileSystemPreferences checkLockFile0ErrorCode
2025-11-07 15:20:06,563 [ERROR] LogOutputStream:75 - [STDERR_REDIRECT] WARNING: Could not lock System prefs. Unix error code 2.
2025-11-07 15:20:06,563 [ERROR] LogOutputStream:75 - [STDERR_REDIRECT] 
2025-11-07 15:20:06,564 [ERROR] LogOutputStream:75 - [STDERR_REDIRECT] Nov 07, 2025 3:20:06 PM java.util.prefs.FileSystemPreferences syncWorld
2025-11-07 15:20:06,564 [ERROR] LogOutputStream:75 - [STDERR_REDIRECT] WARNING: Couldn't flush system prefs: java.util.prefs.BackingStoreException: Couldn't get file lock.
2025-11-07 15:20:06,564 [ERROR] LogOutputStream:75 - [STDERR_REDIRECT] 
2025-11-07 15:20:36,563 [ERROR] LogOutputStream:75 - [STDERR_REDIRECT] Nov 07, 2025 3:20:36 PM java.util.prefs.FileSystemPreferences checkLockFile0ErrorCode
2025-11-07 15:20:36,563 [ERROR] LogOutputStream:75 - [STDERR_REDIRECT] WARNING: Could not lock System prefs. Unix error code 2.
2025-11-07 15:20:36,563 [ERROR] LogOutputStream:75 - [STDERR_REDIRECT] 
2025-11-07 15:20:36,564 [ERROR] LogOutputStream:75 - [STDERR_REDIRECT] Nov 07, 2025 3:20:36 PM java.util.prefs.FileSystemPreferences syncWorld
2025-11-07 15:20:36,564 [ERROR] LogOutputStream:75 - [STDERR_REDIRECT] WARNING: Couldn't flush system prefs: java.util.prefs.BackingStoreException: Couldn't get file lock.
2025-11-07 15:20:36,564 [ERROR] LogOutputStream:75 - [STDERR_REDIRECT] 
2025-11-07 15:21:06,563 [ERROR] LogOutputStream:75 - [STDERR_REDIRECT] Nov 07, 2025 3:21:06 PM java.util.prefs.FileSystemPreferences checkLockFile0ErrorCode
2025-11-07 15:21:06,563 [ERROR] LogOutputStream:75 - [STDERR_REDIRECT] WARNING: Could not lock System prefs. Unix error code 2.
2025-11-07 15:21:06,563 [ERROR] LogOutputStream:75 - [STDERR_REDIRECT] 
2025-11-07 15:21:06,564 [ERROR] LogOutputStream:75 - [STDERR_REDIRECT] Nov 07, 2025 3:21:06 PM java.util.prefs.FileSystemPreferences syncWorld
2025-11-07 15:21:06,564 [ERROR] LogOutputStream:75 - [STDERR_REDIRECT] WARNING: Couldn't flush system prefs: java.util.prefs.BackingStoreException: Couldn't get file lock.
2025-11-07 15:21:06,564 [ERROR] LogOutputStream:75 - [STDERR_REDIRECT] 
2025-11-07 15:21:36,563 [ERROR] LogOutputStream:75 - [STDERR_REDIRECT] Nov 07, 2025 3:21:36 PM java.util.prefs.FileSystemPreferences checkLockFile0ErrorCode
2025-11-07 15:21:36,563 [ERROR] LogOutputStream:75 - [STDERR_REDIRECT] WARNING: Could not lock System prefs. Unix error code 2.
2025-11-07 15:21:36,564 [ERROR] LogOutputStream:75 - [STDERR_REDIRECT] 
2025-11-07 15:21:36,564 [ERROR] LogOutputStream:75 - [STDERR_REDIRECT] Nov 07, 2025 3:21:36 PM java.util.prefs.FileSystemPreferences syncWorld
2025-11-07 15:21:36,564 [ERROR] LogOutputStream:75 - [STDERR_REDIRECT] WARNING: Couldn't flush system prefs: java.util.prefs.BackingStoreException: Couldn't get file lock.
2025-11-07 15:21:36,564 [ERROR] LogOutputStream:75 - [STDERR_REDIRECT] 
2025-11-07 15:22:06,564 [ERROR] LogOutputStream:75 - [STDERR_REDIRECT] Nov 07, 2025 3:22:06 PM java.util.prefs.FileSystemPreferences checkLockFile0ErrorCode
2025-11-07 15:22:06,564 [ERROR] LogOutputStream:75 - [STDERR_REDIRECT] WARNING: Could not lock System prefs. Unix error code 2.
2025-11-07 15:22:06,564 [ERROR] LogOutputStream:75 - [STDERR_REDIRECT] 
2025-11-07 15:22:06,564 [ERROR] LogOutputStream:75 - [STDERR_REDIRECT] Nov 07, 2025 3:22:06 PM java.util.prefs.FileSystemPreferences syncWorld
2025-11-07 15:22:06,564 [ERROR] LogOutputStream:75 - [STDERR_REDIRECT] WARNING: Couldn't flush system prefs: java.util.prefs.BackingStoreException: Couldn't get file lock.
2025-11-07 15:22:06,565 [ERROR] LogOutputStream:75 - [STDERR_REDIRECT] 
2025-11-07 15:22:36,564 [ERROR] LogOutputStream:75 - [STDERR_REDIRECT] Nov 07, 2025 3:22:36 PM java.util.prefs.FileSystemPreferences checkLockFile0ErrorCode
2025-11-07 15:22:36,564 [ERROR] LogOutputStream:75 - [STDERR_REDIRECT] WARNING: Could not lock System prefs. Unix error code 2.
2025-11-07 15:22:36,564 [ERROR] LogOutputStream:75 - [STDERR_REDIRECT] 
2025-11-07 15:22:36,565 [ERROR] LogOutputStream:75 - [STDERR_REDIRECT] Nov 07, 2025 3:22:36 PM java.util.prefs.FileSystemPreferences syncWorld
2025-11-07 15:22:36,565 [ERROR] LogOutputStream:75 - [STDERR_REDIRECT] WARNING: Couldn't flush system prefs: java.util.prefs.BackingStoreException: Couldn't get file lock.
2025-11-07 15:22:36,565 [ERROR] LogOutputStream:75 - [STDERR_REDIRECT] 
2025-11-07 15:23:06,564 [ERROR] LogOutputStream:75 - [STDERR_REDIRECT] Nov 07, 2025 3:23:06 PM java.util.prefs.FileSystemPreferences checkLockFile0ErrorCode
2025-11-07 15:23:06,565 [ERROR] LogOutputStream:75 - [STDERR_REDIRECT] WARNING: Could not lock System prefs. Unix error code 2.
2025-11-07 15:23:06,565 [ERROR] LogOutputStream:75 - [STDERR_REDIRECT] 
2025-11-07 15:23:06,565 [ERROR] LogOutputStream:75 - [STDERR_REDIRECT] Nov 07, 2025 3:23:06 PM java.util.prefs.FileSystemPreferences syncWorld
2025-11-07 15:23:06,566 [ERROR] LogOutputStream:75 - [STDERR_REDIRECT] WARNING: Couldn't flush system prefs: java.util.prefs.BackingStoreException: Couldn't get file lock.
2025-11-07 15:23:06,566 [ERROR] LogOutputStream:75 - [STDERR_REDIRECT] 
2025-11-07 15:23:36,563 [ERROR] LogOutputStream:75 - [STDERR_REDIRECT] Nov 07, 2025 3:23:36 PM java.util.prefs.FileSystemPreferences checkLockFile0ErrorCode
2025-11-07 15:23:36,564 [ERROR] LogOutputStream:75 - [STDERR_REDIRECT] WARNING: Could not lock System prefs. Unix error code 2.
2025-11-07 15:23:36,564 [ERROR] LogOutputStream:75 - [STDERR_REDIRECT] 
2025-11-07 15:23:36,564 [ERROR] LogOutputStream:75 - [STDERR_REDIRECT] Nov 07, 2025 3:23:36 PM java.util.prefs.FileSystemPreferences syncWorld
2025-11-07 15:23:36,564 [ERROR] LogOutputStream:75 - [STDERR_REDIRECT] WARNING: Couldn't flush system prefs: java.util.prefs.BackingStoreException: Couldn't get file lock.
2025-11-07 15:23:36,565 [ERROR] LogOutputStream:75 - [STDERR_REDIRECT] 
2025-11-07 15:24:06,564 [ERROR] LogOutputStream:75 - [STDERR_REDIRECT] Nov 07, 2025 3:24:06 PM java.util.prefs.FileSystemPreferences checkLockFile0ErrorCode
2025-11-07 15:24:06,565 [ERROR] LogOutputStream:75 - [STDERR_REDIRECT] WARNING: Could not lock System prefs. Unix error code 2.
2025-11-07 15:24:06,565 [ERROR] LogOutputStream:75 - [STDERR_REDIRECT] 
2025-11-07 15:24:06,565 [ERROR] LogOutputStream:75 - [STDERR_REDIRECT] Nov 07, 2025 3:24:06 PM java.util.prefs.FileSystemPreferences syncWorld
2025-11-07 15:24:06,565 [ERROR] LogOutputStream:75 - [STDERR_REDIRECT] WARNING: Couldn't flush system prefs: java.util.prefs.BackingStoreException: Couldn't get file lock.
2025-11-07 15:24:06,565 [ERROR] LogOutputStream:75 - [STDERR_REDIRECT] 
2025-11-07 15:24:22,905 [INFO] WebApp:194 - Connection lost
2025-11-07 15:24:27,894 [INFO] WebApp:191 - Connection restablished
2025-11-07 15:24:36,564 [ERROR] LogOutputStream:75 - [STDERR_REDIRECT] Nov 07, 2025 3:24:36 PM java.util.prefs.FileSystemPreferences checkLockFile0ErrorCode
2025-11-07 15:24:36,564 [ERROR] LogOutputStream:75 - [STDERR_REDIRECT] WARNING: Could not lock System prefs. Unix error code 2.
2025-11-07 15:24:36,564 [ERROR] LogOutputStream:75 - [STDERR_REDIRECT] 
2025-11-07 15:24:36,564 [ERROR] LogOutputStream:75 - [STDERR_REDIRECT] Nov 07, 2025 3:24:36 PM java.util.prefs.FileSystemPreferences syncWorld
2025-11-07 15:24:36,564 [ERROR] LogOutputStream:75 - [STDERR_REDIRECT] WARNING: Couldn't flush system prefs: java.util.prefs.BackingStoreException: Couldn't get file lock.
2025-11-07 15:24:36,564 [ERROR] LogOutputStream:75 - [STDERR_REDIRECT] 
2025-11-07 15:25:06,566 [ERROR] LogOutputStream:75 - [STDERR_REDIRECT] Nov 07, 2025 3:25:06 PM java.util.prefs.FileSystemPreferences checkLockFile0ErrorCode
2025-11-07 15:25:06,567 [ERROR] LogOutputStream:75 - [STDERR_REDIRECT] WARNING: Could not lock System prefs. Unix error code 2.
2025-11-07 15:25:06,567 [ERROR] LogOutputStream:75 - [STDERR_REDIRECT] 
2025-11-07 15:25:06,568 [ERROR] LogOutputStream:75 - [STDERR_REDIRECT] Nov 07, 2025 3:25:06 PM java.util.prefs.FileSystemPreferences syncWorld
2025-11-07 15:25:06,568 [ERROR] LogOutputStream:75 - [STDERR_REDIRECT] WARNING: Couldn't flush system prefs: java.util.prefs.BackingStoreException: Couldn't get file lock.
2025-11-07 15:25:06,568 [ERROR] LogOutputStream:75 - [STDERR_REDIRECT] 
2025-11-07 15:25:36,568 [ERROR] LogOutputStream:75 - [STDERR_REDIRECT] Nov 07, 2025 3:25:36 PM java.util.prefs.FileSystemPreferences checkLockFile0ErrorCode
2025-11-07 15:25:36,568 [ERROR] LogOutputStream:75 - [STDERR_REDIRECT] WARNING: Could not lock System prefs. Unix error code 2.
2025-11-07 15:25:36,568 [ERROR] LogOutputStream:75 - [STDERR_REDIRECT] 
2025-11-07 15:25:36,569 [ERROR] LogOutputStream:75 - [STDERR_REDIRECT] Nov 07, 2025 3:25:36 PM java.util.prefs.FileSystemPreferences syncWorld
2025-11-07 15:25:36,569 [ERROR] LogOutputStream:75 - [STDERR_REDIRECT] WARNING: Couldn't flush system prefs: java.util.prefs.BackingStoreException: Couldn't get file lock.
2025-11-07 15:25:36,569 [ERROR] LogOutputStream:75 - [STDERR_REDIRECT] 
2025-11-07 15:26:06,567 [ERROR] LogOutputStream:75 - [STDERR_REDIRECT] Nov 07, 2025 3:26:06 PM java.util.prefs.FileSystemPreferences checkLockFile0ErrorCode
2025-11-07 15:26:06,567 [ERROR] LogOutputStream:75 - [STDERR_REDIRECT] WARNING: Could not lock System prefs. Unix error code 2.
2025-11-07 15:26:06,567 [ERROR] LogOutputStream:75 - [STDERR_REDIRECT] 
2025-11-07 15:26:06,569 [ERROR] LogOutputStream:75 - [STDERR_REDIRECT] Nov 07, 2025 3:26:06 PM java.util.prefs.FileSystemPreferences syncWorld
2025-11-07 15:26:06,569 [ERROR] LogOutputStream:75 - [STDERR_REDIRECT] WARNING: Couldn't flush system prefs: java.util.prefs.BackingStoreException: Couldn't get file lock.
2025-11-07 15:26:06,569 [ERROR] LogOutputStream:75 - [STDERR_REDIRECT] 
2025-11-07 15:26:36,580 [ERROR] LogOutputStream:75 - [STDERR_REDIRECT] Nov 07, 2025 3:26:36 PM java.util.prefs.FileSystemPreferences checkLockFile0ErrorCode
2025-11-07 15:26:36,581 [ERROR] LogOutputStream:75 - [STDERR_REDIRECT] WARNING: Could not lock System prefs. Unix error code 2.
2025-11-07 15:26:36,581 [ERROR] LogOutputStream:75 - [STDERR_REDIRECT] 
2025-11-07 15:26:36,582 [ERROR] LogOutputStream:75 - [STDERR_REDIRECT] Nov 07, 2025 3:26:36 PM java.util.prefs.FileSystemPreferences syncWorld
2025-11-07 15:26:36,583 [ERROR] LogOutputStream:75 - [STDERR_REDIRECT] WARNING: Couldn't flush system prefs: java.util.prefs.BackingStoreException: Couldn't get file lock.
2025-11-07 15:26:36,583 [ERROR] LogOutputStream:75 - [STDERR_REDIRECT] 
2025-11-07 15:27:06,569 [ERROR] LogOutputStream:75 - [STDERR_REDIRECT] Nov 07, 2025 3:27:06 PM java.util.prefs.FileSystemPreferences checkLockFile0ErrorCode
2025-11-07 15:27:06,570 [ERROR] LogOutputStream:75 - [STDERR_REDIRECT] WARNING: Could not lock System prefs. Unix error code 2.
2025-11-07 15:27:06,571 [ERROR] LogOutputStream:75 - [STDERR_REDIRECT] 
2025-11-07 15:27:06,572 [ERROR] LogOutputStream:75 - [STDERR_REDIRECT] Nov 07, 2025 3:27:06 PM java.util.prefs.FileSystemPreferences syncWorld
2025-11-07 15:27:06,572 [ERROR] LogOutputStream:75 - [STDERR_REDIRECT] WARNING: Couldn't flush system prefs: java.util.prefs.BackingStoreException: Couldn't get file lock.
2025-11-07 15:27:06,573 [ERROR] LogOutputStream:75 - [STDERR_REDIRECT] 
2025-11-07 15:27:17,256 [INFO] NvicIntPanel:101 - NVIC parent = com.st.microxplorer.plugins.ip.nvic.MultiNvicIntPanel[,0,0,0x0,invalid,layout=javax.swing.BoxLayout,alignmentX=0.0,alignmentY=0.0,border=,flags=9,maximumSize=,minimumSize=,preferredSize=]
2025-11-07 15:27:33,044 [INFO] NvicIntPanel:101 - NVIC parent = com.st.microxplorer.plugins.ip.nvic.MultiNvicIntPanel[,0,0,0x0,invalid,layout=javax.swing.BoxLayout,alignmentX=0.0,alignmentY=0.0,border=,flags=9,maximumSize=,minimumSize=,preferredSize=]
2025-11-07 15:27:36,575 [ERROR] LogOutputStream:75 - [STDERR_REDIRECT] Nov 07, 2025 3:27:36 PM java.util.prefs.FileSystemPreferences checkLockFile0ErrorCode
2025-11-07 15:27:36,575 [ERROR] LogOutputStream:75 - [STDERR_REDIRECT] WARNING: Could not lock System prefs. Unix error code 2.
2025-11-07 15:27:36,576 [ERROR] LogOutputStream:75 - [STDERR_REDIRECT] 
2025-11-07 15:27:36,577 [ERROR] LogOutputStream:75 - [STDERR_REDIRECT] Nov 07, 2025 3:27:36 PM java.util.prefs.FileSystemPreferences syncWorld
2025-11-07 15:27:36,577 [ERROR] LogOutputStream:75 - [STDERR_REDIRECT] WARNING: Couldn't flush system prefs: java.util.prefs.BackingStoreException: Couldn't get file lock.
2025-11-07 15:27:36,578 [ERROR] LogOutputStream:75 - [STDERR_REDIRECT] 
2025-11-07 15:27:51,930 [INFO] NvicIntPanel:101 - NVIC parent = com.st.microxplorer.plugins.ip.nvic.MultiNvicIntPanel[,0,0,0x0,invalid,layout=javax.swing.BoxLayout,alignmentX=0.0,alignmentY=0.0,border=,flags=9,maximumSize=,minimumSize=,preferredSize=]
2025-11-07 15:28:06,575 [ERROR] LogOutputStream:75 - [STDERR_REDIRECT] Nov 07, 2025 3:28:06 PM java.util.prefs.FileSystemPreferences checkLockFile0ErrorCode
2025-11-07 15:28:06,576 [ERROR] LogOutputStream:75 - [STDERR_REDIRECT] WARNING: Could not lock System prefs. Unix error code 2.
2025-11-07 15:28:06,576 [ERROR] LogOutputStream:75 - [STDERR_REDIRECT] 
2025-11-07 15:28:06,577 [ERROR] LogOutputStream:75 - [STDERR_REDIRECT] Nov 07, 2025 3:28:06 PM java.util.prefs.FileSystemPreferences syncWorld
2025-11-07 15:28:06,577 [ERROR] LogOutputStream:75 - [STDERR_REDIRECT] WARNING: Couldn't flush system prefs: java.util.prefs.BackingStoreException: Couldn't get file lock.
2025-11-07 15:28:06,577 [ERROR] LogOutputStream:75 - [STDERR_REDIRECT] 
2025-11-07 15:28:36,574 [ERROR] LogOutputStream:75 - [STDERR_REDIRECT] Nov 07, 2025 3:28:36 PM java.util.prefs.FileSystemPreferences checkLockFile0ErrorCode
2025-11-07 15:28:36,575 [ERROR] LogOutputStream:75 - [STDERR_REDIRECT] WARNING: Could not lock System prefs. Unix error code 2.
2025-11-07 15:28:36,575 [ERROR] LogOutputStream:75 - [STDERR_REDIRECT] 
2025-11-07 15:28:36,576 [ERROR] LogOutputStream:75 - [STDERR_REDIRECT] Nov 07, 2025 3:28:36 PM java.util.prefs.FileSystemPreferences syncWorld
2025-11-07 15:28:36,576 [ERROR] LogOutputStream:75 - [STDERR_REDIRECT] WARNING: Couldn't flush system prefs: java.util.prefs.BackingStoreException: Couldn't get file lock.
2025-11-07 15:28:36,576 [ERROR] LogOutputStream:75 - [STDERR_REDIRECT] 
2025-11-07 15:29:00,931 [INFO] ParamManager:905 - [Generic UI] PropertyChangeEvent: TAB_STATUS_CHANGED , "dont care", "never mind"
2025-11-07 15:29:00,952 [INFO] ParamManager:905 - [Generic UI] PropertyChangeEvent: TAB_STATUS_CHANGED , "dont care", "never mind"
2025-11-07 15:29:00,960 [INFO] ADCParametersView:116 -                Rank 1 : false
2025-11-07 15:29:00,994 [INFO] ADCParametersView:116 -                Rank 1 : false
2025-11-07 15:29:00,994 [INFO] ADCParametersView:116 -                Rank 1 : false
2025-11-07 15:29:00,995 [INFO] ADCParametersView:116 -                Rank 1 : false
2025-11-07 15:29:00,995 [INFO] ADCParametersView:116 -                Rank 1 : false
2025-11-07 15:29:00,995 [INFO] ADCParametersView:116 -                Rank 1 : false
2025-11-07 15:29:00,995 [INFO] ADCParametersView:116 -                Rank 1 : false
2025-11-07 15:29:00,995 [INFO] ADCParametersView:116 -                Rank 1 : false
2025-11-07 15:29:00,995 [INFO] ADCParametersView:116 -                Rank 1 : false
2025-11-07 15:29:00,995 [INFO] ADCParametersView:116 -                Rank 1 : false
2025-11-07 15:29:00,995 [INFO] ADCParametersView:116 -                Rank 1 : false
2025-11-07 15:29:00,996 [INFO] ADCParametersView:116 -                Rank 1 : false
2025-11-07 15:29:00,996 [INFO] ADCParametersView:116 -                Rank 1 : false
2025-11-07 15:29:00,996 [INFO] ADCParametersView:116 -                Rank 1 : false
2025-11-07 15:29:00,996 [INFO] ADCParametersView:116 -                Rank 1 : false
2025-11-07 15:29:01,007 [INFO] ADCParametersView:116 -                Rank 1 : false
2025-11-07 15:29:01,136 [INFO] NvicIntPanel:101 - NVIC parent = com.st.microxplorer.plugins.ip.nvic.MultiNvicIntPanel[,0,0,0x0,invalid,layout=javax.swing.BoxLayout,alignmentX=0.0,alignmentY=0.0,border=,flags=9,maximumSize=,minimumSize=,preferredSize=]
2025-11-07 15:29:01,263 [INFO] NvicIntPanel:101 - NVIC parent = com.st.microxplorer.plugins.ip.nvic.MultiNvicIntPanel[,0,0,0x0,invalid,layout=javax.swing.BoxLayout,alignmentX=0.0,alignmentY=0.0,border=,flags=9,maximumSize=,minimumSize=,preferredSize=]
2025-11-07 15:29:01,335 [INFO] ADCParametersView:116 -                Rank 1 : false
2025-11-07 15:29:01,336 [INFO] ADCParametersView:116 -                Rank 1 : false
2025-11-07 15:29:01,336 [INFO] ADCParametersView:116 -                Rank 1 : false
2025-11-07 15:29:01,336 [INFO] ADCParametersView:116 -                Rank 1 : false
2025-11-07 15:29:01,336 [INFO] ADCParametersView:116 -                Rank 1 : false
2025-11-07 15:29:01,337 [INFO] ADCParametersView:116 -                Rank 1 : false
2025-11-07 15:29:01,337 [INFO] ADCParametersView:116 -                Rank 1 : false
2025-11-07 15:29:01,337 [INFO] ADCParametersView:116 -                Rank 1 : false
2025-11-07 15:29:01,337 [INFO] ADCParametersView:116 -                Rank 1 : false
2025-11-07 15:29:01,337 [INFO] ADCParametersView:116 -                Rank 1 : false
2025-11-07 15:29:01,337 [INFO] ADCParametersView:116 -                Rank 1 : false
2025-11-07 15:29:01,337 [INFO] ADCParametersView:116 -                Rank 1 : false
2025-11-07 15:29:01,337 [INFO] ADCParametersView:116 -                Rank 1 : false
2025-11-07 15:29:01,338 [INFO] ADCParametersView:116 -                Rank 1 : false
2025-11-07 15:29:01,375 [INFO] ADCParametersView:116 -                Rank 1 : false
2025-11-07 15:29:01,428 [INFO] ADCParametersView:116 -                Rank 1 : false
2025-11-07 15:29:01,428 [INFO] ADCParametersView:116 -                Rank 1 : false
2025-11-07 15:29:01,428 [INFO] ADCParametersView:116 -                Rank 1 : false
2025-11-07 15:29:01,428 [INFO] ADCParametersView:116 -                Rank 1 : false
2025-11-07 15:29:01,428 [INFO] ADCParametersView:116 -                Rank 1 : false
2025-11-07 15:29:01,428 [INFO] ADCParametersView:116 -                Rank 1 : false
2025-11-07 15:29:01,428 [INFO] ADCParametersView:116 -                Rank 1 : false
2025-11-07 15:29:01,428 [INFO] ADCParametersView:116 -                Rank 1 : false
2025-11-07 15:29:01,429 [INFO] ADCParametersView:116 -                Rank 1 : false
2025-11-07 15:29:01,429 [INFO] ADCParametersView:116 -                Rank 1 : false
2025-11-07 15:29:01,429 [INFO] ADCParametersView:116 -                Rank 1 : false
2025-11-07 15:29:01,429 [INFO] ADCParametersView:116 -                Rank 1 : false
2025-11-07 15:29:01,429 [INFO] ADCParametersView:116 -                Rank 1 : false
2025-11-07 15:29:01,429 [INFO] ADCParametersView:116 -                Rank 1 : false
2025-11-07 15:29:01,452 [INFO] ADCParametersView:116 -                Rank 1 : false
2025-11-07 15:29:02,285 [INFO] ADCParametersView:116 -                Rank 1 : false
2025-11-07 15:29:02,285 [INFO] ADCParametersView:116 -                Rank 1 : false
2025-11-07 15:29:02,285 [INFO] ADCParametersView:116 -                Rank 1 : false
2025-11-07 15:29:02,285 [INFO] ADCParametersView:116 -                Rank 1 : false
2025-11-07 15:29:02,285 [INFO] ADCParametersView:116 -                Rank 1 : false
2025-11-07 15:29:02,286 [INFO] ADCParametersView:116 -                Rank 1 : false
2025-11-07 15:29:02,286 [INFO] ADCParametersView:116 -                Rank 1 : false
2025-11-07 15:29:02,286 [INFO] ADCParametersView:116 -                Rank 1 : false
2025-11-07 15:29:02,286 [INFO] ADCParametersView:116 -                Rank 1 : false
2025-11-07 15:29:02,286 [INFO] ADCParametersView:116 -                Rank 1 : false
2025-11-07 15:29:02,286 [INFO] ADCParametersView:116 -                Rank 1 : false
2025-11-07 15:29:02,286 [INFO] ADCParametersView:116 -                Rank 1 : false
2025-11-07 15:29:02,286 [INFO] ADCParametersView:116 -                Rank 1 : false
2025-11-07 15:29:02,286 [INFO] ADCParametersView:116 -                Rank 1 : false
2025-11-07 15:29:02,309 [INFO] ADCParametersView:116 -                Rank 1 : false
2025-11-07 15:29:02,343 [INFO] ADCParametersView:116 -                Rank 1 : false
2025-11-07 15:29:02,343 [INFO] ADCParametersView:116 -                Rank 1 : false
2025-11-07 15:29:02,343 [INFO] ADCParametersView:116 -                Rank 1 : false
2025-11-07 15:29:02,343 [INFO] ADCParametersView:116 -                Rank 1 : false
2025-11-07 15:29:02,343 [INFO] ADCParametersView:116 -                Rank 1 : false
2025-11-07 15:29:02,343 [INFO] ADCParametersView:116 -                Rank 1 : false
2025-11-07 15:29:02,343 [INFO] ADCParametersView:116 -                Rank 1 : false
2025-11-07 15:29:02,343 [INFO] ADCParametersView:116 -                Rank 1 : false
2025-11-07 15:29:02,344 [INFO] ADCParametersView:116 -                Rank 1 : false
2025-11-07 15:29:02,344 [INFO] ADCParametersView:116 -                Rank 1 : false
2025-11-07 15:29:02,344 [INFO] ADCParametersView:116 -                Rank 1 : false
2025-11-07 15:29:02,344 [INFO] ADCParametersView:116 -                Rank 1 : false
2025-11-07 15:29:02,344 [INFO] ADCParametersView:116 -                Rank 1 : false
2025-11-07 15:29:02,344 [INFO] ADCParametersView:116 -                Rank 1 : false
2025-11-07 15:29:02,366 [INFO] ADCParametersView:116 -                Rank 1 : false
2025-11-07 15:29:02,466 [INFO] ADCParametersView:116 -                Rank 1 : false
2025-11-07 15:29:02,466 [INFO] ADCParametersView:116 -                Rank 1 : false
2025-11-07 15:29:02,467 [INFO] ADCParametersView:116 -                Rank 1 : false
2025-11-07 15:29:02,467 [INFO] ADCParametersView:116 -                Rank 1 : false
2025-11-07 15:29:02,467 [INFO] ADCParametersView:116 -                Rank 1 : false
2025-11-07 15:29:02,467 [INFO] ADCParametersView:116 -                Rank 1 : false
2025-11-07 15:29:02,467 [INFO] ADCParametersView:116 -                Rank 1 : false
2025-11-07 15:29:02,467 [INFO] ADCParametersView:116 -                Rank 1 : false
2025-11-07 15:29:02,467 [INFO] ADCParametersView:116 -                Rank 1 : false
2025-11-07 15:29:02,467 [INFO] ADCParametersView:116 -                Rank 1 : false
2025-11-07 15:29:02,467 [INFO] ADCParametersView:116 -                Rank 1 : false
2025-11-07 15:29:02,467 [INFO] ADCParametersView:116 -                Rank 1 : false
2025-11-07 15:29:02,467 [INFO] ADCParametersView:116 -                Rank 1 : false
2025-11-07 15:29:02,467 [INFO] ADCParametersView:116 -                Rank 1 : false
2025-11-07 15:29:02,489 [INFO] ADCParametersView:116 -                Rank 1 : false
2025-11-07 15:29:02,519 [INFO] ADCParametersView:116 -                Rank 1 : false
2025-11-07 15:29:02,519 [INFO] ADCParametersView:116 -                Rank 1 : false
2025-11-07 15:29:02,519 [INFO] ADCParametersView:116 -                Rank 1 : false
2025-11-07 15:29:02,519 [INFO] ADCParametersView:116 -                Rank 1 : false
2025-11-07 15:29:02,519 [INFO] ADCParametersView:116 -                Rank 1 : false
2025-11-07 15:29:02,520 [INFO] ADCParametersView:116 -                Rank 1 : false
2025-11-07 15:29:02,520 [INFO] ADCParametersView:116 -                Rank 1 : false
2025-11-07 15:29:02,520 [INFO] ADCParametersView:116 -                Rank 1 : false
2025-11-07 15:29:02,520 [INFO] ADCParametersView:116 -                Rank 1 : false
2025-11-07 15:29:02,520 [INFO] ADCParametersView:116 -                Rank 1 : false
2025-11-07 15:29:02,520 [INFO] ADCParametersView:116 -                Rank 1 : false
2025-11-07 15:29:02,520 [INFO] ADCParametersView:116 -                Rank 1 : false
2025-11-07 15:29:02,520 [INFO] ADCParametersView:116 -                Rank 1 : false
2025-11-07 15:29:02,520 [INFO] ADCParametersView:116 -                Rank 1 : false
2025-11-07 15:29:02,542 [INFO] ADCParametersView:116 -                Rank 1 : false
2025-11-07 15:29:06,034 [INFO] NvicIntPanel:101 - NVIC parent = com.st.microxplorer.plugins.ip.nvic.MultiNvicIntPanel[,0,0,525x295,layout=javax.swing.BoxLayout,alignmentX=0.0,alignmentY=0.0,border=,flags=9,maximumSize=,minimumSize=,preferredSize=]
2025-11-07 15:29:06,569 [ERROR] LogOutputStream:75 - [STDERR_REDIRECT] Nov 07, 2025 3:29:06 PM java.util.prefs.FileSystemPreferences checkLockFile0ErrorCode
2025-11-07 15:29:06,569 [ERROR] LogOutputStream:75 - [STDERR_REDIRECT] WARNING: Could not lock System prefs. Unix error code 2.
2025-11-07 15:29:06,570 [ERROR] LogOutputStream:75 - [STDERR_REDIRECT] 
2025-11-07 15:29:06,570 [ERROR] LogOutputStream:75 - [STDERR_REDIRECT] Nov 07, 2025 3:29:06 PM java.util.prefs.FileSystemPreferences syncWorld
2025-11-07 15:29:06,570 [ERROR] LogOutputStream:75 - [STDERR_REDIRECT] WARNING: Couldn't flush system prefs: java.util.prefs.BackingStoreException: Couldn't get file lock.
2025-11-07 15:29:06,571 [ERROR] LogOutputStream:75 - [STDERR_REDIRECT] 
2025-11-07 15:29:07,874 [INFO] ADCParametersView:116 -                Rank 1 : false
2025-11-07 15:29:07,874 [INFO] ADCParametersView:116 -                Rank 1 : false
2025-11-07 15:29:07,874 [INFO] ADCParametersView:116 -                Rank 1 : false
2025-11-07 15:29:07,874 [INFO] ADCParametersView:116 -                Rank 1 : false
2025-11-07 15:29:07,874 [INFO] ADCParametersView:116 -                Rank 1 : false
2025-11-07 15:29:07,874 [INFO] ADCParametersView:116 -                Rank 1 : false
2025-11-07 15:29:07,874 [INFO] ADCParametersView:116 -                Rank 1 : false
2025-11-07 15:29:07,874 [INFO] ADCParametersView:116 -                Rank 1 : false
2025-11-07 15:29:07,874 [INFO] ADCParametersView:116 -                Rank 1 : false
2025-11-07 15:29:07,874 [INFO] ADCParametersView:116 -                Rank 1 : false
2025-11-07 15:29:07,874 [INFO] ADCParametersView:116 -                Rank 1 : false
2025-11-07 15:29:07,874 [INFO] ADCParametersView:116 -                Rank 1 : false
2025-11-07 15:29:07,874 [INFO] ADCParametersView:116 -                Rank 1 : false
2025-11-07 15:29:07,874 [INFO] ADCParametersView:116 -                Rank 1 : false
2025-11-07 15:29:07,901 [INFO] ADCParametersView:116 -                Rank 1 : false
2025-11-07 15:29:07,930 [INFO] ADCParametersView:116 -                Rank 1 : false
2025-11-07 15:29:07,930 [INFO] ADCParametersView:116 -                Rank 1 : false
2025-11-07 15:29:07,931 [INFO] ADCParametersView:116 -                Rank 1 : false
2025-11-07 15:29:07,931 [INFO] ADCParametersView:116 -                Rank 1 : false
2025-11-07 15:29:07,931 [INFO] ADCParametersView:116 -                Rank 1 : false
2025-11-07 15:29:07,931 [INFO] ADCParametersView:116 -                Rank 1 : false
2025-11-07 15:29:07,931 [INFO] ADCParametersView:116 -                Rank 1 : false
2025-11-07 15:29:07,931 [INFO] ADCParametersView:116 -                Rank 1 : false
2025-11-07 15:29:07,931 [INFO] ADCParametersView:116 -                Rank 1 : false
2025-11-07 15:29:07,931 [INFO] ADCParametersView:116 -                Rank 1 : false
2025-11-07 15:29:07,931 [INFO] ADCParametersView:116 -                Rank 1 : false
2025-11-07 15:29:07,931 [INFO] ADCParametersView:116 -                Rank 1 : false
2025-11-07 15:29:07,931 [INFO] ADCParametersView:116 -                Rank 1 : false
2025-11-07 15:29:07,931 [INFO] ADCParametersView:116 -                Rank 1 : false
2025-11-07 15:29:07,952 [INFO] ADCParametersView:116 -                Rank 1 : false
2025-11-07 15:29:07,960 [INFO] NvicIntPanel:101 - NVIC parent = com.st.microxplorer.plugins.ip.nvic.MultiNvicIntPanel[,0,0,0x0,invalid,layout=javax.swing.BoxLayout,alignmentX=0.0,alignmentY=0.0,border=,flags=9,maximumSize=,minimumSize=,preferredSize=]
2025-11-07 15:29:25,004 [INFO] ADCParametersView:116 -                Rank 1 : false
2025-11-07 15:29:25,005 [INFO] ADCParametersView:116 -                Rank 1 : false
2025-11-07 15:29:25,005 [INFO] ADCParametersView:116 -                Rank 1 : false
2025-11-07 15:29:25,005 [INFO] ADCParametersView:116 -                Rank 1 : false
2025-11-07 15:29:25,005 [INFO] ADCParametersView:116 -                Rank 1 : false
2025-11-07 15:29:25,005 [INFO] ADCParametersView:116 -                Rank 1 : false
2025-11-07 15:29:25,006 [INFO] ADCParametersView:116 -                Rank 1 : false
2025-11-07 15:29:25,006 [INFO] ADCParametersView:116 -                Rank 1 : false
2025-11-07 15:29:25,006 [INFO] ADCParametersView:116 -                Rank 1 : false
2025-11-07 15:29:25,006 [INFO] ADCParametersView:116 -                Rank 1 : false
2025-11-07 15:29:25,006 [INFO] ADCParametersView:116 -                Rank 1 : false
2025-11-07 15:29:25,006 [INFO] ADCParametersView:116 -                Rank 1 : false
2025-11-07 15:29:25,006 [INFO] ADCParametersView:116 -                Rank 1 : false
2025-11-07 15:29:25,006 [INFO] ADCParametersView:116 -                Rank 1 : false
2025-11-07 15:29:25,031 [INFO] ADCParametersView:116 -                Rank 1 : false
2025-11-07 15:29:32,233 [INFO] ADCParametersView:116 -                Rank 1 : true
2025-11-07 15:29:36,574 [ERROR] LogOutputStream:75 - [STDERR_REDIRECT] Nov 07, 2025 3:29:36 PM java.util.prefs.FileSystemPreferences checkLockFile0ErrorCode
2025-11-07 15:29:36,574 [ERROR] LogOutputStream:75 - [STDERR_REDIRECT] WARNING: Could not lock System prefs. Unix error code 2.
2025-11-07 15:29:36,574 [ERROR] LogOutputStream:75 - [STDERR_REDIRECT] 
2025-11-07 15:29:36,575 [ERROR] LogOutputStream:75 - [STDERR_REDIRECT] Nov 07, 2025 3:29:36 PM java.util.prefs.FileSystemPreferences syncWorld
2025-11-07 15:29:36,575 [ERROR] LogOutputStream:75 - [STDERR_REDIRECT] WARNING: Couldn't flush system prefs: java.util.prefs.BackingStoreException: Couldn't get file lock.
2025-11-07 15:29:36,575 [ERROR] LogOutputStream:75 - [STDERR_REDIRECT] 
2025-11-07 15:29:40,099 [INFO] NvicIntPanel:101 - NVIC parent = com.st.microxplorer.plugins.ip.nvic.MultiNvicIntPanel[,0,0,0x0,invalid,layout=javax.swing.BoxLayout,alignmentX=0.0,alignmentY=0.0,border=,flags=9,maximumSize=,minimumSize=,preferredSize=]
2025-11-07 15:29:40,150 [INFO] ADCParametersView:116 -                Rank 1 : true
2025-11-07 15:29:40,152 [INFO] ADCParametersView:116 -                Rank 1 : true
2025-11-07 15:29:40,152 [INFO] ADCParametersView:116 -                Rank 1 : true
2025-11-07 15:29:40,153 [INFO] ADCParametersView:116 -                Rank 1 : true
2025-11-07 15:29:40,153 [INFO] ADCParametersView:116 -                Rank 1 : true
2025-11-07 15:29:40,153 [INFO] ADCParametersView:116 -                Rank 1 : true
2025-11-07 15:29:40,153 [INFO] ADCParametersView:116 -                Rank 1 : true
2025-11-07 15:29:40,153 [INFO] ADCParametersView:116 -                Rank 1 : true
2025-11-07 15:29:40,153 [INFO] ADCParametersView:116 -                Rank 1 : true
2025-11-07 15:29:40,153 [INFO] ADCParametersView:116 -                Rank 1 : true
2025-11-07 15:29:40,153 [INFO] ADCParametersView:116 -                Rank 1 : true
2025-11-07 15:29:40,153 [INFO] ADCParametersView:116 -                Rank 1 : true
2025-11-07 15:29:40,153 [INFO] ADCParametersView:116 -                Rank 1 : true
2025-11-07 15:29:40,153 [INFO] ADCParametersView:116 -                Rank 1 : true
2025-11-07 15:29:40,190 [INFO] ADCParametersView:116 -                Rank 1 : true
2025-11-07 15:30:06,570 [ERROR] LogOutputStream:75 - [STDERR_REDIRECT] Nov 07, 2025 3:30:06 PM java.util.prefs.FileSystemPreferences checkLockFile0ErrorCode
2025-11-07 15:30:06,571 [ERROR] LogOutputStream:75 - [STDERR_REDIRECT] WARNING: Could not lock System prefs. Unix error code 2.
2025-11-07 15:30:06,571 [ERROR] LogOutputStream:75 - [STDERR_REDIRECT] 
2025-11-07 15:30:06,572 [ERROR] LogOutputStream:75 - [STDERR_REDIRECT] Nov 07, 2025 3:30:06 PM java.util.prefs.FileSystemPreferences syncWorld
2025-11-07 15:30:06,573 [ERROR] LogOutputStream:75 - [STDERR_REDIRECT] WARNING: Couldn't flush system prefs: java.util.prefs.BackingStoreException: Couldn't get file lock.
2025-11-07 15:30:06,573 [ERROR] LogOutputStream:75 - [STDERR_REDIRECT] 
2025-11-07 15:30:10,832 [INFO] NvicIntPanel:101 - NVIC parent = com.st.microxplorer.plugins.ip.nvic.MultiNvicIntPanel[,0,0,0x0,invalid,layout=javax.swing.BoxLayout,alignmentX=0.0,alignmentY=0.0,border=,flags=9,maximumSize=,minimumSize=,preferredSize=]
2025-11-07 15:30:10,873 [INFO] ADCParametersView:116 -                Rank 1 : true
2025-11-07 15:30:10,875 [INFO] ADCParametersView:116 -                Rank 1 : true
2025-11-07 15:30:10,875 [INFO] ADCParametersView:116 -                Rank 1 : true
2025-11-07 15:30:10,875 [INFO] ADCParametersView:116 -                Rank 1 : true
2025-11-07 15:30:10,875 [INFO] ADCParametersView:116 -                Rank 1 : true
2025-11-07 15:30:10,875 [INFO] ADCParametersView:116 -                Rank 1 : true
2025-11-07 15:30:10,875 [INFO] ADCParametersView:116 -                Rank 1 : true
2025-11-07 15:30:10,875 [INFO] ADCParametersView:116 -                Rank 1 : true
2025-11-07 15:30:10,875 [INFO] ADCParametersView:116 -                Rank 1 : true
2025-11-07 15:30:10,875 [INFO] ADCParametersView:116 -                Rank 1 : true
2025-11-07 15:30:10,876 [INFO] ADCParametersView:116 -                Rank 1 : true
2025-11-07 15:30:10,876 [INFO] ADCParametersView:116 -                Rank 1 : true
2025-11-07 15:30:10,876 [INFO] ADCParametersView:116 -                Rank 1 : true
2025-11-07 15:30:10,876 [INFO] ADCParametersView:116 -                Rank 1 : true
2025-11-07 15:30:10,902 [INFO] ADCParametersView:116 -                Rank 1 : true
2025-11-07 15:30:18,485 [INFO] SpinnerEditorADC:65 - is string kkkk
2025-11-07 15:30:20,526 [INFO] ParamManager:905 - [Generic UI] PropertyChangeEvent: TAB_STATUS_CHANGED , "dont care", "never mind"
2025-11-07 15:30:20,540 [INFO] NvicIntPanel:101 - NVIC parent = com.st.microxplorer.plugins.ip.nvic.MultiNvicIntPanel[,0,0,0x0,invalid,layout=javax.swing.BoxLayout,alignmentX=0.0,alignmentY=0.0,border=,flags=9,maximumSize=,minimumSize=,preferredSize=]
2025-11-07 15:30:20,612 [INFO] ParamManager:905 - [Generic UI] PropertyChangeEvent: TAB_STATUS_CHANGED , "dont care", "never mind"
2025-11-07 15:30:20,626 [INFO] NvicIntPanel:101 - NVIC parent = com.st.microxplorer.plugins.ip.nvic.MultiNvicIntPanel[,0,0,0x0,invalid,layout=javax.swing.BoxLayout,alignmentX=0.0,alignmentY=0.0,border=,flags=9,maximumSize=,minimumSize=,preferredSize=]
2025-11-07 15:30:20,705 [INFO] NvicIntPanel:101 - NVIC parent = com.st.microxplorer.plugins.ip.nvic.MultiNvicIntPanel[,0,0,0x0,invalid,layout=javax.swing.BoxLayout,alignmentX=0.0,alignmentY=0.0,border=,flags=9,maximumSize=,minimumSize=,preferredSize=]
2025-11-07 15:30:20,742 [INFO] ADCParametersView:116 -                Rank 1 : true
2025-11-07 15:30:20,744 [INFO] ADCParametersView:116 -                Rank 1 : true
2025-11-07 15:30:20,744 [INFO] ADCParametersView:116 -                Rank 1 : true
2025-11-07 15:30:20,744 [INFO] ADCParametersView:116 -                Rank 1 : true
2025-11-07 15:30:20,744 [INFO] ADCParametersView:116 -                Rank 1 : true
2025-11-07 15:30:20,744 [INFO] ADCParametersView:116 -                Rank 1 : true
2025-11-07 15:30:20,744 [INFO] ADCParametersView:116 -                Rank 1 : true
2025-11-07 15:30:20,744 [INFO] ADCParametersView:116 -                Rank 1 : true
2025-11-07 15:30:20,744 [INFO] ADCParametersView:116 -                Rank 1 : true
2025-11-07 15:30:20,744 [INFO] ADCParametersView:116 -                Rank 1 : true
2025-11-07 15:30:20,744 [INFO] ADCParametersView:116 -                Rank 1 : true
2025-11-07 15:30:20,745 [INFO] ADCParametersView:116 -                Rank 1 : true
2025-11-07 15:30:20,745 [INFO] ADCParametersView:116 -                Rank 1 : true
2025-11-07 15:30:20,745 [INFO] ADCParametersView:116 -                Rank 1 : true
2025-11-07 15:30:20,767 [INFO] ADCParametersView:116 -                Rank 1 : true
2025-11-07 15:30:20,767 [INFO] ADCParametersView:116 -                Rank 1 : true
2025-11-07 15:30:20,767 [INFO] ADCParametersView:116 -        *      Rank 2 : false
2025-11-07 15:30:23,157 [INFO] ADCParametersView:116 -                Rank 1 : true
2025-11-07 15:30:23,157 [INFO] ADCParametersView:116 -        *      Rank 2 : true
2025-11-07 15:30:33,808 [INFO] NvicIntPanel:101 - NVIC parent = com.st.microxplorer.plugins.ip.nvic.MultiNvicIntPanel[,0,0,0x0,invalid,layout=javax.swing.BoxLayout,alignmentX=0.0,alignmentY=0.0,border=,flags=9,maximumSize=,minimumSize=,preferredSize=]
2025-11-07 15:30:33,841 [INFO] ADCParametersView:116 -                Rank 1 : true
2025-11-07 15:30:33,841 [INFO] ADCParametersView:116 -        *      Rank 2 : true
2025-11-07 15:30:33,842 [INFO] ADCParametersView:116 -                Rank 1 : true
2025-11-07 15:30:33,842 [INFO] ADCParametersView:116 -        *      Rank 2 : true
2025-11-07 15:30:33,842 [INFO] ADCParametersView:116 -                Rank 1 : true
2025-11-07 15:30:33,842 [INFO] ADCParametersView:116 -        *      Rank 2 : true
2025-11-07 15:30:33,842 [INFO] ADCParametersView:116 -                Rank 1 : true
2025-11-07 15:30:33,842 [INFO] ADCParametersView:116 -        *      Rank 2 : true
2025-11-07 15:30:33,842 [INFO] ADCParametersView:116 -                Rank 1 : true
2025-11-07 15:30:33,842 [INFO] ADCParametersView:116 -        *      Rank 2 : true
2025-11-07 15:30:33,842 [INFO] ADCParametersView:116 -                Rank 1 : true
2025-11-07 15:30:33,842 [INFO] ADCParametersView:116 -        *      Rank 2 : true
2025-11-07 15:30:33,842 [INFO] ADCParametersView:116 -                Rank 1 : true
2025-11-07 15:30:33,842 [INFO] ADCParametersView:116 -        *      Rank 2 : true
2025-11-07 15:30:33,842 [INFO] ADCParametersView:116 -                Rank 1 : true
2025-11-07 15:30:33,842 [INFO] ADCParametersView:116 -        *      Rank 2 : true
2025-11-07 15:30:33,842 [INFO] ADCParametersView:116 -                Rank 1 : true
2025-11-07 15:30:33,842 [INFO] ADCParametersView:116 -        *      Rank 2 : true
2025-11-07 15:30:33,842 [INFO] ADCParametersView:116 -                Rank 1 : true
2025-11-07 15:30:33,842 [INFO] ADCParametersView:116 -        *      Rank 2 : true
2025-11-07 15:30:33,842 [INFO] ADCParametersView:116 -                Rank 1 : true
2025-11-07 15:30:33,842 [INFO] ADCParametersView:116 -        *      Rank 2 : true
2025-11-07 15:30:33,842 [INFO] ADCParametersView:116 -                Rank 1 : true
2025-11-07 15:30:33,842 [INFO] ADCParametersView:116 -        *      Rank 2 : true
2025-11-07 15:30:33,842 [INFO] ADCParametersView:116 -                Rank 1 : true
2025-11-07 15:30:33,842 [INFO] ADCParametersView:116 -        *      Rank 2 : true
2025-11-07 15:30:33,843 [INFO] ADCParametersView:116 -                Rank 1 : true
2025-11-07 15:30:33,843 [INFO] ADCParametersView:116 -        *      Rank 2 : true
2025-11-07 15:30:33,843 [INFO] ADCParametersView:116 -        *      Rank 2 : true
2025-11-07 15:30:33,865 [INFO] ADCParametersView:116 -                Rank 1 : true
2025-11-07 15:30:33,865 [INFO] ADCParametersView:116 -                Rank 1 : true
2025-11-07 15:30:33,865 [INFO] ADCParametersView:116 -                Rank 2 : true
2025-11-07 15:30:36,572 [ERROR] LogOutputStream:75 - [STDERR_REDIRECT] Nov 07, 2025 3:30:36 PM java.util.prefs.FileSystemPreferences checkLockFile0ErrorCode
2025-11-07 15:30:36,572 [ERROR] LogOutputStream:75 - [STDERR_REDIRECT] WARNING: Could not lock System prefs. Unix error code 2.
2025-11-07 15:30:36,573 [ERROR] LogOutputStream:75 - [STDERR_REDIRECT] 
2025-11-07 15:30:36,574 [ERROR] LogOutputStream:75 - [STDERR_REDIRECT] Nov 07, 2025 3:30:36 PM java.util.prefs.FileSystemPreferences syncWorld
2025-11-07 15:30:36,574 [ERROR] LogOutputStream:75 - [STDERR_REDIRECT] WARNING: Couldn't flush system prefs: java.util.prefs.BackingStoreException: Couldn't get file lock.
2025-11-07 15:30:36,574 [ERROR] LogOutputStream:75 - [STDERR_REDIRECT] 
2025-11-07 15:30:52,948 [INFO] ADCParametersView:116 -                Rank 1 : false
2025-11-07 15:30:52,949 [INFO] ADCParametersView:116 -                Rank 2 : false
2025-11-07 15:30:53,871 [INFO] ADCParametersView:116 -                Rank 1 : true
2025-11-07 15:30:53,871 [INFO] ADCParametersView:116 -                Rank 2 : true
2025-11-07 15:31:00,371 [INFO] SpinnerEditorADC:65 - is string kkkk
2025-11-07 15:31:06,571 [ERROR] LogOutputStream:75 - [STDERR_REDIRECT] Nov 07, 2025 3:31:06 PM java.util.prefs.FileSystemPreferences checkLockFile0ErrorCode
2025-11-07 15:31:06,571 [ERROR] LogOutputStream:75 - [STDERR_REDIRECT] WARNING: Could not lock System prefs. Unix error code 2.
2025-11-07 15:31:06,572 [ERROR] LogOutputStream:75 - [STDERR_REDIRECT] 
2025-11-07 15:31:06,572 [ERROR] LogOutputStream:75 - [STDERR_REDIRECT] Nov 07, 2025 3:31:06 PM java.util.prefs.FileSystemPreferences syncWorld
2025-11-07 15:31:06,573 [ERROR] LogOutputStream:75 - [STDERR_REDIRECT] WARNING: Couldn't flush system prefs: java.util.prefs.BackingStoreException: Couldn't get file lock.
2025-11-07 15:31:06,573 [ERROR] LogOutputStream:75 - [STDERR_REDIRECT] 
2025-11-07 15:31:07,896 [INFO] NvicIntPanel:101 - NVIC parent = com.st.microxplorer.plugins.ip.nvic.MultiNvicIntPanel[,0,0,0x0,invalid,layout=javax.swing.BoxLayout,alignmentX=0.0,alignmentY=0.0,border=,flags=9,maximumSize=,minimumSize=,preferredSize=]
2025-11-07 15:31:07,939 [INFO] ADCParametersView:116 -                Rank 1 : true
2025-11-07 15:31:07,939 [INFO] ADCParametersView:116 -                Rank 2 : true
2025-11-07 15:31:07,941 [INFO] ADCParametersView:116 -                Rank 1 : true
2025-11-07 15:31:07,941 [INFO] ADCParametersView:116 -                Rank 2 : true
2025-11-07 15:31:07,941 [INFO] ADCParametersView:116 -                Rank 1 : true
2025-11-07 15:31:07,941 [INFO] ADCParametersView:116 -                Rank 2 : true
2025-11-07 15:31:07,941 [INFO] ADCParametersView:116 -                Rank 1 : true
2025-11-07 15:31:07,941 [INFO] ADCParametersView:116 -                Rank 2 : true
2025-11-07 15:31:07,941 [INFO] ADCParametersView:116 -                Rank 1 : true
2025-11-07 15:31:07,941 [INFO] ADCParametersView:116 -                Rank 2 : true
2025-11-07 15:31:07,941 [INFO] ADCParametersView:116 -                Rank 1 : true
2025-11-07 15:31:07,941 [INFO] ADCParametersView:116 -                Rank 2 : true
2025-11-07 15:31:07,941 [INFO] ADCParametersView:116 -                Rank 1 : true
2025-11-07 15:31:07,941 [INFO] ADCParametersView:116 -                Rank 2 : true
2025-11-07 15:31:07,941 [INFO] ADCParametersView:116 -                Rank 1 : true
2025-11-07 15:31:07,941 [INFO] ADCParametersView:116 -                Rank 2 : true
2025-11-07 15:31:07,941 [INFO] ADCParametersView:116 -                Rank 1 : true
2025-11-07 15:31:07,942 [INFO] ADCParametersView:116 -                Rank 2 : true
2025-11-07 15:31:07,942 [INFO] ADCParametersView:116 -                Rank 1 : true
2025-11-07 15:31:07,942 [INFO] ADCParametersView:116 -                Rank 2 : true
2025-11-07 15:31:07,942 [INFO] ADCParametersView:116 -                Rank 1 : true
2025-11-07 15:31:07,942 [INFO] ADCParametersView:116 -                Rank 2 : true
2025-11-07 15:31:07,942 [INFO] ADCParametersView:116 -                Rank 1 : true
2025-11-07 15:31:07,942 [INFO] ADCParametersView:116 -                Rank 2 : true
2025-11-07 15:31:07,942 [INFO] ADCParametersView:116 -                Rank 1 : true
2025-11-07 15:31:07,942 [INFO] ADCParametersView:116 -                Rank 2 : true
2025-11-07 15:31:07,942 [INFO] ADCParametersView:116 -                Rank 1 : true
2025-11-07 15:31:07,942 [INFO] ADCParametersView:116 -                Rank 2 : true
2025-11-07 15:31:07,942 [INFO] ADCParametersView:116 -                Rank 2 : true
2025-11-07 15:31:07,968 [INFO] ADCParametersView:116 -                Rank 1 : true
2025-11-07 15:31:07,968 [INFO] ADCParametersView:116 -                Rank 1 : true
2025-11-07 15:31:07,968 [INFO] ADCParametersView:116 -                Rank 2 : true
2025-11-07 15:31:09,268 [INFO] SpinnerEditorADC:65 - is string kkkk
2025-11-07 15:31:13,200 [INFO] NvicIntPanel:101 - NVIC parent = com.st.microxplorer.plugins.ip.nvic.MultiNvicIntPanel[,0,0,0x0,invalid,layout=javax.swing.BoxLayout,alignmentX=0.0,alignmentY=0.0,border=,flags=9,maximumSize=,minimumSize=,preferredSize=]
2025-11-07 15:31:13,234 [INFO] ADCParametersView:116 -                Rank 1 : true
2025-11-07 15:31:13,234 [INFO] ADCParametersView:116 -                Rank 2 : true
2025-11-07 15:31:13,236 [INFO] ADCParametersView:116 -                Rank 1 : true
2025-11-07 15:31:13,236 [INFO] ADCParametersView:116 -                Rank 2 : true
2025-11-07 15:31:13,236 [INFO] ADCParametersView:116 -                Rank 1 : true
2025-11-07 15:31:13,236 [INFO] ADCParametersView:116 -                Rank 2 : true
2025-11-07 15:31:13,236 [INFO] ADCParametersView:116 -                Rank 1 : true
2025-11-07 15:31:13,236 [INFO] ADCParametersView:116 -                Rank 2 : true
2025-11-07 15:31:13,236 [INFO] ADCParametersView:116 -                Rank 1 : true
2025-11-07 15:31:13,236 [INFO] ADCParametersView:116 -                Rank 2 : true
2025-11-07 15:31:13,236 [INFO] ADCParametersView:116 -                Rank 1 : true
2025-11-07 15:31:13,236 [INFO] ADCParametersView:116 -                Rank 2 : true
2025-11-07 15:31:13,236 [INFO] ADCParametersView:116 -                Rank 1 : true
2025-11-07 15:31:13,236 [INFO] ADCParametersView:116 -                Rank 2 : true
2025-11-07 15:31:13,236 [INFO] ADCParametersView:116 -                Rank 1 : true
2025-11-07 15:31:13,236 [INFO] ADCParametersView:116 -                Rank 2 : true
2025-11-07 15:31:13,236 [INFO] ADCParametersView:116 -                Rank 1 : true
2025-11-07 15:31:13,236 [INFO] ADCParametersView:116 -                Rank 2 : true
2025-11-07 15:31:13,236 [INFO] ADCParametersView:116 -                Rank 1 : true
2025-11-07 15:31:13,236 [INFO] ADCParametersView:116 -                Rank 2 : true
2025-11-07 15:31:13,236 [INFO] ADCParametersView:116 -                Rank 1 : true
2025-11-07 15:31:13,237 [INFO] ADCParametersView:116 -                Rank 2 : true
2025-11-07 15:31:13,237 [INFO] ADCParametersView:116 -                Rank 1 : true
2025-11-07 15:31:13,237 [INFO] ADCParametersView:116 -                Rank 2 : true
2025-11-07 15:31:13,237 [INFO] ADCParametersView:116 -                Rank 1 : true
2025-11-07 15:31:13,237 [INFO] ADCParametersView:116 -                Rank 2 : true
2025-11-07 15:31:13,237 [INFO] ADCParametersView:116 -                Rank 1 : true
2025-11-07 15:31:13,237 [INFO] ADCParametersView:116 -                Rank 2 : true
2025-11-07 15:31:13,237 [INFO] ADCParametersView:116 -                Rank 2 : true
2025-11-07 15:31:13,263 [INFO] ADCParametersView:116 -                Rank 1 : true
2025-11-07 15:31:13,264 [INFO] SpinnerEditorADC:65 - is string kkkk
2025-11-07 15:31:15,162 [INFO] ADCParametersView:116 -                Rank 1 : true
2025-11-07 15:31:15,166 [INFO] ADCParametersView:116 -                Rank 1 : true
2025-11-07 15:31:15,166 [INFO] ADCParametersView:116 -                Rank 1 : true
2025-11-07 15:31:15,166 [INFO] ADCParametersView:116 -                Rank 1 : true
2025-11-07 15:31:15,166 [INFO] ADCParametersView:116 -                Rank 1 : true
2025-11-07 15:31:15,166 [INFO] ADCParametersView:116 -                Rank 1 : true
2025-11-07 15:31:15,167 [INFO] ADCParametersView:116 -                Rank 1 : true
2025-11-07 15:31:15,167 [INFO] ADCParametersView:116 -                Rank 1 : true
2025-11-07 15:31:15,167 [INFO] ADCParametersView:116 -                Rank 1 : true
2025-11-07 15:31:15,167 [INFO] ADCParametersView:116 -                Rank 1 : true
2025-11-07 15:31:15,167 [INFO] ADCParametersView:116 -                Rank 1 : true
2025-11-07 15:31:15,167 [INFO] ADCParametersView:116 -                Rank 1 : true
2025-11-07 15:31:15,167 [INFO] ADCParametersView:116 -                Rank 1 : true
2025-11-07 15:31:15,167 [INFO] ADCParametersView:116 -                Rank 1 : true
2025-11-07 15:31:15,201 [INFO] ADCParametersView:116 -                Rank 1 : true
2025-11-07 15:31:15,203 [INFO] SpinnerEditorADC:65 - is string kkkk
2025-11-07 15:31:16,462 [INFO] ParamManager:905 - [Generic UI] PropertyChangeEvent: TAB_STATUS_CHANGED , "dont care", "never mind"
2025-11-07 15:31:16,476 [INFO] NvicIntPanel:101 - NVIC parent = com.st.microxplorer.plugins.ip.nvic.MultiNvicIntPanel[,0,0,0x0,invalid,layout=javax.swing.BoxLayout,alignmentX=0.0,alignmentY=0.0,border=,flags=9,maximumSize=,minimumSize=,preferredSize=]
2025-11-07 15:31:16,547 [INFO] ParamManager:905 - [Generic UI] PropertyChangeEvent: TAB_STATUS_CHANGED , "dont care", "never mind"
2025-11-07 15:31:16,560 [INFO] NvicIntPanel:101 - NVIC parent = com.st.microxplorer.plugins.ip.nvic.MultiNvicIntPanel[,0,0,0x0,invalid,layout=javax.swing.BoxLayout,alignmentX=0.0,alignmentY=0.0,border=,flags=9,maximumSize=,minimumSize=,preferredSize=]
2025-11-07 15:31:16,637 [INFO] NvicIntPanel:101 - NVIC parent = com.st.microxplorer.plugins.ip.nvic.MultiNvicIntPanel[,0,0,0x0,invalid,layout=javax.swing.BoxLayout,alignmentX=0.0,alignmentY=0.0,border=,flags=9,maximumSize=,minimumSize=,preferredSize=]
2025-11-07 15:31:16,707 [INFO] ParamManager:905 - [Generic UI] PropertyChangeEvent: TAB_STATUS_CHANGED , "dont care", "never mind"
2025-11-07 15:31:16,721 [INFO] NvicIntPanel:101 - NVIC parent = com.st.microxplorer.plugins.ip.nvic.MultiNvicIntPanel[,0,0,0x0,invalid,layout=javax.swing.BoxLayout,alignmentX=0.0,alignmentY=0.0,border=,flags=9,maximumSize=,minimumSize=,preferredSize=]
2025-11-07 15:31:16,804 [INFO] ParamManager:905 - [Generic UI] PropertyChangeEvent: TAB_STATUS_CHANGED , "dont care", "never mind"
2025-11-07 15:31:16,819 [INFO] NvicIntPanel:101 - NVIC parent = com.st.microxplorer.plugins.ip.nvic.MultiNvicIntPanel[,0,0,0x0,invalid,layout=javax.swing.BoxLayout,alignmentX=0.0,alignmentY=0.0,border=,flags=9,maximumSize=,minimumSize=,preferredSize=]
2025-11-07 15:31:16,905 [INFO] NvicIntPanel:101 - NVIC parent = com.st.microxplorer.plugins.ip.nvic.MultiNvicIntPanel[,0,0,0x0,invalid,layout=javax.swing.BoxLayout,alignmentX=0.0,alignmentY=0.0,border=,flags=9,maximumSize=,minimumSize=,preferredSize=]
2025-11-07 15:31:16,984 [INFO] NvicIntPanel:101 - NVIC parent = com.st.microxplorer.plugins.ip.nvic.MultiNvicIntPanel[,0,0,0x0,invalid,layout=javax.swing.BoxLayout,alignmentX=0.0,alignmentY=0.0,border=,flags=9,maximumSize=,minimumSize=,preferredSize=]
2025-11-07 15:31:17,018 [INFO] ADCParametersView:116 -                Rank 1 : true
2025-11-07 15:31:17,020 [INFO] ADCParametersView:116 -                Rank 1 : true
2025-11-07 15:31:17,020 [INFO] ADCParametersView:116 -                Rank 1 : true
2025-11-07 15:31:17,020 [INFO] ADCParametersView:116 -                Rank 1 : true
2025-11-07 15:31:17,020 [INFO] ADCParametersView:116 -                Rank 1 : true
2025-11-07 15:31:17,020 [INFO] ADCParametersView:116 -                Rank 1 : true
2025-11-07 15:31:17,020 [INFO] ADCParametersView:116 -                Rank 1 : true
2025-11-07 15:31:17,020 [INFO] ADCParametersView:116 -                Rank 1 : true
2025-11-07 15:31:17,020 [INFO] ADCParametersView:116 -                Rank 1 : true
2025-11-07 15:31:17,020 [INFO] ADCParametersView:116 -                Rank 1 : true
2025-11-07 15:31:17,020 [INFO] ADCParametersView:116 -                Rank 1 : true
2025-11-07 15:31:17,021 [INFO] ADCParametersView:116 -                Rank 1 : true
2025-11-07 15:31:17,021 [INFO] ADCParametersView:116 -                Rank 1 : true
2025-11-07 15:31:17,021 [INFO] ADCParametersView:116 -                Rank 1 : true
2025-11-07 15:31:17,046 [INFO] ADCParametersView:116 -                Rank 1 : true
2025-11-07 15:31:17,047 [INFO] ADCParametersView:116 -                Rank 1 : true
2025-11-07 15:31:17,047 [INFO] ADCParametersView:116 -        *      Injected Rank 1 : false
2025-11-07 15:31:17,047 [INFO] ADCParametersView:116 -                Rank 1 : true
2025-11-07 15:31:17,047 [INFO] ADCParametersView:116 -        *      Injected Rank 1 : false
2025-11-07 15:31:17,047 [INFO] ADCParametersView:116 -        *      Injected Rank 2 : false
2025-11-07 15:31:17,050 [INFO] SpinnerEditorADC:65 - is string kkkk
2025-11-07 15:31:18,066 [INFO] ADCParametersView:116 -                Rank 1 : true
2025-11-07 15:31:18,067 [INFO] ADCParametersView:116 -        *      Injected Rank 1 : false
2025-11-07 15:31:18,067 [INFO] ADCParametersView:116 -        *      Injected Rank 2 : false
2025-11-07 15:31:18,071 [INFO] ADCParametersView:116 -                Rank 1 : true
2025-11-07 15:31:18,071 [INFO] ADCParametersView:116 -        *      Injected Rank 1 : false
2025-11-07 15:31:18,071 [INFO] ADCParametersView:116 -        *      Injected Rank 2 : false
2025-11-07 15:31:18,071 [INFO] ADCParametersView:116 -                Rank 1 : true
2025-11-07 15:31:18,071 [INFO] ADCParametersView:116 -        *      Injected Rank 1 : false
2025-11-07 15:31:18,071 [INFO] ADCParametersView:116 -        *      Injected Rank 2 : false
2025-11-07 15:31:18,072 [INFO] ADCParametersView:116 -                Rank 1 : true
2025-11-07 15:31:18,072 [INFO] ADCParametersView:116 -        *      Injected Rank 1 : false
2025-11-07 15:31:18,072 [INFO] ADCParametersView:116 -        *      Injected Rank 2 : false
2025-11-07 15:31:18,072 [INFO] ADCParametersView:116 -                Rank 1 : true
2025-11-07 15:31:18,072 [INFO] ADCParametersView:116 -        *      Injected Rank 1 : false
2025-11-07 15:31:18,072 [INFO] ADCParametersView:116 -        *      Injected Rank 2 : false
2025-11-07 15:31:18,073 [INFO] ADCParametersView:116 -                Rank 1 : true
2025-11-07 15:31:18,073 [INFO] ADCParametersView:116 -        *      Injected Rank 1 : false
2025-11-07 15:31:18,073 [INFO] ADCParametersView:116 -        *      Injected Rank 2 : false
2025-11-07 15:31:18,073 [INFO] ADCParametersView:116 -                Rank 1 : true
2025-11-07 15:31:18,073 [INFO] ADCParametersView:116 -        *      Injected Rank 1 : false
2025-11-07 15:31:18,073 [INFO] ADCParametersView:116 -        *      Injected Rank 2 : false
2025-11-07 15:31:18,073 [INFO] ADCParametersView:116 -                Rank 1 : true
2025-11-07 15:31:18,073 [INFO] ADCParametersView:116 -        *      Injected Rank 1 : false
2025-11-07 15:31:18,073 [INFO] ADCParametersView:116 -        *      Injected Rank 2 : false
2025-11-07 15:31:18,074 [INFO] ADCParametersView:116 -                Rank 1 : true
2025-11-07 15:31:18,074 [INFO] ADCParametersView:116 -        *      Injected Rank 1 : false
2025-11-07 15:31:18,074 [INFO] ADCParametersView:116 -        *      Injected Rank 2 : false
2025-11-07 15:31:18,074 [INFO] ADCParametersView:116 -                Rank 1 : true
2025-11-07 15:31:18,074 [INFO] ADCParametersView:116 -        *      Injected Rank 1 : false
2025-11-07 15:31:18,074 [INFO] ADCParametersView:116 -        *      Injected Rank 2 : false
2025-11-07 15:31:18,074 [INFO] ADCParametersView:116 -                Rank 1 : true
2025-11-07 15:31:18,074 [INFO] ADCParametersView:116 -        *      Injected Rank 1 : false
2025-11-07 15:31:18,074 [INFO] ADCParametersView:116 -        *      Injected Rank 2 : false
2025-11-07 15:31:18,074 [INFO] ADCParametersView:116 -        *      Injected Rank 1 : false
2025-11-07 15:31:18,074 [INFO] ADCParametersView:116 -        *      Injected Rank 2 : false
2025-11-07 15:31:18,074 [INFO] ADCParametersView:116 -                Rank 1 : true
2025-11-07 15:31:18,075 [INFO] ADCParametersView:116 -        *      Injected Rank 1 : false
2025-11-07 15:31:18,075 [INFO] ADCParametersView:116 -        *      Injected Rank 2 : false
2025-11-07 15:31:18,075 [INFO] ADCParametersView:116 -                Rank 1 : true
2025-11-07 15:31:18,075 [INFO] ADCParametersView:116 -        *      Injected Rank 1 : false
2025-11-07 15:31:18,075 [INFO] ADCParametersView:116 -        *      Injected Rank 2 : false
2025-11-07 15:31:18,075 [INFO] ADCParametersView:116 -                Rank 1 : true
2025-11-07 15:31:18,075 [INFO] ADCParametersView:116 -        *      Injected Rank 1 : false
2025-11-07 15:31:18,075 [INFO] ADCParametersView:116 -        *      Injected Rank 2 : false
2025-11-07 15:31:18,075 [INFO] ADCParametersView:116 -                Rank 1 : true
2025-11-07 15:31:18,075 [INFO] ADCParametersView:116 -                Rank 1 : true
2025-11-07 15:31:18,075 [INFO] ADCParametersView:116 -        *      Injected Rank 1 : false
2025-11-07 15:31:18,075 [INFO] ADCParametersView:116 -        *      Injected Rank 2 : false
2025-11-07 15:31:18,075 [INFO] ADCParametersView:116 -                Rank 1 : true
2025-11-07 15:31:18,075 [INFO] ADCParametersView:116 -        *      Injected Rank 1 : false
2025-11-07 15:31:18,075 [INFO] ADCParametersView:116 -        *      Injected Rank 2 : false
2025-11-07 15:31:18,075 [INFO] ADCParametersView:116 -        *      Injected Rank 1 : false
2025-11-07 15:31:18,075 [INFO] ADCParametersView:116 -        *      Injected Rank 2 : false
2025-11-07 15:31:18,075 [INFO] ADCParametersView:116 -        *      Injected Rank 2 : false
2025-11-07 15:31:18,103 [INFO] ADCParametersView:116 -                Rank 1 : true
2025-11-07 15:31:18,104 [INFO] ADCParametersView:116 -                Rank 1 : true
2025-11-07 15:31:18,104 [INFO] ADCParametersView:116 -                Injected Rank 1 : false
2025-11-07 15:31:18,104 [INFO] ADCParametersView:116 -                Rank 1 : true
2025-11-07 15:31:18,104 [INFO] ADCParametersView:116 -                Injected Rank 1 : false
2025-11-07 15:31:18,104 [INFO] ADCParametersView:116 -                Injected Rank 2 : false
2025-11-07 15:31:26,833 [INFO] NvicIntPanel:101 - NVIC parent = com.st.microxplorer.plugins.ip.nvic.MultiNvicIntPanel[,0,0,0x0,invalid,layout=javax.swing.BoxLayout,alignmentX=0.0,alignmentY=0.0,border=,flags=9,maximumSize=,minimumSize=,preferredSize=]
2025-11-07 15:31:26,865 [INFO] ADCParametersView:116 -                Rank 1 : true
2025-11-07 15:31:26,865 [INFO] ADCParametersView:116 -                Injected Rank 1 : false
2025-11-07 15:31:26,865 [INFO] ADCParametersView:116 -                Injected Rank 2 : false
2025-11-07 15:31:26,867 [INFO] ADCParametersView:116 -                Rank 1 : true
2025-11-07 15:31:26,867 [INFO] ADCParametersView:116 -                Injected Rank 1 : false
2025-11-07 15:31:26,867 [INFO] ADCParametersView:116 -                Injected Rank 2 : false
2025-11-07 15:31:26,867 [INFO] ADCParametersView:116 -                Rank 1 : true
2025-11-07 15:31:26,867 [INFO] ADCParametersView:116 -                Injected Rank 1 : false
2025-11-07 15:31:26,867 [INFO] ADCParametersView:116 -                Injected Rank 2 : false
2025-11-07 15:31:26,867 [INFO] ADCParametersView:116 -                Rank 1 : true
2025-11-07 15:31:26,867 [INFO] ADCParametersView:116 -                Injected Rank 1 : false
2025-11-07 15:31:26,867 [INFO] ADCParametersView:116 -                Injected Rank 2 : false
2025-11-07 15:31:26,867 [INFO] ADCParametersView:116 -                Rank 1 : true
2025-11-07 15:31:26,867 [INFO] ADCParametersView:116 -                Injected Rank 1 : false
2025-11-07 15:31:26,867 [INFO] ADCParametersView:116 -                Injected Rank 2 : false
2025-11-07 15:31:26,868 [INFO] ADCParametersView:116 -                Rank 1 : true
2025-11-07 15:31:26,868 [INFO] ADCParametersView:116 -                Injected Rank 1 : false
2025-11-07 15:31:26,868 [INFO] ADCParametersView:116 -                Injected Rank 2 : false
2025-11-07 15:31:26,868 [INFO] ADCParametersView:116 -                Rank 1 : true
2025-11-07 15:31:26,868 [INFO] ADCParametersView:116 -                Injected Rank 1 : false
2025-11-07 15:31:26,868 [INFO] ADCParametersView:116 -                Injected Rank 2 : false
2025-11-07 15:31:26,868 [INFO] ADCParametersView:116 -                Rank 1 : true
2025-11-07 15:31:26,868 [INFO] ADCParametersView:116 -                Injected Rank 1 : false
2025-11-07 15:31:26,868 [INFO] ADCParametersView:116 -                Injected Rank 2 : false
2025-11-07 15:31:26,868 [INFO] ADCParametersView:116 -                Rank 1 : true
2025-11-07 15:31:26,868 [INFO] ADCParametersView:116 -                Injected Rank 1 : false
2025-11-07 15:31:26,868 [INFO] ADCParametersView:116 -                Injected Rank 2 : false
2025-11-07 15:31:26,868 [INFO] ADCParametersView:116 -                Rank 1 : true
2025-11-07 15:31:26,868 [INFO] ADCParametersView:116 -                Injected Rank 1 : false
2025-11-07 15:31:26,868 [INFO] ADCParametersView:116 -                Injected Rank 2 : false
2025-11-07 15:31:26,868 [INFO] ADCParametersView:116 -                Rank 1 : true
2025-11-07 15:31:26,868 [INFO] ADCParametersView:116 -                Injected Rank 1 : false
2025-11-07 15:31:26,868 [INFO] ADCParametersView:116 -                Injected Rank 2 : false
2025-11-07 15:31:26,868 [INFO] ADCParametersView:116 -                Injected Rank 1 : false
2025-11-07 15:31:26,868 [INFO] ADCParametersView:116 -                Injected Rank 2 : false
2025-11-07 15:31:26,868 [INFO] ADCParametersView:116 -                Rank 1 : true
2025-11-07 15:31:26,868 [INFO] ADCParametersView:116 -                Injected Rank 1 : false
2025-11-07 15:31:26,868 [INFO] ADCParametersView:116 -                Injected Rank 2 : false
2025-11-07 15:31:26,868 [INFO] ADCParametersView:116 -                Rank 1 : true
2025-11-07 15:31:26,868 [INFO] ADCParametersView:116 -                Injected Rank 1 : false
2025-11-07 15:31:26,868 [INFO] ADCParametersView:116 -                Injected Rank 2 : false
2025-11-07 15:31:26,869 [INFO] ADCParametersView:116 -                Rank 1 : true
2025-11-07 15:31:26,869 [INFO] ADCParametersView:116 -                Injected Rank 1 : false
2025-11-07 15:31:26,869 [INFO] ADCParametersView:116 -                Injected Rank 2 : false
2025-11-07 15:31:26,869 [INFO] ADCParametersView:116 -                Rank 1 : true
2025-11-07 15:31:26,869 [INFO] ADCParametersView:116 -                Rank 1 : true
2025-11-07 15:31:26,869 [INFO] ADCParametersView:116 -                Injected Rank 1 : false
2025-11-07 15:31:26,869 [INFO] ADCParametersView:116 -                Injected Rank 2 : false
2025-11-07 15:31:26,869 [INFO] ADCParametersView:116 -                Rank 1 : true
2025-11-07 15:31:26,869 [INFO] ADCParametersView:116 -                Injected Rank 1 : false
2025-11-07 15:31:26,869 [INFO] ADCParametersView:116 -                Injected Rank 2 : false
2025-11-07 15:31:26,869 [INFO] ADCParametersView:116 -                Injected Rank 1 : false
2025-11-07 15:31:26,869 [INFO] ADCParametersView:116 -                Injected Rank 2 : false
2025-11-07 15:31:26,869 [INFO] ADCParametersView:116 -                Injected Rank 2 : false
2025-11-07 15:31:26,893 [INFO] ADCParametersView:116 -                Rank 1 : true
2025-11-07 15:31:26,893 [INFO] ADCParametersView:116 -                Rank 1 : true
2025-11-07 15:31:26,894 [INFO] ADCParametersView:116 -                Injected Rank 1 : false
2025-11-07 15:31:26,894 [INFO] ADCParametersView:116 -                Rank 1 : true
2025-11-07 15:31:26,894 [INFO] ADCParametersView:116 -                Injected Rank 1 : false
2025-11-07 15:31:26,894 [INFO] ADCParametersView:116 -                Injected Rank 2 : false
2025-11-07 15:31:30,223 [INFO] ADCParametersView:116 -                Rank 1 : true
2025-11-07 15:31:30,223 [INFO] ADCParametersView:116 -                Injected Rank 1 : true
2025-11-07 15:31:30,223 [INFO] ADCParametersView:116 -                Injected Rank 2 : false
2025-11-07 15:31:36,572 [ERROR] LogOutputStream:75 - [STDERR_REDIRECT] Nov 07, 2025 3:31:36 PM java.util.prefs.FileSystemPreferences checkLockFile0ErrorCode
2025-11-07 15:31:36,573 [ERROR] LogOutputStream:75 - [STDERR_REDIRECT] WARNING: Could not lock System prefs. Unix error code 2.
2025-11-07 15:31:36,573 [ERROR] LogOutputStream:75 - [STDERR_REDIRECT] 
2025-11-07 15:31:36,574 [ERROR] LogOutputStream:75 - [STDERR_REDIRECT] Nov 07, 2025 3:31:36 PM java.util.prefs.FileSystemPreferences syncWorld
2025-11-07 15:31:36,574 [ERROR] LogOutputStream:75 - [STDERR_REDIRECT] WARNING: Couldn't flush system prefs: java.util.prefs.BackingStoreException: Couldn't get file lock.
2025-11-07 15:31:36,574 [ERROR] LogOutputStream:75 - [STDERR_REDIRECT] 
2025-11-07 15:31:37,115 [INFO] ADCParametersView:116 -                Rank 1 : true
2025-11-07 15:31:37,115 [INFO] ADCParametersView:116 -                Injected Rank 1 : true
2025-11-07 15:31:37,116 [INFO] ADCParametersView:116 -                Injected Rank 2 : true
2025-11-07 15:31:39,186 [INFO] NvicIntPanel:101 - NVIC parent = com.st.microxplorer.plugins.ip.nvic.MultiNvicIntPanel[,0,0,0x0,invalid,layout=javax.swing.BoxLayout,alignmentX=0.0,alignmentY=0.0,border=,flags=9,maximumSize=,minimumSize=,preferredSize=]
2025-11-07 15:31:39,219 [INFO] ADCParametersView:116 -                Rank 1 : true
2025-11-07 15:31:39,219 [INFO] ADCParametersView:116 -                Injected Rank 1 : true
2025-11-07 15:31:39,219 [INFO] ADCParametersView:116 -                Injected Rank 2 : true
2025-11-07 15:31:39,220 [INFO] ADCParametersView:116 -                Rank 1 : true
2025-11-07 15:31:39,220 [INFO] ADCParametersView:116 -                Injected Rank 1 : true
2025-11-07 15:31:39,220 [INFO] ADCParametersView:116 -                Injected Rank 2 : true
2025-11-07 15:31:39,221 [INFO] ADCParametersView:116 -                Rank 1 : true
2025-11-07 15:31:39,221 [INFO] ADCParametersView:116 -                Injected Rank 1 : true
2025-11-07 15:31:39,221 [INFO] ADCParametersView:116 -                Injected Rank 2 : true
2025-11-07 15:31:39,221 [INFO] ADCParametersView:116 -                Rank 1 : true
2025-11-07 15:31:39,221 [INFO] ADCParametersView:116 -                Injected Rank 1 : true
2025-11-07 15:31:39,221 [INFO] ADCParametersView:116 -                Injected Rank 2 : true
2025-11-07 15:31:39,221 [INFO] ADCParametersView:116 -                Rank 1 : true
2025-11-07 15:31:39,221 [INFO] ADCParametersView:116 -                Injected Rank 1 : true
2025-11-07 15:31:39,221 [INFO] ADCParametersView:116 -                Injected Rank 2 : true
2025-11-07 15:31:39,221 [INFO] ADCParametersView:116 -                Rank 1 : true
2025-11-07 15:31:39,221 [INFO] ADCParametersView:116 -                Injected Rank 1 : true
2025-11-07 15:31:39,221 [INFO] ADCParametersView:116 -                Injected Rank 2 : true
2025-11-07 15:31:39,221 [INFO] ADCParametersView:116 -                Rank 1 : true
2025-11-07 15:31:39,221 [INFO] ADCParametersView:116 -                Injected Rank 1 : true
2025-11-07 15:31:39,221 [INFO] ADCParametersView:116 -                Injected Rank 2 : true
2025-11-07 15:31:39,221 [INFO] ADCParametersView:116 -                Rank 1 : true
2025-11-07 15:31:39,221 [INFO] ADCParametersView:116 -                Injected Rank 1 : true
2025-11-07 15:31:39,221 [INFO] ADCParametersView:116 -                Injected Rank 2 : true
2025-11-07 15:31:39,221 [INFO] ADCParametersView:116 -                Rank 1 : true
2025-11-07 15:31:39,221 [INFO] ADCParametersView:116 -                Injected Rank 1 : true
2025-11-07 15:31:39,221 [INFO] ADCParametersView:116 -                Injected Rank 2 : true
2025-11-07 15:31:39,221 [INFO] ADCParametersView:116 -                Rank 1 : true
2025-11-07 15:31:39,222 [INFO] ADCParametersView:116 -                Injected Rank 1 : true
2025-11-07 15:31:39,222 [INFO] ADCParametersView:116 -                Injected Rank 2 : true
2025-11-07 15:31:39,222 [INFO] ADCParametersView:116 -                Rank 1 : true
2025-11-07 15:31:39,222 [INFO] ADCParametersView:116 -                Injected Rank 1 : true
2025-11-07 15:31:39,222 [INFO] ADCParametersView:116 -                Injected Rank 2 : true
2025-11-07 15:31:39,222 [INFO] ADCParametersView:116 -                Injected Rank 1 : true
2025-11-07 15:31:39,222 [INFO] ADCParametersView:116 -                Injected Rank 2 : true
2025-11-07 15:31:39,222 [INFO] ADCParametersView:116 -                Rank 1 : true
2025-11-07 15:31:39,222 [INFO] ADCParametersView:116 -                Injected Rank 1 : true
2025-11-07 15:31:39,222 [INFO] ADCParametersView:116 -                Injected Rank 2 : true
2025-11-07 15:31:39,222 [INFO] ADCParametersView:116 -                Rank 1 : true
2025-11-07 15:31:39,222 [INFO] ADCParametersView:116 -                Injected Rank 1 : true
2025-11-07 15:31:39,222 [INFO] ADCParametersView:116 -                Injected Rank 2 : true
2025-11-07 15:31:39,222 [INFO] ADCParametersView:116 -                Rank 1 : true
2025-11-07 15:31:39,222 [INFO] ADCParametersView:116 -                Injected Rank 1 : true
2025-11-07 15:31:39,222 [INFO] ADCParametersView:116 -                Injected Rank 2 : true
2025-11-07 15:31:39,223 [INFO] ADCParametersView:116 -                Rank 1 : true
2025-11-07 15:31:39,223 [INFO] ADCParametersView:116 -                Rank 1 : true
2025-11-07 15:31:39,223 [INFO] ADCParametersView:116 -                Injected Rank 1 : true
2025-11-07 15:31:39,223 [INFO] ADCParametersView:116 -                Injected Rank 2 : true
2025-11-07 15:31:39,223 [INFO] ADCParametersView:116 -                Rank 1 : true
2025-11-07 15:31:39,223 [INFO] ADCParametersView:116 -                Injected Rank 1 : true
2025-11-07 15:31:39,223 [INFO] ADCParametersView:116 -                Injected Rank 2 : true
2025-11-07 15:31:39,223 [INFO] ADCParametersView:116 -                Injected Rank 1 : true
2025-11-07 15:31:39,223 [INFO] ADCParametersView:116 -                Injected Rank 2 : true
2025-11-07 15:31:39,223 [INFO] ADCParametersView:116 -                Injected Rank 2 : true
2025-11-07 15:31:39,248 [INFO] ADCParametersView:116 -                Rank 1 : true
2025-11-07 15:31:39,248 [INFO] ADCParametersView:116 -                Rank 1 : true
2025-11-07 15:31:39,248 [INFO] ADCParametersView:116 -                Injected Rank 1 : true
2025-11-07 15:31:39,249 [INFO] ADCParametersView:116 -                Rank 1 : true
2025-11-07 15:31:39,249 [INFO] ADCParametersView:116 -                Injected Rank 1 : true
2025-11-07 15:31:39,249 [INFO] ADCParametersView:116 -                Injected Rank 2 : true
2025-11-07 15:32:06,572 [ERROR] LogOutputStream:75 - [STDERR_REDIRECT] Nov 07, 2025 3:32:06 PM java.util.prefs.FileSystemPreferences checkLockFile0ErrorCode
2025-11-07 15:32:06,573 [ERROR] LogOutputStream:75 - [STDERR_REDIRECT] WARNING: Could not lock System prefs. Unix error code 2.
2025-11-07 15:32:06,573 [ERROR] LogOutputStream:75 - [STDERR_REDIRECT] 
2025-11-07 15:32:06,574 [ERROR] LogOutputStream:75 - [STDERR_REDIRECT] Nov 07, 2025 3:32:06 PM java.util.prefs.FileSystemPreferences syncWorld
2025-11-07 15:32:06,575 [ERROR] LogOutputStream:75 - [STDERR_REDIRECT] WARNING: Couldn't flush system prefs: java.util.prefs.BackingStoreException: Couldn't get file lock.
2025-11-07 15:32:06,575 [ERROR] LogOutputStream:75 - [STDERR_REDIRECT] 
2025-11-07 15:32:36,574 [ERROR] LogOutputStream:75 - [STDERR_REDIRECT] Nov 07, 2025 3:32:36 PM java.util.prefs.FileSystemPreferences checkLockFile0ErrorCode
2025-11-07 15:32:36,574 [ERROR] LogOutputStream:75 - [STDERR_REDIRECT] WARNING: Could not lock System prefs. Unix error code 2.
2025-11-07 15:32:36,574 [ERROR] LogOutputStream:75 - [STDERR_REDIRECT] 
2025-11-07 15:32:36,575 [ERROR] LogOutputStream:75 - [STDERR_REDIRECT] Nov 07, 2025 3:32:36 PM java.util.prefs.FileSystemPreferences syncWorld
2025-11-07 15:32:36,575 [ERROR] LogOutputStream:75 - [STDERR_REDIRECT] WARNING: Couldn't flush system prefs: java.util.prefs.BackingStoreException: Couldn't get file lock.
2025-11-07 15:32:36,575 [ERROR] LogOutputStream:75 - [STDERR_REDIRECT] 
2025-11-07 15:32:51,032 [INFO] UtilMem:75 - End SaveConfig() Used Memory: 418672288 Bytes (979369984)
2025-11-07 15:32:53,705 [INFO] UtilMem:75 - End SaveConfig() Used Memory: 448556704 Bytes (979369984)
2025-11-07 15:32:56,706 [INFO] UtilMem:75 - End SaveConfig() Used Memory: 459683816 Bytes (979369984)
2025-11-07 15:32:56,843 [INFO] BlockDiagram:2775 - set Specific Code input for plugin: TIM1_8F7
2025-11-07 15:32:56,843 [INFO] BlockDiagram:2775 - set Specific Code input for plugin: SYS
2025-11-07 15:32:56,843 [INFO] BlockDiagram:2775 - set Specific Code input for plugin: ADC
2025-11-07 15:32:56,843 [INFO] BlockDiagram:2775 - set Specific Code input for plugin: RCC
2025-11-07 15:32:56,843 [INFO] BlockDiagram:2775 - set Specific Code input for plugin: NVIC
2025-11-07 15:32:56,844 [INFO] BlockDiagram:2775 - set Specific Code input for plugin: GPIO
2025-11-07 15:32:56,844 [INFO] CodeGenerator:892 - code generatio: config db path: /home/abanchio/st/stm32cubeide_1.19.0/plugins/com.st.stm32cube.common.mx_6.15.0.202507011659//db/
2025-11-07 15:32:56,949 [INFO] CodeEngine:265 - oldGeneratedFile, /home/abanchio/Documents/Famaf/5to/microcontroladores/stm32/light_tracker/MXTmpFiles/license.tmp_save
2025-11-07 15:32:57,093 [INFO] CodeEngine:289 - Generated code: /home/abanchio/Documents/Famaf/5to/microcontroladores/stm32/light_tracker/MXTmpFiles/license.tmp
2025-11-07 15:32:57,120 [INFO] CodeEngine:265 - oldGeneratedFile, /home/abanchio/Documents/Famaf/5to/microcontroladores/stm32/light_tracker/MXTmpFiles/gpio.tmp_save
2025-11-07 15:32:57,196 [INFO] CodeEngine:289 - Generated code: /home/abanchio/Documents/Famaf/5to/microcontroladores/stm32/light_tracker/MXTmpFiles/gpio.tmp
2025-11-07 15:32:57,389 [INFO] CodeEngine:265 - oldGeneratedFile, /home/abanchio/Documents/Famaf/5to/microcontroladores/stm32/light_tracker/MXTmpFiles/cortex.tmp_save
2025-11-07 15:32:57,448 [INFO] CodeEngine:289 - Generated code: /home/abanchio/Documents/Famaf/5to/microcontroladores/stm32/light_tracker/MXTmpFiles/cortex.tmp
2025-11-07 15:32:57,454 [INFO] CodeEngine:265 - oldGeneratedFile, /home/abanchio/Documents/Famaf/5to/microcontroladores/stm32/light_tracker/Core/Src/stm32f7xx_it.c_save
2025-11-07 15:32:57,603 [INFO] CodeEngine:289 - Generated code: /home/abanchio/Documents/Famaf/5to/microcontroladores/stm32/light_tracker/Core/Src/stm32f7xx_it.c
2025-11-07 15:32:57,604 [INFO] CodeEngine:265 - oldGeneratedFile, /home/abanchio/Documents/Famaf/5to/microcontroladores/stm32/light_tracker/Core/Inc/stm32f7xx_it.h_save
2025-11-07 15:32:57,654 [INFO] CodeEngine:289 - Generated code: /home/abanchio/Documents/Famaf/5to/microcontroladores/stm32/light_tracker/Core/Inc/stm32f7xx_it.h
2025-11-07 15:32:57,662 [INFO] CodeEngine:265 - oldGeneratedFile, /home/abanchio/Documents/Famaf/5to/microcontroladores/stm32/light_tracker/Core/Src/stm32f7xx_hal_msp.c_save
2025-11-07 15:32:57,755 [INFO] CodeEngine:289 - Generated code: /home/abanchio/Documents/Famaf/5to/microcontroladores/stm32/light_tracker/Core/Src/stm32f7xx_hal_msp.c
2025-11-07 15:32:57,756 [INFO] CodeEngine:265 - oldGeneratedFile, /home/abanchio/Documents/Famaf/5to/microcontroladores/stm32/light_tracker/MXTmpFiles/system.tmp_save
2025-11-07 15:32:57,813 [INFO] CodeEngine:289 - Generated code: /home/abanchio/Documents/Famaf/5to/microcontroladores/stm32/light_tracker/MXTmpFiles/system.tmp
2025-11-07 15:32:57,817 [INFO] CodeEngine:321 - oldGeneratedFile, /home/abanchio/Documents/Famaf/5to/microcontroladores/stm32/light_tracker/Core/Inc/stm32f7xx_hal_conf.h_save
2025-11-07 15:32:57,880 [INFO] CodeEngine:345 - Generated code: /home/abanchio/Documents/Famaf/5to/microcontroladores/stm32/light_tracker/Core/Inc/stm32f7xx_hal_conf.h
2025-11-07 15:32:57,895 [INFO] ApiDbMcu:532 - Load IP Config File for ADC1
2025-11-07 15:32:57,907 [INFO] ApiDbMcu:532 - Load IP Config File for TIM2
2025-11-07 15:32:57,909 [WARN] IPConfigManager:3811 - IP not found : TIM
2025-11-07 15:32:57,910 [WARN] CodeGenerator:4259 - IP not found : null
2025-11-07 15:32:57,912 [INFO] CodeEngine:265 - oldGeneratedFile, /home/abanchio/Documents/Famaf/5to/microcontroladores/stm32/light_tracker/Core/Inc/main.h_save
2025-11-07 15:32:58,015 [INFO] CodeEngine:289 - Generated code: /home/abanchio/Documents/Famaf/5to/microcontroladores/stm32/light_tracker/Core/Inc/main.h
2025-11-07 15:32:58,016 [INFO] CodeEngine:265 - oldGeneratedFile, /home/abanchio/Documents/Famaf/5to/microcontroladores/stm32/light_tracker/Core/Src/main.c_save
2025-11-07 15:32:58,138 [INFO] CodeEngine:289 - Generated code: /home/abanchio/Documents/Famaf/5to/microcontroladores/stm32/light_tracker/Core/Src/main.c
2025-11-07 15:32:58,296 [INFO] ProjectBuilder:3606 - Time for Copy HAL[1] : 22mS.
2025-11-07 15:32:58,298 [INFO] ProjectBuilder:5216 - Project Generator version: 4.7.0-B52
2025-11-07 15:32:58,371 [INFO] ConfigFileManager:1595 - The Die is : DIE449
2025-11-07 15:32:59,046 [INFO] ProjectBuilder:5496 - Time for Generating toolchain IDE Files: 748mS.
2025-11-07 15:32:59,046 [INFO] ProjectBuilder:3463 - Time for Copy CMSIS : 0mS.
2025-11-07 15:32:59,047 [INFO] ProjectBuilder:3463 - Time for Copy CMSIS : 0mS.
2025-11-07 15:33:06,575 [ERROR] LogOutputStream:75 - [STDERR_REDIRECT] Nov 07, 2025 3:33:06 PM java.util.prefs.FileSystemPreferences checkLockFile0ErrorCode
2025-11-07 15:33:06,575 [ERROR] LogOutputStream:75 - [STDERR_REDIRECT] WARNING: Could not lock System prefs. Unix error code 2.
2025-11-07 15:33:06,575 [ERROR] LogOutputStream:75 - [STDERR_REDIRECT] 
2025-11-07 15:33:06,576 [ERROR] LogOutputStream:75 - [STDERR_REDIRECT] Nov 07, 2025 3:33:06 PM java.util.prefs.FileSystemPreferences syncWorld
2025-11-07 15:33:06,576 [ERROR] LogOutputStream:75 - [STDERR_REDIRECT] WARNING: Couldn't flush system prefs: java.util.prefs.BackingStoreException: Couldn't get file lock.
2025-11-07 15:33:06,576 [ERROR] LogOutputStream:75 - [STDERR_REDIRECT] 
2025-11-07 15:33:36,571 [ERROR] LogOutputStream:75 - [STDERR_REDIRECT] Nov 07, 2025 3:33:36 PM java.util.prefs.FileSystemPreferences checkLockFile0ErrorCode
2025-11-07 15:33:36,572 [ERROR] LogOutputStream:75 - [STDERR_REDIRECT] WARNING: Could not lock System prefs. Unix error code 2.
2025-11-07 15:33:36,572 [ERROR] LogOutputStream:75 - [STDERR_REDIRECT] 
2025-11-07 15:33:36,572 [ERROR] LogOutputStream:75 - [STDERR_REDIRECT] Nov 07, 2025 3:33:36 PM java.util.prefs.FileSystemPreferences syncWorld
2025-11-07 15:33:36,572 [ERROR] LogOutputStream:75 - [STDERR_REDIRECT] WARNING: Couldn't flush system prefs: java.util.prefs.BackingStoreException: Couldn't get file lock.
2025-11-07 15:33:36,572 [ERROR] LogOutputStream:75 - [STDERR_REDIRECT] 
2025-11-07 15:34:06,575 [ERROR] LogOutputStream:75 - [STDERR_REDIRECT] Nov 07, 2025 3:34:06 PM java.util.prefs.FileSystemPreferences checkLockFile0ErrorCode
2025-11-07 15:34:06,577 [ERROR] LogOutputStream:75 - [STDERR_REDIRECT] WARNING: Could not lock System prefs. Unix error code 2.
2025-11-07 15:34:06,577 [ERROR] LogOutputStream:75 - [STDERR_REDIRECT] 
2025-11-07 15:34:06,577 [ERROR] LogOutputStream:75 - [STDERR_REDIRECT] Nov 07, 2025 3:34:06 PM java.util.prefs.FileSystemPreferences syncWorld
2025-11-07 15:34:06,578 [ERROR] LogOutputStream:75 - [STDERR_REDIRECT] WARNING: Couldn't flush system prefs: java.util.prefs.BackingStoreException: Couldn't get file lock.
2025-11-07 15:34:06,578 [ERROR] LogOutputStream:75 - [STDERR_REDIRECT] 
2025-11-07 15:34:36,572 [ERROR] LogOutputStream:75 - [STDERR_REDIRECT] Nov 07, 2025 3:34:36 PM java.util.prefs.FileSystemPreferences checkLockFile0ErrorCode
2025-11-07 15:34:36,572 [ERROR] LogOutputStream:75 - [STDERR_REDIRECT] WARNING: Could not lock System prefs. Unix error code 2.
2025-11-07 15:34:36,573 [ERROR] LogOutputStream:75 - [STDERR_REDIRECT] 
2025-11-07 15:34:36,573 [ERROR] LogOutputStream:75 - [STDERR_REDIRECT] Nov 07, 2025 3:34:36 PM java.util.prefs.FileSystemPreferences syncWorld
2025-11-07 15:34:36,573 [ERROR] LogOutputStream:75 - [STDERR_REDIRECT] WARNING: Couldn't flush system prefs: java.util.prefs.BackingStoreException: Couldn't get file lock.
2025-11-07 15:34:36,574 [ERROR] LogOutputStream:75 - [STDERR_REDIRECT] 
2025-11-07 15:35:06,572 [ERROR] LogOutputStream:75 - [STDERR_REDIRECT] Nov 07, 2025 3:35:06 PM java.util.prefs.FileSystemPreferences checkLockFile0ErrorCode
2025-11-07 15:35:06,572 [ERROR] LogOutputStream:75 - [STDERR_REDIRECT] WARNING: Could not lock System prefs. Unix error code 2.
2025-11-07 15:35:06,572 [ERROR] LogOutputStream:75 - [STDERR_REDIRECT] 
2025-11-07 15:35:06,573 [ERROR] LogOutputStream:75 - [STDERR_REDIRECT] Nov 07, 2025 3:35:06 PM java.util.prefs.FileSystemPreferences syncWorld
2025-11-07 15:35:06,574 [ERROR] LogOutputStream:75 - [STDERR_REDIRECT] WARNING: Couldn't flush system prefs: java.util.prefs.BackingStoreException: Couldn't get file lock.
2025-11-07 15:35:06,574 [ERROR] LogOutputStream:75 - [STDERR_REDIRECT] 
2025-11-07 15:35:36,573 [ERROR] LogOutputStream:75 - [STDERR_REDIRECT] Nov 07, 2025 3:35:36 PM java.util.prefs.FileSystemPreferences checkLockFile0ErrorCode
2025-11-07 15:35:36,573 [ERROR] LogOutputStream:75 - [STDERR_REDIRECT] WARNING: Could not lock System prefs. Unix error code 2.
2025-11-07 15:35:36,573 [ERROR] LogOutputStream:75 - [STDERR_REDIRECT] 
2025-11-07 15:35:36,574 [ERROR] LogOutputStream:75 - [STDERR_REDIRECT] Nov 07, 2025 3:35:36 PM java.util.prefs.FileSystemPreferences syncWorld
2025-11-07 15:35:36,574 [ERROR] LogOutputStream:75 - [STDERR_REDIRECT] WARNING: Couldn't flush system prefs: java.util.prefs.BackingStoreException: Couldn't get file lock.
2025-11-07 15:35:36,575 [ERROR] LogOutputStream:75 - [STDERR_REDIRECT] 
2025-11-07 15:36:06,573 [ERROR] LogOutputStream:75 - [STDERR_REDIRECT] Nov 07, 2025 3:36:06 PM java.util.prefs.FileSystemPreferences checkLockFile0ErrorCode
2025-11-07 15:36:06,573 [ERROR] LogOutputStream:75 - [STDERR_REDIRECT] WARNING: Could not lock System prefs. Unix error code 2.
2025-11-07 15:36:06,573 [ERROR] LogOutputStream:75 - [STDERR_REDIRECT] 
2025-11-07 15:36:06,574 [ERROR] LogOutputStream:75 - [STDERR_REDIRECT] Nov 07, 2025 3:36:06 PM java.util.prefs.FileSystemPreferences syncWorld
2025-11-07 15:36:06,574 [ERROR] LogOutputStream:75 - [STDERR_REDIRECT] WARNING: Couldn't flush system prefs: java.util.prefs.BackingStoreException: Couldn't get file lock.
2025-11-07 15:36:06,574 [ERROR] LogOutputStream:75 - [STDERR_REDIRECT] 
2025-11-07 15:36:16,658 [INFO] WebApp:194 - Connection lost
2025-11-07 15:36:21,792 [INFO] WebApp:191 - Connection restablished
2025-11-07 15:36:36,572 [ERROR] LogOutputStream:75 - [STDERR_REDIRECT] Nov 07, 2025 3:36:36 PM java.util.prefs.FileSystemPreferences checkLockFile0ErrorCode
2025-11-07 15:36:36,573 [ERROR] LogOutputStream:75 - [STDERR_REDIRECT] WARNING: Could not lock System prefs. Unix error code 2.
2025-11-07 15:36:36,573 [ERROR] LogOutputStream:75 - [STDERR_REDIRECT] 
2025-11-07 15:36:36,574 [ERROR] LogOutputStream:75 - [STDERR_REDIRECT] Nov 07, 2025 3:36:36 PM java.util.prefs.FileSystemPreferences syncWorld
2025-11-07 15:36:36,574 [ERROR] LogOutputStream:75 - [STDERR_REDIRECT] WARNING: Couldn't flush system prefs: java.util.prefs.BackingStoreException: Couldn't get file lock.
2025-11-07 15:36:36,574 [ERROR] LogOutputStream:75 - [STDERR_REDIRECT] 
2025-11-07 15:37:06,574 [ERROR] LogOutputStream:75 - [STDERR_REDIRECT] Nov 07, 2025 3:37:06 PM java.util.prefs.FileSystemPreferences checkLockFile0ErrorCode
2025-11-07 15:37:06,574 [ERROR] LogOutputStream:75 - [STDERR_REDIRECT] WARNING: Could not lock System prefs. Unix error code 2.
2025-11-07 15:37:06,574 [ERROR] LogOutputStream:75 - [STDERR_REDIRECT] 
2025-11-07 15:37:06,575 [ERROR] LogOutputStream:75 - [STDERR_REDIRECT] Nov 07, 2025 3:37:06 PM java.util.prefs.FileSystemPreferences syncWorld
2025-11-07 15:37:06,575 [ERROR] LogOutputStream:75 - [STDERR_REDIRECT] WARNING: Couldn't flush system prefs: java.util.prefs.BackingStoreException: Couldn't get file lock.
2025-11-07 15:37:06,575 [ERROR] LogOutputStream:75 - [STDERR_REDIRECT] 
2025-11-07 15:37:36,574 [ERROR] LogOutputStream:75 - [STDERR_REDIRECT] Nov 07, 2025 3:37:36 PM java.util.prefs.FileSystemPreferences checkLockFile0ErrorCode
2025-11-07 15:37:36,574 [ERROR] LogOutputStream:75 - [STDERR_REDIRECT] WARNING: Could not lock System prefs. Unix error code 2.
2025-11-07 15:37:36,574 [ERROR] LogOutputStream:75 - [STDERR_REDIRECT] 
2025-11-07 15:37:36,575 [ERROR] LogOutputStream:75 - [STDERR_REDIRECT] Nov 07, 2025 3:37:36 PM java.util.prefs.FileSystemPreferences syncWorld
2025-11-07 15:37:36,575 [ERROR] LogOutputStream:75 - [STDERR_REDIRECT] WARNING: Couldn't flush system prefs: java.util.prefs.BackingStoreException: Couldn't get file lock.
2025-11-07 15:37:36,575 [ERROR] LogOutputStream:75 - [STDERR_REDIRECT] 
2025-11-07 15:38:06,574 [ERROR] LogOutputStream:75 - [STDERR_REDIRECT] Nov 07, 2025 3:38:06 PM java.util.prefs.FileSystemPreferences checkLockFile0ErrorCode
2025-11-07 15:38:06,575 [ERROR] LogOutputStream:75 - [STDERR_REDIRECT] WARNING: Could not lock System prefs. Unix error code 2.
2025-11-07 15:38:06,575 [ERROR] LogOutputStream:75 - [STDERR_REDIRECT] 
2025-11-07 15:38:06,576 [ERROR] LogOutputStream:75 - [STDERR_REDIRECT] Nov 07, 2025 3:38:06 PM java.util.prefs.FileSystemPreferences syncWorld
2025-11-07 15:38:06,576 [ERROR] LogOutputStream:75 - [STDERR_REDIRECT] WARNING: Couldn't flush system prefs: java.util.prefs.BackingStoreException: Couldn't get file lock.
2025-11-07 15:38:06,577 [ERROR] LogOutputStream:75 - [STDERR_REDIRECT] 
2025-11-07 15:38:36,573 [ERROR] LogOutputStream:75 - [STDERR_REDIRECT] Nov 07, 2025 3:38:36 PM java.util.prefs.FileSystemPreferences checkLockFile0ErrorCode
2025-11-07 15:38:36,574 [ERROR] LogOutputStream:75 - [STDERR_REDIRECT] WARNING: Could not lock System prefs. Unix error code 2.
2025-11-07 15:38:36,574 [ERROR] LogOutputStream:75 - [STDERR_REDIRECT] 
2025-11-07 15:38:36,574 [ERROR] LogOutputStream:75 - [STDERR_REDIRECT] Nov 07, 2025 3:38:36 PM java.util.prefs.FileSystemPreferences syncWorld
2025-11-07 15:38:36,575 [ERROR] LogOutputStream:75 - [STDERR_REDIRECT] WARNING: Couldn't flush system prefs: java.util.prefs.BackingStoreException: Couldn't get file lock.
2025-11-07 15:38:36,575 [ERROR] LogOutputStream:75 - [STDERR_REDIRECT] 
2025-11-07 15:39:06,575 [ERROR] LogOutputStream:75 - [STDERR_REDIRECT] Nov 07, 2025 3:39:06 PM java.util.prefs.FileSystemPreferences checkLockFile0ErrorCode
2025-11-07 15:39:06,575 [ERROR] LogOutputStream:75 - [STDERR_REDIRECT] WARNING: Could not lock System prefs. Unix error code 2.
2025-11-07 15:39:06,576 [ERROR] LogOutputStream:75 - [STDERR_REDIRECT] 
2025-11-07 15:39:06,576 [ERROR] LogOutputStream:75 - [STDERR_REDIRECT] Nov 07, 2025 3:39:06 PM java.util.prefs.FileSystemPreferences syncWorld
2025-11-07 15:39:06,576 [ERROR] LogOutputStream:75 - [STDERR_REDIRECT] WARNING: Couldn't flush system prefs: java.util.prefs.BackingStoreException: Couldn't get file lock.
2025-11-07 15:39:06,577 [ERROR] LogOutputStream:75 - [STDERR_REDIRECT] 
2025-11-07 15:39:36,575 [ERROR] LogOutputStream:75 - [STDERR_REDIRECT] Nov 07, 2025 3:39:36 PM java.util.prefs.FileSystemPreferences checkLockFile0ErrorCode
2025-11-07 15:39:36,576 [ERROR] LogOutputStream:75 - [STDERR_REDIRECT] WARNING: Could not lock System prefs. Unix error code 2.
2025-11-07 15:39:36,576 [ERROR] LogOutputStream:75 - [STDERR_REDIRECT] 
2025-11-07 15:39:36,577 [ERROR] LogOutputStream:75 - [STDERR_REDIRECT] Nov 07, 2025 3:39:36 PM java.util.prefs.FileSystemPreferences syncWorld
2025-11-07 15:39:36,577 [ERROR] LogOutputStream:75 - [STDERR_REDIRECT] WARNING: Couldn't flush system prefs: java.util.prefs.BackingStoreException: Couldn't get file lock.
2025-11-07 15:39:36,577 [ERROR] LogOutputStream:75 - [STDERR_REDIRECT] 
2025-11-07 15:40:06,576 [ERROR] LogOutputStream:75 - [STDERR_REDIRECT] Nov 07, 2025 3:40:06 PM java.util.prefs.FileSystemPreferences checkLockFile0ErrorCode
2025-11-07 15:40:06,576 [ERROR] LogOutputStream:75 - [STDERR_REDIRECT] WARNING: Could not lock System prefs. Unix error code 2.
2025-11-07 15:40:06,577 [ERROR] LogOutputStream:75 - [STDERR_REDIRECT] 
2025-11-07 15:40:06,577 [ERROR] LogOutputStream:75 - [STDERR_REDIRECT] Nov 07, 2025 3:40:06 PM java.util.prefs.FileSystemPreferences syncWorld
2025-11-07 15:40:06,578 [ERROR] LogOutputStream:75 - [STDERR_REDIRECT] WARNING: Couldn't flush system prefs: java.util.prefs.BackingStoreException: Couldn't get file lock.
2025-11-07 15:40:06,578 [ERROR] LogOutputStream:75 - [STDERR_REDIRECT] 
2025-11-07 15:40:36,577 [ERROR] LogOutputStream:75 - [STDERR_REDIRECT] Nov 07, 2025 3:40:36 PM java.util.prefs.FileSystemPreferences checkLockFile0ErrorCode
2025-11-07 15:40:36,578 [ERROR] LogOutputStream:75 - [STDERR_REDIRECT] WARNING: Could not lock System prefs. Unix error code 2.
2025-11-07 15:40:36,578 [ERROR] LogOutputStream:75 - [STDERR_REDIRECT] 
2025-11-07 15:40:36,579 [ERROR] LogOutputStream:75 - [STDERR_REDIRECT] Nov 07, 2025 3:40:36 PM java.util.prefs.FileSystemPreferences syncWorld
2025-11-07 15:40:36,579 [ERROR] LogOutputStream:75 - [STDERR_REDIRECT] WARNING: Couldn't flush system prefs: java.util.prefs.BackingStoreException: Couldn't get file lock.
2025-11-07 15:40:36,579 [ERROR] LogOutputStream:75 - [STDERR_REDIRECT] 
2025-11-07 15:41:06,578 [ERROR] LogOutputStream:75 - [STDERR_REDIRECT] Nov 07, 2025 3:41:06 PM java.util.prefs.FileSystemPreferences checkLockFile0ErrorCode
2025-11-07 15:41:06,578 [ERROR] LogOutputStream:75 - [STDERR_REDIRECT] WARNING: Could not lock System prefs. Unix error code 2.
2025-11-07 15:41:06,578 [ERROR] LogOutputStream:75 - [STDERR_REDIRECT] 
2025-11-07 15:41:06,579 [ERROR] LogOutputStream:75 - [STDERR_REDIRECT] Nov 07, 2025 3:41:06 PM java.util.prefs.FileSystemPreferences syncWorld
2025-11-07 15:41:06,579 [ERROR] LogOutputStream:75 - [STDERR_REDIRECT] WARNING: Couldn't flush system prefs: java.util.prefs.BackingStoreException: Couldn't get file lock.
2025-11-07 15:41:06,579 [ERROR] LogOutputStream:75 - [STDERR_REDIRECT] 
2025-11-07 15:41:36,577 [ERROR] LogOutputStream:75 - [STDERR_REDIRECT] Nov 07, 2025 3:41:36 PM java.util.prefs.FileSystemPreferences checkLockFile0ErrorCode
2025-11-07 15:41:36,577 [ERROR] LogOutputStream:75 - [STDERR_REDIRECT] WARNING: Could not lock System prefs. Unix error code 2.
2025-11-07 15:41:36,578 [ERROR] LogOutputStream:75 - [STDERR_REDIRECT] 
2025-11-07 15:41:36,578 [ERROR] LogOutputStream:75 - [STDERR_REDIRECT] Nov 07, 2025 3:41:36 PM java.util.prefs.FileSystemPreferences syncWorld
2025-11-07 15:41:36,578 [ERROR] LogOutputStream:75 - [STDERR_REDIRECT] WARNING: Couldn't flush system prefs: java.util.prefs.BackingStoreException: Couldn't get file lock.
2025-11-07 15:41:36,578 [ERROR] LogOutputStream:75 - [STDERR_REDIRECT] 
2025-11-07 15:42:06,577 [ERROR] LogOutputStream:75 - [STDERR_REDIRECT] Nov 07, 2025 3:42:06 PM java.util.prefs.FileSystemPreferences checkLockFile0ErrorCode
2025-11-07 15:42:06,578 [ERROR] LogOutputStream:75 - [STDERR_REDIRECT] WARNING: Could not lock System prefs. Unix error code 2.
2025-11-07 15:42:06,578 [ERROR] LogOutputStream:75 - [STDERR_REDIRECT] 
2025-11-07 15:42:06,578 [ERROR] LogOutputStream:75 - [STDERR_REDIRECT] Nov 07, 2025 3:42:06 PM java.util.prefs.FileSystemPreferences syncWorld
2025-11-07 15:42:06,579 [ERROR] LogOutputStream:75 - [STDERR_REDIRECT] WARNING: Couldn't flush system prefs: java.util.prefs.BackingStoreException: Couldn't get file lock.
2025-11-07 15:42:06,579 [ERROR] LogOutputStream:75 - [STDERR_REDIRECT] 
2025-11-07 15:42:36,578 [ERROR] LogOutputStream:75 - [STDERR_REDIRECT] Nov 07, 2025 3:42:36 PM java.util.prefs.FileSystemPreferences checkLockFile0ErrorCode
2025-11-07 15:42:36,579 [ERROR] LogOutputStream:75 - [STDERR_REDIRECT] WARNING: Could not lock System prefs. Unix error code 2.
2025-11-07 15:42:36,579 [ERROR] LogOutputStream:75 - [STDERR_REDIRECT] 
2025-11-07 15:42:36,579 [ERROR] LogOutputStream:75 - [STDERR_REDIRECT] Nov 07, 2025 3:42:36 PM java.util.prefs.FileSystemPreferences syncWorld
2025-11-07 15:42:36,579 [ERROR] LogOutputStream:75 - [STDERR_REDIRECT] WARNING: Couldn't flush system prefs: java.util.prefs.BackingStoreException: Couldn't get file lock.
2025-11-07 15:42:36,579 [ERROR] LogOutputStream:75 - [STDERR_REDIRECT] 
2025-11-07 15:43:06,578 [ERROR] LogOutputStream:75 - [STDERR_REDIRECT] Nov 07, 2025 3:43:06 PM java.util.prefs.FileSystemPreferences checkLockFile0ErrorCode
2025-11-07 15:43:06,579 [ERROR] LogOutputStream:75 - [STDERR_REDIRECT] WARNING: Could not lock System prefs. Unix error code 2.
2025-11-07 15:43:06,579 [ERROR] LogOutputStream:75 - [STDERR_REDIRECT] 
2025-11-07 15:43:06,580 [ERROR] LogOutputStream:75 - [STDERR_REDIRECT] Nov 07, 2025 3:43:06 PM java.util.prefs.FileSystemPreferences syncWorld
2025-11-07 15:43:06,580 [ERROR] LogOutputStream:75 - [STDERR_REDIRECT] WARNING: Couldn't flush system prefs: java.util.prefs.BackingStoreException: Couldn't get file lock.
2025-11-07 15:43:06,580 [ERROR] LogOutputStream:75 - [STDERR_REDIRECT] 
2025-11-07 15:43:36,579 [ERROR] LogOutputStream:75 - [STDERR_REDIRECT] Nov 07, 2025 3:43:36 PM java.util.prefs.FileSystemPreferences checkLockFile0ErrorCode
2025-11-07 15:43:36,579 [ERROR] LogOutputStream:75 - [STDERR_REDIRECT] WARNING: Could not lock System prefs. Unix error code 2.
2025-11-07 15:43:36,579 [ERROR] LogOutputStream:75 - [STDERR_REDIRECT] 
2025-11-07 15:43:36,580 [ERROR] LogOutputStream:75 - [STDERR_REDIRECT] Nov 07, 2025 3:43:36 PM java.util.prefs.FileSystemPreferences syncWorld
2025-11-07 15:43:36,580 [ERROR] LogOutputStream:75 - [STDERR_REDIRECT] WARNING: Couldn't flush system prefs: java.util.prefs.BackingStoreException: Couldn't get file lock.
2025-11-07 15:43:36,580 [ERROR] LogOutputStream:75 - [STDERR_REDIRECT] 
2025-11-07 15:44:06,579 [ERROR] LogOutputStream:75 - [STDERR_REDIRECT] Nov 07, 2025 3:44:06 PM java.util.prefs.FileSystemPreferences checkLockFile0ErrorCode
2025-11-07 15:44:06,580 [ERROR] LogOutputStream:75 - [STDERR_REDIRECT] WARNING: Could not lock System prefs. Unix error code 2.
2025-11-07 15:44:06,580 [ERROR] LogOutputStream:75 - [STDERR_REDIRECT] 
2025-11-07 15:44:06,580 [ERROR] LogOutputStream:75 - [STDERR_REDIRECT] Nov 07, 2025 3:44:06 PM java.util.prefs.FileSystemPreferences syncWorld
2025-11-07 15:44:06,581 [ERROR] LogOutputStream:75 - [STDERR_REDIRECT] WARNING: Couldn't flush system prefs: java.util.prefs.BackingStoreException: Couldn't get file lock.
2025-11-07 15:44:06,581 [ERROR] LogOutputStream:75 - [STDERR_REDIRECT] 
2025-11-07 15:44:36,579 [ERROR] LogOutputStream:75 - [STDERR_REDIRECT] Nov 07, 2025 3:44:36 PM java.util.prefs.FileSystemPreferences checkLockFile0ErrorCode
2025-11-07 15:44:36,579 [ERROR] LogOutputStream:75 - [STDERR_REDIRECT] WARNING: Could not lock System prefs. Unix error code 2.
2025-11-07 15:44:36,579 [ERROR] LogOutputStream:75 - [STDERR_REDIRECT] 
2025-11-07 15:44:36,580 [ERROR] LogOutputStream:75 - [STDERR_REDIRECT] Nov 07, 2025 3:44:36 PM java.util.prefs.FileSystemPreferences syncWorld
2025-11-07 15:44:36,580 [ERROR] LogOutputStream:75 - [STDERR_REDIRECT] WARNING: Couldn't flush system prefs: java.util.prefs.BackingStoreException: Couldn't get file lock.
2025-11-07 15:44:36,580 [ERROR] LogOutputStream:75 - [STDERR_REDIRECT] 
2025-11-07 15:45:06,579 [ERROR] LogOutputStream:75 - [STDERR_REDIRECT] Nov 07, 2025 3:45:06 PM java.util.prefs.FileSystemPreferences checkLockFile0ErrorCode
2025-11-07 15:45:06,580 [ERROR] LogOutputStream:75 - [STDERR_REDIRECT] WARNING: Could not lock System prefs. Unix error code 2.
2025-11-07 15:45:06,580 [ERROR] LogOutputStream:75 - [STDERR_REDIRECT] 
2025-11-07 15:45:06,581 [ERROR] LogOutputStream:75 - [STDERR_REDIRECT] Nov 07, 2025 3:45:06 PM java.util.prefs.FileSystemPreferences syncWorld
2025-11-07 15:45:06,581 [ERROR] LogOutputStream:75 - [STDERR_REDIRECT] WARNING: Couldn't flush system prefs: java.util.prefs.BackingStoreException: Couldn't get file lock.
2025-11-07 15:45:06,581 [ERROR] LogOutputStream:75 - [STDERR_REDIRECT] 
2025-11-07 15:45:36,579 [ERROR] LogOutputStream:75 - [STDERR_REDIRECT] Nov 07, 2025 3:45:36 PM java.util.prefs.FileSystemPreferences checkLockFile0ErrorCode
2025-11-07 15:45:36,579 [ERROR] LogOutputStream:75 - [STDERR_REDIRECT] WARNING: Could not lock System prefs. Unix error code 2.
2025-11-07 15:45:36,579 [ERROR] LogOutputStream:75 - [STDERR_REDIRECT] 
2025-11-07 15:45:36,580 [ERROR] LogOutputStream:75 - [STDERR_REDIRECT] Nov 07, 2025 3:45:36 PM java.util.prefs.FileSystemPreferences syncWorld
2025-11-07 15:45:36,580 [ERROR] LogOutputStream:75 - [STDERR_REDIRECT] WARNING: Couldn't flush system prefs: java.util.prefs.BackingStoreException: Couldn't get file lock.
2025-11-07 15:45:36,580 [ERROR] LogOutputStream:75 - [STDERR_REDIRECT] 
2025-11-07 15:46:06,580 [ERROR] LogOutputStream:75 - [STDERR_REDIRECT] Nov 07, 2025 3:46:06 PM java.util.prefs.FileSystemPreferences checkLockFile0ErrorCode
2025-11-07 15:46:06,580 [ERROR] LogOutputStream:75 - [STDERR_REDIRECT] WARNING: Could not lock System prefs. Unix error code 2.
2025-11-07 15:46:06,581 [ERROR] LogOutputStream:75 - [STDERR_REDIRECT] 
2025-11-07 15:46:06,581 [ERROR] LogOutputStream:75 - [STDERR_REDIRECT] Nov 07, 2025 3:46:06 PM java.util.prefs.FileSystemPreferences syncWorld
2025-11-07 15:46:06,581 [ERROR] LogOutputStream:75 - [STDERR_REDIRECT] WARNING: Couldn't flush system prefs: java.util.prefs.BackingStoreException: Couldn't get file lock.
2025-11-07 15:46:06,582 [ERROR] LogOutputStream:75 - [STDERR_REDIRECT] 
2025-11-07 15:46:36,578 [ERROR] LogOutputStream:75 - [STDERR_REDIRECT] Nov 07, 2025 3:46:36 PM java.util.prefs.FileSystemPreferences checkLockFile0ErrorCode
2025-11-07 15:46:36,579 [ERROR] LogOutputStream:75 - [STDERR_REDIRECT] WARNING: Could not lock System prefs. Unix error code 2.
2025-11-07 15:46:36,579 [ERROR] LogOutputStream:75 - [STDERR_REDIRECT] 
2025-11-07 15:46:36,579 [ERROR] LogOutputStream:75 - [STDERR_REDIRECT] Nov 07, 2025 3:46:36 PM java.util.prefs.FileSystemPreferences syncWorld
2025-11-07 15:46:36,580 [ERROR] LogOutputStream:75 - [STDERR_REDIRECT] WARNING: Couldn't flush system prefs: java.util.prefs.BackingStoreException: Couldn't get file lock.
2025-11-07 15:46:36,580 [ERROR] LogOutputStream:75 - [STDERR_REDIRECT] 
2025-11-07 15:47:06,579 [ERROR] LogOutputStream:75 - [STDERR_REDIRECT] Nov 07, 2025 3:47:06 PM java.util.prefs.FileSystemPreferences checkLockFile0ErrorCode
2025-11-07 15:47:06,580 [ERROR] LogOutputStream:75 - [STDERR_REDIRECT] WARNING: Could not lock System prefs. Unix error code 2.
2025-11-07 15:47:06,580 [ERROR] LogOutputStream:75 - [STDERR_REDIRECT] 
2025-11-07 15:47:06,582 [ERROR] LogOutputStream:75 - [STDERR_REDIRECT] Nov 07, 2025 3:47:06 PM java.util.prefs.FileSystemPreferences syncWorld
2025-11-07 15:47:06,582 [ERROR] LogOutputStream:75 - [STDERR_REDIRECT] WARNING: Couldn't flush system prefs: java.util.prefs.BackingStoreException: Couldn't get file lock.
2025-11-07 15:47:06,582 [ERROR] LogOutputStream:75 - [STDERR_REDIRECT] 
2025-11-07 15:47:36,579 [ERROR] LogOutputStream:75 - [STDERR_REDIRECT] Nov 07, 2025 3:47:36 PM java.util.prefs.FileSystemPreferences checkLockFile0ErrorCode
2025-11-07 15:47:36,579 [ERROR] LogOutputStream:75 - [STDERR_REDIRECT] WARNING: Could not lock System prefs. Unix error code 2.
2025-11-07 15:47:36,579 [ERROR] LogOutputStream:75 - [STDERR_REDIRECT] 
2025-11-07 15:47:36,580 [ERROR] LogOutputStream:75 - [STDERR_REDIRECT] Nov 07, 2025 3:47:36 PM java.util.prefs.FileSystemPreferences syncWorld
2025-11-07 15:47:36,580 [ERROR] LogOutputStream:75 - [STDERR_REDIRECT] WARNING: Couldn't flush system prefs: java.util.prefs.BackingStoreException: Couldn't get file lock.
2025-11-07 15:47:36,580 [ERROR] LogOutputStream:75 - [STDERR_REDIRECT] 
2025-11-07 15:48:06,580 [ERROR] LogOutputStream:75 - [STDERR_REDIRECT] Nov 07, 2025 3:48:06 PM java.util.prefs.FileSystemPreferences checkLockFile0ErrorCode
2025-11-07 15:48:06,580 [ERROR] LogOutputStream:75 - [STDERR_REDIRECT] WARNING: Could not lock System prefs. Unix error code 2.
2025-11-07 15:48:06,580 [ERROR] LogOutputStream:75 - [STDERR_REDIRECT] 
2025-11-07 15:48:06,581 [ERROR] LogOutputStream:75 - [STDERR_REDIRECT] Nov 07, 2025 3:48:06 PM java.util.prefs.FileSystemPreferences syncWorld
2025-11-07 15:48:06,581 [ERROR] LogOutputStream:75 - [STDERR_REDIRECT] WARNING: Couldn't flush system prefs: java.util.prefs.BackingStoreException: Couldn't get file lock.
2025-11-07 15:48:06,581 [ERROR] LogOutputStream:75 - [STDERR_REDIRECT] 
2025-11-07 15:48:36,580 [ERROR] LogOutputStream:75 - [STDERR_REDIRECT] Nov 07, 2025 3:48:36 PM java.util.prefs.FileSystemPreferences checkLockFile0ErrorCode
2025-11-07 15:48:36,581 [ERROR] LogOutputStream:75 - [STDERR_REDIRECT] WARNING: Could not lock System prefs. Unix error code 2.
2025-11-07 15:48:36,581 [ERROR] LogOutputStream:75 - [STDERR_REDIRECT] 
2025-11-07 15:48:36,582 [ERROR] LogOutputStream:75 - [STDERR_REDIRECT] Nov 07, 2025 3:48:36 PM java.util.prefs.FileSystemPreferences syncWorld
2025-11-07 15:48:36,582 [ERROR] LogOutputStream:75 - [STDERR_REDIRECT] WARNING: Couldn't flush system prefs: java.util.prefs.BackingStoreException: Couldn't get file lock.
2025-11-07 15:48:36,582 [ERROR] LogOutputStream:75 - [STDERR_REDIRECT] 
2025-11-07 15:49:06,580 [ERROR] LogOutputStream:75 - [STDERR_REDIRECT] Nov 07, 2025 3:49:06 PM java.util.prefs.FileSystemPreferences checkLockFile0ErrorCode
2025-11-07 15:49:06,580 [ERROR] LogOutputStream:75 - [STDERR_REDIRECT] WARNING: Could not lock System prefs. Unix error code 2.
2025-11-07 15:49:06,580 [ERROR] LogOutputStream:75 - [STDERR_REDIRECT] 
2025-11-07 15:49:06,581 [ERROR] LogOutputStream:75 - [STDERR_REDIRECT] Nov 07, 2025 3:49:06 PM java.util.prefs.FileSystemPreferences syncWorld
2025-11-07 15:49:06,581 [ERROR] LogOutputStream:75 - [STDERR_REDIRECT] WARNING: Couldn't flush system prefs: java.util.prefs.BackingStoreException: Couldn't get file lock.
2025-11-07 15:49:06,581 [ERROR] LogOutputStream:75 - [STDERR_REDIRECT] 
2025-11-07 15:49:36,579 [ERROR] LogOutputStream:75 - [STDERR_REDIRECT] Nov 07, 2025 3:49:36 PM java.util.prefs.FileSystemPreferences checkLockFile0ErrorCode
2025-11-07 15:49:36,580 [ERROR] LogOutputStream:75 - [STDERR_REDIRECT] WARNING: Could not lock System prefs. Unix error code 2.
2025-11-07 15:49:36,580 [ERROR] LogOutputStream:75 - [STDERR_REDIRECT] 
2025-11-07 15:49:36,580 [ERROR] LogOutputStream:75 - [STDERR_REDIRECT] Nov 07, 2025 3:49:36 PM java.util.prefs.FileSystemPreferences syncWorld
2025-11-07 15:49:36,581 [ERROR] LogOutputStream:75 - [STDERR_REDIRECT] WARNING: Couldn't flush system prefs: java.util.prefs.BackingStoreException: Couldn't get file lock.
2025-11-07 15:49:36,581 [ERROR] LogOutputStream:75 - [STDERR_REDIRECT] 
2025-11-07 15:50:06,580 [ERROR] LogOutputStream:75 - [STDERR_REDIRECT] Nov 07, 2025 3:50:06 PM java.util.prefs.FileSystemPreferences checkLockFile0ErrorCode
2025-11-07 15:50:06,580 [ERROR] LogOutputStream:75 - [STDERR_REDIRECT] WARNING: Could not lock System prefs. Unix error code 2.
2025-11-07 15:50:06,580 [ERROR] LogOutputStream:75 - [STDERR_REDIRECT] 
2025-11-07 15:50:06,581 [ERROR] LogOutputStream:75 - [STDERR_REDIRECT] Nov 07, 2025 3:50:06 PM java.util.prefs.FileSystemPreferences syncWorld
2025-11-07 15:50:06,581 [ERROR] LogOutputStream:75 - [STDERR_REDIRECT] WARNING: Couldn't flush system prefs: java.util.prefs.BackingStoreException: Couldn't get file lock.
2025-11-07 15:50:06,581 [ERROR] LogOutputStream:75 - [STDERR_REDIRECT] 
2025-11-07 15:50:36,579 [ERROR] LogOutputStream:75 - [STDERR_REDIRECT] Nov 07, 2025 3:50:36 PM java.util.prefs.FileSystemPreferences checkLockFile0ErrorCode
2025-11-07 15:50:36,579 [ERROR] LogOutputStream:75 - [STDERR_REDIRECT] WARNING: Could not lock System prefs. Unix error code 2.
2025-11-07 15:50:36,580 [ERROR] LogOutputStream:75 - [STDERR_REDIRECT] 
2025-11-07 15:50:36,580 [ERROR] LogOutputStream:75 - [STDERR_REDIRECT] Nov 07, 2025 3:50:36 PM java.util.prefs.FileSystemPreferences syncWorld
2025-11-07 15:50:36,580 [ERROR] LogOutputStream:75 - [STDERR_REDIRECT] WARNING: Couldn't flush system prefs: java.util.prefs.BackingStoreException: Couldn't get file lock.
2025-11-07 15:50:36,580 [ERROR] LogOutputStream:75 - [STDERR_REDIRECT] 
2025-11-07 15:51:06,072 [INFO] WebApp:194 - Connection lost
2025-11-07 15:51:06,580 [ERROR] LogOutputStream:75 - [STDERR_REDIRECT] Nov 07, 2025 3:51:06 PM java.util.prefs.FileSystemPreferences checkLockFile0ErrorCode
2025-11-07 15:51:06,580 [ERROR] LogOutputStream:75 - [STDERR_REDIRECT] WARNING: Could not lock System prefs. Unix error code 2.
2025-11-07 15:51:06,580 [ERROR] LogOutputStream:75 - [STDERR_REDIRECT] 
2025-11-07 15:51:06,581 [ERROR] LogOutputStream:75 - [STDERR_REDIRECT] Nov 07, 2025 3:51:06 PM java.util.prefs.FileSystemPreferences syncWorld
2025-11-07 15:51:06,581 [ERROR] LogOutputStream:75 - [STDERR_REDIRECT] WARNING: Couldn't flush system prefs: java.util.prefs.BackingStoreException: Couldn't get file lock.
2025-11-07 15:51:06,581 [ERROR] LogOutputStream:75 - [STDERR_REDIRECT] 
2025-11-07 15:51:11,840 [INFO] WebApp:191 - Connection restablished
2025-11-07 15:51:36,601 [ERROR] LogOutputStream:75 - [STDERR_REDIRECT] Nov 07, 2025 3:51:36 PM java.util.prefs.FileSystemPreferences checkLockFile0ErrorCode
2025-11-07 15:51:36,602 [ERROR] LogOutputStream:75 - [STDERR_REDIRECT] WARNING: Could not lock System prefs. Unix error code 2.
2025-11-07 15:51:36,602 [ERROR] LogOutputStream:75 - [STDERR_REDIRECT] 
2025-11-07 15:51:36,602 [ERROR] LogOutputStream:75 - [STDERR_REDIRECT] Nov 07, 2025 3:51:36 PM java.util.prefs.FileSystemPreferences syncWorld
2025-11-07 15:51:36,602 [ERROR] LogOutputStream:75 - [STDERR_REDIRECT] WARNING: Couldn't flush system prefs: java.util.prefs.BackingStoreException: Couldn't get file lock.
2025-11-07 15:51:36,602 [ERROR] LogOutputStream:75 - [STDERR_REDIRECT] 
2025-11-07 15:52:06,581 [ERROR] LogOutputStream:75 - [STDERR_REDIRECT] Nov 07, 2025 3:52:06 PM java.util.prefs.FileSystemPreferences checkLockFile0ErrorCode
2025-11-07 15:52:06,582 [ERROR] LogOutputStream:75 - [STDERR_REDIRECT] WARNING: Could not lock System prefs. Unix error code 2.
2025-11-07 15:52:06,582 [ERROR] LogOutputStream:75 - [STDERR_REDIRECT] 
2025-11-07 15:52:06,583 [ERROR] LogOutputStream:75 - [STDERR_REDIRECT] Nov 07, 2025 3:52:06 PM java.util.prefs.FileSystemPreferences syncWorld
2025-11-07 15:52:06,583 [ERROR] LogOutputStream:75 - [STDERR_REDIRECT] WARNING: Couldn't flush system prefs: java.util.prefs.BackingStoreException: Couldn't get file lock.
2025-11-07 15:52:06,583 [ERROR] LogOutputStream:75 - [STDERR_REDIRECT] 
2025-11-07 15:52:36,580 [ERROR] LogOutputStream:75 - [STDERR_REDIRECT] Nov 07, 2025 3:52:36 PM java.util.prefs.FileSystemPreferences checkLockFile0ErrorCode
2025-11-07 15:52:36,580 [ERROR] LogOutputStream:75 - [STDERR_REDIRECT] WARNING: Could not lock System prefs. Unix error code 2.
2025-11-07 15:52:36,580 [ERROR] LogOutputStream:75 - [STDERR_REDIRECT] 
2025-11-07 15:52:36,580 [ERROR] LogOutputStream:75 - [STDERR_REDIRECT] Nov 07, 2025 3:52:36 PM java.util.prefs.FileSystemPreferences syncWorld
2025-11-07 15:52:36,580 [ERROR] LogOutputStream:75 - [STDERR_REDIRECT] WARNING: Couldn't flush system prefs: java.util.prefs.BackingStoreException: Couldn't get file lock.
2025-11-07 15:52:36,580 [ERROR] LogOutputStream:75 - [STDERR_REDIRECT] 
2025-11-07 15:53:06,580 [ERROR] LogOutputStream:75 - [STDERR_REDIRECT] Nov 07, 2025 3:53:06 PM java.util.prefs.FileSystemPreferences checkLockFile0ErrorCode
2025-11-07 15:53:06,581 [ERROR] LogOutputStream:75 - [STDERR_REDIRECT] WARNING: Could not lock System prefs. Unix error code 2.
2025-11-07 15:53:06,581 [ERROR] LogOutputStream:75 - [STDERR_REDIRECT] 
2025-11-07 15:53:06,581 [ERROR] LogOutputStream:75 - [STDERR_REDIRECT] Nov 07, 2025 3:53:06 PM java.util.prefs.FileSystemPreferences syncWorld
2025-11-07 15:53:06,581 [ERROR] LogOutputStream:75 - [STDERR_REDIRECT] WARNING: Couldn't flush system prefs: java.util.prefs.BackingStoreException: Couldn't get file lock.
2025-11-07 15:53:06,581 [ERROR] LogOutputStream:75 - [STDERR_REDIRECT] 
2025-11-07 15:53:36,581 [ERROR] LogOutputStream:75 - [STDERR_REDIRECT] Nov 07, 2025 3:53:36 PM java.util.prefs.FileSystemPreferences checkLockFile0ErrorCode
2025-11-07 15:53:36,582 [ERROR] LogOutputStream:75 - [STDERR_REDIRECT] WARNING: Could not lock System prefs. Unix error code 2.
2025-11-07 15:53:36,582 [ERROR] LogOutputStream:75 - [STDERR_REDIRECT] 
2025-11-07 15:53:36,582 [ERROR] LogOutputStream:75 - [STDERR_REDIRECT] Nov 07, 2025 3:53:36 PM java.util.prefs.FileSystemPreferences syncWorld
2025-11-07 15:53:36,583 [ERROR] LogOutputStream:75 - [STDERR_REDIRECT] WARNING: Couldn't flush system prefs: java.util.prefs.BackingStoreException: Couldn't get file lock.
2025-11-07 15:53:36,583 [ERROR] LogOutputStream:75 - [STDERR_REDIRECT] 
2025-11-07 15:54:06,582 [ERROR] LogOutputStream:75 - [STDERR_REDIRECT] Nov 07, 2025 3:54:06 PM java.util.prefs.FileSystemPreferences checkLockFile0ErrorCode
2025-11-07 15:54:06,582 [ERROR] LogOutputStream:75 - [STDERR_REDIRECT] WARNING: Could not lock System prefs. Unix error code 2.
2025-11-07 15:54:06,583 [ERROR] LogOutputStream:75 - [STDERR_REDIRECT] 
2025-11-07 15:54:06,583 [ERROR] LogOutputStream:75 - [STDERR_REDIRECT] Nov 07, 2025 3:54:06 PM java.util.prefs.FileSystemPreferences syncWorld
2025-11-07 15:54:06,583 [ERROR] LogOutputStream:75 - [STDERR_REDIRECT] WARNING: Couldn't flush system prefs: java.util.prefs.BackingStoreException: Couldn't get file lock.
2025-11-07 15:54:06,583 [ERROR] LogOutputStream:75 - [STDERR_REDIRECT] 
2025-11-07 15:54:19,673 [INFO] WebApp:194 - Connection lost
2025-11-07 15:54:20,466 [INFO] WebApp:191 - Connection restablished
2025-11-07 15:54:36,581 [ERROR] LogOutputStream:75 - [STDERR_REDIRECT] Nov 07, 2025 3:54:36 PM java.util.prefs.FileSystemPreferences checkLockFile0ErrorCode
2025-11-07 15:54:36,582 [ERROR] LogOutputStream:75 - [STDERR_REDIRECT] WARNING: Could not lock System prefs. Unix error code 2.
2025-11-07 15:54:36,582 [ERROR] LogOutputStream:75 - [STDERR_REDIRECT] 
2025-11-07 15:54:36,582 [ERROR] LogOutputStream:75 - [STDERR_REDIRECT] Nov 07, 2025 3:54:36 PM java.util.prefs.FileSystemPreferences syncWorld
2025-11-07 15:54:36,582 [ERROR] LogOutputStream:75 - [STDERR_REDIRECT] WARNING: Couldn't flush system prefs: java.util.prefs.BackingStoreException: Couldn't get file lock.
2025-11-07 15:54:36,583 [ERROR] LogOutputStream:75 - [STDERR_REDIRECT] 
2025-11-07 15:55:06,583 [ERROR] LogOutputStream:75 - [STDERR_REDIRECT] Nov 07, 2025 3:55:06 PM java.util.prefs.FileSystemPreferences checkLockFile0ErrorCode
2025-11-07 15:55:06,583 [ERROR] LogOutputStream:75 - [STDERR_REDIRECT] WARNING: Could not lock System prefs. Unix error code 2.
2025-11-07 15:55:06,583 [ERROR] LogOutputStream:75 - [STDERR_REDIRECT] 
2025-11-07 15:55:06,583 [ERROR] LogOutputStream:75 - [STDERR_REDIRECT] Nov 07, 2025 3:55:06 PM java.util.prefs.FileSystemPreferences syncWorld
2025-11-07 15:55:06,583 [ERROR] LogOutputStream:75 - [STDERR_REDIRECT] WARNING: Couldn't flush system prefs: java.util.prefs.BackingStoreException: Couldn't get file lock.
2025-11-07 15:55:06,584 [ERROR] LogOutputStream:75 - [STDERR_REDIRECT] 
2025-11-07 15:55:36,582 [ERROR] LogOutputStream:75 - [STDERR_REDIRECT] Nov 07, 2025 3:55:36 PM java.util.prefs.FileSystemPreferences checkLockFile0ErrorCode
2025-11-07 15:55:36,582 [ERROR] LogOutputStream:75 - [STDERR_REDIRECT] WARNING: Could not lock System prefs. Unix error code 2.
2025-11-07 15:55:36,582 [ERROR] LogOutputStream:75 - [STDERR_REDIRECT] 
2025-11-07 15:55:36,583 [ERROR] LogOutputStream:75 - [STDERR_REDIRECT] Nov 07, 2025 3:55:36 PM java.util.prefs.FileSystemPreferences syncWorld
2025-11-07 15:55:36,583 [ERROR] LogOutputStream:75 - [STDERR_REDIRECT] WARNING: Couldn't flush system prefs: java.util.prefs.BackingStoreException: Couldn't get file lock.
2025-11-07 15:55:36,583 [ERROR] LogOutputStream:75 - [STDERR_REDIRECT] 
2025-11-07 15:56:06,585 [ERROR] LogOutputStream:75 - [STDERR_REDIRECT] Nov 07, 2025 3:56:06 PM java.util.prefs.FileSystemPreferences checkLockFile0ErrorCode
2025-11-07 15:56:06,586 [ERROR] LogOutputStream:75 - [STDERR_REDIRECT] WARNING: Could not lock System prefs. Unix error code 2.
2025-11-07 15:56:06,586 [ERROR] LogOutputStream:75 - [STDERR_REDIRECT] 
2025-11-07 15:56:06,586 [ERROR] LogOutputStream:75 - [STDERR_REDIRECT] Nov 07, 2025 3:56:06 PM java.util.prefs.FileSystemPreferences syncWorld
2025-11-07 15:56:06,586 [ERROR] LogOutputStream:75 - [STDERR_REDIRECT] WARNING: Couldn't flush system prefs: java.util.prefs.BackingStoreException: Couldn't get file lock.
2025-11-07 15:56:06,586 [ERROR] LogOutputStream:75 - [STDERR_REDIRECT] 
2025-11-07 15:56:36,583 [ERROR] LogOutputStream:75 - [STDERR_REDIRECT] Nov 07, 2025 3:56:36 PM java.util.prefs.FileSystemPreferences checkLockFile0ErrorCode
2025-11-07 15:56:36,583 [ERROR] LogOutputStream:75 - [STDERR_REDIRECT] WARNING: Could not lock System prefs. Unix error code 2.
2025-11-07 15:56:36,583 [ERROR] LogOutputStream:75 - [STDERR_REDIRECT] 
2025-11-07 15:56:36,583 [ERROR] LogOutputStream:75 - [STDERR_REDIRECT] Nov 07, 2025 3:56:36 PM java.util.prefs.FileSystemPreferences syncWorld
2025-11-07 15:56:36,583 [ERROR] LogOutputStream:75 - [STDERR_REDIRECT] WARNING: Couldn't flush system prefs: java.util.prefs.BackingStoreException: Couldn't get file lock.
2025-11-07 15:56:36,583 [ERROR] LogOutputStream:75 - [STDERR_REDIRECT] 
2025-11-07 15:57:06,586 [ERROR] LogOutputStream:75 - [STDERR_REDIRECT] Nov 07, 2025 3:57:06 PM java.util.prefs.FileSystemPreferences checkLockFile0ErrorCode
2025-11-07 15:57:06,586 [ERROR] LogOutputStream:75 - [STDERR_REDIRECT] WARNING: Could not lock System prefs. Unix error code 2.
2025-11-07 15:57:06,586 [ERROR] LogOutputStream:75 - [STDERR_REDIRECT] 
2025-11-07 15:57:06,586 [ERROR] LogOutputStream:75 - [STDERR_REDIRECT] Nov 07, 2025 3:57:06 PM java.util.prefs.FileSystemPreferences syncWorld
2025-11-07 15:57:06,586 [ERROR] LogOutputStream:75 - [STDERR_REDIRECT] WARNING: Couldn't flush system prefs: java.util.prefs.BackingStoreException: Couldn't get file lock.
2025-11-07 15:57:06,586 [ERROR] LogOutputStream:75 - [STDERR_REDIRECT] 
2025-11-07 15:57:36,583 [ERROR] LogOutputStream:75 - [STDERR_REDIRECT] Nov 07, 2025 3:57:36 PM java.util.prefs.FileSystemPreferences checkLockFile0ErrorCode
2025-11-07 15:57:36,584 [ERROR] LogOutputStream:75 - [STDERR_REDIRECT] WARNING: Could not lock System prefs. Unix error code 2.
2025-11-07 15:57:36,584 [ERROR] LogOutputStream:75 - [STDERR_REDIRECT] 
2025-11-07 15:57:36,584 [ERROR] LogOutputStream:75 - [STDERR_REDIRECT] Nov 07, 2025 3:57:36 PM java.util.prefs.FileSystemPreferences syncWorld
2025-11-07 15:57:36,584 [ERROR] LogOutputStream:75 - [STDERR_REDIRECT] WARNING: Couldn't flush system prefs: java.util.prefs.BackingStoreException: Couldn't get file lock.
2025-11-07 15:57:36,584 [ERROR] LogOutputStream:75 - [STDERR_REDIRECT] 
2025-11-07 15:58:06,590 [ERROR] LogOutputStream:75 - [STDERR_REDIRECT] Nov 07, 2025 3:58:06 PM java.util.prefs.FileSystemPreferences checkLockFile0ErrorCode
2025-11-07 15:58:06,591 [ERROR] LogOutputStream:75 - [STDERR_REDIRECT] WARNING: Could not lock System prefs. Unix error code 2.
2025-11-07 15:58:06,592 [ERROR] LogOutputStream:75 - [STDERR_REDIRECT] 
2025-11-07 15:58:06,592 [ERROR] LogOutputStream:75 - [STDERR_REDIRECT] Nov 07, 2025 3:58:06 PM java.util.prefs.FileSystemPreferences syncWorld
2025-11-07 15:58:06,592 [ERROR] LogOutputStream:75 - [STDERR_REDIRECT] WARNING: Couldn't flush system prefs: java.util.prefs.BackingStoreException: Couldn't get file lock.
2025-11-07 15:58:06,592 [ERROR] LogOutputStream:75 - [STDERR_REDIRECT] 
2025-11-07 15:58:36,584 [ERROR] LogOutputStream:75 - [STDERR_REDIRECT] Nov 07, 2025 3:58:36 PM java.util.prefs.FileSystemPreferences checkLockFile0ErrorCode
2025-11-07 15:58:36,584 [ERROR] LogOutputStream:75 - [STDERR_REDIRECT] WARNING: Could not lock System prefs. Unix error code 2.
2025-11-07 15:58:36,584 [ERROR] LogOutputStream:75 - [STDERR_REDIRECT] 
2025-11-07 15:58:36,584 [ERROR] LogOutputStream:75 - [STDERR_REDIRECT] Nov 07, 2025 3:58:36 PM java.util.prefs.FileSystemPreferences syncWorld
2025-11-07 15:58:36,585 [ERROR] LogOutputStream:75 - [STDERR_REDIRECT] WARNING: Couldn't flush system prefs: java.util.prefs.BackingStoreException: Couldn't get file lock.
2025-11-07 15:58:36,585 [ERROR] LogOutputStream:75 - [STDERR_REDIRECT] 
2025-11-07 15:59:06,583 [ERROR] LogOutputStream:75 - [STDERR_REDIRECT] Nov 07, 2025 3:59:06 PM java.util.prefs.FileSystemPreferences checkLockFile0ErrorCode
2025-11-07 15:59:06,584 [ERROR] LogOutputStream:75 - [STDERR_REDIRECT] WARNING: Could not lock System prefs. Unix error code 2.
2025-11-07 15:59:06,584 [ERROR] LogOutputStream:75 - [STDERR_REDIRECT] 
2025-11-07 15:59:06,584 [ERROR] LogOutputStream:75 - [STDERR_REDIRECT] Nov 07, 2025 3:59:06 PM java.util.prefs.FileSystemPreferences syncWorld
2025-11-07 15:59:06,584 [ERROR] LogOutputStream:75 - [STDERR_REDIRECT] WARNING: Couldn't flush system prefs: java.util.prefs.BackingStoreException: Couldn't get file lock.
2025-11-07 15:59:06,584 [ERROR] LogOutputStream:75 - [STDERR_REDIRECT] 
2025-11-07 15:59:36,586 [ERROR] LogOutputStream:75 - [STDERR_REDIRECT] Nov 07, 2025 3:59:36 PM java.util.prefs.FileSystemPreferences checkLockFile0ErrorCode
2025-11-07 15:59:36,587 [ERROR] LogOutputStream:75 - [STDERR_REDIRECT] WARNING: Could not lock System prefs. Unix error code 2.
2025-11-07 15:59:36,587 [ERROR] LogOutputStream:75 - [STDERR_REDIRECT] 
2025-11-07 15:59:36,587 [ERROR] LogOutputStream:75 - [STDERR_REDIRECT] Nov 07, 2025 3:59:36 PM java.util.prefs.FileSystemPreferences syncWorld
2025-11-07 15:59:36,587 [ERROR] LogOutputStream:75 - [STDERR_REDIRECT] WARNING: Couldn't flush system prefs: java.util.prefs.BackingStoreException: Couldn't get file lock.
2025-11-07 15:59:36,588 [ERROR] LogOutputStream:75 - [STDERR_REDIRECT] 
2025-11-07 16:00:06,583 [ERROR] LogOutputStream:75 - [STDERR_REDIRECT] Nov 07, 2025 4:00:06 PM java.util.prefs.FileSystemPreferences checkLockFile0ErrorCode
2025-11-07 16:00:06,584 [ERROR] LogOutputStream:75 - [STDERR_REDIRECT] WARNING: Could not lock System prefs. Unix error code 2.
2025-11-07 16:00:06,584 [ERROR] LogOutputStream:75 - [STDERR_REDIRECT] 
2025-11-07 16:00:06,586 [ERROR] LogOutputStream:75 - [STDERR_REDIRECT] Nov 07, 2025 4:00:06 PM java.util.prefs.FileSystemPreferences syncWorld
2025-11-07 16:00:06,586 [ERROR] LogOutputStream:75 - [STDERR_REDIRECT] WARNING: Couldn't flush system prefs: java.util.prefs.BackingStoreException: Couldn't get file lock.
2025-11-07 16:00:06,587 [ERROR] LogOutputStream:75 - [STDERR_REDIRECT] 
2025-11-07 16:00:36,583 [ERROR] LogOutputStream:75 - [STDERR_REDIRECT] Nov 07, 2025 4:00:36 PM java.util.prefs.FileSystemPreferences checkLockFile0ErrorCode
2025-11-07 16:00:36,584 [ERROR] LogOutputStream:75 - [STDERR_REDIRECT] WARNING: Could not lock System prefs. Unix error code 2.
2025-11-07 16:00:36,584 [ERROR] LogOutputStream:75 - [STDERR_REDIRECT] 
2025-11-07 16:00:36,584 [ERROR] LogOutputStream:75 - [STDERR_REDIRECT] Nov 07, 2025 4:00:36 PM java.util.prefs.FileSystemPreferences syncWorld
2025-11-07 16:00:36,584 [ERROR] LogOutputStream:75 - [STDERR_REDIRECT] WARNING: Couldn't flush system prefs: java.util.prefs.BackingStoreException: Couldn't get file lock.
2025-11-07 16:00:36,584 [ERROR] LogOutputStream:75 - [STDERR_REDIRECT] 
2025-11-07 16:01:06,585 [ERROR] LogOutputStream:75 - [STDERR_REDIRECT] Nov 07, 2025 4:01:06 PM java.util.prefs.FileSystemPreferences checkLockFile0ErrorCode
2025-11-07 16:01:06,585 [ERROR] LogOutputStream:75 - [STDERR_REDIRECT] WARNING: Could not lock System prefs. Unix error code 2.
2025-11-07 16:01:06,586 [ERROR] LogOutputStream:75 - [STDERR_REDIRECT] 
2025-11-07 16:01:06,586 [ERROR] LogOutputStream:75 - [STDERR_REDIRECT] Nov 07, 2025 4:01:06 PM java.util.prefs.FileSystemPreferences syncWorld
2025-11-07 16:01:06,586 [ERROR] LogOutputStream:75 - [STDERR_REDIRECT] WARNING: Couldn't flush system prefs: java.util.prefs.BackingStoreException: Couldn't get file lock.
2025-11-07 16:01:06,586 [ERROR] LogOutputStream:75 - [STDERR_REDIRECT] 
2025-11-07 16:01:36,585 [ERROR] LogOutputStream:75 - [STDERR_REDIRECT] Nov 07, 2025 4:01:36 PM java.util.prefs.FileSystemPreferences checkLockFile0ErrorCode
2025-11-07 16:01:36,585 [ERROR] LogOutputStream:75 - [STDERR_REDIRECT] WARNING: Could not lock System prefs. Unix error code 2.
2025-11-07 16:01:36,585 [ERROR] LogOutputStream:75 - [STDERR_REDIRECT] 
2025-11-07 16:01:36,585 [ERROR] LogOutputStream:75 - [STDERR_REDIRECT] Nov 07, 2025 4:01:36 PM java.util.prefs.FileSystemPreferences syncWorld
2025-11-07 16:01:36,585 [ERROR] LogOutputStream:75 - [STDERR_REDIRECT] WARNING: Couldn't flush system prefs: java.util.prefs.BackingStoreException: Couldn't get file lock.
2025-11-07 16:01:36,585 [ERROR] LogOutputStream:75 - [STDERR_REDIRECT] 
2025-11-07 16:02:06,585 [ERROR] LogOutputStream:75 - [STDERR_REDIRECT] Nov 07, 2025 4:02:06 PM java.util.prefs.FileSystemPreferences checkLockFile0ErrorCode
2025-11-07 16:02:06,585 [ERROR] LogOutputStream:75 - [STDERR_REDIRECT] WARNING: Could not lock System prefs. Unix error code 2.
2025-11-07 16:02:06,585 [ERROR] LogOutputStream:75 - [STDERR_REDIRECT] 
2025-11-07 16:02:06,585 [ERROR] LogOutputStream:75 - [STDERR_REDIRECT] Nov 07, 2025 4:02:06 PM java.util.prefs.FileSystemPreferences syncWorld
2025-11-07 16:02:06,586 [ERROR] LogOutputStream:75 - [STDERR_REDIRECT] WARNING: Couldn't flush system prefs: java.util.prefs.BackingStoreException: Couldn't get file lock.
2025-11-07 16:02:06,586 [ERROR] LogOutputStream:75 - [STDERR_REDIRECT] 
2025-11-07 16:02:36,588 [ERROR] LogOutputStream:75 - [STDERR_REDIRECT] Nov 07, 2025 4:02:36 PM java.util.prefs.FileSystemPreferences checkLockFile0ErrorCode
2025-11-07 16:02:36,588 [ERROR] LogOutputStream:75 - [STDERR_REDIRECT] WARNING: Could not lock System prefs. Unix error code 2.
2025-11-07 16:02:36,588 [ERROR] LogOutputStream:75 - [STDERR_REDIRECT] 
2025-11-07 16:02:36,589 [ERROR] LogOutputStream:75 - [STDERR_REDIRECT] Nov 07, 2025 4:02:36 PM java.util.prefs.FileSystemPreferences syncWorld
2025-11-07 16:02:36,589 [ERROR] LogOutputStream:75 - [STDERR_REDIRECT] WARNING: Couldn't flush system prefs: java.util.prefs.BackingStoreException: Couldn't get file lock.
2025-11-07 16:02:36,589 [ERROR] LogOutputStream:75 - [STDERR_REDIRECT] 
2025-11-07 16:03:06,588 [ERROR] LogOutputStream:75 - [STDERR_REDIRECT] Nov 07, 2025 4:03:06 PM java.util.prefs.FileSystemPreferences checkLockFile0ErrorCode
2025-11-07 16:03:06,610 [ERROR] LogOutputStream:75 - [STDERR_REDIRECT] WARNING: Could not lock System prefs. Unix error code 2.
2025-11-07 16:03:06,610 [ERROR] LogOutputStream:75 - [STDERR_REDIRECT] 
2025-11-07 16:03:06,611 [ERROR] LogOutputStream:75 - [STDERR_REDIRECT] Nov 07, 2025 4:03:06 PM java.util.prefs.FileSystemPreferences syncWorld
2025-11-07 16:03:06,611 [ERROR] LogOutputStream:75 - [STDERR_REDIRECT] WARNING: Couldn't flush system prefs: java.util.prefs.BackingStoreException: Couldn't get file lock.
2025-11-07 16:03:06,611 [ERROR] LogOutputStream:75 - [STDERR_REDIRECT] 
2025-11-07 16:03:36,585 [ERROR] LogOutputStream:75 - [STDERR_REDIRECT] Nov 07, 2025 4:03:36 PM java.util.prefs.FileSystemPreferences checkLockFile0ErrorCode
2025-11-07 16:03:36,585 [ERROR] LogOutputStream:75 - [STDERR_REDIRECT] WARNING: Could not lock System prefs. Unix error code 2.
2025-11-07 16:03:36,585 [ERROR] LogOutputStream:75 - [STDERR_REDIRECT] 
2025-11-07 16:03:36,587 [ERROR] LogOutputStream:75 - [STDERR_REDIRECT] Nov 07, 2025 4:03:36 PM java.util.prefs.FileSystemPreferences syncWorld
2025-11-07 16:03:36,587 [ERROR] LogOutputStream:75 - [STDERR_REDIRECT] WARNING: Couldn't flush system prefs: java.util.prefs.BackingStoreException: Couldn't get file lock.
2025-11-07 16:03:36,587 [ERROR] LogOutputStream:75 - [STDERR_REDIRECT] 
2025-11-07 16:04:06,586 [ERROR] LogOutputStream:75 - [STDERR_REDIRECT] Nov 07, 2025 4:04:06 PM java.util.prefs.FileSystemPreferences checkLockFile0ErrorCode
2025-11-07 16:04:06,588 [ERROR] LogOutputStream:75 - [STDERR_REDIRECT] WARNING: Could not lock System prefs. Unix error code 2.
2025-11-07 16:04:06,588 [ERROR] LogOutputStream:75 - [STDERR_REDIRECT] 
2025-11-07 16:04:06,588 [ERROR] LogOutputStream:75 - [STDERR_REDIRECT] Nov 07, 2025 4:04:06 PM java.util.prefs.FileSystemPreferences syncWorld
2025-11-07 16:04:06,588 [ERROR] LogOutputStream:75 - [STDERR_REDIRECT] WARNING: Couldn't flush system prefs: java.util.prefs.BackingStoreException: Couldn't get file lock.
2025-11-07 16:04:06,589 [ERROR] LogOutputStream:75 - [STDERR_REDIRECT] 
2025-11-07 16:04:36,584 [ERROR] LogOutputStream:75 - [STDERR_REDIRECT] Nov 07, 2025 4:04:36 PM java.util.prefs.FileSystemPreferences checkLockFile0ErrorCode
2025-11-07 16:04:36,584 [ERROR] LogOutputStream:75 - [STDERR_REDIRECT] WARNING: Could not lock System prefs. Unix error code 2.
2025-11-07 16:04:36,585 [ERROR] LogOutputStream:75 - [STDERR_REDIRECT] 
2025-11-07 16:04:36,585 [ERROR] LogOutputStream:75 - [STDERR_REDIRECT] Nov 07, 2025 4:04:36 PM java.util.prefs.FileSystemPreferences syncWorld
2025-11-07 16:04:36,585 [ERROR] LogOutputStream:75 - [STDERR_REDIRECT] WARNING: Couldn't flush system prefs: java.util.prefs.BackingStoreException: Couldn't get file lock.
2025-11-07 16:04:36,585 [ERROR] LogOutputStream:75 - [STDERR_REDIRECT] 
2025-11-07 16:05:06,585 [ERROR] LogOutputStream:75 - [STDERR_REDIRECT] Nov 07, 2025 4:05:06 PM java.util.prefs.FileSystemPreferences checkLockFile0ErrorCode
2025-11-07 16:05:06,585 [ERROR] LogOutputStream:75 - [STDERR_REDIRECT] WARNING: Could not lock System prefs. Unix error code 2.
2025-11-07 16:05:06,585 [ERROR] LogOutputStream:75 - [STDERR_REDIRECT] 
2025-11-07 16:05:06,585 [ERROR] LogOutputStream:75 - [STDERR_REDIRECT] Nov 07, 2025 4:05:06 PM java.util.prefs.FileSystemPreferences syncWorld
2025-11-07 16:05:06,585 [ERROR] LogOutputStream:75 - [STDERR_REDIRECT] WARNING: Couldn't flush system prefs: java.util.prefs.BackingStoreException: Couldn't get file lock.
2025-11-07 16:05:06,585 [ERROR] LogOutputStream:75 - [STDERR_REDIRECT] 
2025-11-07 16:05:36,585 [ERROR] LogOutputStream:75 - [STDERR_REDIRECT] Nov 07, 2025 4:05:36 PM java.util.prefs.FileSystemPreferences checkLockFile0ErrorCode
2025-11-07 16:05:36,585 [ERROR] LogOutputStream:75 - [STDERR_REDIRECT] WARNING: Could not lock System prefs. Unix error code 2.
2025-11-07 16:05:36,585 [ERROR] LogOutputStream:75 - [STDERR_REDIRECT] 
2025-11-07 16:05:36,586 [ERROR] LogOutputStream:75 - [STDERR_REDIRECT] Nov 07, 2025 4:05:36 PM java.util.prefs.FileSystemPreferences syncWorld
2025-11-07 16:05:36,586 [ERROR] LogOutputStream:75 - [STDERR_REDIRECT] WARNING: Couldn't flush system prefs: java.util.prefs.BackingStoreException: Couldn't get file lock.
2025-11-07 16:05:36,586 [ERROR] LogOutputStream:75 - [STDERR_REDIRECT] 
2025-11-07 16:06:06,587 [ERROR] LogOutputStream:75 - [STDERR_REDIRECT] Nov 07, 2025 4:06:06 PM java.util.prefs.FileSystemPreferences checkLockFile0ErrorCode
2025-11-07 16:06:06,587 [ERROR] LogOutputStream:75 - [STDERR_REDIRECT] WARNING: Could not lock System prefs. Unix error code 2.
2025-11-07 16:06:06,588 [ERROR] LogOutputStream:75 - [STDERR_REDIRECT] 
2025-11-07 16:06:06,588 [ERROR] LogOutputStream:75 - [STDERR_REDIRECT] Nov 07, 2025 4:06:06 PM java.util.prefs.FileSystemPreferences syncWorld
2025-11-07 16:06:06,589 [ERROR] LogOutputStream:75 - [STDERR_REDIRECT] WARNING: Couldn't flush system prefs: java.util.prefs.BackingStoreException: Couldn't get file lock.
2025-11-07 16:06:06,589 [ERROR] LogOutputStream:75 - [STDERR_REDIRECT] 
2025-11-07 16:06:36,587 [ERROR] LogOutputStream:75 - [STDERR_REDIRECT] Nov 07, 2025 4:06:36 PM java.util.prefs.FileSystemPreferences checkLockFile0ErrorCode
2025-11-07 16:06:36,587 [ERROR] LogOutputStream:75 - [STDERR_REDIRECT] WARNING: Could not lock System prefs. Unix error code 2.
2025-11-07 16:06:36,588 [ERROR] LogOutputStream:75 - [STDERR_REDIRECT] 
2025-11-07 16:06:36,588 [ERROR] LogOutputStream:75 - [STDERR_REDIRECT] Nov 07, 2025 4:06:36 PM java.util.prefs.FileSystemPreferences syncWorld
2025-11-07 16:06:36,589 [ERROR] LogOutputStream:75 - [STDERR_REDIRECT] WARNING: Couldn't flush system prefs: java.util.prefs.BackingStoreException: Couldn't get file lock.
2025-11-07 16:06:36,589 [ERROR] LogOutputStream:75 - [STDERR_REDIRECT] 
2025-11-07 16:07:06,586 [ERROR] LogOutputStream:75 - [STDERR_REDIRECT] Nov 07, 2025 4:07:06 PM java.util.prefs.FileSystemPreferences checkLockFile0ErrorCode
2025-11-07 16:07:06,586 [ERROR] LogOutputStream:75 - [STDERR_REDIRECT] WARNING: Could not lock System prefs. Unix error code 2.
2025-11-07 16:07:06,586 [ERROR] LogOutputStream:75 - [STDERR_REDIRECT] 
2025-11-07 16:07:06,587 [ERROR] LogOutputStream:75 - [STDERR_REDIRECT] Nov 07, 2025 4:07:06 PM java.util.prefs.FileSystemPreferences syncWorld
2025-11-07 16:07:06,587 [ERROR] LogOutputStream:75 - [STDERR_REDIRECT] WARNING: Couldn't flush system prefs: java.util.prefs.BackingStoreException: Couldn't get file lock.
2025-11-07 16:07:06,587 [ERROR] LogOutputStream:75 - [STDERR_REDIRECT] 
2025-11-07 16:07:36,586 [ERROR] LogOutputStream:75 - [STDERR_REDIRECT] Nov 07, 2025 4:07:36 PM java.util.prefs.FileSystemPreferences checkLockFile0ErrorCode
2025-11-07 16:07:36,586 [ERROR] LogOutputStream:75 - [STDERR_REDIRECT] WARNING: Could not lock System prefs. Unix error code 2.
2025-11-07 16:07:36,587 [ERROR] LogOutputStream:75 - [STDERR_REDIRECT] 
2025-11-07 16:07:36,587 [ERROR] LogOutputStream:75 - [STDERR_REDIRECT] Nov 07, 2025 4:07:36 PM java.util.prefs.FileSystemPreferences syncWorld
2025-11-07 16:07:36,587 [ERROR] LogOutputStream:75 - [STDERR_REDIRECT] WARNING: Couldn't flush system prefs: java.util.prefs.BackingStoreException: Couldn't get file lock.
2025-11-07 16:07:36,588 [ERROR] LogOutputStream:75 - [STDERR_REDIRECT] 
2025-11-07 16:08:06,585 [ERROR] LogOutputStream:75 - [STDERR_REDIRECT] Nov 07, 2025 4:08:06 PM java.util.prefs.FileSystemPreferences checkLockFile0ErrorCode
2025-11-07 16:08:06,585 [ERROR] LogOutputStream:75 - [STDERR_REDIRECT] WARNING: Could not lock System prefs. Unix error code 2.
2025-11-07 16:08:06,586 [ERROR] LogOutputStream:75 - [STDERR_REDIRECT] 
2025-11-07 16:08:06,586 [ERROR] LogOutputStream:75 - [STDERR_REDIRECT] Nov 07, 2025 4:08:06 PM java.util.prefs.FileSystemPreferences syncWorld
2025-11-07 16:08:06,586 [ERROR] LogOutputStream:75 - [STDERR_REDIRECT] WARNING: Couldn't flush system prefs: java.util.prefs.BackingStoreException: Couldn't get file lock.
2025-11-07 16:08:06,586 [ERROR] LogOutputStream:75 - [STDERR_REDIRECT] 
2025-11-07 16:08:36,586 [ERROR] LogOutputStream:75 - [STDERR_REDIRECT] Nov 07, 2025 4:08:36 PM java.util.prefs.FileSystemPreferences checkLockFile0ErrorCode
2025-11-07 16:08:36,586 [ERROR] LogOutputStream:75 - [STDERR_REDIRECT] WARNING: Could not lock System prefs. Unix error code 2.
2025-11-07 16:08:36,586 [ERROR] LogOutputStream:75 - [STDERR_REDIRECT] 
2025-11-07 16:08:36,586 [ERROR] LogOutputStream:75 - [STDERR_REDIRECT] Nov 07, 2025 4:08:36 PM java.util.prefs.FileSystemPreferences syncWorld
2025-11-07 16:08:36,586 [ERROR] LogOutputStream:75 - [STDERR_REDIRECT] WARNING: Couldn't flush system prefs: java.util.prefs.BackingStoreException: Couldn't get file lock.
2025-11-07 16:08:36,586 [ERROR] LogOutputStream:75 - [STDERR_REDIRECT] 
2025-11-07 16:09:06,587 [ERROR] LogOutputStream:75 - [STDERR_REDIRECT] Nov 07, 2025 4:09:06 PM java.util.prefs.FileSystemPreferences checkLockFile0ErrorCode
2025-11-07 16:09:06,587 [ERROR] LogOutputStream:75 - [STDERR_REDIRECT] WARNING: Could not lock System prefs. Unix error code 2.
2025-11-07 16:09:06,587 [ERROR] LogOutputStream:75 - [STDERR_REDIRECT] 
2025-11-07 16:09:06,587 [ERROR] LogOutputStream:75 - [STDERR_REDIRECT] Nov 07, 2025 4:09:06 PM java.util.prefs.FileSystemPreferences syncWorld
2025-11-07 16:09:06,587 [ERROR] LogOutputStream:75 - [STDERR_REDIRECT] WARNING: Couldn't flush system prefs: java.util.prefs.BackingStoreException: Couldn't get file lock.
2025-11-07 16:09:06,587 [ERROR] LogOutputStream:75 - [STDERR_REDIRECT] 
2025-11-07 16:09:36,588 [ERROR] LogOutputStream:75 - [STDERR_REDIRECT] Nov 07, 2025 4:09:36 PM java.util.prefs.FileSystemPreferences checkLockFile0ErrorCode
2025-11-07 16:09:36,589 [ERROR] LogOutputStream:75 - [STDERR_REDIRECT] WARNING: Could not lock System prefs. Unix error code 2.
2025-11-07 16:09:36,589 [ERROR] LogOutputStream:75 - [STDERR_REDIRECT] 
2025-11-07 16:09:36,589 [ERROR] LogOutputStream:75 - [STDERR_REDIRECT] Nov 07, 2025 4:09:36 PM java.util.prefs.FileSystemPreferences syncWorld
2025-11-07 16:09:36,589 [ERROR] LogOutputStream:75 - [STDERR_REDIRECT] WARNING: Couldn't flush system prefs: java.util.prefs.BackingStoreException: Couldn't get file lock.
2025-11-07 16:09:36,589 [ERROR] LogOutputStream:75 - [STDERR_REDIRECT] 
2025-11-07 16:10:06,587 [ERROR] LogOutputStream:75 - [STDERR_REDIRECT] Nov 07, 2025 4:10:06 PM java.util.prefs.FileSystemPreferences checkLockFile0ErrorCode
2025-11-07 16:10:06,588 [ERROR] LogOutputStream:75 - [STDERR_REDIRECT] WARNING: Could not lock System prefs. Unix error code 2.
2025-11-07 16:10:06,589 [ERROR] LogOutputStream:75 - [STDERR_REDIRECT] 
2025-11-07 16:10:06,589 [ERROR] LogOutputStream:75 - [STDERR_REDIRECT] Nov 07, 2025 4:10:06 PM java.util.prefs.FileSystemPreferences syncWorld
2025-11-07 16:10:06,589 [ERROR] LogOutputStream:75 - [STDERR_REDIRECT] WARNING: Couldn't flush system prefs: java.util.prefs.BackingStoreException: Couldn't get file lock.
2025-11-07 16:10:06,589 [ERROR] LogOutputStream:75 - [STDERR_REDIRECT] 
2025-11-07 16:10:36,587 [ERROR] LogOutputStream:75 - [STDERR_REDIRECT] Nov 07, 2025 4:10:36 PM java.util.prefs.FileSystemPreferences checkLockFile0ErrorCode
2025-11-07 16:10:36,588 [ERROR] LogOutputStream:75 - [STDERR_REDIRECT] WARNING: Could not lock System prefs. Unix error code 2.
2025-11-07 16:10:36,588 [ERROR] LogOutputStream:75 - [STDERR_REDIRECT] 
2025-11-07 16:10:36,588 [ERROR] LogOutputStream:75 - [STDERR_REDIRECT] Nov 07, 2025 4:10:36 PM java.util.prefs.FileSystemPreferences syncWorld
2025-11-07 16:10:36,588 [ERROR] LogOutputStream:75 - [STDERR_REDIRECT] WARNING: Couldn't flush system prefs: java.util.prefs.BackingStoreException: Couldn't get file lock.
2025-11-07 16:10:36,588 [ERROR] LogOutputStream:75 - [STDERR_REDIRECT] 
2025-11-07 16:11:06,587 [ERROR] LogOutputStream:75 - [STDERR_REDIRECT] Nov 07, 2025 4:11:06 PM java.util.prefs.FileSystemPreferences checkLockFile0ErrorCode
2025-11-07 16:11:06,588 [ERROR] LogOutputStream:75 - [STDERR_REDIRECT] WARNING: Could not lock System prefs. Unix error code 2.
2025-11-07 16:11:06,588 [ERROR] LogOutputStream:75 - [STDERR_REDIRECT] 
2025-11-07 16:11:06,588 [ERROR] LogOutputStream:75 - [STDERR_REDIRECT] Nov 07, 2025 4:11:06 PM java.util.prefs.FileSystemPreferences syncWorld
2025-11-07 16:11:06,588 [ERROR] LogOutputStream:75 - [STDERR_REDIRECT] WARNING: Couldn't flush system prefs: java.util.prefs.BackingStoreException: Couldn't get file lock.
2025-11-07 16:11:06,588 [ERROR] LogOutputStream:75 - [STDERR_REDIRECT] 
2025-11-07 16:11:36,588 [ERROR] LogOutputStream:75 - [STDERR_REDIRECT] Nov 07, 2025 4:11:36 PM java.util.prefs.FileSystemPreferences checkLockFile0ErrorCode
2025-11-07 16:11:36,589 [ERROR] LogOutputStream:75 - [STDERR_REDIRECT] WARNING: Could not lock System prefs. Unix error code 2.
2025-11-07 16:11:36,589 [ERROR] LogOutputStream:75 - [STDERR_REDIRECT] 
2025-11-07 16:11:36,589 [ERROR] LogOutputStream:75 - [STDERR_REDIRECT] Nov 07, 2025 4:11:36 PM java.util.prefs.FileSystemPreferences syncWorld
2025-11-07 16:11:36,589 [ERROR] LogOutputStream:75 - [STDERR_REDIRECT] WARNING: Couldn't flush system prefs: java.util.prefs.BackingStoreException: Couldn't get file lock.
2025-11-07 16:11:36,589 [ERROR] LogOutputStream:75 - [STDERR_REDIRECT] 
2025-11-07 16:12:06,589 [ERROR] LogOutputStream:75 - [STDERR_REDIRECT] Nov 07, 2025 4:12:06 PM java.util.prefs.FileSystemPreferences checkLockFile0ErrorCode
2025-11-07 16:12:06,589 [ERROR] LogOutputStream:75 - [STDERR_REDIRECT] WARNING: Could not lock System prefs. Unix error code 2.
2025-11-07 16:12:06,589 [ERROR] LogOutputStream:75 - [STDERR_REDIRECT] 
2025-11-07 16:12:06,589 [ERROR] LogOutputStream:75 - [STDERR_REDIRECT] Nov 07, 2025 4:12:06 PM java.util.prefs.FileSystemPreferences syncWorld
2025-11-07 16:12:06,589 [ERROR] LogOutputStream:75 - [STDERR_REDIRECT] WARNING: Couldn't flush system prefs: java.util.prefs.BackingStoreException: Couldn't get file lock.
2025-11-07 16:12:06,589 [ERROR] LogOutputStream:75 - [STDERR_REDIRECT] 
2025-11-07 16:12:36,594 [ERROR] LogOutputStream:75 - [STDERR_REDIRECT] Nov 07, 2025 4:12:36 PM java.util.prefs.FileSystemPreferences checkLockFile0ErrorCode
2025-11-07 16:12:36,595 [ERROR] LogOutputStream:75 - [STDERR_REDIRECT] WARNING: Could not lock System prefs. Unix error code 2.
2025-11-07 16:12:36,595 [ERROR] LogOutputStream:75 - [STDERR_REDIRECT] 
2025-11-07 16:12:36,595 [ERROR] LogOutputStream:75 - [STDERR_REDIRECT] Nov 07, 2025 4:12:36 PM java.util.prefs.FileSystemPreferences syncWorld
2025-11-07 16:12:36,595 [ERROR] LogOutputStream:75 - [STDERR_REDIRECT] WARNING: Couldn't flush system prefs: java.util.prefs.BackingStoreException: Couldn't get file lock.
2025-11-07 16:12:36,596 [ERROR] LogOutputStream:75 - [STDERR_REDIRECT] 
2025-11-07 16:13:06,587 [ERROR] LogOutputStream:75 - [STDERR_REDIRECT] Nov 07, 2025 4:13:06 PM java.util.prefs.FileSystemPreferences checkLockFile0ErrorCode
2025-11-07 16:13:06,587 [ERROR] LogOutputStream:75 - [STDERR_REDIRECT] WARNING: Could not lock System prefs. Unix error code 2.
2025-11-07 16:13:06,587 [ERROR] LogOutputStream:75 - [STDERR_REDIRECT] 
2025-11-07 16:13:06,588 [ERROR] LogOutputStream:75 - [STDERR_REDIRECT] Nov 07, 2025 4:13:06 PM java.util.prefs.FileSystemPreferences syncWorld
2025-11-07 16:13:06,588 [ERROR] LogOutputStream:75 - [STDERR_REDIRECT] WARNING: Couldn't flush system prefs: java.util.prefs.BackingStoreException: Couldn't get file lock.
2025-11-07 16:13:06,588 [ERROR] LogOutputStream:75 - [STDERR_REDIRECT] 
2025-11-07 16:13:36,588 [ERROR] LogOutputStream:75 - [STDERR_REDIRECT] Nov 07, 2025 4:13:36 PM java.util.prefs.FileSystemPreferences checkLockFile0ErrorCode
2025-11-07 16:13:36,588 [ERROR] LogOutputStream:75 - [STDERR_REDIRECT] WARNING: Could not lock System prefs. Unix error code 2.
2025-11-07 16:13:36,588 [ERROR] LogOutputStream:75 - [STDERR_REDIRECT] 
2025-11-07 16:13:36,588 [ERROR] LogOutputStream:75 - [STDERR_REDIRECT] Nov 07, 2025 4:13:36 PM java.util.prefs.FileSystemPreferences syncWorld
2025-11-07 16:13:36,588 [ERROR] LogOutputStream:75 - [STDERR_REDIRECT] WARNING: Couldn't flush system prefs: java.util.prefs.BackingStoreException: Couldn't get file lock.
2025-11-07 16:13:36,588 [ERROR] LogOutputStream:75 - [STDERR_REDIRECT] 
2025-11-07 16:14:06,588 [ERROR] LogOutputStream:75 - [STDERR_REDIRECT] Nov 07, 2025 4:14:06 PM java.util.prefs.FileSystemPreferences checkLockFile0ErrorCode
2025-11-07 16:14:06,588 [ERROR] LogOutputStream:75 - [STDERR_REDIRECT] WARNING: Could not lock System prefs. Unix error code 2.
2025-11-07 16:14:06,588 [ERROR] LogOutputStream:75 - [STDERR_REDIRECT] 
2025-11-07 16:14:06,588 [ERROR] LogOutputStream:75 - [STDERR_REDIRECT] Nov 07, 2025 4:14:06 PM java.util.prefs.FileSystemPreferences syncWorld
2025-11-07 16:14:06,588 [ERROR] LogOutputStream:75 - [STDERR_REDIRECT] WARNING: Couldn't flush system prefs: java.util.prefs.BackingStoreException: Couldn't get file lock.
2025-11-07 16:14:06,588 [ERROR] LogOutputStream:75 - [STDERR_REDIRECT] 
2025-11-07 16:14:36,589 [ERROR] LogOutputStream:75 - [STDERR_REDIRECT] Nov 07, 2025 4:14:36 PM java.util.prefs.FileSystemPreferences checkLockFile0ErrorCode
2025-11-07 16:14:36,589 [ERROR] LogOutputStream:75 - [STDERR_REDIRECT] WARNING: Could not lock System prefs. Unix error code 2.
2025-11-07 16:14:36,589 [ERROR] LogOutputStream:75 - [STDERR_REDIRECT] 
2025-11-07 16:14:36,589 [ERROR] LogOutputStream:75 - [STDERR_REDIRECT] Nov 07, 2025 4:14:36 PM java.util.prefs.FileSystemPreferences syncWorld
2025-11-07 16:14:36,589 [ERROR] LogOutputStream:75 - [STDERR_REDIRECT] WARNING: Couldn't flush system prefs: java.util.prefs.BackingStoreException: Couldn't get file lock.
2025-11-07 16:14:36,589 [ERROR] LogOutputStream:75 - [STDERR_REDIRECT] 
2025-11-07 16:15:06,589 [ERROR] LogOutputStream:75 - [STDERR_REDIRECT] Nov 07, 2025 4:15:06 PM java.util.prefs.FileSystemPreferences checkLockFile0ErrorCode
2025-11-07 16:15:06,590 [ERROR] LogOutputStream:75 - [STDERR_REDIRECT] WARNING: Could not lock System prefs. Unix error code 2.
2025-11-07 16:15:06,591 [ERROR] LogOutputStream:75 - [STDERR_REDIRECT] 
2025-11-07 16:15:06,591 [ERROR] LogOutputStream:75 - [STDERR_REDIRECT] Nov 07, 2025 4:15:06 PM java.util.prefs.FileSystemPreferences syncWorld
2025-11-07 16:15:06,591 [ERROR] LogOutputStream:75 - [STDERR_REDIRECT] WARNING: Couldn't flush system prefs: java.util.prefs.BackingStoreException: Couldn't get file lock.
2025-11-07 16:15:06,591 [ERROR] LogOutputStream:75 - [STDERR_REDIRECT] 
2025-11-07 16:15:36,589 [ERROR] LogOutputStream:75 - [STDERR_REDIRECT] Nov 07, 2025 4:15:36 PM java.util.prefs.FileSystemPreferences checkLockFile0ErrorCode
2025-11-07 16:15:36,589 [ERROR] LogOutputStream:75 - [STDERR_REDIRECT] WARNING: Could not lock System prefs. Unix error code 2.
2025-11-07 16:15:36,589 [ERROR] LogOutputStream:75 - [STDERR_REDIRECT] 
2025-11-07 16:15:36,589 [ERROR] LogOutputStream:75 - [STDERR_REDIRECT] Nov 07, 2025 4:15:36 PM java.util.prefs.FileSystemPreferences syncWorld
2025-11-07 16:15:36,589 [ERROR] LogOutputStream:75 - [STDERR_REDIRECT] WARNING: Couldn't flush system prefs: java.util.prefs.BackingStoreException: Couldn't get file lock.
2025-11-07 16:15:36,589 [ERROR] LogOutputStream:75 - [STDERR_REDIRECT] 
2025-11-07 16:16:06,589 [ERROR] LogOutputStream:75 - [STDERR_REDIRECT] Nov 07, 2025 4:16:06 PM java.util.prefs.FileSystemPreferences checkLockFile0ErrorCode
2025-11-07 16:16:06,591 [ERROR] LogOutputStream:75 - [STDERR_REDIRECT] WARNING: Could not lock System prefs. Unix error code 2.
2025-11-07 16:16:06,591 [ERROR] LogOutputStream:75 - [STDERR_REDIRECT] 
2025-11-07 16:16:06,592 [ERROR] LogOutputStream:75 - [STDERR_REDIRECT] Nov 07, 2025 4:16:06 PM java.util.prefs.FileSystemPreferences syncWorld
2025-11-07 16:16:06,592 [ERROR] LogOutputStream:75 - [STDERR_REDIRECT] WARNING: Couldn't flush system prefs: java.util.prefs.BackingStoreException: Couldn't get file lock.
2025-11-07 16:16:06,592 [ERROR] LogOutputStream:75 - [STDERR_REDIRECT] 
2025-11-07 16:16:36,590 [ERROR] LogOutputStream:75 - [STDERR_REDIRECT] Nov 07, 2025 4:16:36 PM java.util.prefs.FileSystemPreferences checkLockFile0ErrorCode
2025-11-07 16:16:36,590 [ERROR] LogOutputStream:75 - [STDERR_REDIRECT] WARNING: Could not lock System prefs. Unix error code 2.
2025-11-07 16:16:36,590 [ERROR] LogOutputStream:75 - [STDERR_REDIRECT] 
2025-11-07 16:16:36,590 [ERROR] LogOutputStream:75 - [STDERR_REDIRECT] Nov 07, 2025 4:16:36 PM java.util.prefs.FileSystemPreferences syncWorld
2025-11-07 16:16:36,590 [ERROR] LogOutputStream:75 - [STDERR_REDIRECT] WARNING: Couldn't flush system prefs: java.util.prefs.BackingStoreException: Couldn't get file lock.
2025-11-07 16:16:36,590 [ERROR] LogOutputStream:75 - [STDERR_REDIRECT] 
2025-11-07 16:17:06,590 [ERROR] LogOutputStream:75 - [STDERR_REDIRECT] Nov 07, 2025 4:17:06 PM java.util.prefs.FileSystemPreferences checkLockFile0ErrorCode
2025-11-07 16:17:06,590 [ERROR] LogOutputStream:75 - [STDERR_REDIRECT] WARNING: Could not lock System prefs. Unix error code 2.
2025-11-07 16:17:06,590 [ERROR] LogOutputStream:75 - [STDERR_REDIRECT] 
2025-11-07 16:17:06,590 [ERROR] LogOutputStream:75 - [STDERR_REDIRECT] Nov 07, 2025 4:17:06 PM java.util.prefs.FileSystemPreferences syncWorld
2025-11-07 16:17:06,590 [ERROR] LogOutputStream:75 - [STDERR_REDIRECT] WARNING: Couldn't flush system prefs: java.util.prefs.BackingStoreException: Couldn't get file lock.
2025-11-07 16:17:06,591 [ERROR] LogOutputStream:75 - [STDERR_REDIRECT] 
2025-11-07 16:17:36,589 [ERROR] LogOutputStream:75 - [STDERR_REDIRECT] Nov 07, 2025 4:17:36 PM java.util.prefs.FileSystemPreferences checkLockFile0ErrorCode
2025-11-07 16:17:36,589 [ERROR] LogOutputStream:75 - [STDERR_REDIRECT] WARNING: Could not lock System prefs. Unix error code 2.
2025-11-07 16:17:36,589 [ERROR] LogOutputStream:75 - [STDERR_REDIRECT] 
2025-11-07 16:17:36,590 [ERROR] LogOutputStream:75 - [STDERR_REDIRECT] Nov 07, 2025 4:17:36 PM java.util.prefs.FileSystemPreferences syncWorld
2025-11-07 16:17:36,590 [ERROR] LogOutputStream:75 - [STDERR_REDIRECT] WARNING: Couldn't flush system prefs: java.util.prefs.BackingStoreException: Couldn't get file lock.
2025-11-07 16:17:36,590 [ERROR] LogOutputStream:75 - [STDERR_REDIRECT] 
2025-11-07 16:18:06,592 [ERROR] LogOutputStream:75 - [STDERR_REDIRECT] Nov 07, 2025 4:18:06 PM java.util.prefs.FileSystemPreferences checkLockFile0ErrorCode
2025-11-07 16:18:06,593 [ERROR] LogOutputStream:75 - [STDERR_REDIRECT] WARNING: Could not lock System prefs. Unix error code 2.
2025-11-07 16:18:06,593 [ERROR] LogOutputStream:75 - [STDERR_REDIRECT] 
2025-11-07 16:18:06,594 [ERROR] LogOutputStream:75 - [STDERR_REDIRECT] Nov 07, 2025 4:18:06 PM java.util.prefs.FileSystemPreferences syncWorld
2025-11-07 16:18:06,594 [ERROR] LogOutputStream:75 - [STDERR_REDIRECT] WARNING: Couldn't flush system prefs: java.util.prefs.BackingStoreException: Couldn't get file lock.
2025-11-07 16:18:06,594 [ERROR] LogOutputStream:75 - [STDERR_REDIRECT] 
2025-11-07 16:18:36,590 [ERROR] LogOutputStream:75 - [STDERR_REDIRECT] Nov 07, 2025 4:18:36 PM java.util.prefs.FileSystemPreferences checkLockFile0ErrorCode
2025-11-07 16:18:36,590 [ERROR] LogOutputStream:75 - [STDERR_REDIRECT] WARNING: Could not lock System prefs. Unix error code 2.
2025-11-07 16:18:36,590 [ERROR] LogOutputStream:75 - [STDERR_REDIRECT] 
2025-11-07 16:18:36,590 [ERROR] LogOutputStream:75 - [STDERR_REDIRECT] Nov 07, 2025 4:18:36 PM java.util.prefs.FileSystemPreferences syncWorld
2025-11-07 16:18:36,590 [ERROR] LogOutputStream:75 - [STDERR_REDIRECT] WARNING: Couldn't flush system prefs: java.util.prefs.BackingStoreException: Couldn't get file lock.
2025-11-07 16:18:36,590 [ERROR] LogOutputStream:75 - [STDERR_REDIRECT] 
2025-11-07 16:19:06,589 [ERROR] LogOutputStream:75 - [STDERR_REDIRECT] Nov 07, 2025 4:19:06 PM java.util.prefs.FileSystemPreferences checkLockFile0ErrorCode
2025-11-07 16:19:06,591 [ERROR] LogOutputStream:75 - [STDERR_REDIRECT] WARNING: Could not lock System prefs. Unix error code 2.
2025-11-07 16:19:06,591 [ERROR] LogOutputStream:75 - [STDERR_REDIRECT] 
2025-11-07 16:19:06,591 [ERROR] LogOutputStream:75 - [STDERR_REDIRECT] Nov 07, 2025 4:19:06 PM java.util.prefs.FileSystemPreferences syncWorld
2025-11-07 16:19:06,591 [ERROR] LogOutputStream:75 - [STDERR_REDIRECT] WARNING: Couldn't flush system prefs: java.util.prefs.BackingStoreException: Couldn't get file lock.
2025-11-07 16:19:06,591 [ERROR] LogOutputStream:75 - [STDERR_REDIRECT] 
2025-11-07 16:19:36,590 [ERROR] LogOutputStream:75 - [STDERR_REDIRECT] Nov 07, 2025 4:19:36 PM java.util.prefs.FileSystemPreferences checkLockFile0ErrorCode
2025-11-07 16:19:36,591 [ERROR] LogOutputStream:75 - [STDERR_REDIRECT] WARNING: Could not lock System prefs. Unix error code 2.
2025-11-07 16:19:36,592 [ERROR] LogOutputStream:75 - [STDERR_REDIRECT] 
2025-11-07 16:19:36,592 [ERROR] LogOutputStream:75 - [STDERR_REDIRECT] Nov 07, 2025 4:19:36 PM java.util.prefs.FileSystemPreferences syncWorld
2025-11-07 16:19:36,592 [ERROR] LogOutputStream:75 - [STDERR_REDIRECT] WARNING: Couldn't flush system prefs: java.util.prefs.BackingStoreException: Couldn't get file lock.
2025-11-07 16:19:36,592 [ERROR] LogOutputStream:75 - [STDERR_REDIRECT] 
2025-11-07 16:20:06,602 [ERROR] LogOutputStream:75 - [STDERR_REDIRECT] Nov 07, 2025 4:20:06 PM java.util.prefs.FileSystemPreferences checkLockFile0ErrorCode
2025-11-07 16:20:06,602 [ERROR] LogOutputStream:75 - [STDERR_REDIRECT] WARNING: Could not lock System prefs. Unix error code 2.
2025-11-07 16:20:06,602 [ERROR] LogOutputStream:75 - [STDERR_REDIRECT] 
2025-11-07 16:20:06,602 [ERROR] LogOutputStream:75 - [STDERR_REDIRECT] Nov 07, 2025 4:20:06 PM java.util.prefs.FileSystemPreferences syncWorld
2025-11-07 16:20:06,602 [ERROR] LogOutputStream:75 - [STDERR_REDIRECT] WARNING: Couldn't flush system prefs: java.util.prefs.BackingStoreException: Couldn't get file lock.
2025-11-07 16:20:06,602 [ERROR] LogOutputStream:75 - [STDERR_REDIRECT] 
2025-11-07 16:20:36,591 [ERROR] LogOutputStream:75 - [STDERR_REDIRECT] Nov 07, 2025 4:20:36 PM java.util.prefs.FileSystemPreferences checkLockFile0ErrorCode
2025-11-07 16:20:36,592 [ERROR] LogOutputStream:75 - [STDERR_REDIRECT] WARNING: Could not lock System prefs. Unix error code 2.
2025-11-07 16:20:36,592 [ERROR] LogOutputStream:75 - [STDERR_REDIRECT] 
2025-11-07 16:20:36,592 [ERROR] LogOutputStream:75 - [STDERR_REDIRECT] Nov 07, 2025 4:20:36 PM java.util.prefs.FileSystemPreferences syncWorld
2025-11-07 16:20:36,592 [ERROR] LogOutputStream:75 - [STDERR_REDIRECT] WARNING: Couldn't flush system prefs: java.util.prefs.BackingStoreException: Couldn't get file lock.
2025-11-07 16:20:36,592 [ERROR] LogOutputStream:75 - [STDERR_REDIRECT] 
2025-11-07 16:21:06,604 [ERROR] LogOutputStream:75 - [STDERR_REDIRECT] Nov 07, 2025 4:21:06 PM java.util.prefs.FileSystemPreferences checkLockFile0ErrorCode
2025-11-07 16:21:06,605 [ERROR] LogOutputStream:75 - [STDERR_REDIRECT] WARNING: Could not lock System prefs. Unix error code 2.
2025-11-07 16:21:06,605 [ERROR] LogOutputStream:75 - [STDERR_REDIRECT] 
2025-11-07 16:21:06,605 [ERROR] LogOutputStream:75 - [STDERR_REDIRECT] Nov 07, 2025 4:21:06 PM java.util.prefs.FileSystemPreferences syncWorld
2025-11-07 16:21:06,605 [ERROR] LogOutputStream:75 - [STDERR_REDIRECT] WARNING: Couldn't flush system prefs: java.util.prefs.BackingStoreException: Couldn't get file lock.
2025-11-07 16:21:06,605 [ERROR] LogOutputStream:75 - [STDERR_REDIRECT] 
2025-11-07 16:21:36,611 [ERROR] LogOutputStream:75 - [STDERR_REDIRECT] Nov 07, 2025 4:21:36 PM java.util.prefs.FileSystemPreferences checkLockFile0ErrorCode
2025-11-07 16:21:36,616 [ERROR] LogOutputStream:75 - [STDERR_REDIRECT] WARNING: Could not lock System prefs. Unix error code 2.
2025-11-07 16:21:36,617 [ERROR] LogOutputStream:75 - [STDERR_REDIRECT] 
2025-11-07 16:21:36,618 [ERROR] LogOutputStream:75 - [STDERR_REDIRECT] Nov 07, 2025 4:21:36 PM java.util.prefs.FileSystemPreferences syncWorld
2025-11-07 16:21:36,618 [ERROR] LogOutputStream:75 - [STDERR_REDIRECT] WARNING: Couldn't flush system prefs: java.util.prefs.BackingStoreException: Couldn't get file lock.
2025-11-07 16:21:36,618 [ERROR] LogOutputStream:75 - [STDERR_REDIRECT] 
2025-11-07 16:22:06,609 [ERROR] LogOutputStream:75 - [STDERR_REDIRECT] Nov 07, 2025 4:22:06 PM java.util.prefs.FileSystemPreferences checkLockFile0ErrorCode
2025-11-07 16:22:06,612 [ERROR] LogOutputStream:75 - [STDERR_REDIRECT] WARNING: Could not lock System prefs. Unix error code 2.
2025-11-07 16:22:06,613 [ERROR] LogOutputStream:75 - [STDERR_REDIRECT] 
2025-11-07 16:22:06,613 [ERROR] LogOutputStream:75 - [STDERR_REDIRECT] Nov 07, 2025 4:22:06 PM java.util.prefs.FileSystemPreferences syncWorld
2025-11-07 16:22:06,613 [ERROR] LogOutputStream:75 - [STDERR_REDIRECT] WARNING: Couldn't flush system prefs: java.util.prefs.BackingStoreException: Couldn't get file lock.
2025-11-07 16:22:06,613 [ERROR] LogOutputStream:75 - [STDERR_REDIRECT] 
2025-11-07 16:22:36,607 [ERROR] LogOutputStream:75 - [STDERR_REDIRECT] Nov 07, 2025 4:22:36 PM java.util.prefs.FileSystemPreferences checkLockFile0ErrorCode
2025-11-07 16:22:36,608 [ERROR] LogOutputStream:75 - [STDERR_REDIRECT] WARNING: Could not lock System prefs. Unix error code 2.
2025-11-07 16:22:36,608 [ERROR] LogOutputStream:75 - [STDERR_REDIRECT] 
2025-11-07 16:22:36,608 [ERROR] LogOutputStream:75 - [STDERR_REDIRECT] Nov 07, 2025 4:22:36 PM java.util.prefs.FileSystemPreferences syncWorld
2025-11-07 16:22:36,609 [ERROR] LogOutputStream:75 - [STDERR_REDIRECT] WARNING: Couldn't flush system prefs: java.util.prefs.BackingStoreException: Couldn't get file lock.
2025-11-07 16:22:36,609 [ERROR] LogOutputStream:75 - [STDERR_REDIRECT] 
2025-11-07 16:23:06,598 [ERROR] LogOutputStream:75 - [STDERR_REDIRECT] Nov 07, 2025 4:23:06 PM java.util.prefs.FileSystemPreferences checkLockFile0ErrorCode
2025-11-07 16:23:06,602 [ERROR] LogOutputStream:75 - [STDERR_REDIRECT] WARNING: Could not lock System prefs. Unix error code 2.
2025-11-07 16:23:06,602 [ERROR] LogOutputStream:75 - [STDERR_REDIRECT] 
2025-11-07 16:23:06,602 [ERROR] LogOutputStream:75 - [STDERR_REDIRECT] Nov 07, 2025 4:23:06 PM java.util.prefs.FileSystemPreferences syncWorld
2025-11-07 16:23:06,602 [ERROR] LogOutputStream:75 - [STDERR_REDIRECT] WARNING: Couldn't flush system prefs: java.util.prefs.BackingStoreException: Couldn't get file lock.
2025-11-07 16:23:06,603 [ERROR] LogOutputStream:75 - [STDERR_REDIRECT] 
2025-11-07 16:23:36,690 [ERROR] LogOutputStream:75 - [STDERR_REDIRECT] Nov 07, 2025 4:23:36 PM java.util.prefs.FileSystemPreferences checkLockFile0ErrorCode
2025-11-07 16:23:36,695 [ERROR] LogOutputStream:75 - [STDERR_REDIRECT] WARNING: Could not lock System prefs. Unix error code 2.
2025-11-07 16:23:36,695 [ERROR] LogOutputStream:75 - [STDERR_REDIRECT] 
2025-11-07 16:23:36,697 [ERROR] LogOutputStream:75 - [STDERR_REDIRECT] Nov 07, 2025 4:23:36 PM java.util.prefs.FileSystemPreferences syncWorld
2025-11-07 16:23:36,697 [ERROR] LogOutputStream:75 - [STDERR_REDIRECT] WARNING: Couldn't flush system prefs: java.util.prefs.BackingStoreException: Couldn't get file lock.
2025-11-07 16:23:36,697 [ERROR] LogOutputStream:75 - [STDERR_REDIRECT] 
2025-11-07 16:24:06,595 [ERROR] LogOutputStream:75 - [STDERR_REDIRECT] Nov 07, 2025 4:24:06 PM java.util.prefs.FileSystemPreferences checkLockFile0ErrorCode
2025-11-07 16:24:06,595 [ERROR] LogOutputStream:75 - [STDERR_REDIRECT] WARNING: Could not lock System prefs. Unix error code 2.
2025-11-07 16:24:06,595 [ERROR] LogOutputStream:75 - [STDERR_REDIRECT] 
2025-11-07 16:24:06,595 [ERROR] LogOutputStream:75 - [STDERR_REDIRECT] Nov 07, 2025 4:24:06 PM java.util.prefs.FileSystemPreferences syncWorld
2025-11-07 16:24:06,595 [ERROR] LogOutputStream:75 - [STDERR_REDIRECT] WARNING: Couldn't flush system prefs: java.util.prefs.BackingStoreException: Couldn't get file lock.
2025-11-07 16:24:06,595 [ERROR] LogOutputStream:75 - [STDERR_REDIRECT] 
2025-11-07 16:24:36,596 [ERROR] LogOutputStream:75 - [STDERR_REDIRECT] Nov 07, 2025 4:24:36 PM java.util.prefs.FileSystemPreferences checkLockFile0ErrorCode
2025-11-07 16:24:36,597 [ERROR] LogOutputStream:75 - [STDERR_REDIRECT] WARNING: Could not lock System prefs. Unix error code 2.
2025-11-07 16:24:36,597 [ERROR] LogOutputStream:75 - [STDERR_REDIRECT] 
2025-11-07 16:24:36,598 [ERROR] LogOutputStream:75 - [STDERR_REDIRECT] Nov 07, 2025 4:24:36 PM java.util.prefs.FileSystemPreferences syncWorld
2025-11-07 16:24:36,598 [ERROR] LogOutputStream:75 - [STDERR_REDIRECT] WARNING: Couldn't flush system prefs: java.util.prefs.BackingStoreException: Couldn't get file lock.
2025-11-07 16:24:36,598 [ERROR] LogOutputStream:75 - [STDERR_REDIRECT] 
2025-11-07 16:25:06,595 [ERROR] LogOutputStream:75 - [STDERR_REDIRECT] Nov 07, 2025 4:25:06 PM java.util.prefs.FileSystemPreferences checkLockFile0ErrorCode
2025-11-07 16:25:06,595 [ERROR] LogOutputStream:75 - [STDERR_REDIRECT] WARNING: Could not lock System prefs. Unix error code 2.
2025-11-07 16:25:06,595 [ERROR] LogOutputStream:75 - [STDERR_REDIRECT] 
2025-11-07 16:25:06,596 [ERROR] LogOutputStream:75 - [STDERR_REDIRECT] Nov 07, 2025 4:25:06 PM java.util.prefs.FileSystemPreferences syncWorld
2025-11-07 16:25:06,596 [ERROR] LogOutputStream:75 - [STDERR_REDIRECT] WARNING: Couldn't flush system prefs: java.util.prefs.BackingStoreException: Couldn't get file lock.
2025-11-07 16:25:06,596 [ERROR] LogOutputStream:75 - [STDERR_REDIRECT] 
2025-11-07 16:25:36,596 [ERROR] LogOutputStream:75 - [STDERR_REDIRECT] Nov 07, 2025 4:25:36 PM java.util.prefs.FileSystemPreferences checkLockFile0ErrorCode
2025-11-07 16:25:36,597 [ERROR] LogOutputStream:75 - [STDERR_REDIRECT] WARNING: Could not lock System prefs. Unix error code 2.
2025-11-07 16:25:36,597 [ERROR] LogOutputStream:75 - [STDERR_REDIRECT] 
2025-11-07 16:25:36,597 [ERROR] LogOutputStream:75 - [STDERR_REDIRECT] Nov 07, 2025 4:25:36 PM java.util.prefs.FileSystemPreferences syncWorld
2025-11-07 16:25:36,597 [ERROR] LogOutputStream:75 - [STDERR_REDIRECT] WARNING: Couldn't flush system prefs: java.util.prefs.BackingStoreException: Couldn't get file lock.
2025-11-07 16:25:36,598 [ERROR] LogOutputStream:75 - [STDERR_REDIRECT] 
2025-11-07 16:26:06,595 [ERROR] LogOutputStream:75 - [STDERR_REDIRECT] Nov 07, 2025 4:26:06 PM java.util.prefs.FileSystemPreferences checkLockFile0ErrorCode
2025-11-07 16:26:06,595 [ERROR] LogOutputStream:75 - [STDERR_REDIRECT] WARNING: Could not lock System prefs. Unix error code 2.
2025-11-07 16:26:06,595 [ERROR] LogOutputStream:75 - [STDERR_REDIRECT] 
2025-11-07 16:26:06,596 [ERROR] LogOutputStream:75 - [STDERR_REDIRECT] Nov 07, 2025 4:26:06 PM java.util.prefs.FileSystemPreferences syncWorld
2025-11-07 16:26:06,596 [ERROR] LogOutputStream:75 - [STDERR_REDIRECT] WARNING: Couldn't flush system prefs: java.util.prefs.BackingStoreException: Couldn't get file lock.
2025-11-07 16:26:06,596 [ERROR] LogOutputStream:75 - [STDERR_REDIRECT] 
2025-11-07 16:26:36,595 [ERROR] LogOutputStream:75 - [STDERR_REDIRECT] Nov 07, 2025 4:26:36 PM java.util.prefs.FileSystemPreferences checkLockFile0ErrorCode
2025-11-07 16:26:36,595 [ERROR] LogOutputStream:75 - [STDERR_REDIRECT] WARNING: Could not lock System prefs. Unix error code 2.
2025-11-07 16:26:36,595 [ERROR] LogOutputStream:75 - [STDERR_REDIRECT] 
2025-11-07 16:26:36,595 [ERROR] LogOutputStream:75 - [STDERR_REDIRECT] Nov 07, 2025 4:26:36 PM java.util.prefs.FileSystemPreferences syncWorld
2025-11-07 16:26:36,596 [ERROR] LogOutputStream:75 - [STDERR_REDIRECT] WARNING: Couldn't flush system prefs: java.util.prefs.BackingStoreException: Couldn't get file lock.
2025-11-07 16:26:36,596 [ERROR] LogOutputStream:75 - [STDERR_REDIRECT] 
2025-11-07 16:27:06,594 [ERROR] LogOutputStream:75 - [STDERR_REDIRECT] Nov 07, 2025 4:27:06 PM java.util.prefs.FileSystemPreferences checkLockFile0ErrorCode
2025-11-07 16:27:06,594 [ERROR] LogOutputStream:75 - [STDERR_REDIRECT] WARNING: Could not lock System prefs. Unix error code 2.
2025-11-07 16:27:06,594 [ERROR] LogOutputStream:75 - [STDERR_REDIRECT] 
2025-11-07 16:27:06,595 [ERROR] LogOutputStream:75 - [STDERR_REDIRECT] Nov 07, 2025 4:27:06 PM java.util.prefs.FileSystemPreferences syncWorld
2025-11-07 16:27:06,595 [ERROR] LogOutputStream:75 - [STDERR_REDIRECT] WARNING: Couldn't flush system prefs: java.util.prefs.BackingStoreException: Couldn't get file lock.
2025-11-07 16:27:06,595 [ERROR] LogOutputStream:75 - [STDERR_REDIRECT] 
2025-11-07 16:27:36,596 [ERROR] LogOutputStream:75 - [STDERR_REDIRECT] Nov 07, 2025 4:27:36 PM java.util.prefs.FileSystemPreferences checkLockFile0ErrorCode
2025-11-07 16:27:36,597 [ERROR] LogOutputStream:75 - [STDERR_REDIRECT] WARNING: Could not lock System prefs. Unix error code 2.
2025-11-07 16:27:36,597 [ERROR] LogOutputStream:75 - [STDERR_REDIRECT] 
2025-11-07 16:27:36,597 [ERROR] LogOutputStream:75 - [STDERR_REDIRECT] Nov 07, 2025 4:27:36 PM java.util.prefs.FileSystemPreferences syncWorld
2025-11-07 16:27:36,598 [ERROR] LogOutputStream:75 - [STDERR_REDIRECT] WARNING: Couldn't flush system prefs: java.util.prefs.BackingStoreException: Couldn't get file lock.
2025-11-07 16:27:36,598 [ERROR] LogOutputStream:75 - [STDERR_REDIRECT] 
2025-11-07 16:28:06,597 [ERROR] LogOutputStream:75 - [STDERR_REDIRECT] Nov 07, 2025 4:28:06 PM java.util.prefs.FileSystemPreferences checkLockFile0ErrorCode
2025-11-07 16:28:06,598 [ERROR] LogOutputStream:75 - [STDERR_REDIRECT] WARNING: Could not lock System prefs. Unix error code 2.
2025-11-07 16:28:06,598 [ERROR] LogOutputStream:75 - [STDERR_REDIRECT] 
2025-11-07 16:28:06,599 [ERROR] LogOutputStream:75 - [STDERR_REDIRECT] Nov 07, 2025 4:28:06 PM java.util.prefs.FileSystemPreferences syncWorld
2025-11-07 16:28:06,599 [ERROR] LogOutputStream:75 - [STDERR_REDIRECT] WARNING: Couldn't flush system prefs: java.util.prefs.BackingStoreException: Couldn't get file lock.
2025-11-07 16:28:06,599 [ERROR] LogOutputStream:75 - [STDERR_REDIRECT] 
2025-11-07 16:28:36,595 [ERROR] LogOutputStream:75 - [STDERR_REDIRECT] Nov 07, 2025 4:28:36 PM java.util.prefs.FileSystemPreferences checkLockFile0ErrorCode
2025-11-07 16:28:36,595 [ERROR] LogOutputStream:75 - [STDERR_REDIRECT] WARNING: Could not lock System prefs. Unix error code 2.
2025-11-07 16:28:36,595 [ERROR] LogOutputStream:75 - [STDERR_REDIRECT] 
2025-11-07 16:28:36,595 [ERROR] LogOutputStream:75 - [STDERR_REDIRECT] Nov 07, 2025 4:28:36 PM java.util.prefs.FileSystemPreferences syncWorld
2025-11-07 16:28:36,596 [ERROR] LogOutputStream:75 - [STDERR_REDIRECT] WARNING: Couldn't flush system prefs: java.util.prefs.BackingStoreException: Couldn't get file lock.
2025-11-07 16:28:36,596 [ERROR] LogOutputStream:75 - [STDERR_REDIRECT] 
2025-11-07 16:29:06,595 [ERROR] LogOutputStream:75 - [STDERR_REDIRECT] Nov 07, 2025 4:29:06 PM java.util.prefs.FileSystemPreferences checkLockFile0ErrorCode
2025-11-07 16:29:06,595 [ERROR] LogOutputStream:75 - [STDERR_REDIRECT] WARNING: Could not lock System prefs. Unix error code 2.
2025-11-07 16:29:06,595 [ERROR] LogOutputStream:75 - [STDERR_REDIRECT] 
2025-11-07 16:29:06,596 [ERROR] LogOutputStream:75 - [STDERR_REDIRECT] Nov 07, 2025 4:29:06 PM java.util.prefs.FileSystemPreferences syncWorld
2025-11-07 16:29:06,596 [ERROR] LogOutputStream:75 - [STDERR_REDIRECT] WARNING: Couldn't flush system prefs: java.util.prefs.BackingStoreException: Couldn't get file lock.
2025-11-07 16:29:06,596 [ERROR] LogOutputStream:75 - [STDERR_REDIRECT] 
2025-11-07 16:29:36,597 [ERROR] LogOutputStream:75 - [STDERR_REDIRECT] Nov 07, 2025 4:29:36 PM java.util.prefs.FileSystemPreferences checkLockFile0ErrorCode
2025-11-07 16:29:36,597 [ERROR] LogOutputStream:75 - [STDERR_REDIRECT] WARNING: Could not lock System prefs. Unix error code 2.
2025-11-07 16:29:36,597 [ERROR] LogOutputStream:75 - [STDERR_REDIRECT] 
2025-11-07 16:29:36,598 [ERROR] LogOutputStream:75 - [STDERR_REDIRECT] Nov 07, 2025 4:29:36 PM java.util.prefs.FileSystemPreferences syncWorld
2025-11-07 16:29:36,598 [ERROR] LogOutputStream:75 - [STDERR_REDIRECT] WARNING: Couldn't flush system prefs: java.util.prefs.BackingStoreException: Couldn't get file lock.
2025-11-07 16:29:36,598 [ERROR] LogOutputStream:75 - [STDERR_REDIRECT] 
2025-11-07 16:30:06,597 [ERROR] LogOutputStream:75 - [STDERR_REDIRECT] Nov 07, 2025 4:30:06 PM java.util.prefs.FileSystemPreferences checkLockFile0ErrorCode
2025-11-07 16:30:06,597 [ERROR] LogOutputStream:75 - [STDERR_REDIRECT] WARNING: Could not lock System prefs. Unix error code 2.
2025-11-07 16:30:06,597 [ERROR] LogOutputStream:75 - [STDERR_REDIRECT] 
2025-11-07 16:30:06,598 [ERROR] LogOutputStream:75 - [STDERR_REDIRECT] Nov 07, 2025 4:30:06 PM java.util.prefs.FileSystemPreferences syncWorld
2025-11-07 16:30:06,598 [ERROR] LogOutputStream:75 - [STDERR_REDIRECT] WARNING: Couldn't flush system prefs: java.util.prefs.BackingStoreException: Couldn't get file lock.
2025-11-07 16:30:06,598 [ERROR] LogOutputStream:75 - [STDERR_REDIRECT] 
2025-11-07 16:30:36,596 [ERROR] LogOutputStream:75 - [STDERR_REDIRECT] Nov 07, 2025 4:30:36 PM java.util.prefs.FileSystemPreferences checkLockFile0ErrorCode
2025-11-07 16:30:36,597 [ERROR] LogOutputStream:75 - [STDERR_REDIRECT] WARNING: Could not lock System prefs. Unix error code 2.
2025-11-07 16:30:36,597 [ERROR] LogOutputStream:75 - [STDERR_REDIRECT] 
2025-11-07 16:30:36,597 [ERROR] LogOutputStream:75 - [STDERR_REDIRECT] Nov 07, 2025 4:30:36 PM java.util.prefs.FileSystemPreferences syncWorld
2025-11-07 16:30:36,597 [ERROR] LogOutputStream:75 - [STDERR_REDIRECT] WARNING: Couldn't flush system prefs: java.util.prefs.BackingStoreException: Couldn't get file lock.
2025-11-07 16:30:36,597 [ERROR] LogOutputStream:75 - [STDERR_REDIRECT] 
2025-11-07 16:31:06,597 [ERROR] LogOutputStream:75 - [STDERR_REDIRECT] Nov 07, 2025 4:31:06 PM java.util.prefs.FileSystemPreferences checkLockFile0ErrorCode
2025-11-07 16:31:06,597 [ERROR] LogOutputStream:75 - [STDERR_REDIRECT] WARNING: Could not lock System prefs. Unix error code 2.
2025-11-07 16:31:06,597 [ERROR] LogOutputStream:75 - [STDERR_REDIRECT] 
2025-11-07 16:31:06,598 [ERROR] LogOutputStream:75 - [STDERR_REDIRECT] Nov 07, 2025 4:31:06 PM java.util.prefs.FileSystemPreferences syncWorld
2025-11-07 16:31:06,598 [ERROR] LogOutputStream:75 - [STDERR_REDIRECT] WARNING: Couldn't flush system prefs: java.util.prefs.BackingStoreException: Couldn't get file lock.
2025-11-07 16:31:06,598 [ERROR] LogOutputStream:75 - [STDERR_REDIRECT] 
2025-11-07 16:31:36,596 [ERROR] LogOutputStream:75 - [STDERR_REDIRECT] Nov 07, 2025 4:31:36 PM java.util.prefs.FileSystemPreferences checkLockFile0ErrorCode
2025-11-07 16:31:36,597 [ERROR] LogOutputStream:75 - [STDERR_REDIRECT] WARNING: Could not lock System prefs. Unix error code 2.
2025-11-07 16:31:36,597 [ERROR] LogOutputStream:75 - [STDERR_REDIRECT] 
2025-11-07 16:31:36,597 [ERROR] LogOutputStream:75 - [STDERR_REDIRECT] Nov 07, 2025 4:31:36 PM java.util.prefs.FileSystemPreferences syncWorld
2025-11-07 16:31:36,597 [ERROR] LogOutputStream:75 - [STDERR_REDIRECT] WARNING: Couldn't flush system prefs: java.util.prefs.BackingStoreException: Couldn't get file lock.
2025-11-07 16:31:36,597 [ERROR] LogOutputStream:75 - [STDERR_REDIRECT] 
2025-11-07 16:32:06,597 [ERROR] LogOutputStream:75 - [STDERR_REDIRECT] Nov 07, 2025 4:32:06 PM java.util.prefs.FileSystemPreferences checkLockFile0ErrorCode
2025-11-07 16:32:06,597 [ERROR] LogOutputStream:75 - [STDERR_REDIRECT] WARNING: Could not lock System prefs. Unix error code 2.
2025-11-07 16:32:06,598 [ERROR] LogOutputStream:75 - [STDERR_REDIRECT] 
2025-11-07 16:32:06,598 [ERROR] LogOutputStream:75 - [STDERR_REDIRECT] Nov 07, 2025 4:32:06 PM java.util.prefs.FileSystemPreferences syncWorld
2025-11-07 16:32:06,598 [ERROR] LogOutputStream:75 - [STDERR_REDIRECT] WARNING: Couldn't flush system prefs: java.util.prefs.BackingStoreException: Couldn't get file lock.
2025-11-07 16:32:06,598 [ERROR] LogOutputStream:75 - [STDERR_REDIRECT] 
2025-11-07 16:32:36,597 [ERROR] LogOutputStream:75 - [STDERR_REDIRECT] Nov 07, 2025 4:32:36 PM java.util.prefs.FileSystemPreferences checkLockFile0ErrorCode
2025-11-07 16:32:36,599 [ERROR] LogOutputStream:75 - [STDERR_REDIRECT] WARNING: Could not lock System prefs. Unix error code 2.
2025-11-07 16:32:36,600 [ERROR] LogOutputStream:75 - [STDERR_REDIRECT] 
2025-11-07 16:32:36,600 [ERROR] LogOutputStream:75 - [STDERR_REDIRECT] Nov 07, 2025 4:32:36 PM java.util.prefs.FileSystemPreferences syncWorld
2025-11-07 16:32:36,601 [ERROR] LogOutputStream:75 - [STDERR_REDIRECT] WARNING: Couldn't flush system prefs: java.util.prefs.BackingStoreException: Couldn't get file lock.
2025-11-07 16:32:36,601 [ERROR] LogOutputStream:75 - [STDERR_REDIRECT] 
2025-11-07 16:33:06,597 [ERROR] LogOutputStream:75 - [STDERR_REDIRECT] Nov 07, 2025 4:33:06 PM java.util.prefs.FileSystemPreferences checkLockFile0ErrorCode
2025-11-07 16:33:06,598 [ERROR] LogOutputStream:75 - [STDERR_REDIRECT] WARNING: Could not lock System prefs. Unix error code 2.
2025-11-07 16:33:06,598 [ERROR] LogOutputStream:75 - [STDERR_REDIRECT] 
2025-11-07 16:33:06,598 [ERROR] LogOutputStream:75 - [STDERR_REDIRECT] Nov 07, 2025 4:33:06 PM java.util.prefs.FileSystemPreferences syncWorld
2025-11-07 16:33:06,598 [ERROR] LogOutputStream:75 - [STDERR_REDIRECT] WARNING: Couldn't flush system prefs: java.util.prefs.BackingStoreException: Couldn't get file lock.
2025-11-07 16:33:06,598 [ERROR] LogOutputStream:75 - [STDERR_REDIRECT] 
2025-11-07 16:33:36,597 [ERROR] LogOutputStream:75 - [STDERR_REDIRECT] Nov 07, 2025 4:33:36 PM java.util.prefs.FileSystemPreferences checkLockFile0ErrorCode
2025-11-07 16:33:36,597 [ERROR] LogOutputStream:75 - [STDERR_REDIRECT] WARNING: Could not lock System prefs. Unix error code 2.
2025-11-07 16:33:36,597 [ERROR] LogOutputStream:75 - [STDERR_REDIRECT] 
2025-11-07 16:33:36,597 [ERROR] LogOutputStream:75 - [STDERR_REDIRECT] Nov 07, 2025 4:33:36 PM java.util.prefs.FileSystemPreferences syncWorld
2025-11-07 16:33:36,597 [ERROR] LogOutputStream:75 - [STDERR_REDIRECT] WARNING: Couldn't flush system prefs: java.util.prefs.BackingStoreException: Couldn't get file lock.
2025-11-07 16:33:36,597 [ERROR] LogOutputStream:75 - [STDERR_REDIRECT] 
2025-11-07 16:34:06,598 [ERROR] LogOutputStream:75 - [STDERR_REDIRECT] Nov 07, 2025 4:34:06 PM java.util.prefs.FileSystemPreferences checkLockFile0ErrorCode
2025-11-07 16:34:06,598 [ERROR] LogOutputStream:75 - [STDERR_REDIRECT] WARNING: Could not lock System prefs. Unix error code 2.
2025-11-07 16:34:06,598 [ERROR] LogOutputStream:75 - [STDERR_REDIRECT] 
2025-11-07 16:34:06,599 [ERROR] LogOutputStream:75 - [STDERR_REDIRECT] Nov 07, 2025 4:34:06 PM java.util.prefs.FileSystemPreferences syncWorld
2025-11-07 16:34:06,599 [ERROR] LogOutputStream:75 - [STDERR_REDIRECT] WARNING: Couldn't flush system prefs: java.util.prefs.BackingStoreException: Couldn't get file lock.
2025-11-07 16:34:06,599 [ERROR] LogOutputStream:75 - [STDERR_REDIRECT] 
2025-11-07 16:34:36,598 [ERROR] LogOutputStream:75 - [STDERR_REDIRECT] Nov 07, 2025 4:34:36 PM java.util.prefs.FileSystemPreferences checkLockFile0ErrorCode
2025-11-07 16:34:36,598 [ERROR] LogOutputStream:75 - [STDERR_REDIRECT] WARNING: Could not lock System prefs. Unix error code 2.
2025-11-07 16:34:36,598 [ERROR] LogOutputStream:75 - [STDERR_REDIRECT] 
2025-11-07 16:34:36,599 [ERROR] LogOutputStream:75 - [STDERR_REDIRECT] Nov 07, 2025 4:34:36 PM java.util.prefs.FileSystemPreferences syncWorld
2025-11-07 16:34:36,599 [ERROR] LogOutputStream:75 - [STDERR_REDIRECT] WARNING: Couldn't flush system prefs: java.util.prefs.BackingStoreException: Couldn't get file lock.
2025-11-07 16:34:36,599 [ERROR] LogOutputStream:75 - [STDERR_REDIRECT] 
2025-11-07 16:35:06,598 [ERROR] LogOutputStream:75 - [STDERR_REDIRECT] Nov 07, 2025 4:35:06 PM java.util.prefs.FileSystemPreferences checkLockFile0ErrorCode
2025-11-07 16:35:06,599 [ERROR] LogOutputStream:75 - [STDERR_REDIRECT] WARNING: Could not lock System prefs. Unix error code 2.
2025-11-07 16:35:06,599 [ERROR] LogOutputStream:75 - [STDERR_REDIRECT] 
2025-11-07 16:35:06,600 [ERROR] LogOutputStream:75 - [STDERR_REDIRECT] Nov 07, 2025 4:35:06 PM java.util.prefs.FileSystemPreferences syncWorld
2025-11-07 16:35:06,600 [ERROR] LogOutputStream:75 - [STDERR_REDIRECT] WARNING: Couldn't flush system prefs: java.util.prefs.BackingStoreException: Couldn't get file lock.
2025-11-07 16:35:06,600 [ERROR] LogOutputStream:75 - [STDERR_REDIRECT] 
2025-11-07 16:35:36,597 [ERROR] LogOutputStream:75 - [STDERR_REDIRECT] Nov 07, 2025 4:35:36 PM java.util.prefs.FileSystemPreferences checkLockFile0ErrorCode
2025-11-07 16:35:36,597 [ERROR] LogOutputStream:75 - [STDERR_REDIRECT] WARNING: Could not lock System prefs. Unix error code 2.
2025-11-07 16:35:36,597 [ERROR] LogOutputStream:75 - [STDERR_REDIRECT] 
2025-11-07 16:35:36,597 [ERROR] LogOutputStream:75 - [STDERR_REDIRECT] Nov 07, 2025 4:35:36 PM java.util.prefs.FileSystemPreferences syncWorld
2025-11-07 16:35:36,597 [ERROR] LogOutputStream:75 - [STDERR_REDIRECT] WARNING: Couldn't flush system prefs: java.util.prefs.BackingStoreException: Couldn't get file lock.
2025-11-07 16:35:36,598 [ERROR] LogOutputStream:75 - [STDERR_REDIRECT] 
2025-11-07 16:36:06,607 [ERROR] LogOutputStream:75 - [STDERR_REDIRECT] Nov 07, 2025 4:36:06 PM java.util.prefs.FileSystemPreferences checkLockFile0ErrorCode
2025-11-07 16:36:06,607 [ERROR] LogOutputStream:75 - [STDERR_REDIRECT] WARNING: Could not lock System prefs. Unix error code 2.
2025-11-07 16:36:06,607 [ERROR] LogOutputStream:75 - [STDERR_REDIRECT] 
2025-11-07 16:36:06,608 [ERROR] LogOutputStream:75 - [STDERR_REDIRECT] Nov 07, 2025 4:36:06 PM java.util.prefs.FileSystemPreferences syncWorld
2025-11-07 16:36:06,608 [ERROR] LogOutputStream:75 - [STDERR_REDIRECT] WARNING: Couldn't flush system prefs: java.util.prefs.BackingStoreException: Couldn't get file lock.
2025-11-07 16:36:06,608 [ERROR] LogOutputStream:75 - [STDERR_REDIRECT] 
2025-11-07 16:36:36,599 [ERROR] LogOutputStream:75 - [STDERR_REDIRECT] Nov 07, 2025 4:36:36 PM java.util.prefs.FileSystemPreferences checkLockFile0ErrorCode
2025-11-07 16:36:36,599 [ERROR] LogOutputStream:75 - [STDERR_REDIRECT] WARNING: Could not lock System prefs. Unix error code 2.
2025-11-07 16:36:36,600 [ERROR] LogOutputStream:75 - [STDERR_REDIRECT] 
2025-11-07 16:36:36,600 [ERROR] LogOutputStream:75 - [STDERR_REDIRECT] Nov 07, 2025 4:36:36 PM java.util.prefs.FileSystemPreferences syncWorld
2025-11-07 16:36:36,600 [ERROR] LogOutputStream:75 - [STDERR_REDIRECT] WARNING: Couldn't flush system prefs: java.util.prefs.BackingStoreException: Couldn't get file lock.
2025-11-07 16:36:36,600 [ERROR] LogOutputStream:75 - [STDERR_REDIRECT] 
2025-11-07 16:37:06,602 [ERROR] LogOutputStream:75 - [STDERR_REDIRECT] Nov 07, 2025 4:37:06 PM java.util.prefs.FileSystemPreferences checkLockFile0ErrorCode
2025-11-07 16:37:06,602 [ERROR] LogOutputStream:75 - [STDERR_REDIRECT] WARNING: Could not lock System prefs. Unix error code 2.
2025-11-07 16:37:06,602 [ERROR] LogOutputStream:75 - [STDERR_REDIRECT] 
2025-11-07 16:37:06,603 [ERROR] LogOutputStream:75 - [STDERR_REDIRECT] Nov 07, 2025 4:37:06 PM java.util.prefs.FileSystemPreferences syncWorld
2025-11-07 16:37:06,603 [ERROR] LogOutputStream:75 - [STDERR_REDIRECT] WARNING: Couldn't flush system prefs: java.util.prefs.BackingStoreException: Couldn't get file lock.
2025-11-07 16:37:06,603 [ERROR] LogOutputStream:75 - [STDERR_REDIRECT] 
2025-11-07 16:37:36,598 [ERROR] LogOutputStream:75 - [STDERR_REDIRECT] Nov 07, 2025 4:37:36 PM java.util.prefs.FileSystemPreferences checkLockFile0ErrorCode
2025-11-07 16:37:36,598 [ERROR] LogOutputStream:75 - [STDERR_REDIRECT] WARNING: Could not lock System prefs. Unix error code 2.
2025-11-07 16:37:36,599 [ERROR] LogOutputStream:75 - [STDERR_REDIRECT] 
2025-11-07 16:37:36,599 [ERROR] LogOutputStream:75 - [STDERR_REDIRECT] Nov 07, 2025 4:37:36 PM java.util.prefs.FileSystemPreferences syncWorld
2025-11-07 16:37:36,599 [ERROR] LogOutputStream:75 - [STDERR_REDIRECT] WARNING: Couldn't flush system prefs: java.util.prefs.BackingStoreException: Couldn't get file lock.
2025-11-07 16:37:36,599 [ERROR] LogOutputStream:75 - [STDERR_REDIRECT] 
2025-11-07 16:38:06,599 [ERROR] LogOutputStream:75 - [STDERR_REDIRECT] Nov 07, 2025 4:38:06 PM java.util.prefs.FileSystemPreferences checkLockFile0ErrorCode
2025-11-07 16:38:06,599 [ERROR] LogOutputStream:75 - [STDERR_REDIRECT] WARNING: Could not lock System prefs. Unix error code 2.
2025-11-07 16:38:06,599 [ERROR] LogOutputStream:75 - [STDERR_REDIRECT] 
2025-11-07 16:38:06,600 [ERROR] LogOutputStream:75 - [STDERR_REDIRECT] Nov 07, 2025 4:38:06 PM java.util.prefs.FileSystemPreferences syncWorld
2025-11-07 16:38:06,600 [ERROR] LogOutputStream:75 - [STDERR_REDIRECT] WARNING: Couldn't flush system prefs: java.util.prefs.BackingStoreException: Couldn't get file lock.
2025-11-07 16:38:06,600 [ERROR] LogOutputStream:75 - [STDERR_REDIRECT] 
2025-11-07 16:38:36,603 [ERROR] LogOutputStream:75 - [STDERR_REDIRECT] Nov 07, 2025 4:38:36 PM java.util.prefs.FileSystemPreferences checkLockFile0ErrorCode
2025-11-07 16:38:36,603 [ERROR] LogOutputStream:75 - [STDERR_REDIRECT] WARNING: Could not lock System prefs. Unix error code 2.
2025-11-07 16:38:36,603 [ERROR] LogOutputStream:75 - [STDERR_REDIRECT] 
2025-11-07 16:38:36,604 [ERROR] LogOutputStream:75 - [STDERR_REDIRECT] Nov 07, 2025 4:38:36 PM java.util.prefs.FileSystemPreferences syncWorld
2025-11-07 16:38:36,604 [ERROR] LogOutputStream:75 - [STDERR_REDIRECT] WARNING: Couldn't flush system prefs: java.util.prefs.BackingStoreException: Couldn't get file lock.
2025-11-07 16:38:36,604 [ERROR] LogOutputStream:75 - [STDERR_REDIRECT] 
2025-11-07 16:39:06,599 [ERROR] LogOutputStream:75 - [STDERR_REDIRECT] Nov 07, 2025 4:39:06 PM java.util.prefs.FileSystemPreferences checkLockFile0ErrorCode
2025-11-07 16:39:06,599 [ERROR] LogOutputStream:75 - [STDERR_REDIRECT] WARNING: Could not lock System prefs. Unix error code 2.
2025-11-07 16:39:06,599 [ERROR] LogOutputStream:75 - [STDERR_REDIRECT] 
2025-11-07 16:39:06,599 [ERROR] LogOutputStream:75 - [STDERR_REDIRECT] Nov 07, 2025 4:39:06 PM java.util.prefs.FileSystemPreferences syncWorld
2025-11-07 16:39:06,600 [ERROR] LogOutputStream:75 - [STDERR_REDIRECT] WARNING: Couldn't flush system prefs: java.util.prefs.BackingStoreException: Couldn't get file lock.
2025-11-07 16:39:06,600 [ERROR] LogOutputStream:75 - [STDERR_REDIRECT] 
2025-11-07 16:39:36,600 [ERROR] LogOutputStream:75 - [STDERR_REDIRECT] Nov 07, 2025 4:39:36 PM java.util.prefs.FileSystemPreferences checkLockFile0ErrorCode
2025-11-07 16:39:36,601 [ERROR] LogOutputStream:75 - [STDERR_REDIRECT] WARNING: Could not lock System prefs. Unix error code 2.
2025-11-07 16:39:36,601 [ERROR] LogOutputStream:75 - [STDERR_REDIRECT] 
2025-11-07 16:39:36,602 [ERROR] LogOutputStream:75 - [STDERR_REDIRECT] Nov 07, 2025 4:39:36 PM java.util.prefs.FileSystemPreferences syncWorld
2025-11-07 16:39:36,602 [ERROR] LogOutputStream:75 - [STDERR_REDIRECT] WARNING: Couldn't flush system prefs: java.util.prefs.BackingStoreException: Couldn't get file lock.
2025-11-07 16:39:36,603 [ERROR] LogOutputStream:75 - [STDERR_REDIRECT] 
2025-11-07 16:40:06,602 [ERROR] LogOutputStream:75 - [STDERR_REDIRECT] Nov 07, 2025 4:40:06 PM java.util.prefs.FileSystemPreferences checkLockFile0ErrorCode
2025-11-07 16:40:06,602 [ERROR] LogOutputStream:75 - [STDERR_REDIRECT] WARNING: Could not lock System prefs. Unix error code 2.
2025-11-07 16:40:06,602 [ERROR] LogOutputStream:75 - [STDERR_REDIRECT] 
2025-11-07 16:40:06,602 [ERROR] LogOutputStream:75 - [STDERR_REDIRECT] Nov 07, 2025 4:40:06 PM java.util.prefs.FileSystemPreferences syncWorld
2025-11-07 16:40:06,603 [ERROR] LogOutputStream:75 - [STDERR_REDIRECT] WARNING: Couldn't flush system prefs: java.util.prefs.BackingStoreException: Couldn't get file lock.
2025-11-07 16:40:06,603 [ERROR] LogOutputStream:75 - [STDERR_REDIRECT] 
2025-11-07 16:40:36,602 [ERROR] LogOutputStream:75 - [STDERR_REDIRECT] Nov 07, 2025 4:40:36 PM java.util.prefs.FileSystemPreferences checkLockFile0ErrorCode
2025-11-07 16:40:36,602 [ERROR] LogOutputStream:75 - [STDERR_REDIRECT] WARNING: Could not lock System prefs. Unix error code 2.
2025-11-07 16:40:36,602 [ERROR] LogOutputStream:75 - [STDERR_REDIRECT] 
2025-11-07 16:40:36,603 [ERROR] LogOutputStream:75 - [STDERR_REDIRECT] Nov 07, 2025 4:40:36 PM java.util.prefs.FileSystemPreferences syncWorld
2025-11-07 16:40:36,603 [ERROR] LogOutputStream:75 - [STDERR_REDIRECT] WARNING: Couldn't flush system prefs: java.util.prefs.BackingStoreException: Couldn't get file lock.
2025-11-07 16:40:36,603 [ERROR] LogOutputStream:75 - [STDERR_REDIRECT] 
2025-11-07 16:41:06,598 [ERROR] LogOutputStream:75 - [STDERR_REDIRECT] Nov 07, 2025 4:41:06 PM java.util.prefs.FileSystemPreferences checkLockFile0ErrorCode
2025-11-07 16:41:06,598 [ERROR] LogOutputStream:75 - [STDERR_REDIRECT] WARNING: Could not lock System prefs. Unix error code 2.
2025-11-07 16:41:06,599 [ERROR] LogOutputStream:75 - [STDERR_REDIRECT] 
2025-11-07 16:41:06,599 [ERROR] LogOutputStream:75 - [STDERR_REDIRECT] Nov 07, 2025 4:41:06 PM java.util.prefs.FileSystemPreferences syncWorld
2025-11-07 16:41:06,599 [ERROR] LogOutputStream:75 - [STDERR_REDIRECT] WARNING: Couldn't flush system prefs: java.util.prefs.BackingStoreException: Couldn't get file lock.
2025-11-07 16:41:06,599 [ERROR] LogOutputStream:75 - [STDERR_REDIRECT] 
2025-11-07 16:41:36,600 [ERROR] LogOutputStream:75 - [STDERR_REDIRECT] Nov 07, 2025 4:41:36 PM java.util.prefs.FileSystemPreferences checkLockFile0ErrorCode
2025-11-07 16:41:36,600 [ERROR] LogOutputStream:75 - [STDERR_REDIRECT] WARNING: Could not lock System prefs. Unix error code 2.
2025-11-07 16:41:36,600 [ERROR] LogOutputStream:75 - [STDERR_REDIRECT] 
2025-11-07 16:41:36,600 [ERROR] LogOutputStream:75 - [STDERR_REDIRECT] Nov 07, 2025 4:41:36 PM java.util.prefs.FileSystemPreferences syncWorld
2025-11-07 16:41:36,600 [ERROR] LogOutputStream:75 - [STDERR_REDIRECT] WARNING: Couldn't flush system prefs: java.util.prefs.BackingStoreException: Couldn't get file lock.
2025-11-07 16:41:36,600 [ERROR] LogOutputStream:75 - [STDERR_REDIRECT] 
2025-11-07 16:42:06,599 [ERROR] LogOutputStream:75 - [STDERR_REDIRECT] Nov 07, 2025 4:42:06 PM java.util.prefs.FileSystemPreferences checkLockFile0ErrorCode
2025-11-07 16:42:06,599 [ERROR] LogOutputStream:75 - [STDERR_REDIRECT] WARNING: Could not lock System prefs. Unix error code 2.
2025-11-07 16:42:06,599 [ERROR] LogOutputStream:75 - [STDERR_REDIRECT] 
2025-11-07 16:42:06,599 [ERROR] LogOutputStream:75 - [STDERR_REDIRECT] Nov 07, 2025 4:42:06 PM java.util.prefs.FileSystemPreferences syncWorld
2025-11-07 16:42:06,599 [ERROR] LogOutputStream:75 - [STDERR_REDIRECT] WARNING: Couldn't flush system prefs: java.util.prefs.BackingStoreException: Couldn't get file lock.
2025-11-07 16:42:06,599 [ERROR] LogOutputStream:75 - [STDERR_REDIRECT] 
2025-11-07 16:42:36,605 [ERROR] LogOutputStream:75 - [STDERR_REDIRECT] Nov 07, 2025 4:42:36 PM java.util.prefs.FileSystemPreferences checkLockFile0ErrorCode
2025-11-07 16:42:36,605 [ERROR] LogOutputStream:75 - [STDERR_REDIRECT] WARNING: Could not lock System prefs. Unix error code 2.
2025-11-07 16:42:36,605 [ERROR] LogOutputStream:75 - [STDERR_REDIRECT] 
2025-11-07 16:42:36,605 [ERROR] LogOutputStream:75 - [STDERR_REDIRECT] Nov 07, 2025 4:42:36 PM java.util.prefs.FileSystemPreferences syncWorld
2025-11-07 16:42:36,606 [ERROR] LogOutputStream:75 - [STDERR_REDIRECT] WARNING: Couldn't flush system prefs: java.util.prefs.BackingStoreException: Couldn't get file lock.
2025-11-07 16:42:36,606 [ERROR] LogOutputStream:75 - [STDERR_REDIRECT] 
2025-11-07 16:43:06,621 [ERROR] LogOutputStream:75 - [STDERR_REDIRECT] Nov 07, 2025 4:43:06 PM java.util.prefs.FileSystemPreferences checkLockFile0ErrorCode
2025-11-07 16:43:06,622 [ERROR] LogOutputStream:75 - [STDERR_REDIRECT] WARNING: Could not lock System prefs. Unix error code 2.
2025-11-07 16:43:06,622 [ERROR] LogOutputStream:75 - [STDERR_REDIRECT] 
2025-11-07 16:43:06,623 [ERROR] LogOutputStream:75 - [STDERR_REDIRECT] Nov 07, 2025 4:43:06 PM java.util.prefs.FileSystemPreferences syncWorld
2025-11-07 16:43:06,623 [ERROR] LogOutputStream:75 - [STDERR_REDIRECT] WARNING: Couldn't flush system prefs: java.util.prefs.BackingStoreException: Couldn't get file lock.
2025-11-07 16:43:06,623 [ERROR] LogOutputStream:75 - [STDERR_REDIRECT] 
2025-11-07 16:43:36,603 [ERROR] LogOutputStream:75 - [STDERR_REDIRECT] Nov 07, 2025 4:43:36 PM java.util.prefs.FileSystemPreferences checkLockFile0ErrorCode
2025-11-07 16:43:36,605 [ERROR] LogOutputStream:75 - [STDERR_REDIRECT] WARNING: Could not lock System prefs. Unix error code 2.
2025-11-07 16:43:36,605 [ERROR] LogOutputStream:75 - [STDERR_REDIRECT] 
2025-11-07 16:43:36,606 [ERROR] LogOutputStream:75 - [STDERR_REDIRECT] Nov 07, 2025 4:43:36 PM java.util.prefs.FileSystemPreferences syncWorld
2025-11-07 16:43:36,606 [ERROR] LogOutputStream:75 - [STDERR_REDIRECT] WARNING: Couldn't flush system prefs: java.util.prefs.BackingStoreException: Couldn't get file lock.
2025-11-07 16:43:36,606 [ERROR] LogOutputStream:75 - [STDERR_REDIRECT] 
2025-11-07 16:44:06,601 [ERROR] LogOutputStream:75 - [STDERR_REDIRECT] Nov 07, 2025 4:44:06 PM java.util.prefs.FileSystemPreferences checkLockFile0ErrorCode
2025-11-07 16:44:06,601 [ERROR] LogOutputStream:75 - [STDERR_REDIRECT] WARNING: Could not lock System prefs. Unix error code 2.
2025-11-07 16:44:06,601 [ERROR] LogOutputStream:75 - [STDERR_REDIRECT] 
2025-11-07 16:44:06,602 [ERROR] LogOutputStream:75 - [STDERR_REDIRECT] Nov 07, 2025 4:44:06 PM java.util.prefs.FileSystemPreferences syncWorld
2025-11-07 16:44:06,602 [ERROR] LogOutputStream:75 - [STDERR_REDIRECT] WARNING: Couldn't flush system prefs: java.util.prefs.BackingStoreException: Couldn't get file lock.
2025-11-07 16:44:06,602 [ERROR] LogOutputStream:75 - [STDERR_REDIRECT] 
2025-11-07 16:44:36,601 [ERROR] LogOutputStream:75 - [STDERR_REDIRECT] Nov 07, 2025 4:44:36 PM java.util.prefs.FileSystemPreferences checkLockFile0ErrorCode
2025-11-07 16:44:36,601 [ERROR] LogOutputStream:75 - [STDERR_REDIRECT] WARNING: Could not lock System prefs. Unix error code 2.
2025-11-07 16:44:36,601 [ERROR] LogOutputStream:75 - [STDERR_REDIRECT] 
2025-11-07 16:44:36,602 [ERROR] LogOutputStream:75 - [STDERR_REDIRECT] Nov 07, 2025 4:44:36 PM java.util.prefs.FileSystemPreferences syncWorld
2025-11-07 16:44:36,602 [ERROR] LogOutputStream:75 - [STDERR_REDIRECT] WARNING: Couldn't flush system prefs: java.util.prefs.BackingStoreException: Couldn't get file lock.
2025-11-07 16:44:36,602 [ERROR] LogOutputStream:75 - [STDERR_REDIRECT] 
2025-11-07 16:45:06,601 [ERROR] LogOutputStream:75 - [STDERR_REDIRECT] Nov 07, 2025 4:45:06 PM java.util.prefs.FileSystemPreferences checkLockFile0ErrorCode
2025-11-07 16:45:06,601 [ERROR] LogOutputStream:75 - [STDERR_REDIRECT] WARNING: Could not lock System prefs. Unix error code 2.
2025-11-07 16:45:06,601 [ERROR] LogOutputStream:75 - [STDERR_REDIRECT] 
2025-11-07 16:45:06,601 [ERROR] LogOutputStream:75 - [STDERR_REDIRECT] Nov 07, 2025 4:45:06 PM java.util.prefs.FileSystemPreferences syncWorld
2025-11-07 16:45:06,601 [ERROR] LogOutputStream:75 - [STDERR_REDIRECT] WARNING: Couldn't flush system prefs: java.util.prefs.BackingStoreException: Couldn't get file lock.
2025-11-07 16:45:06,602 [ERROR] LogOutputStream:75 - [STDERR_REDIRECT] 
2025-11-07 16:45:36,605 [ERROR] LogOutputStream:75 - [STDERR_REDIRECT] Nov 07, 2025 4:45:36 PM java.util.prefs.FileSystemPreferences checkLockFile0ErrorCode
2025-11-07 16:45:36,606 [ERROR] LogOutputStream:75 - [STDERR_REDIRECT] WARNING: Could not lock System prefs. Unix error code 2.
2025-11-07 16:45:36,606 [ERROR] LogOutputStream:75 - [STDERR_REDIRECT] 
2025-11-07 16:45:36,606 [ERROR] LogOutputStream:75 - [STDERR_REDIRECT] Nov 07, 2025 4:45:36 PM java.util.prefs.FileSystemPreferences syncWorld
2025-11-07 16:45:36,606 [ERROR] LogOutputStream:75 - [STDERR_REDIRECT] WARNING: Couldn't flush system prefs: java.util.prefs.BackingStoreException: Couldn't get file lock.
2025-11-07 16:45:36,607 [ERROR] LogOutputStream:75 - [STDERR_REDIRECT] 
2025-11-07 16:45:50,089 [INFO] ADCParametersView:116 -                Rank 1 : true
2025-11-07 16:45:50,089 [INFO] ADCParametersView:116 -                Injected Rank 1 : true
2025-11-07 16:45:50,089 [INFO] ADCParametersView:116 -                Injected Rank 2 : true
2025-11-07 16:45:50,091 [INFO] ADCParametersView:116 -                Rank 1 : true
2025-11-07 16:45:50,092 [INFO] ADCParametersView:116 -                Injected Rank 1 : true
2025-11-07 16:45:50,092 [INFO] ADCParametersView:116 -                Injected Rank 2 : true
2025-11-07 16:45:50,092 [INFO] ADCParametersView:116 -                Rank 1 : true
2025-11-07 16:45:50,092 [INFO] ADCParametersView:116 -                Injected Rank 1 : true
2025-11-07 16:45:50,092 [INFO] ADCParametersView:116 -                Injected Rank 2 : true
2025-11-07 16:45:50,092 [INFO] ADCParametersView:116 -                Rank 1 : true
2025-11-07 16:45:50,092 [INFO] ADCParametersView:116 -                Injected Rank 1 : true
2025-11-07 16:45:50,092 [INFO] ADCParametersView:116 -                Injected Rank 2 : true
2025-11-07 16:45:50,093 [INFO] ADCParametersView:116 -                Rank 1 : true
2025-11-07 16:45:50,093 [INFO] ADCParametersView:116 -                Injected Rank 1 : true
2025-11-07 16:45:50,093 [INFO] ADCParametersView:116 -                Injected Rank 2 : true
2025-11-07 16:45:50,093 [INFO] ADCParametersView:116 -                Rank 1 : true
2025-11-07 16:45:50,094 [INFO] ADCParametersView:116 -                Injected Rank 1 : true
2025-11-07 16:45:50,094 [INFO] ADCParametersView:116 -                Injected Rank 2 : true
2025-11-07 16:45:50,094 [INFO] ADCParametersView:116 -                Rank 1 : true
2025-11-07 16:45:50,094 [INFO] ADCParametersView:116 -                Injected Rank 1 : true
2025-11-07 16:45:50,094 [INFO] ADCParametersView:116 -                Injected Rank 2 : true
2025-11-07 16:45:50,094 [INFO] ADCParametersView:116 -                Rank 1 : true
2025-11-07 16:45:50,094 [INFO] ADCParametersView:116 -                Injected Rank 1 : true
2025-11-07 16:45:50,095 [INFO] ADCParametersView:116 -                Injected Rank 2 : true
2025-11-07 16:45:50,095 [INFO] ADCParametersView:116 -                Rank 1 : true
2025-11-07 16:45:50,095 [INFO] ADCParametersView:116 -                Injected Rank 1 : true
2025-11-07 16:45:50,095 [INFO] ADCParametersView:116 -                Injected Rank 2 : true
2025-11-07 16:45:50,095 [INFO] ADCParametersView:116 -                Rank 1 : true
2025-11-07 16:45:50,095 [INFO] ADCParametersView:116 -                Injected Rank 1 : true
2025-11-07 16:45:50,095 [INFO] ADCParametersView:116 -                Injected Rank 2 : true
2025-11-07 16:45:50,095 [INFO] ADCParametersView:116 -                Rank 1 : true
2025-11-07 16:45:50,096 [INFO] ADCParametersView:116 -                Injected Rank 1 : true
2025-11-07 16:45:50,096 [INFO] ADCParametersView:116 -                Injected Rank 2 : true
2025-11-07 16:45:50,096 [INFO] ADCParametersView:116 -                Injected Rank 1 : true
2025-11-07 16:45:50,096 [INFO] ADCParametersView:116 -                Injected Rank 2 : true
2025-11-07 16:45:50,096 [INFO] ADCParametersView:116 -                Rank 1 : true
2025-11-07 16:45:50,096 [INFO] ADCParametersView:116 -                Injected Rank 1 : true
2025-11-07 16:45:50,096 [INFO] ADCParametersView:116 -                Injected Rank 2 : true
2025-11-07 16:45:50,096 [INFO] ADCParametersView:116 -                Rank 1 : true
2025-11-07 16:45:50,096 [INFO] ADCParametersView:116 -                Injected Rank 1 : true
2025-11-07 16:45:50,096 [INFO] ADCParametersView:116 -                Injected Rank 2 : true
2025-11-07 16:45:50,097 [INFO] ADCParametersView:116 -                Rank 1 : true
2025-11-07 16:45:50,097 [INFO] ADCParametersView:116 -                Injected Rank 1 : true
2025-11-07 16:45:50,097 [INFO] ADCParametersView:116 -                Injected Rank 2 : true
2025-11-07 16:45:50,097 [INFO] ADCParametersView:116 -                Rank 1 : true
2025-11-07 16:45:50,097 [INFO] ADCParametersView:116 -                Rank 1 : true
2025-11-07 16:45:50,097 [INFO] ADCParametersView:116 -                Injected Rank 1 : true
2025-11-07 16:45:50,097 [INFO] ADCParametersView:116 -                Injected Rank 2 : true
2025-11-07 16:45:50,097 [INFO] ADCParametersView:116 -                Rank 1 : true
2025-11-07 16:45:50,097 [INFO] ADCParametersView:116 -                Injected Rank 1 : true
2025-11-07 16:45:50,097 [INFO] ADCParametersView:116 -                Injected Rank 2 : true
2025-11-07 16:45:50,097 [INFO] ADCParametersView:116 -                Injected Rank 1 : true
2025-11-07 16:45:50,098 [INFO] ADCParametersView:116 -                Injected Rank 2 : true
2025-11-07 16:45:50,098 [INFO] ADCParametersView:116 -                Injected Rank 2 : true
2025-11-07 16:45:50,188 [INFO] ADCParametersView:116 -                Rank 1 : true
2025-11-07 16:45:50,190 [INFO] ADCParametersView:116 -                Rank 1 : true
2025-11-07 16:45:50,190 [INFO] ADCParametersView:116 -                Injected Rank 1 : true
2025-11-07 16:45:50,192 [INFO] ADCParametersView:116 -                Rank 1 : true
2025-11-07 16:45:50,192 [INFO] ADCParametersView:116 -                Injected Rank 1 : true
2025-11-07 16:45:50,192 [INFO] ADCParametersView:116 -                Injected Rank 2 : true
2025-11-07 16:45:50,266 [INFO] ADCParametersView:116 -                Rank 1 : true
2025-11-07 16:45:50,267 [INFO] ADCParametersView:116 -                Injected Rank 1 : true
2025-11-07 16:45:50,267 [INFO] ADCParametersView:116 -                Injected Rank 2 : true
2025-11-07 16:45:50,268 [INFO] ADCParametersView:116 -                Rank 1 : true
2025-11-07 16:45:50,268 [INFO] ADCParametersView:116 -                Injected Rank 1 : true
2025-11-07 16:45:50,268 [INFO] ADCParametersView:116 -                Injected Rank 2 : true
2025-11-07 16:45:50,269 [INFO] ADCParametersView:116 -                Rank 1 : true
2025-11-07 16:45:50,269 [INFO] ADCParametersView:116 -                Injected Rank 1 : true
2025-11-07 16:45:50,269 [INFO] ADCParametersView:116 -                Injected Rank 2 : true
2025-11-07 16:45:50,269 [INFO] ADCParametersView:116 -                Rank 1 : true
2025-11-07 16:45:50,269 [INFO] ADCParametersView:116 -                Injected Rank 1 : true
2025-11-07 16:45:50,269 [INFO] ADCParametersView:116 -                Injected Rank 2 : true
2025-11-07 16:45:50,269 [INFO] ADCParametersView:116 -                Rank 1 : true
2025-11-07 16:45:50,269 [INFO] ADCParametersView:116 -                Injected Rank 1 : true
2025-11-07 16:45:50,269 [INFO] ADCParametersView:116 -                Injected Rank 2 : true
2025-11-07 16:45:50,269 [INFO] ADCParametersView:116 -                Rank 1 : true
2025-11-07 16:45:50,269 [INFO] ADCParametersView:116 -                Injected Rank 1 : true
2025-11-07 16:45:50,269 [INFO] ADCParametersView:116 -                Injected Rank 2 : true
2025-11-07 16:45:50,269 [INFO] ADCParametersView:116 -                Rank 1 : true
2025-11-07 16:45:50,270 [INFO] ADCParametersView:116 -                Injected Rank 1 : true
2025-11-07 16:45:50,270 [INFO] ADCParametersView:116 -                Injected Rank 2 : true
2025-11-07 16:45:50,270 [INFO] ADCParametersView:116 -                Rank 1 : true
2025-11-07 16:45:50,270 [INFO] ADCParametersView:116 -                Injected Rank 1 : true
2025-11-07 16:45:50,270 [INFO] ADCParametersView:116 -                Injected Rank 2 : true
2025-11-07 16:45:50,270 [INFO] ADCParametersView:116 -                Rank 1 : true
2025-11-07 16:45:50,270 [INFO] ADCParametersView:116 -                Injected Rank 1 : true
2025-11-07 16:45:50,270 [INFO] ADCParametersView:116 -                Injected Rank 2 : true
2025-11-07 16:45:50,270 [INFO] ADCParametersView:116 -                Rank 1 : true
2025-11-07 16:45:50,270 [INFO] ADCParametersView:116 -                Injected Rank 1 : true
2025-11-07 16:45:50,270 [INFO] ADCParametersView:116 -                Injected Rank 2 : true
2025-11-07 16:45:50,270 [INFO] ADCParametersView:116 -                Rank 1 : true
2025-11-07 16:45:50,271 [INFO] ADCParametersView:116 -                Injected Rank 1 : true
2025-11-07 16:45:50,271 [INFO] ADCParametersView:116 -                Injected Rank 2 : true
2025-11-07 16:45:50,271 [INFO] ADCParametersView:116 -                Injected Rank 1 : true
2025-11-07 16:45:50,271 [INFO] ADCParametersView:116 -                Injected Rank 2 : true
2025-11-07 16:45:50,271 [INFO] ADCParametersView:116 -                Rank 1 : true
2025-11-07 16:45:50,271 [INFO] ADCParametersView:116 -                Injected Rank 1 : true
2025-11-07 16:45:50,271 [INFO] ADCParametersView:116 -                Injected Rank 2 : true
2025-11-07 16:45:50,271 [INFO] ADCParametersView:116 -                Rank 1 : true
2025-11-07 16:45:50,271 [INFO] ADCParametersView:116 -                Injected Rank 1 : true
2025-11-07 16:45:50,271 [INFO] ADCParametersView:116 -                Injected Rank 2 : true
2025-11-07 16:45:50,271 [INFO] ADCParametersView:116 -                Rank 1 : true
2025-11-07 16:45:50,271 [INFO] ADCParametersView:116 -                Injected Rank 1 : true
2025-11-07 16:45:50,271 [INFO] ADCParametersView:116 -                Injected Rank 2 : true
2025-11-07 16:45:50,272 [INFO] ADCParametersView:116 -                Rank 1 : true
2025-11-07 16:45:50,272 [INFO] ADCParametersView:116 -                Rank 1 : true
2025-11-07 16:45:50,272 [INFO] ADCParametersView:116 -                Injected Rank 1 : true
2025-11-07 16:45:50,272 [INFO] ADCParametersView:116 -                Injected Rank 2 : true
2025-11-07 16:45:50,272 [INFO] ADCParametersView:116 -                Rank 1 : true
2025-11-07 16:45:50,272 [INFO] ADCParametersView:116 -                Injected Rank 1 : true
2025-11-07 16:45:50,272 [INFO] ADCParametersView:116 -                Injected Rank 2 : true
2025-11-07 16:45:50,272 [INFO] ADCParametersView:116 -                Injected Rank 1 : true
2025-11-07 16:45:50,272 [INFO] ADCParametersView:116 -                Injected Rank 2 : true
2025-11-07 16:45:50,272 [INFO] ADCParametersView:116 -                Injected Rank 2 : true
2025-11-07 16:45:50,322 [INFO] ADCParametersView:116 -                Rank 1 : true
2025-11-07 16:45:50,324 [INFO] ADCParametersView:116 -                Rank 1 : true
2025-11-07 16:45:50,324 [INFO] ADCParametersView:116 -                Injected Rank 1 : true
2025-11-07 16:45:50,325 [INFO] ADCParametersView:116 -                Rank 1 : true
2025-11-07 16:45:50,325 [INFO] ADCParametersView:116 -                Injected Rank 1 : true
2025-11-07 16:45:50,325 [INFO] ADCParametersView:116 -                Injected Rank 2 : true
2025-11-07 16:45:54,442 [INFO] NvicIntPanel:101 - NVIC parent = com.st.microxplorer.plugins.ip.nvic.MultiNvicIntPanel[,0,0,584x333,layout=javax.swing.BoxLayout,alignmentX=0.0,alignmentY=0.0,border=,flags=9,maximumSize=,minimumSize=,preferredSize=]
2025-11-07 16:45:56,397 [INFO] ADCParametersView:116 -                Rank 1 : true
2025-11-07 16:45:56,397 [INFO] ADCParametersView:116 -                Injected Rank 1 : true
2025-11-07 16:45:56,397 [INFO] ADCParametersView:116 -                Injected Rank 2 : true
2025-11-07 16:45:56,398 [INFO] ADCParametersView:116 -                Rank 1 : true
2025-11-07 16:45:56,398 [INFO] ADCParametersView:116 -                Injected Rank 1 : true
2025-11-07 16:45:56,398 [INFO] ADCParametersView:116 -                Injected Rank 2 : true
2025-11-07 16:45:56,398 [INFO] ADCParametersView:116 -                Rank 1 : true
2025-11-07 16:45:56,398 [INFO] ADCParametersView:116 -                Injected Rank 1 : true
2025-11-07 16:45:56,398 [INFO] ADCParametersView:116 -                Injected Rank 2 : true
2025-11-07 16:45:56,398 [INFO] ADCParametersView:116 -                Rank 1 : true
2025-11-07 16:45:56,398 [INFO] ADCParametersView:116 -                Injected Rank 1 : true
2025-11-07 16:45:56,398 [INFO] ADCParametersView:116 -                Injected Rank 2 : true
2025-11-07 16:45:56,398 [INFO] ADCParametersView:116 -                Rank 1 : true
2025-11-07 16:45:56,398 [INFO] ADCParametersView:116 -                Injected Rank 1 : true
2025-11-07 16:45:56,398 [INFO] ADCParametersView:116 -                Injected Rank 2 : true
2025-11-07 16:45:56,398 [INFO] ADCParametersView:116 -                Rank 1 : true
2025-11-07 16:45:56,398 [INFO] ADCParametersView:116 -                Injected Rank 1 : true
2025-11-07 16:45:56,398 [INFO] ADCParametersView:116 -                Injected Rank 2 : true
2025-11-07 16:45:56,398 [INFO] ADCParametersView:116 -                Rank 1 : true
2025-11-07 16:45:56,398 [INFO] ADCParametersView:116 -                Injected Rank 1 : true
2025-11-07 16:45:56,398 [INFO] ADCParametersView:116 -                Injected Rank 2 : true
2025-11-07 16:45:56,398 [INFO] ADCParametersView:116 -                Rank 1 : true
2025-11-07 16:45:56,399 [INFO] ADCParametersView:116 -                Injected Rank 1 : true
2025-11-07 16:45:56,399 [INFO] ADCParametersView:116 -                Injected Rank 2 : true
2025-11-07 16:45:56,399 [INFO] ADCParametersView:116 -                Rank 1 : true
2025-11-07 16:45:56,399 [INFO] ADCParametersView:116 -                Injected Rank 1 : true
2025-11-07 16:45:56,399 [INFO] ADCParametersView:116 -                Injected Rank 2 : true
2025-11-07 16:45:56,399 [INFO] ADCParametersView:116 -                Rank 1 : true
2025-11-07 16:45:56,399 [INFO] ADCParametersView:116 -                Injected Rank 1 : true
2025-11-07 16:45:56,399 [INFO] ADCParametersView:116 -                Injected Rank 2 : true
2025-11-07 16:45:56,399 [INFO] ADCParametersView:116 -                Rank 1 : true
2025-11-07 16:45:56,399 [INFO] ADCParametersView:116 -                Injected Rank 1 : true
2025-11-07 16:45:56,399 [INFO] ADCParametersView:116 -                Injected Rank 2 : true
2025-11-07 16:45:56,399 [INFO] ADCParametersView:116 -                Injected Rank 1 : true
2025-11-07 16:45:56,399 [INFO] ADCParametersView:116 -                Injected Rank 2 : true
2025-11-07 16:45:56,399 [INFO] ADCParametersView:116 -                Rank 1 : true
2025-11-07 16:45:56,399 [INFO] ADCParametersView:116 -                Injected Rank 1 : true
2025-11-07 16:45:56,399 [INFO] ADCParametersView:116 -                Injected Rank 2 : true
2025-11-07 16:45:56,399 [INFO] ADCParametersView:116 -                Rank 1 : true
2025-11-07 16:45:56,399 [INFO] ADCParametersView:116 -                Injected Rank 1 : true
2025-11-07 16:45:56,399 [INFO] ADCParametersView:116 -                Injected Rank 2 : true
2025-11-07 16:45:56,399 [INFO] ADCParametersView:116 -                Rank 1 : true
2025-11-07 16:45:56,399 [INFO] ADCParametersView:116 -                Injected Rank 1 : true
2025-11-07 16:45:56,399 [INFO] ADCParametersView:116 -                Injected Rank 2 : true
2025-11-07 16:45:56,399 [INFO] ADCParametersView:116 -                Rank 1 : true
2025-11-07 16:45:56,399 [INFO] ADCParametersView:116 -                Rank 1 : true
2025-11-07 16:45:56,399 [INFO] ADCParametersView:116 -                Injected Rank 1 : true
2025-11-07 16:45:56,399 [INFO] ADCParametersView:116 -                Injected Rank 2 : true
2025-11-07 16:45:56,399 [INFO] ADCParametersView:116 -                Rank 1 : true
2025-11-07 16:45:56,399 [INFO] ADCParametersView:116 -                Injected Rank 1 : true
2025-11-07 16:45:56,399 [INFO] ADCParametersView:116 -                Injected Rank 2 : true
2025-11-07 16:45:56,399 [INFO] ADCParametersView:116 -                Injected Rank 1 : true
2025-11-07 16:45:56,399 [INFO] ADCParametersView:116 -                Injected Rank 2 : true
2025-11-07 16:45:56,399 [INFO] ADCParametersView:116 -                Injected Rank 2 : true
2025-11-07 16:45:56,441 [INFO] ADCParametersView:116 -                Rank 1 : true
2025-11-07 16:45:56,442 [INFO] ADCParametersView:116 -                Rank 1 : true
2025-11-07 16:45:56,442 [INFO] ADCParametersView:116 -                Injected Rank 1 : true
2025-11-07 16:45:56,442 [INFO] ADCParametersView:116 -                Rank 1 : true
2025-11-07 16:45:56,443 [INFO] ADCParametersView:116 -                Injected Rank 1 : true
2025-11-07 16:45:56,443 [INFO] ADCParametersView:116 -                Injected Rank 2 : true
2025-11-07 16:46:06,605 [ERROR] LogOutputStream:75 - [STDERR_REDIRECT] Nov 07, 2025 4:46:06 PM java.util.prefs.FileSystemPreferences checkLockFile0ErrorCode
2025-11-07 16:46:06,605 [ERROR] LogOutputStream:75 - [STDERR_REDIRECT] WARNING: Could not lock System prefs. Unix error code 2.
2025-11-07 16:46:06,606 [ERROR] LogOutputStream:75 - [STDERR_REDIRECT] 
2025-11-07 16:46:06,606 [ERROR] LogOutputStream:75 - [STDERR_REDIRECT] Nov 07, 2025 4:46:06 PM java.util.prefs.FileSystemPreferences syncWorld
2025-11-07 16:46:06,607 [ERROR] LogOutputStream:75 - [STDERR_REDIRECT] WARNING: Couldn't flush system prefs: java.util.prefs.BackingStoreException: Couldn't get file lock.
2025-11-07 16:46:06,607 [ERROR] LogOutputStream:75 - [STDERR_REDIRECT] 
2025-11-07 16:46:36,601 [ERROR] LogOutputStream:75 - [STDERR_REDIRECT] Nov 07, 2025 4:46:36 PM java.util.prefs.FileSystemPreferences checkLockFile0ErrorCode
2025-11-07 16:46:36,601 [ERROR] LogOutputStream:75 - [STDERR_REDIRECT] WARNING: Could not lock System prefs. Unix error code 2.
2025-11-07 16:46:36,601 [ERROR] LogOutputStream:75 - [STDERR_REDIRECT] 
2025-11-07 16:46:36,602 [ERROR] LogOutputStream:75 - [STDERR_REDIRECT] Nov 07, 2025 4:46:36 PM java.util.prefs.FileSystemPreferences syncWorld
2025-11-07 16:46:36,602 [ERROR] LogOutputStream:75 - [STDERR_REDIRECT] WARNING: Couldn't flush system prefs: java.util.prefs.BackingStoreException: Couldn't get file lock.
2025-11-07 16:46:36,602 [ERROR] LogOutputStream:75 - [STDERR_REDIRECT] 
2025-11-07 16:47:06,601 [ERROR] LogOutputStream:75 - [STDERR_REDIRECT] Nov 07, 2025 4:47:06 PM java.util.prefs.FileSystemPreferences checkLockFile0ErrorCode
2025-11-07 16:47:06,601 [ERROR] LogOutputStream:75 - [STDERR_REDIRECT] WARNING: Could not lock System prefs. Unix error code 2.
2025-11-07 16:47:06,602 [ERROR] LogOutputStream:75 - [STDERR_REDIRECT] 
2025-11-07 16:47:06,602 [ERROR] LogOutputStream:75 - [STDERR_REDIRECT] Nov 07, 2025 4:47:06 PM java.util.prefs.FileSystemPreferences syncWorld
2025-11-07 16:47:06,602 [ERROR] LogOutputStream:75 - [STDERR_REDIRECT] WARNING: Couldn't flush system prefs: java.util.prefs.BackingStoreException: Couldn't get file lock.
2025-11-07 16:47:06,602 [ERROR] LogOutputStream:75 - [STDERR_REDIRECT] 
2025-11-07 16:47:36,601 [ERROR] LogOutputStream:75 - [STDERR_REDIRECT] Nov 07, 2025 4:47:36 PM java.util.prefs.FileSystemPreferences checkLockFile0ErrorCode
2025-11-07 16:47:36,601 [ERROR] LogOutputStream:75 - [STDERR_REDIRECT] WARNING: Could not lock System prefs. Unix error code 2.
2025-11-07 16:47:36,602 [ERROR] LogOutputStream:75 - [STDERR_REDIRECT] 
2025-11-07 16:47:36,602 [ERROR] LogOutputStream:75 - [STDERR_REDIRECT] Nov 07, 2025 4:47:36 PM java.util.prefs.FileSystemPreferences syncWorld
2025-11-07 16:47:36,602 [ERROR] LogOutputStream:75 - [STDERR_REDIRECT] WARNING: Couldn't flush system prefs: java.util.prefs.BackingStoreException: Couldn't get file lock.
2025-11-07 16:47:36,602 [ERROR] LogOutputStream:75 - [STDERR_REDIRECT] 
2025-11-07 16:48:06,601 [ERROR] LogOutputStream:75 - [STDERR_REDIRECT] Nov 07, 2025 4:48:06 PM java.util.prefs.FileSystemPreferences checkLockFile0ErrorCode
2025-11-07 16:48:06,601 [ERROR] LogOutputStream:75 - [STDERR_REDIRECT] WARNING: Could not lock System prefs. Unix error code 2.
2025-11-07 16:48:06,601 [ERROR] LogOutputStream:75 - [STDERR_REDIRECT] 
2025-11-07 16:48:06,601 [ERROR] LogOutputStream:75 - [STDERR_REDIRECT] Nov 07, 2025 4:48:06 PM java.util.prefs.FileSystemPreferences syncWorld
2025-11-07 16:48:06,601 [ERROR] LogOutputStream:75 - [STDERR_REDIRECT] WARNING: Couldn't flush system prefs: java.util.prefs.BackingStoreException: Couldn't get file lock.
2025-11-07 16:48:06,601 [ERROR] LogOutputStream:75 - [STDERR_REDIRECT] 
2025-11-07 16:48:36,602 [ERROR] LogOutputStream:75 - [STDERR_REDIRECT] Nov 07, 2025 4:48:36 PM java.util.prefs.FileSystemPreferences checkLockFile0ErrorCode
2025-11-07 16:48:36,602 [ERROR] LogOutputStream:75 - [STDERR_REDIRECT] WARNING: Could not lock System prefs. Unix error code 2.
2025-11-07 16:48:36,602 [ERROR] LogOutputStream:75 - [STDERR_REDIRECT] 
2025-11-07 16:48:36,603 [ERROR] LogOutputStream:75 - [STDERR_REDIRECT] Nov 07, 2025 4:48:36 PM java.util.prefs.FileSystemPreferences syncWorld
2025-11-07 16:48:36,603 [ERROR] LogOutputStream:75 - [STDERR_REDIRECT] WARNING: Couldn't flush system prefs: java.util.prefs.BackingStoreException: Couldn't get file lock.
2025-11-07 16:48:36,603 [ERROR] LogOutputStream:75 - [STDERR_REDIRECT] 
2025-11-07 16:49:06,604 [ERROR] LogOutputStream:75 - [STDERR_REDIRECT] Nov 07, 2025 4:49:06 PM java.util.prefs.FileSystemPreferences checkLockFile0ErrorCode
2025-11-07 16:49:06,606 [ERROR] LogOutputStream:75 - [STDERR_REDIRECT] WARNING: Could not lock System prefs. Unix error code 2.
2025-11-07 16:49:06,607 [ERROR] LogOutputStream:75 - [STDERR_REDIRECT] 
2025-11-07 16:49:06,607 [ERROR] LogOutputStream:75 - [STDERR_REDIRECT] Nov 07, 2025 4:49:06 PM java.util.prefs.FileSystemPreferences syncWorld
2025-11-07 16:49:06,607 [ERROR] LogOutputStream:75 - [STDERR_REDIRECT] WARNING: Couldn't flush system prefs: java.util.prefs.BackingStoreException: Couldn't get file lock.
2025-11-07 16:49:06,608 [ERROR] LogOutputStream:75 - [STDERR_REDIRECT] 
2025-11-07 16:49:36,603 [ERROR] LogOutputStream:75 - [STDERR_REDIRECT] Nov 07, 2025 4:49:36 PM java.util.prefs.FileSystemPreferences checkLockFile0ErrorCode
2025-11-07 16:49:36,603 [ERROR] LogOutputStream:75 - [STDERR_REDIRECT] WARNING: Could not lock System prefs. Unix error code 2.
2025-11-07 16:49:36,603 [ERROR] LogOutputStream:75 - [STDERR_REDIRECT] 
2025-11-07 16:49:36,604 [ERROR] LogOutputStream:75 - [STDERR_REDIRECT] Nov 07, 2025 4:49:36 PM java.util.prefs.FileSystemPreferences syncWorld
2025-11-07 16:49:36,604 [ERROR] LogOutputStream:75 - [STDERR_REDIRECT] WARNING: Couldn't flush system prefs: java.util.prefs.BackingStoreException: Couldn't get file lock.
2025-11-07 16:49:36,604 [ERROR] LogOutputStream:75 - [STDERR_REDIRECT] 
2025-11-07 16:50:06,603 [ERROR] LogOutputStream:75 - [STDERR_REDIRECT] Nov 07, 2025 4:50:06 PM java.util.prefs.FileSystemPreferences checkLockFile0ErrorCode
2025-11-07 16:50:06,603 [ERROR] LogOutputStream:75 - [STDERR_REDIRECT] WARNING: Could not lock System prefs. Unix error code 2.
2025-11-07 16:50:06,603 [ERROR] LogOutputStream:75 - [STDERR_REDIRECT] 
2025-11-07 16:50:06,604 [ERROR] LogOutputStream:75 - [STDERR_REDIRECT] Nov 07, 2025 4:50:06 PM java.util.prefs.FileSystemPreferences syncWorld
2025-11-07 16:50:06,604 [ERROR] LogOutputStream:75 - [STDERR_REDIRECT] WARNING: Couldn't flush system prefs: java.util.prefs.BackingStoreException: Couldn't get file lock.
2025-11-07 16:50:06,604 [ERROR] LogOutputStream:75 - [STDERR_REDIRECT] 
2025-11-07 16:50:36,602 [ERROR] LogOutputStream:75 - [STDERR_REDIRECT] Nov 07, 2025 4:50:36 PM java.util.prefs.FileSystemPreferences checkLockFile0ErrorCode
2025-11-07 16:50:36,603 [ERROR] LogOutputStream:75 - [STDERR_REDIRECT] WARNING: Could not lock System prefs. Unix error code 2.
2025-11-07 16:50:36,603 [ERROR] LogOutputStream:75 - [STDERR_REDIRECT] 
2025-11-07 16:50:36,604 [ERROR] LogOutputStream:75 - [STDERR_REDIRECT] Nov 07, 2025 4:50:36 PM java.util.prefs.FileSystemPreferences syncWorld
2025-11-07 16:50:36,604 [ERROR] LogOutputStream:75 - [STDERR_REDIRECT] WARNING: Couldn't flush system prefs: java.util.prefs.BackingStoreException: Couldn't get file lock.
2025-11-07 16:50:36,605 [ERROR] LogOutputStream:75 - [STDERR_REDIRECT] 
2025-11-07 16:51:06,602 [ERROR] LogOutputStream:75 - [STDERR_REDIRECT] Nov 07, 2025 4:51:06 PM java.util.prefs.FileSystemPreferences checkLockFile0ErrorCode
2025-11-07 16:51:06,602 [ERROR] LogOutputStream:75 - [STDERR_REDIRECT] WARNING: Could not lock System prefs. Unix error code 2.
2025-11-07 16:51:06,602 [ERROR] LogOutputStream:75 - [STDERR_REDIRECT] 
2025-11-07 16:51:06,603 [ERROR] LogOutputStream:75 - [STDERR_REDIRECT] Nov 07, 2025 4:51:06 PM java.util.prefs.FileSystemPreferences syncWorld
2025-11-07 16:51:06,603 [ERROR] LogOutputStream:75 - [STDERR_REDIRECT] WARNING: Couldn't flush system prefs: java.util.prefs.BackingStoreException: Couldn't get file lock.
2025-11-07 16:51:06,603 [ERROR] LogOutputStream:75 - [STDERR_REDIRECT] 
2025-11-07 16:51:36,603 [ERROR] LogOutputStream:75 - [STDERR_REDIRECT] Nov 07, 2025 4:51:36 PM java.util.prefs.FileSystemPreferences checkLockFile0ErrorCode
2025-11-07 16:51:36,604 [ERROR] LogOutputStream:75 - [STDERR_REDIRECT] WARNING: Could not lock System prefs. Unix error code 2.
2025-11-07 16:51:36,604 [ERROR] LogOutputStream:75 - [STDERR_REDIRECT] 
2025-11-07 16:51:36,605 [ERROR] LogOutputStream:75 - [STDERR_REDIRECT] Nov 07, 2025 4:51:36 PM java.util.prefs.FileSystemPreferences syncWorld
2025-11-07 16:51:36,605 [ERROR] LogOutputStream:75 - [STDERR_REDIRECT] WARNING: Couldn't flush system prefs: java.util.prefs.BackingStoreException: Couldn't get file lock.
2025-11-07 16:51:36,605 [ERROR] LogOutputStream:75 - [STDERR_REDIRECT] 
2025-11-07 16:52:06,604 [ERROR] LogOutputStream:75 - [STDERR_REDIRECT] Nov 07, 2025 4:52:06 PM java.util.prefs.FileSystemPreferences checkLockFile0ErrorCode
2025-11-07 16:52:06,604 [ERROR] LogOutputStream:75 - [STDERR_REDIRECT] WARNING: Could not lock System prefs. Unix error code 2.
2025-11-07 16:52:06,604 [ERROR] LogOutputStream:75 - [STDERR_REDIRECT] 
2025-11-07 16:52:06,604 [ERROR] LogOutputStream:75 - [STDERR_REDIRECT] Nov 07, 2025 4:52:06 PM java.util.prefs.FileSystemPreferences syncWorld
2025-11-07 16:52:06,605 [ERROR] LogOutputStream:75 - [STDERR_REDIRECT] WARNING: Couldn't flush system prefs: java.util.prefs.BackingStoreException: Couldn't get file lock.
2025-11-07 16:52:06,605 [ERROR] LogOutputStream:75 - [STDERR_REDIRECT] 
2025-11-07 16:52:36,603 [ERROR] LogOutputStream:75 - [STDERR_REDIRECT] Nov 07, 2025 4:52:36 PM java.util.prefs.FileSystemPreferences checkLockFile0ErrorCode
2025-11-07 16:52:36,603 [ERROR] LogOutputStream:75 - [STDERR_REDIRECT] WARNING: Could not lock System prefs. Unix error code 2.
2025-11-07 16:52:36,603 [ERROR] LogOutputStream:75 - [STDERR_REDIRECT] 
2025-11-07 16:52:36,603 [ERROR] LogOutputStream:75 - [STDERR_REDIRECT] Nov 07, 2025 4:52:36 PM java.util.prefs.FileSystemPreferences syncWorld
2025-11-07 16:52:36,603 [ERROR] LogOutputStream:75 - [STDERR_REDIRECT] WARNING: Couldn't flush system prefs: java.util.prefs.BackingStoreException: Couldn't get file lock.
2025-11-07 16:52:36,603 [ERROR] LogOutputStream:75 - [STDERR_REDIRECT] 
2025-11-07 16:53:06,608 [ERROR] LogOutputStream:75 - [STDERR_REDIRECT] Nov 07, 2025 4:53:06 PM java.util.prefs.FileSystemPreferences checkLockFile0ErrorCode
2025-11-07 16:53:06,608 [ERROR] LogOutputStream:75 - [STDERR_REDIRECT] WARNING: Could not lock System prefs. Unix error code 2.
2025-11-07 16:53:06,609 [ERROR] LogOutputStream:75 - [STDERR_REDIRECT] 
2025-11-07 16:53:06,609 [ERROR] LogOutputStream:75 - [STDERR_REDIRECT] Nov 07, 2025 4:53:06 PM java.util.prefs.FileSystemPreferences syncWorld
2025-11-07 16:53:06,609 [ERROR] LogOutputStream:75 - [STDERR_REDIRECT] WARNING: Couldn't flush system prefs: java.util.prefs.BackingStoreException: Couldn't get file lock.
2025-11-07 16:53:06,609 [ERROR] LogOutputStream:75 - [STDERR_REDIRECT] 
2025-11-07 16:53:36,605 [ERROR] LogOutputStream:75 - [STDERR_REDIRECT] Nov 07, 2025 4:53:36 PM java.util.prefs.FileSystemPreferences checkLockFile0ErrorCode
2025-11-07 16:53:36,606 [ERROR] LogOutputStream:75 - [STDERR_REDIRECT] WARNING: Could not lock System prefs. Unix error code 2.
2025-11-07 16:53:36,606 [ERROR] LogOutputStream:75 - [STDERR_REDIRECT] 
2025-11-07 16:53:36,607 [ERROR] LogOutputStream:75 - [STDERR_REDIRECT] Nov 07, 2025 4:53:36 PM java.util.prefs.FileSystemPreferences syncWorld
2025-11-07 16:53:36,607 [ERROR] LogOutputStream:75 - [STDERR_REDIRECT] WARNING: Couldn't flush system prefs: java.util.prefs.BackingStoreException: Couldn't get file lock.
2025-11-07 16:53:36,607 [ERROR] LogOutputStream:75 - [STDERR_REDIRECT] 
2025-11-07 16:54:06,605 [ERROR] LogOutputStream:75 - [STDERR_REDIRECT] Nov 07, 2025 4:54:06 PM java.util.prefs.FileSystemPreferences checkLockFile0ErrorCode
2025-11-07 16:54:06,606 [ERROR] LogOutputStream:75 - [STDERR_REDIRECT] WARNING: Could not lock System prefs. Unix error code 2.
2025-11-07 16:54:06,606 [ERROR] LogOutputStream:75 - [STDERR_REDIRECT] 
2025-11-07 16:54:06,606 [ERROR] LogOutputStream:75 - [STDERR_REDIRECT] Nov 07, 2025 4:54:06 PM java.util.prefs.FileSystemPreferences syncWorld
2025-11-07 16:54:06,606 [ERROR] LogOutputStream:75 - [STDERR_REDIRECT] WARNING: Couldn't flush system prefs: java.util.prefs.BackingStoreException: Couldn't get file lock.
2025-11-07 16:54:06,607 [ERROR] LogOutputStream:75 - [STDERR_REDIRECT] 
2025-11-07 16:54:36,610 [ERROR] LogOutputStream:75 - [STDERR_REDIRECT] Nov 07, 2025 4:54:36 PM java.util.prefs.FileSystemPreferences checkLockFile0ErrorCode
2025-11-07 16:54:36,611 [ERROR] LogOutputStream:75 - [STDERR_REDIRECT] WARNING: Could not lock System prefs. Unix error code 2.
2025-11-07 16:54:36,611 [ERROR] LogOutputStream:75 - [STDERR_REDIRECT] 
2025-11-07 16:54:36,611 [ERROR] LogOutputStream:75 - [STDERR_REDIRECT] Nov 07, 2025 4:54:36 PM java.util.prefs.FileSystemPreferences syncWorld
2025-11-07 16:54:36,612 [ERROR] LogOutputStream:75 - [STDERR_REDIRECT] WARNING: Couldn't flush system prefs: java.util.prefs.BackingStoreException: Couldn't get file lock.
2025-11-07 16:54:36,612 [ERROR] LogOutputStream:75 - [STDERR_REDIRECT] 
2025-11-07 16:55:06,608 [ERROR] LogOutputStream:75 - [STDERR_REDIRECT] Nov 07, 2025 4:55:06 PM java.util.prefs.FileSystemPreferences checkLockFile0ErrorCode
2025-11-07 16:55:06,610 [ERROR] LogOutputStream:75 - [STDERR_REDIRECT] WARNING: Could not lock System prefs. Unix error code 2.
2025-11-07 16:55:06,610 [ERROR] LogOutputStream:75 - [STDERR_REDIRECT] 
2025-11-07 16:55:06,610 [ERROR] LogOutputStream:75 - [STDERR_REDIRECT] Nov 07, 2025 4:55:06 PM java.util.prefs.FileSystemPreferences syncWorld
2025-11-07 16:55:06,610 [ERROR] LogOutputStream:75 - [STDERR_REDIRECT] WARNING: Couldn't flush system prefs: java.util.prefs.BackingStoreException: Couldn't get file lock.
2025-11-07 16:55:06,610 [ERROR] LogOutputStream:75 - [STDERR_REDIRECT] 
2025-11-07 16:55:36,605 [ERROR] LogOutputStream:75 - [STDERR_REDIRECT] Nov 07, 2025 4:55:36 PM java.util.prefs.FileSystemPreferences checkLockFile0ErrorCode
2025-11-07 16:55:36,605 [ERROR] LogOutputStream:75 - [STDERR_REDIRECT] WARNING: Could not lock System prefs. Unix error code 2.
2025-11-07 16:55:36,605 [ERROR] LogOutputStream:75 - [STDERR_REDIRECT] 
2025-11-07 16:55:36,606 [ERROR] LogOutputStream:75 - [STDERR_REDIRECT] Nov 07, 2025 4:55:36 PM java.util.prefs.FileSystemPreferences syncWorld
2025-11-07 16:55:36,606 [ERROR] LogOutputStream:75 - [STDERR_REDIRECT] WARNING: Couldn't flush system prefs: java.util.prefs.BackingStoreException: Couldn't get file lock.
2025-11-07 16:55:36,606 [ERROR] LogOutputStream:75 - [STDERR_REDIRECT] 
2025-11-07 16:56:06,606 [ERROR] LogOutputStream:75 - [STDERR_REDIRECT] Nov 07, 2025 4:56:06 PM java.util.prefs.FileSystemPreferences checkLockFile0ErrorCode
2025-11-07 16:56:06,607 [ERROR] LogOutputStream:75 - [STDERR_REDIRECT] WARNING: Could not lock System prefs. Unix error code 2.
2025-11-07 16:56:06,607 [ERROR] LogOutputStream:75 - [STDERR_REDIRECT] 
2025-11-07 16:56:06,607 [ERROR] LogOutputStream:75 - [STDERR_REDIRECT] Nov 07, 2025 4:56:06 PM java.util.prefs.FileSystemPreferences syncWorld
2025-11-07 16:56:06,608 [ERROR] LogOutputStream:75 - [STDERR_REDIRECT] WARNING: Couldn't flush system prefs: java.util.prefs.BackingStoreException: Couldn't get file lock.
2025-11-07 16:56:06,608 [ERROR] LogOutputStream:75 - [STDERR_REDIRECT] 
2025-11-07 16:56:36,607 [ERROR] LogOutputStream:75 - [STDERR_REDIRECT] Nov 07, 2025 4:56:36 PM java.util.prefs.FileSystemPreferences checkLockFile0ErrorCode
2025-11-07 16:56:36,608 [ERROR] LogOutputStream:75 - [STDERR_REDIRECT] WARNING: Could not lock System prefs. Unix error code 2.
2025-11-07 16:56:36,608 [ERROR] LogOutputStream:75 - [STDERR_REDIRECT] 
2025-11-07 16:56:36,608 [ERROR] LogOutputStream:75 - [STDERR_REDIRECT] Nov 07, 2025 4:56:36 PM java.util.prefs.FileSystemPreferences syncWorld
2025-11-07 16:56:36,608 [ERROR] LogOutputStream:75 - [STDERR_REDIRECT] WARNING: Couldn't flush system prefs: java.util.prefs.BackingStoreException: Couldn't get file lock.
2025-11-07 16:56:36,608 [ERROR] LogOutputStream:75 - [STDERR_REDIRECT] 
2025-11-07 16:57:06,607 [ERROR] LogOutputStream:75 - [STDERR_REDIRECT] Nov 07, 2025 4:57:06 PM java.util.prefs.FileSystemPreferences checkLockFile0ErrorCode
2025-11-07 16:57:06,608 [ERROR] LogOutputStream:75 - [STDERR_REDIRECT] WARNING: Could not lock System prefs. Unix error code 2.
2025-11-07 16:57:06,608 [ERROR] LogOutputStream:75 - [STDERR_REDIRECT] 
2025-11-07 16:57:06,609 [ERROR] LogOutputStream:75 - [STDERR_REDIRECT] Nov 07, 2025 4:57:06 PM java.util.prefs.FileSystemPreferences syncWorld
2025-11-07 16:57:06,609 [ERROR] LogOutputStream:75 - [STDERR_REDIRECT] WARNING: Couldn't flush system prefs: java.util.prefs.BackingStoreException: Couldn't get file lock.
2025-11-07 16:57:06,609 [ERROR] LogOutputStream:75 - [STDERR_REDIRECT] 
2025-11-07 16:57:36,609 [ERROR] LogOutputStream:75 - [STDERR_REDIRECT] Nov 07, 2025 4:57:36 PM java.util.prefs.FileSystemPreferences checkLockFile0ErrorCode
2025-11-07 16:57:36,609 [ERROR] LogOutputStream:75 - [STDERR_REDIRECT] WARNING: Could not lock System prefs. Unix error code 2.
2025-11-07 16:57:36,609 [ERROR] LogOutputStream:75 - [STDERR_REDIRECT] 
2025-11-07 16:57:36,610 [ERROR] LogOutputStream:75 - [STDERR_REDIRECT] Nov 07, 2025 4:57:36 PM java.util.prefs.FileSystemPreferences syncWorld
2025-11-07 16:57:36,611 [ERROR] LogOutputStream:75 - [STDERR_REDIRECT] WARNING: Couldn't flush system prefs: java.util.prefs.BackingStoreException: Couldn't get file lock.
2025-11-07 16:57:36,611 [ERROR] LogOutputStream:75 - [STDERR_REDIRECT] 
2025-11-07 16:58:06,608 [ERROR] LogOutputStream:75 - [STDERR_REDIRECT] Nov 07, 2025 4:58:06 PM java.util.prefs.FileSystemPreferences checkLockFile0ErrorCode
2025-11-07 16:58:06,608 [ERROR] LogOutputStream:75 - [STDERR_REDIRECT] WARNING: Could not lock System prefs. Unix error code 2.
2025-11-07 16:58:06,608 [ERROR] LogOutputStream:75 - [STDERR_REDIRECT] 
2025-11-07 16:58:06,608 [ERROR] LogOutputStream:75 - [STDERR_REDIRECT] Nov 07, 2025 4:58:06 PM java.util.prefs.FileSystemPreferences syncWorld
2025-11-07 16:58:06,609 [ERROR] LogOutputStream:75 - [STDERR_REDIRECT] WARNING: Couldn't flush system prefs: java.util.prefs.BackingStoreException: Couldn't get file lock.
2025-11-07 16:58:06,609 [ERROR] LogOutputStream:75 - [STDERR_REDIRECT] 
2025-11-07 16:58:36,608 [ERROR] LogOutputStream:75 - [STDERR_REDIRECT] Nov 07, 2025 4:58:36 PM java.util.prefs.FileSystemPreferences checkLockFile0ErrorCode
2025-11-07 16:58:36,608 [ERROR] LogOutputStream:75 - [STDERR_REDIRECT] WARNING: Could not lock System prefs. Unix error code 2.
2025-11-07 16:58:36,609 [ERROR] LogOutputStream:75 - [STDERR_REDIRECT] 
2025-11-07 16:58:36,609 [ERROR] LogOutputStream:75 - [STDERR_REDIRECT] Nov 07, 2025 4:58:36 PM java.util.prefs.FileSystemPreferences syncWorld
2025-11-07 16:58:36,609 [ERROR] LogOutputStream:75 - [STDERR_REDIRECT] WARNING: Couldn't flush system prefs: java.util.prefs.BackingStoreException: Couldn't get file lock.
2025-11-07 16:58:36,609 [ERROR] LogOutputStream:75 - [STDERR_REDIRECT] 
2025-11-07 16:59:06,610 [ERROR] LogOutputStream:75 - [STDERR_REDIRECT] Nov 07, 2025 4:59:06 PM java.util.prefs.FileSystemPreferences checkLockFile0ErrorCode
2025-11-07 16:59:06,610 [ERROR] LogOutputStream:75 - [STDERR_REDIRECT] WARNING: Could not lock System prefs. Unix error code 2.
2025-11-07 16:59:06,610 [ERROR] LogOutputStream:75 - [STDERR_REDIRECT] 
2025-11-07 16:59:06,611 [ERROR] LogOutputStream:75 - [STDERR_REDIRECT] Nov 07, 2025 4:59:06 PM java.util.prefs.FileSystemPreferences syncWorld
2025-11-07 16:59:06,611 [ERROR] LogOutputStream:75 - [STDERR_REDIRECT] WARNING: Couldn't flush system prefs: java.util.prefs.BackingStoreException: Couldn't get file lock.
2025-11-07 16:59:06,611 [ERROR] LogOutputStream:75 - [STDERR_REDIRECT] 
2025-11-07 16:59:36,607 [ERROR] LogOutputStream:75 - [STDERR_REDIRECT] Nov 07, 2025 4:59:36 PM java.util.prefs.FileSystemPreferences checkLockFile0ErrorCode
2025-11-07 16:59:36,607 [ERROR] LogOutputStream:75 - [STDERR_REDIRECT] WARNING: Could not lock System prefs. Unix error code 2.
2025-11-07 16:59:36,608 [ERROR] LogOutputStream:75 - [STDERR_REDIRECT] 
2025-11-07 16:59:36,608 [ERROR] LogOutputStream:75 - [STDERR_REDIRECT] Nov 07, 2025 4:59:36 PM java.util.prefs.FileSystemPreferences syncWorld
2025-11-07 16:59:36,608 [ERROR] LogOutputStream:75 - [STDERR_REDIRECT] WARNING: Couldn't flush system prefs: java.util.prefs.BackingStoreException: Couldn't get file lock.
2025-11-07 16:59:36,608 [ERROR] LogOutputStream:75 - [STDERR_REDIRECT] 
2025-11-07 17:00:06,609 [ERROR] LogOutputStream:75 - [STDERR_REDIRECT] Nov 07, 2025 5:00:06 PM java.util.prefs.FileSystemPreferences checkLockFile0ErrorCode
2025-11-07 17:00:06,609 [ERROR] LogOutputStream:75 - [STDERR_REDIRECT] WARNING: Could not lock System prefs. Unix error code 2.
2025-11-07 17:00:06,609 [ERROR] LogOutputStream:75 - [STDERR_REDIRECT] 
2025-11-07 17:00:06,609 [ERROR] LogOutputStream:75 - [STDERR_REDIRECT] Nov 07, 2025 5:00:06 PM java.util.prefs.FileSystemPreferences syncWorld
2025-11-07 17:00:06,610 [ERROR] LogOutputStream:75 - [STDERR_REDIRECT] WARNING: Couldn't flush system prefs: java.util.prefs.BackingStoreException: Couldn't get file lock.
2025-11-07 17:00:06,610 [ERROR] LogOutputStream:75 - [STDERR_REDIRECT] 
2025-11-07 17:00:36,608 [ERROR] LogOutputStream:75 - [STDERR_REDIRECT] Nov 07, 2025 5:00:36 PM java.util.prefs.FileSystemPreferences checkLockFile0ErrorCode
2025-11-07 17:00:36,608 [ERROR] LogOutputStream:75 - [STDERR_REDIRECT] WARNING: Could not lock System prefs. Unix error code 2.
2025-11-07 17:00:36,608 [ERROR] LogOutputStream:75 - [STDERR_REDIRECT] 
2025-11-07 17:00:36,608 [ERROR] LogOutputStream:75 - [STDERR_REDIRECT] Nov 07, 2025 5:00:36 PM java.util.prefs.FileSystemPreferences syncWorld
2025-11-07 17:00:36,608 [ERROR] LogOutputStream:75 - [STDERR_REDIRECT] WARNING: Couldn't flush system prefs: java.util.prefs.BackingStoreException: Couldn't get file lock.
2025-11-07 17:00:36,608 [ERROR] LogOutputStream:75 - [STDERR_REDIRECT] 
2025-11-07 17:01:06,609 [ERROR] LogOutputStream:75 - [STDERR_REDIRECT] Nov 07, 2025 5:01:06 PM java.util.prefs.FileSystemPreferences checkLockFile0ErrorCode
2025-11-07 17:01:06,609 [ERROR] LogOutputStream:75 - [STDERR_REDIRECT] WARNING: Could not lock System prefs. Unix error code 2.
2025-11-07 17:01:06,609 [ERROR] LogOutputStream:75 - [STDERR_REDIRECT] 
2025-11-07 17:01:06,610 [ERROR] LogOutputStream:75 - [STDERR_REDIRECT] Nov 07, 2025 5:01:06 PM java.util.prefs.FileSystemPreferences syncWorld
2025-11-07 17:01:06,610 [ERROR] LogOutputStream:75 - [STDERR_REDIRECT] WARNING: Couldn't flush system prefs: java.util.prefs.BackingStoreException: Couldn't get file lock.
2025-11-07 17:01:06,610 [ERROR] LogOutputStream:75 - [STDERR_REDIRECT] 
2025-11-07 17:01:36,609 [ERROR] LogOutputStream:75 - [STDERR_REDIRECT] Nov 07, 2025 5:01:36 PM java.util.prefs.FileSystemPreferences checkLockFile0ErrorCode
2025-11-07 17:01:36,609 [ERROR] LogOutputStream:75 - [STDERR_REDIRECT] WARNING: Could not lock System prefs. Unix error code 2.
2025-11-07 17:01:36,609 [ERROR] LogOutputStream:75 - [STDERR_REDIRECT] 
2025-11-07 17:01:36,610 [ERROR] LogOutputStream:75 - [STDERR_REDIRECT] Nov 07, 2025 5:01:36 PM java.util.prefs.FileSystemPreferences syncWorld
2025-11-07 17:01:36,610 [ERROR] LogOutputStream:75 - [STDERR_REDIRECT] WARNING: Couldn't flush system prefs: java.util.prefs.BackingStoreException: Couldn't get file lock.
2025-11-07 17:01:36,610 [ERROR] LogOutputStream:75 - [STDERR_REDIRECT] 
2025-11-07 17:02:06,609 [ERROR] LogOutputStream:75 - [STDERR_REDIRECT] Nov 07, 2025 5:02:06 PM java.util.prefs.FileSystemPreferences checkLockFile0ErrorCode
2025-11-07 17:02:06,610 [ERROR] LogOutputStream:75 - [STDERR_REDIRECT] WARNING: Could not lock System prefs. Unix error code 2.
2025-11-07 17:02:06,610 [ERROR] LogOutputStream:75 - [STDERR_REDIRECT] 
2025-11-07 17:02:06,610 [ERROR] LogOutputStream:75 - [STDERR_REDIRECT] Nov 07, 2025 5:02:06 PM java.util.prefs.FileSystemPreferences syncWorld
2025-11-07 17:02:06,610 [ERROR] LogOutputStream:75 - [STDERR_REDIRECT] WARNING: Couldn't flush system prefs: java.util.prefs.BackingStoreException: Couldn't get file lock.
2025-11-07 17:02:06,610 [ERROR] LogOutputStream:75 - [STDERR_REDIRECT] 
2025-11-07 17:02:36,611 [ERROR] LogOutputStream:75 - [STDERR_REDIRECT] Nov 07, 2025 5:02:36 PM java.util.prefs.FileSystemPreferences checkLockFile0ErrorCode
2025-11-07 17:02:36,612 [ERROR] LogOutputStream:75 - [STDERR_REDIRECT] WARNING: Could not lock System prefs. Unix error code 2.
2025-11-07 17:02:36,612 [ERROR] LogOutputStream:75 - [STDERR_REDIRECT] 
2025-11-07 17:02:36,612 [ERROR] LogOutputStream:75 - [STDERR_REDIRECT] Nov 07, 2025 5:02:36 PM java.util.prefs.FileSystemPreferences syncWorld
2025-11-07 17:02:36,612 [ERROR] LogOutputStream:75 - [STDERR_REDIRECT] WARNING: Couldn't flush system prefs: java.util.prefs.BackingStoreException: Couldn't get file lock.
2025-11-07 17:02:36,612 [ERROR] LogOutputStream:75 - [STDERR_REDIRECT] 
2025-11-07 17:03:06,613 [ERROR] LogOutputStream:75 - [STDERR_REDIRECT] Nov 07, 2025 5:03:06 PM java.util.prefs.FileSystemPreferences checkLockFile0ErrorCode
2025-11-07 17:03:06,613 [ERROR] LogOutputStream:75 - [STDERR_REDIRECT] WARNING: Could not lock System prefs. Unix error code 2.
2025-11-07 17:03:06,613 [ERROR] LogOutputStream:75 - [STDERR_REDIRECT] 
2025-11-07 17:03:06,613 [ERROR] LogOutputStream:75 - [STDERR_REDIRECT] Nov 07, 2025 5:03:06 PM java.util.prefs.FileSystemPreferences syncWorld
2025-11-07 17:03:06,613 [ERROR] LogOutputStream:75 - [STDERR_REDIRECT] WARNING: Couldn't flush system prefs: java.util.prefs.BackingStoreException: Couldn't get file lock.
2025-11-07 17:03:06,613 [ERROR] LogOutputStream:75 - [STDERR_REDIRECT] 
2025-11-07 17:03:36,609 [ERROR] LogOutputStream:75 - [STDERR_REDIRECT] Nov 07, 2025 5:03:36 PM java.util.prefs.FileSystemPreferences checkLockFile0ErrorCode
2025-11-07 17:03:36,610 [ERROR] LogOutputStream:75 - [STDERR_REDIRECT] WARNING: Could not lock System prefs. Unix error code 2.
2025-11-07 17:03:36,610 [ERROR] LogOutputStream:75 - [STDERR_REDIRECT] 
2025-11-07 17:03:36,610 [ERROR] LogOutputStream:75 - [STDERR_REDIRECT] Nov 07, 2025 5:03:36 PM java.util.prefs.FileSystemPreferences syncWorld
2025-11-07 17:03:36,610 [ERROR] LogOutputStream:75 - [STDERR_REDIRECT] WARNING: Couldn't flush system prefs: java.util.prefs.BackingStoreException: Couldn't get file lock.
2025-11-07 17:03:36,610 [ERROR] LogOutputStream:75 - [STDERR_REDIRECT] 
2025-11-07 17:04:06,610 [ERROR] LogOutputStream:75 - [STDERR_REDIRECT] Nov 07, 2025 5:04:06 PM java.util.prefs.FileSystemPreferences checkLockFile0ErrorCode
2025-11-07 17:04:06,610 [ERROR] LogOutputStream:75 - [STDERR_REDIRECT] WARNING: Could not lock System prefs. Unix error code 2.
2025-11-07 17:04:06,610 [ERROR] LogOutputStream:75 - [STDERR_REDIRECT] 
2025-11-07 17:04:06,611 [ERROR] LogOutputStream:75 - [STDERR_REDIRECT] Nov 07, 2025 5:04:06 PM java.util.prefs.FileSystemPreferences syncWorld
2025-11-07 17:04:06,611 [ERROR] LogOutputStream:75 - [STDERR_REDIRECT] WARNING: Couldn't flush system prefs: java.util.prefs.BackingStoreException: Couldn't get file lock.
2025-11-07 17:04:06,611 [ERROR] LogOutputStream:75 - [STDERR_REDIRECT] 
2025-11-07 17:04:36,611 [ERROR] LogOutputStream:75 - [STDERR_REDIRECT] Nov 07, 2025 5:04:36 PM java.util.prefs.FileSystemPreferences checkLockFile0ErrorCode
2025-11-07 17:04:36,611 [ERROR] LogOutputStream:75 - [STDERR_REDIRECT] WARNING: Could not lock System prefs. Unix error code 2.
2025-11-07 17:04:36,611 [ERROR] LogOutputStream:75 - [STDERR_REDIRECT] 
2025-11-07 17:04:36,612 [ERROR] LogOutputStream:75 - [STDERR_REDIRECT] Nov 07, 2025 5:04:36 PM java.util.prefs.FileSystemPreferences syncWorld
2025-11-07 17:04:36,612 [ERROR] LogOutputStream:75 - [STDERR_REDIRECT] WARNING: Couldn't flush system prefs: java.util.prefs.BackingStoreException: Couldn't get file lock.
2025-11-07 17:04:36,612 [ERROR] LogOutputStream:75 - [STDERR_REDIRECT] 
2025-11-07 17:05:06,612 [ERROR] LogOutputStream:75 - [STDERR_REDIRECT] Nov 07, 2025 5:05:06 PM java.util.prefs.FileSystemPreferences checkLockFile0ErrorCode
2025-11-07 17:05:06,612 [ERROR] LogOutputStream:75 - [STDERR_REDIRECT] WARNING: Could not lock System prefs. Unix error code 2.
2025-11-07 17:05:06,612 [ERROR] LogOutputStream:75 - [STDERR_REDIRECT] 
2025-11-07 17:05:06,612 [ERROR] LogOutputStream:75 - [STDERR_REDIRECT] Nov 07, 2025 5:05:06 PM java.util.prefs.FileSystemPreferences syncWorld
2025-11-07 17:05:06,613 [ERROR] LogOutputStream:75 - [STDERR_REDIRECT] WARNING: Couldn't flush system prefs: java.util.prefs.BackingStoreException: Couldn't get file lock.
2025-11-07 17:05:06,613 [ERROR] LogOutputStream:75 - [STDERR_REDIRECT] 
2025-11-07 17:05:36,611 [ERROR] LogOutputStream:75 - [STDERR_REDIRECT] Nov 07, 2025 5:05:36 PM java.util.prefs.FileSystemPreferences checkLockFile0ErrorCode
2025-11-07 17:05:36,612 [ERROR] LogOutputStream:75 - [STDERR_REDIRECT] WARNING: Could not lock System prefs. Unix error code 2.
2025-11-07 17:05:36,612 [ERROR] LogOutputStream:75 - [STDERR_REDIRECT] 
2025-11-07 17:05:36,612 [ERROR] LogOutputStream:75 - [STDERR_REDIRECT] Nov 07, 2025 5:05:36 PM java.util.prefs.FileSystemPreferences syncWorld
2025-11-07 17:05:36,612 [ERROR] LogOutputStream:75 - [STDERR_REDIRECT] WARNING: Couldn't flush system prefs: java.util.prefs.BackingStoreException: Couldn't get file lock.
2025-11-07 17:05:36,612 [ERROR] LogOutputStream:75 - [STDERR_REDIRECT] 
2025-11-07 17:06:06,612 [ERROR] LogOutputStream:75 - [STDERR_REDIRECT] Nov 07, 2025 5:06:06 PM java.util.prefs.FileSystemPreferences checkLockFile0ErrorCode
2025-11-07 17:06:06,614 [ERROR] LogOutputStream:75 - [STDERR_REDIRECT] WARNING: Could not lock System prefs. Unix error code 2.
2025-11-07 17:06:06,614 [ERROR] LogOutputStream:75 - [STDERR_REDIRECT] 
2025-11-07 17:06:06,614 [ERROR] LogOutputStream:75 - [STDERR_REDIRECT] Nov 07, 2025 5:06:06 PM java.util.prefs.FileSystemPreferences syncWorld
2025-11-07 17:06:06,614 [ERROR] LogOutputStream:75 - [STDERR_REDIRECT] WARNING: Couldn't flush system prefs: java.util.prefs.BackingStoreException: Couldn't get file lock.
2025-11-07 17:06:06,614 [ERROR] LogOutputStream:75 - [STDERR_REDIRECT] 
2025-11-07 17:06:36,613 [ERROR] LogOutputStream:75 - [STDERR_REDIRECT] Nov 07, 2025 5:06:36 PM java.util.prefs.FileSystemPreferences checkLockFile0ErrorCode
2025-11-07 17:06:36,613 [ERROR] LogOutputStream:75 - [STDERR_REDIRECT] WARNING: Could not lock System prefs. Unix error code 2.
2025-11-07 17:06:36,613 [ERROR] LogOutputStream:75 - [STDERR_REDIRECT] 
2025-11-07 17:06:36,614 [ERROR] LogOutputStream:75 - [STDERR_REDIRECT] Nov 07, 2025 5:06:36 PM java.util.prefs.FileSystemPreferences syncWorld
2025-11-07 17:06:36,614 [ERROR] LogOutputStream:75 - [STDERR_REDIRECT] WARNING: Couldn't flush system prefs: java.util.prefs.BackingStoreException: Couldn't get file lock.
2025-11-07 17:06:36,614 [ERROR] LogOutputStream:75 - [STDERR_REDIRECT] 
2025-11-07 17:07:06,612 [ERROR] LogOutputStream:75 - [STDERR_REDIRECT] Nov 07, 2025 5:07:06 PM java.util.prefs.FileSystemPreferences checkLockFile0ErrorCode
2025-11-07 17:07:06,612 [ERROR] LogOutputStream:75 - [STDERR_REDIRECT] WARNING: Could not lock System prefs. Unix error code 2.
2025-11-07 17:07:06,613 [ERROR] LogOutputStream:75 - [STDERR_REDIRECT] 
2025-11-07 17:07:06,613 [ERROR] LogOutputStream:75 - [STDERR_REDIRECT] Nov 07, 2025 5:07:06 PM java.util.prefs.FileSystemPreferences syncWorld
2025-11-07 17:07:06,613 [ERROR] LogOutputStream:75 - [STDERR_REDIRECT] WARNING: Couldn't flush system prefs: java.util.prefs.BackingStoreException: Couldn't get file lock.
2025-11-07 17:07:06,613 [ERROR] LogOutputStream:75 - [STDERR_REDIRECT] 
2025-11-07 17:07:36,611 [ERROR] LogOutputStream:75 - [STDERR_REDIRECT] Nov 07, 2025 5:07:36 PM java.util.prefs.FileSystemPreferences checkLockFile0ErrorCode
2025-11-07 17:07:36,612 [ERROR] LogOutputStream:75 - [STDERR_REDIRECT] WARNING: Could not lock System prefs. Unix error code 2.
2025-11-07 17:07:36,612 [ERROR] LogOutputStream:75 - [STDERR_REDIRECT] 
2025-11-07 17:07:36,612 [ERROR] LogOutputStream:75 - [STDERR_REDIRECT] Nov 07, 2025 5:07:36 PM java.util.prefs.FileSystemPreferences syncWorld
2025-11-07 17:07:36,612 [ERROR] LogOutputStream:75 - [STDERR_REDIRECT] WARNING: Couldn't flush system prefs: java.util.prefs.BackingStoreException: Couldn't get file lock.
2025-11-07 17:07:36,612 [ERROR] LogOutputStream:75 - [STDERR_REDIRECT] 
2025-11-07 17:08:06,613 [ERROR] LogOutputStream:75 - [STDERR_REDIRECT] Nov 07, 2025 5:08:06 PM java.util.prefs.FileSystemPreferences checkLockFile0ErrorCode
2025-11-07 17:08:06,613 [ERROR] LogOutputStream:75 - [STDERR_REDIRECT] WARNING: Could not lock System prefs. Unix error code 2.
2025-11-07 17:08:06,614 [ERROR] LogOutputStream:75 - [STDERR_REDIRECT] 
2025-11-07 17:08:06,614 [ERROR] LogOutputStream:75 - [STDERR_REDIRECT] Nov 07, 2025 5:08:06 PM java.util.prefs.FileSystemPreferences syncWorld
2025-11-07 17:08:06,614 [ERROR] LogOutputStream:75 - [STDERR_REDIRECT] WARNING: Couldn't flush system prefs: java.util.prefs.BackingStoreException: Couldn't get file lock.
2025-11-07 17:08:06,614 [ERROR] LogOutputStream:75 - [STDERR_REDIRECT] 
2025-11-07 17:08:36,614 [ERROR] LogOutputStream:75 - [STDERR_REDIRECT] Nov 07, 2025 5:08:36 PM java.util.prefs.FileSystemPreferences checkLockFile0ErrorCode
2025-11-07 17:08:36,614 [ERROR] LogOutputStream:75 - [STDERR_REDIRECT] WARNING: Could not lock System prefs. Unix error code 2.
2025-11-07 17:08:36,614 [ERROR] LogOutputStream:75 - [STDERR_REDIRECT] 
2025-11-07 17:08:36,615 [ERROR] LogOutputStream:75 - [STDERR_REDIRECT] Nov 07, 2025 5:08:36 PM java.util.prefs.FileSystemPreferences syncWorld
2025-11-07 17:08:36,615 [ERROR] LogOutputStream:75 - [STDERR_REDIRECT] WARNING: Couldn't flush system prefs: java.util.prefs.BackingStoreException: Couldn't get file lock.
2025-11-07 17:08:36,615 [ERROR] LogOutputStream:75 - [STDERR_REDIRECT] 
2025-11-07 17:09:06,613 [ERROR] LogOutputStream:75 - [STDERR_REDIRECT] Nov 07, 2025 5:09:06 PM java.util.prefs.FileSystemPreferences checkLockFile0ErrorCode
2025-11-07 17:09:06,614 [ERROR] LogOutputStream:75 - [STDERR_REDIRECT] WARNING: Could not lock System prefs. Unix error code 2.
2025-11-07 17:09:06,614 [ERROR] LogOutputStream:75 - [STDERR_REDIRECT] 
2025-11-07 17:09:06,614 [ERROR] LogOutputStream:75 - [STDERR_REDIRECT] Nov 07, 2025 5:09:06 PM java.util.prefs.FileSystemPreferences syncWorld
2025-11-07 17:09:06,614 [ERROR] LogOutputStream:75 - [STDERR_REDIRECT] WARNING: Couldn't flush system prefs: java.util.prefs.BackingStoreException: Couldn't get file lock.
2025-11-07 17:09:06,614 [ERROR] LogOutputStream:75 - [STDERR_REDIRECT] 
2025-11-07 17:09:36,613 [ERROR] LogOutputStream:75 - [STDERR_REDIRECT] Nov 07, 2025 5:09:36 PM java.util.prefs.FileSystemPreferences checkLockFile0ErrorCode
2025-11-07 17:09:36,613 [ERROR] LogOutputStream:75 - [STDERR_REDIRECT] WARNING: Could not lock System prefs. Unix error code 2.
2025-11-07 17:09:36,613 [ERROR] LogOutputStream:75 - [STDERR_REDIRECT] 
2025-11-07 17:09:36,613 [ERROR] LogOutputStream:75 - [STDERR_REDIRECT] Nov 07, 2025 5:09:36 PM java.util.prefs.FileSystemPreferences syncWorld
2025-11-07 17:09:36,613 [ERROR] LogOutputStream:75 - [STDERR_REDIRECT] WARNING: Couldn't flush system prefs: java.util.prefs.BackingStoreException: Couldn't get file lock.
2025-11-07 17:09:36,613 [ERROR] LogOutputStream:75 - [STDERR_REDIRECT] 
2025-11-07 17:10:06,613 [ERROR] LogOutputStream:75 - [STDERR_REDIRECT] Nov 07, 2025 5:10:06 PM java.util.prefs.FileSystemPreferences checkLockFile0ErrorCode
2025-11-07 17:10:06,613 [ERROR] LogOutputStream:75 - [STDERR_REDIRECT] WARNING: Could not lock System prefs. Unix error code 2.
2025-11-07 17:10:06,614 [ERROR] LogOutputStream:75 - [STDERR_REDIRECT] 
2025-11-07 17:10:06,614 [ERROR] LogOutputStream:75 - [STDERR_REDIRECT] Nov 07, 2025 5:10:06 PM java.util.prefs.FileSystemPreferences syncWorld
2025-11-07 17:10:06,614 [ERROR] LogOutputStream:75 - [STDERR_REDIRECT] WARNING: Couldn't flush system prefs: java.util.prefs.BackingStoreException: Couldn't get file lock.
2025-11-07 17:10:06,614 [ERROR] LogOutputStream:75 - [STDERR_REDIRECT] 
2025-11-07 17:10:36,613 [ERROR] LogOutputStream:75 - [STDERR_REDIRECT] Nov 07, 2025 5:10:36 PM java.util.prefs.FileSystemPreferences checkLockFile0ErrorCode
2025-11-07 17:10:36,614 [ERROR] LogOutputStream:75 - [STDERR_REDIRECT] WARNING: Could not lock System prefs. Unix error code 2.
2025-11-07 17:10:36,614 [ERROR] LogOutputStream:75 - [STDERR_REDIRECT] 
2025-11-07 17:10:36,614 [ERROR] LogOutputStream:75 - [STDERR_REDIRECT] Nov 07, 2025 5:10:36 PM java.util.prefs.FileSystemPreferences syncWorld
2025-11-07 17:10:36,614 [ERROR] LogOutputStream:75 - [STDERR_REDIRECT] WARNING: Couldn't flush system prefs: java.util.prefs.BackingStoreException: Couldn't get file lock.
2025-11-07 17:10:36,614 [ERROR] LogOutputStream:75 - [STDERR_REDIRECT] 
2025-11-07 17:11:06,613 [ERROR] LogOutputStream:75 - [STDERR_REDIRECT] Nov 07, 2025 5:11:06 PM java.util.prefs.FileSystemPreferences checkLockFile0ErrorCode
2025-11-07 17:11:06,614 [ERROR] LogOutputStream:75 - [STDERR_REDIRECT] WARNING: Could not lock System prefs. Unix error code 2.
2025-11-07 17:11:06,614 [ERROR] LogOutputStream:75 - [STDERR_REDIRECT] 
2025-11-07 17:11:06,614 [ERROR] LogOutputStream:75 - [STDERR_REDIRECT] Nov 07, 2025 5:11:06 PM java.util.prefs.FileSystemPreferences syncWorld
2025-11-07 17:11:06,614 [ERROR] LogOutputStream:75 - [STDERR_REDIRECT] WARNING: Couldn't flush system prefs: java.util.prefs.BackingStoreException: Couldn't get file lock.
2025-11-07 17:11:06,614 [ERROR] LogOutputStream:75 - [STDERR_REDIRECT] 
2025-11-07 17:11:36,616 [ERROR] LogOutputStream:75 - [STDERR_REDIRECT] Nov 07, 2025 5:11:36 PM java.util.prefs.FileSystemPreferences checkLockFile0ErrorCode
2025-11-07 17:11:36,617 [ERROR] LogOutputStream:75 - [STDERR_REDIRECT] WARNING: Could not lock System prefs. Unix error code 2.
2025-11-07 17:11:36,617 [ERROR] LogOutputStream:75 - [STDERR_REDIRECT] 
2025-11-07 17:11:36,617 [ERROR] LogOutputStream:75 - [STDERR_REDIRECT] Nov 07, 2025 5:11:36 PM java.util.prefs.FileSystemPreferences syncWorld
2025-11-07 17:11:36,618 [ERROR] LogOutputStream:75 - [STDERR_REDIRECT] WARNING: Couldn't flush system prefs: java.util.prefs.BackingStoreException: Couldn't get file lock.
2025-11-07 17:11:36,618 [ERROR] LogOutputStream:75 - [STDERR_REDIRECT] 
2025-11-07 17:12:06,613 [ERROR] LogOutputStream:75 - [STDERR_REDIRECT] Nov 07, 2025 5:12:06 PM java.util.prefs.FileSystemPreferences checkLockFile0ErrorCode
2025-11-07 17:12:06,613 [ERROR] LogOutputStream:75 - [STDERR_REDIRECT] WARNING: Could not lock System prefs. Unix error code 2.
2025-11-07 17:12:06,613 [ERROR] LogOutputStream:75 - [STDERR_REDIRECT] 
2025-11-07 17:12:06,614 [ERROR] LogOutputStream:75 - [STDERR_REDIRECT] Nov 07, 2025 5:12:06 PM java.util.prefs.FileSystemPreferences syncWorld
2025-11-07 17:12:06,614 [ERROR] LogOutputStream:75 - [STDERR_REDIRECT] WARNING: Couldn't flush system prefs: java.util.prefs.BackingStoreException: Couldn't get file lock.
2025-11-07 17:12:06,614 [ERROR] LogOutputStream:75 - [STDERR_REDIRECT] 
2025-11-07 17:12:36,614 [ERROR] LogOutputStream:75 - [STDERR_REDIRECT] Nov 07, 2025 5:12:36 PM java.util.prefs.FileSystemPreferences checkLockFile0ErrorCode
2025-11-07 17:12:36,614 [ERROR] LogOutputStream:75 - [STDERR_REDIRECT] WARNING: Could not lock System prefs. Unix error code 2.
2025-11-07 17:12:36,615 [ERROR] LogOutputStream:75 - [STDERR_REDIRECT] 
2025-11-07 17:12:36,615 [ERROR] LogOutputStream:75 - [STDERR_REDIRECT] Nov 07, 2025 5:12:36 PM java.util.prefs.FileSystemPreferences syncWorld
2025-11-07 17:12:36,615 [ERROR] LogOutputStream:75 - [STDERR_REDIRECT] WARNING: Couldn't flush system prefs: java.util.prefs.BackingStoreException: Couldn't get file lock.
2025-11-07 17:12:36,616 [ERROR] LogOutputStream:75 - [STDERR_REDIRECT] 
2025-11-07 17:13:06,612 [ERROR] LogOutputStream:75 - [STDERR_REDIRECT] Nov 07, 2025 5:13:06 PM java.util.prefs.FileSystemPreferences checkLockFile0ErrorCode
2025-11-07 17:13:06,613 [ERROR] LogOutputStream:75 - [STDERR_REDIRECT] WARNING: Could not lock System prefs. Unix error code 2.
2025-11-07 17:13:06,613 [ERROR] LogOutputStream:75 - [STDERR_REDIRECT] 
2025-11-07 17:13:06,613 [ERROR] LogOutputStream:75 - [STDERR_REDIRECT] Nov 07, 2025 5:13:06 PM java.util.prefs.FileSystemPreferences syncWorld
2025-11-07 17:13:06,613 [ERROR] LogOutputStream:75 - [STDERR_REDIRECT] WARNING: Couldn't flush system prefs: java.util.prefs.BackingStoreException: Couldn't get file lock.
2025-11-07 17:13:06,613 [ERROR] LogOutputStream:75 - [STDERR_REDIRECT] 
2025-11-07 17:13:36,612 [ERROR] LogOutputStream:75 - [STDERR_REDIRECT] Nov 07, 2025 5:13:36 PM java.util.prefs.FileSystemPreferences checkLockFile0ErrorCode
2025-11-07 17:13:36,612 [ERROR] LogOutputStream:75 - [STDERR_REDIRECT] WARNING: Could not lock System prefs. Unix error code 2.
2025-11-07 17:13:36,613 [ERROR] LogOutputStream:75 - [STDERR_REDIRECT] 
2025-11-07 17:13:36,613 [ERROR] LogOutputStream:75 - [STDERR_REDIRECT] Nov 07, 2025 5:13:36 PM java.util.prefs.FileSystemPreferences syncWorld
2025-11-07 17:13:36,613 [ERROR] LogOutputStream:75 - [STDERR_REDIRECT] WARNING: Couldn't flush system prefs: java.util.prefs.BackingStoreException: Couldn't get file lock.
2025-11-07 17:13:36,613 [ERROR] LogOutputStream:75 - [STDERR_REDIRECT] 
2025-11-07 17:14:06,612 [ERROR] LogOutputStream:75 - [STDERR_REDIRECT] Nov 07, 2025 5:14:06 PM java.util.prefs.FileSystemPreferences checkLockFile0ErrorCode
2025-11-07 17:14:06,612 [ERROR] LogOutputStream:75 - [STDERR_REDIRECT] WARNING: Could not lock System prefs. Unix error code 2.
2025-11-07 17:14:06,613 [ERROR] LogOutputStream:75 - [STDERR_REDIRECT] 
2025-11-07 17:14:06,613 [ERROR] LogOutputStream:75 - [STDERR_REDIRECT] Nov 07, 2025 5:14:06 PM java.util.prefs.FileSystemPreferences syncWorld
2025-11-07 17:14:06,613 [ERROR] LogOutputStream:75 - [STDERR_REDIRECT] WARNING: Couldn't flush system prefs: java.util.prefs.BackingStoreException: Couldn't get file lock.
2025-11-07 17:14:06,613 [ERROR] LogOutputStream:75 - [STDERR_REDIRECT] 
2025-11-07 17:14:36,613 [ERROR] LogOutputStream:75 - [STDERR_REDIRECT] Nov 07, 2025 5:14:36 PM java.util.prefs.FileSystemPreferences checkLockFile0ErrorCode
2025-11-07 17:14:36,613 [ERROR] LogOutputStream:75 - [STDERR_REDIRECT] WARNING: Could not lock System prefs. Unix error code 2.
2025-11-07 17:14:36,613 [ERROR] LogOutputStream:75 - [STDERR_REDIRECT] 
2025-11-07 17:14:36,613 [ERROR] LogOutputStream:75 - [STDERR_REDIRECT] Nov 07, 2025 5:14:36 PM java.util.prefs.FileSystemPreferences syncWorld
2025-11-07 17:14:36,613 [ERROR] LogOutputStream:75 - [STDERR_REDIRECT] WARNING: Couldn't flush system prefs: java.util.prefs.BackingStoreException: Couldn't get file lock.
2025-11-07 17:14:36,613 [ERROR] LogOutputStream:75 - [STDERR_REDIRECT] 
2025-11-07 17:15:06,613 [ERROR] LogOutputStream:75 - [STDERR_REDIRECT] Nov 07, 2025 5:15:06 PM java.util.prefs.FileSystemPreferences checkLockFile0ErrorCode
2025-11-07 17:15:06,613 [ERROR] LogOutputStream:75 - [STDERR_REDIRECT] WARNING: Could not lock System prefs. Unix error code 2.
2025-11-07 17:15:06,613 [ERROR] LogOutputStream:75 - [STDERR_REDIRECT] 
2025-11-07 17:15:06,614 [ERROR] LogOutputStream:75 - [STDERR_REDIRECT] Nov 07, 2025 5:15:06 PM java.util.prefs.FileSystemPreferences syncWorld
2025-11-07 17:15:06,614 [ERROR] LogOutputStream:75 - [STDERR_REDIRECT] WARNING: Couldn't flush system prefs: java.util.prefs.BackingStoreException: Couldn't get file lock.
2025-11-07 17:15:06,614 [ERROR] LogOutputStream:75 - [STDERR_REDIRECT] 
2025-11-07 17:15:36,613 [ERROR] LogOutputStream:75 - [STDERR_REDIRECT] Nov 07, 2025 5:15:36 PM java.util.prefs.FileSystemPreferences checkLockFile0ErrorCode
2025-11-07 17:15:36,613 [ERROR] LogOutputStream:75 - [STDERR_REDIRECT] WARNING: Could not lock System prefs. Unix error code 2.
2025-11-07 17:15:36,614 [ERROR] LogOutputStream:75 - [STDERR_REDIRECT] 
2025-11-07 17:15:36,614 [ERROR] LogOutputStream:75 - [STDERR_REDIRECT] Nov 07, 2025 5:15:36 PM java.util.prefs.FileSystemPreferences syncWorld
2025-11-07 17:15:36,614 [ERROR] LogOutputStream:75 - [STDERR_REDIRECT] WARNING: Couldn't flush system prefs: java.util.prefs.BackingStoreException: Couldn't get file lock.
2025-11-07 17:15:36,614 [ERROR] LogOutputStream:75 - [STDERR_REDIRECT] 
2025-11-07 17:16:06,614 [ERROR] LogOutputStream:75 - [STDERR_REDIRECT] Nov 07, 2025 5:16:06 PM java.util.prefs.FileSystemPreferences checkLockFile0ErrorCode
2025-11-07 17:16:06,614 [ERROR] LogOutputStream:75 - [STDERR_REDIRECT] WARNING: Could not lock System prefs. Unix error code 2.
2025-11-07 17:16:06,614 [ERROR] LogOutputStream:75 - [STDERR_REDIRECT] 
2025-11-07 17:16:06,614 [ERROR] LogOutputStream:75 - [STDERR_REDIRECT] Nov 07, 2025 5:16:06 PM java.util.prefs.FileSystemPreferences syncWorld
2025-11-07 17:16:06,614 [ERROR] LogOutputStream:75 - [STDERR_REDIRECT] WARNING: Couldn't flush system prefs: java.util.prefs.BackingStoreException: Couldn't get file lock.
2025-11-07 17:16:06,614 [ERROR] LogOutputStream:75 - [STDERR_REDIRECT] 
2025-11-07 17:16:36,614 [ERROR] LogOutputStream:75 - [STDERR_REDIRECT] Nov 07, 2025 5:16:36 PM java.util.prefs.FileSystemPreferences checkLockFile0ErrorCode
2025-11-07 17:16:36,614 [ERROR] LogOutputStream:75 - [STDERR_REDIRECT] WARNING: Could not lock System prefs. Unix error code 2.
2025-11-07 17:16:36,615 [ERROR] LogOutputStream:75 - [STDERR_REDIRECT] 
2025-11-07 17:16:36,615 [ERROR] LogOutputStream:75 - [STDERR_REDIRECT] Nov 07, 2025 5:16:36 PM java.util.prefs.FileSystemPreferences syncWorld
2025-11-07 17:16:36,615 [ERROR] LogOutputStream:75 - [STDERR_REDIRECT] WARNING: Couldn't flush system prefs: java.util.prefs.BackingStoreException: Couldn't get file lock.
2025-11-07 17:16:36,615 [ERROR] LogOutputStream:75 - [STDERR_REDIRECT] 
2025-11-07 17:17:06,615 [ERROR] LogOutputStream:75 - [STDERR_REDIRECT] Nov 07, 2025 5:17:06 PM java.util.prefs.FileSystemPreferences checkLockFile0ErrorCode
2025-11-07 17:17:06,615 [ERROR] LogOutputStream:75 - [STDERR_REDIRECT] WARNING: Could not lock System prefs. Unix error code 2.
2025-11-07 17:17:06,615 [ERROR] LogOutputStream:75 - [STDERR_REDIRECT] 
2025-11-07 17:17:06,615 [ERROR] LogOutputStream:75 - [STDERR_REDIRECT] Nov 07, 2025 5:17:06 PM java.util.prefs.FileSystemPreferences syncWorld
2025-11-07 17:17:06,615 [ERROR] LogOutputStream:75 - [STDERR_REDIRECT] WARNING: Couldn't flush system prefs: java.util.prefs.BackingStoreException: Couldn't get file lock.
2025-11-07 17:17:06,616 [ERROR] LogOutputStream:75 - [STDERR_REDIRECT] 
2025-11-07 17:17:36,614 [ERROR] LogOutputStream:75 - [STDERR_REDIRECT] Nov 07, 2025 5:17:36 PM java.util.prefs.FileSystemPreferences checkLockFile0ErrorCode
2025-11-07 17:17:36,614 [ERROR] LogOutputStream:75 - [STDERR_REDIRECT] WARNING: Could not lock System prefs. Unix error code 2.
2025-11-07 17:17:36,614 [ERROR] LogOutputStream:75 - [STDERR_REDIRECT] 
2025-11-07 17:17:36,615 [ERROR] LogOutputStream:75 - [STDERR_REDIRECT] Nov 07, 2025 5:17:36 PM java.util.prefs.FileSystemPreferences syncWorld
2025-11-07 17:17:36,615 [ERROR] LogOutputStream:75 - [STDERR_REDIRECT] WARNING: Couldn't flush system prefs: java.util.prefs.BackingStoreException: Couldn't get file lock.
2025-11-07 17:17:36,615 [ERROR] LogOutputStream:75 - [STDERR_REDIRECT] 
2025-11-07 17:18:06,619 [ERROR] LogOutputStream:75 - [STDERR_REDIRECT] Nov 07, 2025 5:18:06 PM java.util.prefs.FileSystemPreferences checkLockFile0ErrorCode
2025-11-07 17:18:06,620 [ERROR] LogOutputStream:75 - [STDERR_REDIRECT] WARNING: Could not lock System prefs. Unix error code 2.
2025-11-07 17:18:06,620 [ERROR] LogOutputStream:75 - [STDERR_REDIRECT] 
2025-11-07 17:18:06,620 [ERROR] LogOutputStream:75 - [STDERR_REDIRECT] Nov 07, 2025 5:18:06 PM java.util.prefs.FileSystemPreferences syncWorld
2025-11-07 17:18:06,620 [ERROR] LogOutputStream:75 - [STDERR_REDIRECT] WARNING: Couldn't flush system prefs: java.util.prefs.BackingStoreException: Couldn't get file lock.
2025-11-07 17:18:06,620 [ERROR] LogOutputStream:75 - [STDERR_REDIRECT] 
2025-11-07 17:18:36,616 [ERROR] LogOutputStream:75 - [STDERR_REDIRECT] Nov 07, 2025 5:18:36 PM java.util.prefs.FileSystemPreferences checkLockFile0ErrorCode
2025-11-07 17:18:36,616 [ERROR] LogOutputStream:75 - [STDERR_REDIRECT] WARNING: Could not lock System prefs. Unix error code 2.
2025-11-07 17:18:36,616 [ERROR] LogOutputStream:75 - [STDERR_REDIRECT] 
2025-11-07 17:18:36,617 [ERROR] LogOutputStream:75 - [STDERR_REDIRECT] Nov 07, 2025 5:18:36 PM java.util.prefs.FileSystemPreferences syncWorld
2025-11-07 17:18:36,617 [ERROR] LogOutputStream:75 - [STDERR_REDIRECT] WARNING: Couldn't flush system prefs: java.util.prefs.BackingStoreException: Couldn't get file lock.
2025-11-07 17:18:36,617 [ERROR] LogOutputStream:75 - [STDERR_REDIRECT] 
2025-11-07 17:19:06,616 [ERROR] LogOutputStream:75 - [STDERR_REDIRECT] Nov 07, 2025 5:19:06 PM java.util.prefs.FileSystemPreferences checkLockFile0ErrorCode
2025-11-07 17:19:06,616 [ERROR] LogOutputStream:75 - [STDERR_REDIRECT] WARNING: Could not lock System prefs. Unix error code 2.
2025-11-07 17:19:06,617 [ERROR] LogOutputStream:75 - [STDERR_REDIRECT] 
2025-11-07 17:19:06,617 [ERROR] LogOutputStream:75 - [STDERR_REDIRECT] Nov 07, 2025 5:19:06 PM java.util.prefs.FileSystemPreferences syncWorld
2025-11-07 17:19:06,617 [ERROR] LogOutputStream:75 - [STDERR_REDIRECT] WARNING: Couldn't flush system prefs: java.util.prefs.BackingStoreException: Couldn't get file lock.
2025-11-07 17:19:06,618 [ERROR] LogOutputStream:75 - [STDERR_REDIRECT] 
2025-11-07 17:19:36,614 [ERROR] LogOutputStream:75 - [STDERR_REDIRECT] Nov 07, 2025 5:19:36 PM java.util.prefs.FileSystemPreferences checkLockFile0ErrorCode
2025-11-07 17:19:36,615 [ERROR] LogOutputStream:75 - [STDERR_REDIRECT] WARNING: Could not lock System prefs. Unix error code 2.
2025-11-07 17:19:36,615 [ERROR] LogOutputStream:75 - [STDERR_REDIRECT] 
2025-11-07 17:19:36,615 [ERROR] LogOutputStream:75 - [STDERR_REDIRECT] Nov 07, 2025 5:19:36 PM java.util.prefs.FileSystemPreferences syncWorld
2025-11-07 17:19:36,615 [ERROR] LogOutputStream:75 - [STDERR_REDIRECT] WARNING: Couldn't flush system prefs: java.util.prefs.BackingStoreException: Couldn't get file lock.
2025-11-07 17:19:36,615 [ERROR] LogOutputStream:75 - [STDERR_REDIRECT] 
2025-11-07 17:20:06,614 [ERROR] LogOutputStream:75 - [STDERR_REDIRECT] Nov 07, 2025 5:20:06 PM java.util.prefs.FileSystemPreferences checkLockFile0ErrorCode
2025-11-07 17:20:06,614 [ERROR] LogOutputStream:75 - [STDERR_REDIRECT] WARNING: Could not lock System prefs. Unix error code 2.
2025-11-07 17:20:06,614 [ERROR] LogOutputStream:75 - [STDERR_REDIRECT] 
2025-11-07 17:20:06,615 [ERROR] LogOutputStream:75 - [STDERR_REDIRECT] Nov 07, 2025 5:20:06 PM java.util.prefs.FileSystemPreferences syncWorld
2025-11-07 17:20:06,615 [ERROR] LogOutputStream:75 - [STDERR_REDIRECT] WARNING: Couldn't flush system prefs: java.util.prefs.BackingStoreException: Couldn't get file lock.
2025-11-07 17:20:06,615 [ERROR] LogOutputStream:75 - [STDERR_REDIRECT] 
2025-11-07 17:20:36,614 [ERROR] LogOutputStream:75 - [STDERR_REDIRECT] Nov 07, 2025 5:20:36 PM java.util.prefs.FileSystemPreferences checkLockFile0ErrorCode
2025-11-07 17:20:36,614 [ERROR] LogOutputStream:75 - [STDERR_REDIRECT] WARNING: Could not lock System prefs. Unix error code 2.
2025-11-07 17:20:36,614 [ERROR] LogOutputStream:75 - [STDERR_REDIRECT] 
2025-11-07 17:20:36,615 [ERROR] LogOutputStream:75 - [STDERR_REDIRECT] Nov 07, 2025 5:20:36 PM java.util.prefs.FileSystemPreferences syncWorld
2025-11-07 17:20:36,615 [ERROR] LogOutputStream:75 - [STDERR_REDIRECT] WARNING: Couldn't flush system prefs: java.util.prefs.BackingStoreException: Couldn't get file lock.
2025-11-07 17:20:36,615 [ERROR] LogOutputStream:75 - [STDERR_REDIRECT] 
2025-11-07 17:21:06,616 [ERROR] LogOutputStream:75 - [STDERR_REDIRECT] Nov 07, 2025 5:21:06 PM java.util.prefs.FileSystemPreferences checkLockFile0ErrorCode
2025-11-07 17:21:06,617 [ERROR] LogOutputStream:75 - [STDERR_REDIRECT] WARNING: Could not lock System prefs. Unix error code 2.
2025-11-07 17:21:06,617 [ERROR] LogOutputStream:75 - [STDERR_REDIRECT] 
2025-11-07 17:21:06,618 [ERROR] LogOutputStream:75 - [STDERR_REDIRECT] Nov 07, 2025 5:21:06 PM java.util.prefs.FileSystemPreferences syncWorld
2025-11-07 17:21:06,618 [ERROR] LogOutputStream:75 - [STDERR_REDIRECT] WARNING: Couldn't flush system prefs: java.util.prefs.BackingStoreException: Couldn't get file lock.
2025-11-07 17:21:06,618 [ERROR] LogOutputStream:75 - [STDERR_REDIRECT] 
2025-11-07 17:21:36,614 [ERROR] LogOutputStream:75 - [STDERR_REDIRECT] Nov 07, 2025 5:21:36 PM java.util.prefs.FileSystemPreferences checkLockFile0ErrorCode
2025-11-07 17:21:36,614 [ERROR] LogOutputStream:75 - [STDERR_REDIRECT] WARNING: Could not lock System prefs. Unix error code 2.
2025-11-07 17:21:36,614 [ERROR] LogOutputStream:75 - [STDERR_REDIRECT] 
2025-11-07 17:21:36,615 [ERROR] LogOutputStream:75 - [STDERR_REDIRECT] Nov 07, 2025 5:21:36 PM java.util.prefs.FileSystemPreferences syncWorld
2025-11-07 17:21:36,615 [ERROR] LogOutputStream:75 - [STDERR_REDIRECT] WARNING: Couldn't flush system prefs: java.util.prefs.BackingStoreException: Couldn't get file lock.
2025-11-07 17:21:36,615 [ERROR] LogOutputStream:75 - [STDERR_REDIRECT] 
2025-11-07 17:22:06,614 [ERROR] LogOutputStream:75 - [STDERR_REDIRECT] Nov 07, 2025 5:22:06 PM java.util.prefs.FileSystemPreferences checkLockFile0ErrorCode
2025-11-07 17:22:06,614 [ERROR] LogOutputStream:75 - [STDERR_REDIRECT] WARNING: Could not lock System prefs. Unix error code 2.
2025-11-07 17:22:06,614 [ERROR] LogOutputStream:75 - [STDERR_REDIRECT] 
2025-11-07 17:22:06,614 [ERROR] LogOutputStream:75 - [STDERR_REDIRECT] Nov 07, 2025 5:22:06 PM java.util.prefs.FileSystemPreferences syncWorld
2025-11-07 17:22:06,614 [ERROR] LogOutputStream:75 - [STDERR_REDIRECT] WARNING: Couldn't flush system prefs: java.util.prefs.BackingStoreException: Couldn't get file lock.
2025-11-07 17:22:06,615 [ERROR] LogOutputStream:75 - [STDERR_REDIRECT] 
2025-11-07 17:22:36,614 [ERROR] LogOutputStream:75 - [STDERR_REDIRECT] Nov 07, 2025 5:22:36 PM java.util.prefs.FileSystemPreferences checkLockFile0ErrorCode
2025-11-07 17:22:36,614 [ERROR] LogOutputStream:75 - [STDERR_REDIRECT] WARNING: Could not lock System prefs. Unix error code 2.
2025-11-07 17:22:36,614 [ERROR] LogOutputStream:75 - [STDERR_REDIRECT] 
2025-11-07 17:22:36,614 [ERROR] LogOutputStream:75 - [STDERR_REDIRECT] Nov 07, 2025 5:22:36 PM java.util.prefs.FileSystemPreferences syncWorld
2025-11-07 17:22:36,614 [ERROR] LogOutputStream:75 - [STDERR_REDIRECT] WARNING: Couldn't flush system prefs: java.util.prefs.BackingStoreException: Couldn't get file lock.
2025-11-07 17:22:36,614 [ERROR] LogOutputStream:75 - [STDERR_REDIRECT] 
2025-11-07 17:23:06,615 [ERROR] LogOutputStream:75 - [STDERR_REDIRECT] Nov 07, 2025 5:23:06 PM java.util.prefs.FileSystemPreferences checkLockFile0ErrorCode
2025-11-07 17:23:06,615 [ERROR] LogOutputStream:75 - [STDERR_REDIRECT] WARNING: Could not lock System prefs. Unix error code 2.
2025-11-07 17:23:06,615 [ERROR] LogOutputStream:75 - [STDERR_REDIRECT] 
2025-11-07 17:23:06,616 [ERROR] LogOutputStream:75 - [STDERR_REDIRECT] Nov 07, 2025 5:23:06 PM java.util.prefs.FileSystemPreferences syncWorld
2025-11-07 17:23:06,616 [ERROR] LogOutputStream:75 - [STDERR_REDIRECT] WARNING: Couldn't flush system prefs: java.util.prefs.BackingStoreException: Couldn't get file lock.
2025-11-07 17:23:06,616 [ERROR] LogOutputStream:75 - [STDERR_REDIRECT] 
2025-11-07 17:23:36,615 [ERROR] LogOutputStream:75 - [STDERR_REDIRECT] Nov 07, 2025 5:23:36 PM java.util.prefs.FileSystemPreferences checkLockFile0ErrorCode
2025-11-07 17:23:36,616 [ERROR] LogOutputStream:75 - [STDERR_REDIRECT] WARNING: Could not lock System prefs. Unix error code 2.
2025-11-07 17:23:36,616 [ERROR] LogOutputStream:75 - [STDERR_REDIRECT] 
2025-11-07 17:23:36,616 [ERROR] LogOutputStream:75 - [STDERR_REDIRECT] Nov 07, 2025 5:23:36 PM java.util.prefs.FileSystemPreferences syncWorld
2025-11-07 17:23:36,616 [ERROR] LogOutputStream:75 - [STDERR_REDIRECT] WARNING: Couldn't flush system prefs: java.util.prefs.BackingStoreException: Couldn't get file lock.
2025-11-07 17:23:36,616 [ERROR] LogOutputStream:75 - [STDERR_REDIRECT] 
2025-11-07 17:24:06,616 [ERROR] LogOutputStream:75 - [STDERR_REDIRECT] Nov 07, 2025 5:24:06 PM java.util.prefs.FileSystemPreferences checkLockFile0ErrorCode
2025-11-07 17:24:06,616 [ERROR] LogOutputStream:75 - [STDERR_REDIRECT] WARNING: Could not lock System prefs. Unix error code 2.
2025-11-07 17:24:06,616 [ERROR] LogOutputStream:75 - [STDERR_REDIRECT] 
2025-11-07 17:24:06,617 [ERROR] LogOutputStream:75 - [STDERR_REDIRECT] Nov 07, 2025 5:24:06 PM java.util.prefs.FileSystemPreferences syncWorld
2025-11-07 17:24:06,617 [ERROR] LogOutputStream:75 - [STDERR_REDIRECT] WARNING: Couldn't flush system prefs: java.util.prefs.BackingStoreException: Couldn't get file lock.
2025-11-07 17:24:06,617 [ERROR] LogOutputStream:75 - [STDERR_REDIRECT] 
2025-11-07 17:24:36,615 [ERROR] LogOutputStream:75 - [STDERR_REDIRECT] Nov 07, 2025 5:24:36 PM java.util.prefs.FileSystemPreferences checkLockFile0ErrorCode
2025-11-07 17:24:36,616 [ERROR] LogOutputStream:75 - [STDERR_REDIRECT] WARNING: Could not lock System prefs. Unix error code 2.
2025-11-07 17:24:36,616 [ERROR] LogOutputStream:75 - [STDERR_REDIRECT] 
2025-11-07 17:24:36,616 [ERROR] LogOutputStream:75 - [STDERR_REDIRECT] Nov 07, 2025 5:24:36 PM java.util.prefs.FileSystemPreferences syncWorld
2025-11-07 17:24:36,616 [ERROR] LogOutputStream:75 - [STDERR_REDIRECT] WARNING: Couldn't flush system prefs: java.util.prefs.BackingStoreException: Couldn't get file lock.
2025-11-07 17:24:36,616 [ERROR] LogOutputStream:75 - [STDERR_REDIRECT] 
2025-11-07 17:25:06,617 [ERROR] LogOutputStream:75 - [STDERR_REDIRECT] Nov 07, 2025 5:25:06 PM java.util.prefs.FileSystemPreferences checkLockFile0ErrorCode
2025-11-07 17:25:06,617 [ERROR] LogOutputStream:75 - [STDERR_REDIRECT] WARNING: Could not lock System prefs. Unix error code 2.
2025-11-07 17:25:06,617 [ERROR] LogOutputStream:75 - [STDERR_REDIRECT] 
2025-11-07 17:25:06,618 [ERROR] LogOutputStream:75 - [STDERR_REDIRECT] Nov 07, 2025 5:25:06 PM java.util.prefs.FileSystemPreferences syncWorld
2025-11-07 17:25:06,618 [ERROR] LogOutputStream:75 - [STDERR_REDIRECT] WARNING: Couldn't flush system prefs: java.util.prefs.BackingStoreException: Couldn't get file lock.
2025-11-07 17:25:06,618 [ERROR] LogOutputStream:75 - [STDERR_REDIRECT] 
2025-11-07 17:25:36,617 [ERROR] LogOutputStream:75 - [STDERR_REDIRECT] Nov 07, 2025 5:25:36 PM java.util.prefs.FileSystemPreferences checkLockFile0ErrorCode
2025-11-07 17:25:36,617 [ERROR] LogOutputStream:75 - [STDERR_REDIRECT] WARNING: Could not lock System prefs. Unix error code 2.
2025-11-07 17:25:36,617 [ERROR] LogOutputStream:75 - [STDERR_REDIRECT] 
2025-11-07 17:25:36,617 [ERROR] LogOutputStream:75 - [STDERR_REDIRECT] Nov 07, 2025 5:25:36 PM java.util.prefs.FileSystemPreferences syncWorld
2025-11-07 17:25:36,617 [ERROR] LogOutputStream:75 - [STDERR_REDIRECT] WARNING: Couldn't flush system prefs: java.util.prefs.BackingStoreException: Couldn't get file lock.
2025-11-07 17:25:36,617 [ERROR] LogOutputStream:75 - [STDERR_REDIRECT] 
2025-11-07 17:26:06,616 [ERROR] LogOutputStream:75 - [STDERR_REDIRECT] Nov 07, 2025 5:26:06 PM java.util.prefs.FileSystemPreferences checkLockFile0ErrorCode
2025-11-07 17:26:06,616 [ERROR] LogOutputStream:75 - [STDERR_REDIRECT] WARNING: Could not lock System prefs. Unix error code 2.
2025-11-07 17:26:06,616 [ERROR] LogOutputStream:75 - [STDERR_REDIRECT] 
2025-11-07 17:26:06,616 [ERROR] LogOutputStream:75 - [STDERR_REDIRECT] Nov 07, 2025 5:26:06 PM java.util.prefs.FileSystemPreferences syncWorld
2025-11-07 17:26:06,616 [ERROR] LogOutputStream:75 - [STDERR_REDIRECT] WARNING: Couldn't flush system prefs: java.util.prefs.BackingStoreException: Couldn't get file lock.
2025-11-07 17:26:06,616 [ERROR] LogOutputStream:75 - [STDERR_REDIRECT] 
2025-11-07 17:26:36,618 [ERROR] LogOutputStream:75 - [STDERR_REDIRECT] Nov 07, 2025 5:26:36 PM java.util.prefs.FileSystemPreferences checkLockFile0ErrorCode
2025-11-07 17:26:36,618 [ERROR] LogOutputStream:75 - [STDERR_REDIRECT] WARNING: Could not lock System prefs. Unix error code 2.
2025-11-07 17:26:36,618 [ERROR] LogOutputStream:75 - [STDERR_REDIRECT] 
2025-11-07 17:26:36,618 [ERROR] LogOutputStream:75 - [STDERR_REDIRECT] Nov 07, 2025 5:26:36 PM java.util.prefs.FileSystemPreferences syncWorld
2025-11-07 17:26:36,618 [ERROR] LogOutputStream:75 - [STDERR_REDIRECT] WARNING: Couldn't flush system prefs: java.util.prefs.BackingStoreException: Couldn't get file lock.
2025-11-07 17:26:36,618 [ERROR] LogOutputStream:75 - [STDERR_REDIRECT] 
2025-11-07 17:27:06,618 [ERROR] LogOutputStream:75 - [STDERR_REDIRECT] Nov 07, 2025 5:27:06 PM java.util.prefs.FileSystemPreferences checkLockFile0ErrorCode
2025-11-07 17:27:06,619 [ERROR] LogOutputStream:75 - [STDERR_REDIRECT] WARNING: Could not lock System prefs. Unix error code 2.
2025-11-07 17:27:06,619 [ERROR] LogOutputStream:75 - [STDERR_REDIRECT] 
2025-11-07 17:27:06,619 [ERROR] LogOutputStream:75 - [STDERR_REDIRECT] Nov 07, 2025 5:27:06 PM java.util.prefs.FileSystemPreferences syncWorld
2025-11-07 17:27:06,619 [ERROR] LogOutputStream:75 - [STDERR_REDIRECT] WARNING: Couldn't flush system prefs: java.util.prefs.BackingStoreException: Couldn't get file lock.
2025-11-07 17:27:06,619 [ERROR] LogOutputStream:75 - [STDERR_REDIRECT] 
2025-11-07 17:27:36,618 [ERROR] LogOutputStream:75 - [STDERR_REDIRECT] Nov 07, 2025 5:27:36 PM java.util.prefs.FileSystemPreferences checkLockFile0ErrorCode
2025-11-07 17:27:36,618 [ERROR] LogOutputStream:75 - [STDERR_REDIRECT] WARNING: Could not lock System prefs. Unix error code 2.
2025-11-07 17:27:36,618 [ERROR] LogOutputStream:75 - [STDERR_REDIRECT] 
2025-11-07 17:27:36,618 [ERROR] LogOutputStream:75 - [STDERR_REDIRECT] Nov 07, 2025 5:27:36 PM java.util.prefs.FileSystemPreferences syncWorld
2025-11-07 17:27:36,618 [ERROR] LogOutputStream:75 - [STDERR_REDIRECT] WARNING: Couldn't flush system prefs: java.util.prefs.BackingStoreException: Couldn't get file lock.
2025-11-07 17:27:36,618 [ERROR] LogOutputStream:75 - [STDERR_REDIRECT] 
2025-11-07 17:28:06,618 [ERROR] LogOutputStream:75 - [STDERR_REDIRECT] Nov 07, 2025 5:28:06 PM java.util.prefs.FileSystemPreferences checkLockFile0ErrorCode
2025-11-07 17:28:06,618 [ERROR] LogOutputStream:75 - [STDERR_REDIRECT] WARNING: Could not lock System prefs. Unix error code 2.
2025-11-07 17:28:06,618 [ERROR] LogOutputStream:75 - [STDERR_REDIRECT] 
2025-11-07 17:28:06,618 [ERROR] LogOutputStream:75 - [STDERR_REDIRECT] Nov 07, 2025 5:28:06 PM java.util.prefs.FileSystemPreferences syncWorld
2025-11-07 17:28:06,619 [ERROR] LogOutputStream:75 - [STDERR_REDIRECT] WARNING: Couldn't flush system prefs: java.util.prefs.BackingStoreException: Couldn't get file lock.
2025-11-07 17:28:06,619 [ERROR] LogOutputStream:75 - [STDERR_REDIRECT] 
2025-11-07 17:28:36,622 [ERROR] LogOutputStream:75 - [STDERR_REDIRECT] Nov 07, 2025 5:28:36 PM java.util.prefs.FileSystemPreferences checkLockFile0ErrorCode
2025-11-07 17:28:36,622 [ERROR] LogOutputStream:75 - [STDERR_REDIRECT] WARNING: Could not lock System prefs. Unix error code 2.
2025-11-07 17:28:36,622 [ERROR] LogOutputStream:75 - [STDERR_REDIRECT] 
2025-11-07 17:28:36,623 [ERROR] LogOutputStream:75 - [STDERR_REDIRECT] Nov 07, 2025 5:28:36 PM java.util.prefs.FileSystemPreferences syncWorld
2025-11-07 17:28:36,623 [ERROR] LogOutputStream:75 - [STDERR_REDIRECT] WARNING: Couldn't flush system prefs: java.util.prefs.BackingStoreException: Couldn't get file lock.
2025-11-07 17:28:36,623 [ERROR] LogOutputStream:75 - [STDERR_REDIRECT] 
2025-11-07 17:29:06,619 [ERROR] LogOutputStream:75 - [STDERR_REDIRECT] Nov 07, 2025 5:29:06 PM java.util.prefs.FileSystemPreferences checkLockFile0ErrorCode
2025-11-07 17:29:06,619 [ERROR] LogOutputStream:75 - [STDERR_REDIRECT] WARNING: Could not lock System prefs. Unix error code 2.
2025-11-07 17:29:06,619 [ERROR] LogOutputStream:75 - [STDERR_REDIRECT] 
2025-11-07 17:29:06,620 [ERROR] LogOutputStream:75 - [STDERR_REDIRECT] Nov 07, 2025 5:29:06 PM java.util.prefs.FileSystemPreferences syncWorld
2025-11-07 17:29:06,620 [ERROR] LogOutputStream:75 - [STDERR_REDIRECT] WARNING: Couldn't flush system prefs: java.util.prefs.BackingStoreException: Couldn't get file lock.
2025-11-07 17:29:06,620 [ERROR] LogOutputStream:75 - [STDERR_REDIRECT] 
2025-11-07 17:29:36,618 [ERROR] LogOutputStream:75 - [STDERR_REDIRECT] Nov 07, 2025 5:29:36 PM java.util.prefs.FileSystemPreferences checkLockFile0ErrorCode
2025-11-07 17:29:36,618 [ERROR] LogOutputStream:75 - [STDERR_REDIRECT] WARNING: Could not lock System prefs. Unix error code 2.
2025-11-07 17:29:36,618 [ERROR] LogOutputStream:75 - [STDERR_REDIRECT] 
2025-11-07 17:29:36,618 [ERROR] LogOutputStream:75 - [STDERR_REDIRECT] Nov 07, 2025 5:29:36 PM java.util.prefs.FileSystemPreferences syncWorld
2025-11-07 17:29:36,618 [ERROR] LogOutputStream:75 - [STDERR_REDIRECT] WARNING: Couldn't flush system prefs: java.util.prefs.BackingStoreException: Couldn't get file lock.
2025-11-07 17:29:36,618 [ERROR] LogOutputStream:75 - [STDERR_REDIRECT] 
2025-11-07 17:30:06,619 [ERROR] LogOutputStream:75 - [STDERR_REDIRECT] Nov 07, 2025 5:30:06 PM java.util.prefs.FileSystemPreferences checkLockFile0ErrorCode
2025-11-07 17:30:06,619 [ERROR] LogOutputStream:75 - [STDERR_REDIRECT] WARNING: Could not lock System prefs. Unix error code 2.
2025-11-07 17:30:06,619 [ERROR] LogOutputStream:75 - [STDERR_REDIRECT] 
2025-11-07 17:30:06,619 [ERROR] LogOutputStream:75 - [STDERR_REDIRECT] Nov 07, 2025 5:30:06 PM java.util.prefs.FileSystemPreferences syncWorld
2025-11-07 17:30:06,619 [ERROR] LogOutputStream:75 - [STDERR_REDIRECT] WARNING: Couldn't flush system prefs: java.util.prefs.BackingStoreException: Couldn't get file lock.
2025-11-07 17:30:06,619 [ERROR] LogOutputStream:75 - [STDERR_REDIRECT] 
2025-11-07 17:30:36,620 [ERROR] LogOutputStream:75 - [STDERR_REDIRECT] Nov 07, 2025 5:30:36 PM java.util.prefs.FileSystemPreferences checkLockFile0ErrorCode
2025-11-07 17:30:36,620 [ERROR] LogOutputStream:75 - [STDERR_REDIRECT] WARNING: Could not lock System prefs. Unix error code 2.
2025-11-07 17:30:36,620 [ERROR] LogOutputStream:75 - [STDERR_REDIRECT] 
2025-11-07 17:30:36,620 [ERROR] LogOutputStream:75 - [STDERR_REDIRECT] Nov 07, 2025 5:30:36 PM java.util.prefs.FileSystemPreferences syncWorld
2025-11-07 17:30:36,621 [ERROR] LogOutputStream:75 - [STDERR_REDIRECT] WARNING: Couldn't flush system prefs: java.util.prefs.BackingStoreException: Couldn't get file lock.
2025-11-07 17:30:36,621 [ERROR] LogOutputStream:75 - [STDERR_REDIRECT] 
2025-11-07 17:31:06,621 [ERROR] LogOutputStream:75 - [STDERR_REDIRECT] Nov 07, 2025 5:31:06 PM java.util.prefs.FileSystemPreferences checkLockFile0ErrorCode
2025-11-07 17:31:06,621 [ERROR] LogOutputStream:75 - [STDERR_REDIRECT] WARNING: Could not lock System prefs. Unix error code 2.
2025-11-07 17:31:06,621 [ERROR] LogOutputStream:75 - [STDERR_REDIRECT] 
2025-11-07 17:31:06,621 [ERROR] LogOutputStream:75 - [STDERR_REDIRECT] Nov 07, 2025 5:31:06 PM java.util.prefs.FileSystemPreferences syncWorld
2025-11-07 17:31:06,621 [ERROR] LogOutputStream:75 - [STDERR_REDIRECT] WARNING: Couldn't flush system prefs: java.util.prefs.BackingStoreException: Couldn't get file lock.
2025-11-07 17:31:06,621 [ERROR] LogOutputStream:75 - [STDERR_REDIRECT] 
2025-11-07 17:31:36,621 [ERROR] LogOutputStream:75 - [STDERR_REDIRECT] Nov 07, 2025 5:31:36 PM java.util.prefs.FileSystemPreferences checkLockFile0ErrorCode
2025-11-07 17:31:36,621 [ERROR] LogOutputStream:75 - [STDERR_REDIRECT] WARNING: Could not lock System prefs. Unix error code 2.
2025-11-07 17:31:36,621 [ERROR] LogOutputStream:75 - [STDERR_REDIRECT] 
2025-11-07 17:31:36,622 [ERROR] LogOutputStream:75 - [STDERR_REDIRECT] Nov 07, 2025 5:31:36 PM java.util.prefs.FileSystemPreferences syncWorld
2025-11-07 17:31:36,622 [ERROR] LogOutputStream:75 - [STDERR_REDIRECT] WARNING: Couldn't flush system prefs: java.util.prefs.BackingStoreException: Couldn't get file lock.
2025-11-07 17:31:36,622 [ERROR] LogOutputStream:75 - [STDERR_REDIRECT] 
2025-11-07 17:32:06,622 [ERROR] LogOutputStream:75 - [STDERR_REDIRECT] Nov 07, 2025 5:32:06 PM java.util.prefs.FileSystemPreferences checkLockFile0ErrorCode
2025-11-07 17:32:06,622 [ERROR] LogOutputStream:75 - [STDERR_REDIRECT] WARNING: Could not lock System prefs. Unix error code 2.
2025-11-07 17:32:06,622 [ERROR] LogOutputStream:75 - [STDERR_REDIRECT] 
2025-11-07 17:32:06,623 [ERROR] LogOutputStream:75 - [STDERR_REDIRECT] Nov 07, 2025 5:32:06 PM java.util.prefs.FileSystemPreferences syncWorld
2025-11-07 17:32:06,623 [ERROR] LogOutputStream:75 - [STDERR_REDIRECT] WARNING: Couldn't flush system prefs: java.util.prefs.BackingStoreException: Couldn't get file lock.
2025-11-07 17:32:06,623 [ERROR] LogOutputStream:75 - [STDERR_REDIRECT] 
2025-11-07 17:32:36,621 [ERROR] LogOutputStream:75 - [STDERR_REDIRECT] Nov 07, 2025 5:32:36 PM java.util.prefs.FileSystemPreferences checkLockFile0ErrorCode
2025-11-07 17:32:36,622 [ERROR] LogOutputStream:75 - [STDERR_REDIRECT] WARNING: Could not lock System prefs. Unix error code 2.
2025-11-07 17:32:36,622 [ERROR] LogOutputStream:75 - [STDERR_REDIRECT] 
2025-11-07 17:32:36,622 [ERROR] LogOutputStream:75 - [STDERR_REDIRECT] Nov 07, 2025 5:32:36 PM java.util.prefs.FileSystemPreferences syncWorld
2025-11-07 17:32:36,622 [ERROR] LogOutputStream:75 - [STDERR_REDIRECT] WARNING: Couldn't flush system prefs: java.util.prefs.BackingStoreException: Couldn't get file lock.
2025-11-07 17:32:36,622 [ERROR] LogOutputStream:75 - [STDERR_REDIRECT] 
2025-11-07 17:33:06,623 [ERROR] LogOutputStream:75 - [STDERR_REDIRECT] Nov 07, 2025 5:33:06 PM java.util.prefs.FileSystemPreferences checkLockFile0ErrorCode
2025-11-07 17:33:06,623 [ERROR] LogOutputStream:75 - [STDERR_REDIRECT] WARNING: Could not lock System prefs. Unix error code 2.
2025-11-07 17:33:06,624 [ERROR] LogOutputStream:75 - [STDERR_REDIRECT] 
2025-11-07 17:33:06,624 [ERROR] LogOutputStream:75 - [STDERR_REDIRECT] Nov 07, 2025 5:33:06 PM java.util.prefs.FileSystemPreferences syncWorld
2025-11-07 17:33:06,625 [ERROR] LogOutputStream:75 - [STDERR_REDIRECT] WARNING: Couldn't flush system prefs: java.util.prefs.BackingStoreException: Couldn't get file lock.
2025-11-07 17:33:06,625 [ERROR] LogOutputStream:75 - [STDERR_REDIRECT] 
2025-11-07 17:33:36,623 [ERROR] LogOutputStream:75 - [STDERR_REDIRECT] Nov 07, 2025 5:33:36 PM java.util.prefs.FileSystemPreferences checkLockFile0ErrorCode
2025-11-07 17:33:36,623 [ERROR] LogOutputStream:75 - [STDERR_REDIRECT] WARNING: Could not lock System prefs. Unix error code 2.
2025-11-07 17:33:36,624 [ERROR] LogOutputStream:75 - [STDERR_REDIRECT] 
2025-11-07 17:33:36,624 [ERROR] LogOutputStream:75 - [STDERR_REDIRECT] Nov 07, 2025 5:33:36 PM java.util.prefs.FileSystemPreferences syncWorld
2025-11-07 17:33:36,625 [ERROR] LogOutputStream:75 - [STDERR_REDIRECT] WARNING: Couldn't flush system prefs: java.util.prefs.BackingStoreException: Couldn't get file lock.
2025-11-07 17:33:36,625 [ERROR] LogOutputStream:75 - [STDERR_REDIRECT] 
2025-11-07 17:34:06,622 [ERROR] LogOutputStream:75 - [STDERR_REDIRECT] Nov 07, 2025 5:34:06 PM java.util.prefs.FileSystemPreferences checkLockFile0ErrorCode
2025-11-07 17:34:06,623 [ERROR] LogOutputStream:75 - [STDERR_REDIRECT] WARNING: Could not lock System prefs. Unix error code 2.
2025-11-07 17:34:06,623 [ERROR] LogOutputStream:75 - [STDERR_REDIRECT] 
2025-11-07 17:34:06,623 [ERROR] LogOutputStream:75 - [STDERR_REDIRECT] Nov 07, 2025 5:34:06 PM java.util.prefs.FileSystemPreferences syncWorld
2025-11-07 17:34:06,623 [ERROR] LogOutputStream:75 - [STDERR_REDIRECT] WARNING: Couldn't flush system prefs: java.util.prefs.BackingStoreException: Couldn't get file lock.
2025-11-07 17:34:06,623 [ERROR] LogOutputStream:75 - [STDERR_REDIRECT] 
2025-11-07 17:34:36,622 [ERROR] LogOutputStream:75 - [STDERR_REDIRECT] Nov 07, 2025 5:34:36 PM java.util.prefs.FileSystemPreferences checkLockFile0ErrorCode
2025-11-07 17:34:36,624 [ERROR] LogOutputStream:75 - [STDERR_REDIRECT] WARNING: Could not lock System prefs. Unix error code 2.
2025-11-07 17:34:36,624 [ERROR] LogOutputStream:75 - [STDERR_REDIRECT] 
2025-11-07 17:34:36,625 [ERROR] LogOutputStream:75 - [STDERR_REDIRECT] Nov 07, 2025 5:34:36 PM java.util.prefs.FileSystemPreferences syncWorld
2025-11-07 17:34:36,625 [ERROR] LogOutputStream:75 - [STDERR_REDIRECT] WARNING: Couldn't flush system prefs: java.util.prefs.BackingStoreException: Couldn't get file lock.
2025-11-07 17:34:36,625 [ERROR] LogOutputStream:75 - [STDERR_REDIRECT] 
2025-11-07 17:35:06,623 [ERROR] LogOutputStream:75 - [STDERR_REDIRECT] Nov 07, 2025 5:35:06 PM java.util.prefs.FileSystemPreferences checkLockFile0ErrorCode
2025-11-07 17:35:06,623 [ERROR] LogOutputStream:75 - [STDERR_REDIRECT] WARNING: Could not lock System prefs. Unix error code 2.
2025-11-07 17:35:06,623 [ERROR] LogOutputStream:75 - [STDERR_REDIRECT] 
2025-11-07 17:35:06,624 [ERROR] LogOutputStream:75 - [STDERR_REDIRECT] Nov 07, 2025 5:35:06 PM java.util.prefs.FileSystemPreferences syncWorld
2025-11-07 17:35:06,624 [ERROR] LogOutputStream:75 - [STDERR_REDIRECT] WARNING: Couldn't flush system prefs: java.util.prefs.BackingStoreException: Couldn't get file lock.
2025-11-07 17:35:06,624 [ERROR] LogOutputStream:75 - [STDERR_REDIRECT] 
2025-11-07 17:35:36,623 [ERROR] LogOutputStream:75 - [STDERR_REDIRECT] Nov 07, 2025 5:35:36 PM java.util.prefs.FileSystemPreferences checkLockFile0ErrorCode
2025-11-07 17:35:36,623 [ERROR] LogOutputStream:75 - [STDERR_REDIRECT] WARNING: Could not lock System prefs. Unix error code 2.
2025-11-07 17:35:36,623 [ERROR] LogOutputStream:75 - [STDERR_REDIRECT] 
2025-11-07 17:35:36,623 [ERROR] LogOutputStream:75 - [STDERR_REDIRECT] Nov 07, 2025 5:35:36 PM java.util.prefs.FileSystemPreferences syncWorld
2025-11-07 17:35:36,623 [ERROR] LogOutputStream:75 - [STDERR_REDIRECT] WARNING: Couldn't flush system prefs: java.util.prefs.BackingStoreException: Couldn't get file lock.
2025-11-07 17:35:36,623 [ERROR] LogOutputStream:75 - [STDERR_REDIRECT] 
2025-11-07 17:36:06,624 [ERROR] LogOutputStream:75 - [STDERR_REDIRECT] Nov 07, 2025 5:36:06 PM java.util.prefs.FileSystemPreferences checkLockFile0ErrorCode
2025-11-07 17:36:06,624 [ERROR] LogOutputStream:75 - [STDERR_REDIRECT] WARNING: Could not lock System prefs. Unix error code 2.
2025-11-07 17:36:06,624 [ERROR] LogOutputStream:75 - [STDERR_REDIRECT] 
2025-11-07 17:36:06,625 [ERROR] LogOutputStream:75 - [STDERR_REDIRECT] Nov 07, 2025 5:36:06 PM java.util.prefs.FileSystemPreferences syncWorld
2025-11-07 17:36:06,625 [ERROR] LogOutputStream:75 - [STDERR_REDIRECT] WARNING: Couldn't flush system prefs: java.util.prefs.BackingStoreException: Couldn't get file lock.
2025-11-07 17:36:06,625 [ERROR] LogOutputStream:75 - [STDERR_REDIRECT] 
2025-11-07 17:36:36,623 [ERROR] LogOutputStream:75 - [STDERR_REDIRECT] Nov 07, 2025 5:36:36 PM java.util.prefs.FileSystemPreferences checkLockFile0ErrorCode
2025-11-07 17:36:36,624 [ERROR] LogOutputStream:75 - [STDERR_REDIRECT] WARNING: Could not lock System prefs. Unix error code 2.
2025-11-07 17:36:36,624 [ERROR] LogOutputStream:75 - [STDERR_REDIRECT] 
2025-11-07 17:36:36,625 [ERROR] LogOutputStream:75 - [STDERR_REDIRECT] Nov 07, 2025 5:36:36 PM java.util.prefs.FileSystemPreferences syncWorld
2025-11-07 17:36:36,625 [ERROR] LogOutputStream:75 - [STDERR_REDIRECT] WARNING: Couldn't flush system prefs: java.util.prefs.BackingStoreException: Couldn't get file lock.
2025-11-07 17:36:36,625 [ERROR] LogOutputStream:75 - [STDERR_REDIRECT] 
2025-11-07 17:37:06,624 [ERROR] LogOutputStream:75 - [STDERR_REDIRECT] Nov 07, 2025 5:37:06 PM java.util.prefs.FileSystemPreferences checkLockFile0ErrorCode
2025-11-07 17:37:06,624 [ERROR] LogOutputStream:75 - [STDERR_REDIRECT] WARNING: Could not lock System prefs. Unix error code 2.
2025-11-07 17:37:06,624 [ERROR] LogOutputStream:75 - [STDERR_REDIRECT] 
2025-11-07 17:37:06,625 [ERROR] LogOutputStream:75 - [STDERR_REDIRECT] Nov 07, 2025 5:37:06 PM java.util.prefs.FileSystemPreferences syncWorld
2025-11-07 17:37:06,625 [ERROR] LogOutputStream:75 - [STDERR_REDIRECT] WARNING: Couldn't flush system prefs: java.util.prefs.BackingStoreException: Couldn't get file lock.
2025-11-07 17:37:06,626 [ERROR] LogOutputStream:75 - [STDERR_REDIRECT] 
2025-11-07 17:37:36,633 [ERROR] LogOutputStream:75 - [STDERR_REDIRECT] Nov 07, 2025 5:37:36 PM java.util.prefs.FileSystemPreferences checkLockFile0ErrorCode
2025-11-07 17:37:36,635 [ERROR] LogOutputStream:75 - [STDERR_REDIRECT] WARNING: Could not lock System prefs. Unix error code 2.
2025-11-07 17:37:36,635 [ERROR] LogOutputStream:75 - [STDERR_REDIRECT] 
2025-11-07 17:37:36,636 [ERROR] LogOutputStream:75 - [STDERR_REDIRECT] Nov 07, 2025 5:37:36 PM java.util.prefs.FileSystemPreferences syncWorld
2025-11-07 17:37:36,637 [ERROR] LogOutputStream:75 - [STDERR_REDIRECT] WARNING: Couldn't flush system prefs: java.util.prefs.BackingStoreException: Couldn't get file lock.
2025-11-07 17:37:36,637 [ERROR] LogOutputStream:75 - [STDERR_REDIRECT] 
2025-11-07 17:38:06,624 [ERROR] LogOutputStream:75 - [STDERR_REDIRECT] Nov 07, 2025 5:38:06 PM java.util.prefs.FileSystemPreferences checkLockFile0ErrorCode
2025-11-07 17:38:06,624 [ERROR] LogOutputStream:75 - [STDERR_REDIRECT] WARNING: Could not lock System prefs. Unix error code 2.
2025-11-07 17:38:06,624 [ERROR] LogOutputStream:75 - [STDERR_REDIRECT] 
2025-11-07 17:38:06,625 [ERROR] LogOutputStream:75 - [STDERR_REDIRECT] Nov 07, 2025 5:38:06 PM java.util.prefs.FileSystemPreferences syncWorld
2025-11-07 17:38:06,625 [ERROR] LogOutputStream:75 - [STDERR_REDIRECT] WARNING: Couldn't flush system prefs: java.util.prefs.BackingStoreException: Couldn't get file lock.
2025-11-07 17:38:06,626 [ERROR] LogOutputStream:75 - [STDERR_REDIRECT] 
2025-11-07 17:38:36,623 [ERROR] LogOutputStream:75 - [STDERR_REDIRECT] Nov 07, 2025 5:38:36 PM java.util.prefs.FileSystemPreferences checkLockFile0ErrorCode
2025-11-07 17:38:36,623 [ERROR] LogOutputStream:75 - [STDERR_REDIRECT] WARNING: Could not lock System prefs. Unix error code 2.
2025-11-07 17:38:36,624 [ERROR] LogOutputStream:75 - [STDERR_REDIRECT] 
2025-11-07 17:38:36,624 [ERROR] LogOutputStream:75 - [STDERR_REDIRECT] Nov 07, 2025 5:38:36 PM java.util.prefs.FileSystemPreferences syncWorld
2025-11-07 17:38:36,624 [ERROR] LogOutputStream:75 - [STDERR_REDIRECT] WARNING: Couldn't flush system prefs: java.util.prefs.BackingStoreException: Couldn't get file lock.
2025-11-07 17:38:36,625 [ERROR] LogOutputStream:75 - [STDERR_REDIRECT] 
2025-11-07 17:39:06,623 [ERROR] LogOutputStream:75 - [STDERR_REDIRECT] Nov 07, 2025 5:39:06 PM java.util.prefs.FileSystemPreferences checkLockFile0ErrorCode
2025-11-07 17:39:06,623 [ERROR] LogOutputStream:75 - [STDERR_REDIRECT] WARNING: Could not lock System prefs. Unix error code 2.
2025-11-07 17:39:06,623 [ERROR] LogOutputStream:75 - [STDERR_REDIRECT] 
2025-11-07 17:39:06,624 [ERROR] LogOutputStream:75 - [STDERR_REDIRECT] Nov 07, 2025 5:39:06 PM java.util.prefs.FileSystemPreferences syncWorld
2025-11-07 17:39:06,624 [ERROR] LogOutputStream:75 - [STDERR_REDIRECT] WARNING: Couldn't flush system prefs: java.util.prefs.BackingStoreException: Couldn't get file lock.
2025-11-07 17:39:06,624 [ERROR] LogOutputStream:75 - [STDERR_REDIRECT] 
2025-11-07 17:39:36,624 [ERROR] LogOutputStream:75 - [STDERR_REDIRECT] Nov 07, 2025 5:39:36 PM java.util.prefs.FileSystemPreferences checkLockFile0ErrorCode
2025-11-07 17:39:36,625 [ERROR] LogOutputStream:75 - [STDERR_REDIRECT] WARNING: Could not lock System prefs. Unix error code 2.
2025-11-07 17:39:36,625 [ERROR] LogOutputStream:75 - [STDERR_REDIRECT] 
2025-11-07 17:39:36,625 [ERROR] LogOutputStream:75 - [STDERR_REDIRECT] Nov 07, 2025 5:39:36 PM java.util.prefs.FileSystemPreferences syncWorld
2025-11-07 17:39:36,625 [ERROR] LogOutputStream:75 - [STDERR_REDIRECT] WARNING: Couldn't flush system prefs: java.util.prefs.BackingStoreException: Couldn't get file lock.
2025-11-07 17:39:36,626 [ERROR] LogOutputStream:75 - [STDERR_REDIRECT] 
2025-11-07 17:40:06,623 [ERROR] LogOutputStream:75 - [STDERR_REDIRECT] Nov 07, 2025 5:40:06 PM java.util.prefs.FileSystemPreferences checkLockFile0ErrorCode
2025-11-07 17:40:06,624 [ERROR] LogOutputStream:75 - [STDERR_REDIRECT] WARNING: Could not lock System prefs. Unix error code 2.
2025-11-07 17:40:06,624 [ERROR] LogOutputStream:75 - [STDERR_REDIRECT] 
2025-11-07 17:40:06,624 [ERROR] LogOutputStream:75 - [STDERR_REDIRECT] Nov 07, 2025 5:40:06 PM java.util.prefs.FileSystemPreferences syncWorld
2025-11-07 17:40:06,624 [ERROR] LogOutputStream:75 - [STDERR_REDIRECT] WARNING: Couldn't flush system prefs: java.util.prefs.BackingStoreException: Couldn't get file lock.
2025-11-07 17:40:06,624 [ERROR] LogOutputStream:75 - [STDERR_REDIRECT] 
2025-11-07 17:40:31,125 [INFO] MainUpdater:2872 - connection check result : 10
2025-11-07 17:40:31,125 [INFO] MainUpdater:2872 - connection check result : 10
2025-11-07 17:40:31,171 [INFO] MicroXplorer:468 - Change Database Path : 
2025-11-07 17:40:31,171 [INFO] MicroXplorer:498 - Change Database Version : DB.6.0.150
2025-11-07 17:40:31,197 [ERROR] ProjectManagerView:395 - 
java.lang.NullPointerException: Cannot invoke "javax.swing.JTextField.getText()" because the return value of "java.util.List.get(int)" is null
	at com.st.microxplorer.plugins.projectmanager.gui.ProjectChoiceTab$9.caretUpdate(ProjectChoiceTab.java:2706) ~[filemanager.jar:?]
	at javax.swing.text.JTextComponent.fireCaretUpdate(JTextComponent.java:408) ~[?:?]
	at javax.swing.text.JTextComponent$MutableCaretEvent.fire(JTextComponent.java:4484) ~[?:?]
	at javax.swing.text.JTextComponent$MutableCaretEvent.stateChanged(JTextComponent.java:4506) ~[?:?]
	at javax.swing.text.DefaultCaret.fireStateChanged(DefaultCaret.java:857) ~[?:?]
	at javax.swing.text.DefaultCaret.changeCaretPosition(DefaultCaret.java:1343) ~[?:?]
	at javax.swing.text.DefaultCaret.handleSetDot(DefaultCaret.java:1242) ~[?:?]
	at javax.swing.text.DefaultCaret.setDot(DefaultCaret.java:1223) ~[?:?]
	at javax.swing.text.DefaultCaret$Handler.insertUpdate(DefaultCaret.java:1819) ~[?:?]
	at javax.swing.text.AbstractDocument.fireInsertUpdate(AbstractDocument.java:227) ~[?:?]
	at javax.swing.text.AbstractDocument.handleInsertString(AbstractDocument.java:781) ~[?:?]
	at javax.swing.text.AbstractDocument.insertString(AbstractDocument.java:740) ~[?:?]
	at javax.swing.text.PlainDocument.insertString(PlainDocument.java:131) ~[?:?]
	at javax.swing.text.AbstractDocument.replace(AbstractDocument.java:699) ~[?:?]
	at javax.swing.text.JTextComponent.setText(JTextComponent.java:1725) ~[?:?]
	at com.st.microxplorer.plugins.projectmanager.gui.ProjectChoiceTab.createHeapStackFields(ProjectChoiceTab.java:993) ~[filemanager.jar:?]
	at com.st.microxplorer.plugins.projectmanager.gui.ProjectChoiceTab.buildLinkSettingsPanel(ProjectChoiceTab.java:3813) ~[filemanager.jar:?]
	at com.st.microxplorer.plugins.projectmanager.gui.ProjectChoiceTab.defineWindowsFields(ProjectChoiceTab.java:1987) ~[filemanager.jar:?]
	at com.st.microxplorer.plugins.projectmanager.gui.ProjectChoiceTab.updateSettings(ProjectChoiceTab.java:558) ~[filemanager.jar:?]
	at com.st.microxplorer.plugins.projectmanager.gui.ProjectSettingsPanel.UpdateDialog(ProjectSettingsPanel.java:247) ~[filemanager.jar:?]
	at com.st.microxplorer.plugins.projectmanager.ProjectManagerView.propertyChange(ProjectManagerView.java:392) ~[filemanager.jar:?]
	at java.beans.PropertyChangeSupport.fire(PropertyChangeSupport.java:343) ~[?:?]
	at java.beans.PropertyChangeSupport.firePropertyChange(PropertyChangeSupport.java:335) ~[?:?]
	at java.beans.PropertyChangeSupport.firePropertyChange(PropertyChangeSupport.java:268) ~[?:?]
	at com.st.microxplorer.util.MXPropertyChangeSupport.firePropertyChange(MXPropertyChangeSupport.java:54) ~[STM32CubeMX.jar:?]
	at com.st.microxplorer.mxsystem.MxSystem.closeConfig(MxSystem.java:899) ~[STM32CubeMX.jar:?]
	at com.st.microxplorer.maingui.MainPanel.closeConfig(MainPanel.java:792) ~[STM32CubeMX.jar:?]
	at com.st.microxplorer.plugins.filemanager.engine.OpenFileManager.loadConfigurationFile(OpenFileManager.java:288) ~[filemanager.jar:?]
	at com.st.microxplorer.plugins.filemanager.engine.MainFileManager.userLoadConfig(MainFileManager.java:364) ~[filemanager.jar:?]
	at com.st.microxplorer.plugins.filemanager.engine.MainFileManager.userLoadConfig(MainFileManager.java:342) ~[filemanager.jar:?]
	at com.st.microxplorer.plugins.filemanager.FileManagerView.getSpecificTask(FileManagerView.java:264) ~[filemanager.jar:?]
	at com.st.stm32cube.common.mx.editor.CubeMxEditor.getMxTabbedPaneInstance(CubeMxEditor.java:1198) ~[com.st.stm32cube.common.mx_6.15.0.202507011659/:?]
	at com.st.stm32cube.common.mx.editor.CubeMxEditor$12$1.createSwingComponent(CubeMxEditor.java:1068) ~[com.st.stm32cube.common.mx_6.15.0.202507011659/:?]
	at com.st.stm32cube.common.mx.oss.core.awtswtbridge.EmbeddedSwingComposite.doComponentCreation(EmbeddedSwingComposite.java:492) ~[com.st.stm32cube.common.mx.oss_6.15.0.202507011659/:?]
	at com.st.stm32cube.common.mx.oss.core.awtswtbridge.EmbeddedSwingComposite$4.run(EmbeddedSwingComposite.java:291) ~[com.st.stm32cube.common.mx.oss_6.15.0.202507011659/:?]
	at com.st.stm32cube.common.mx.oss.core.awtswtbridge.AwtEnvironment$2.run(AwtEnvironment.java:166) ~[com.st.stm32cube.common.mx.oss_6.15.0.202507011659/:?]
	at java.awt.event.InvocationEvent.dispatch(InvocationEvent.java:318) ~[?:?]
	at java.awt.EventQueue.dispatchEventImpl(EventQueue.java:773) ~[?:?]
	at java.awt.EventQueue$4.run(EventQueue.java:720) ~[?:?]
	at java.awt.EventQueue$4.run(EventQueue.java:714) ~[?:?]
	at java.security.AccessController.doPrivileged(AccessController.java:400) ~[?:?]
	at java.security.ProtectionDomain$JavaSecurityAccessImpl.doIntersectionPrivilege(ProtectionDomain.java:87) ~[?:?]
	at java.awt.EventQueue.dispatchEvent(EventQueue.java:742) ~[?:?]
	at java.awt.EventDispatchThread.pumpOneEventForFilters(EventDispatchThread.java:203) ~[?:?]
	at java.awt.EventDispatchThread.pumpEventsForFilter(EventDispatchThread.java:124) ~[?:?]
	at java.awt.EventDispatchThread.pumpEventsForHierarchy(EventDispatchThread.java:113) ~[?:?]
	at java.awt.EventDispatchThread.pumpEvents(EventDispatchThread.java:109) ~[?:?]
	at java.awt.EventDispatchThread.pumpEvents(EventDispatchThread.java:101) ~[?:?]
	at java.awt.EventDispatchThread.run(EventDispatchThread.java:90) ~[?:?]
2025-11-07 17:40:31,206 [WARN] ThirdParty:871 - waiting for thirdparty lock release [close project]
2025-11-07 17:40:31,206 [INFO] ThirdParty:873 - entering critical section [close project]
2025-11-07 17:40:31,207 [INFO] ThirdParty:883 - exiting critical section [close project]
2025-11-07 17:40:31,208 [INFO] PinOutPanel:1589 - setPackage(No Configuration,No Configuration)
2025-11-07 17:40:31,215 [WARN] IpParametersView:155 - Warning: This peripheral hasn't parameters
2025-11-07 17:40:31,223 [WARN] MainPanel:289 - <html><b><center>Warning: This peripheral has no parameters to be configured<br></b></html>
2025-11-07 17:40:31,226 [INFO] UtilMem:75 - Begin LoadConfig() Used Memory: 370186952 Bytes (979369984)
2025-11-07 17:40:31,227 [INFO] MicroXplorer:468 - Change Database Path : 
2025-11-07 17:40:31,227 [INFO] MicroXplorer:498 - Change Database Version : DB.6.0.150
2025-11-07 17:40:31,227 [INFO] OpenFileManager:355 - Change cursor
2025-11-07 17:40:31,257 [INFO] RulesReader:64 - Compatibility file has been processed (317 Rules)
2025-11-07 17:40:31,268 [INFO] Mcu:2029 - Initializing MCU STM32F756ZGTx STM32F756ZGTx STM32F756ZGT6
2025-11-07 17:40:32,704 [INFO] Context:786 - Trying to add GPIOservice into a context  which must be forbidden
2025-11-07 17:40:33,594 [INFO] ImportTextPane:234 - (OptionalMessage_ERROR) Pin36 (VP_RIF_VS_RIF1) cannot be retrieved for this MCU
2025-11-07 17:40:33,682 [INFO] RtosManager:558 - Registered RTOS mode: class=CMSIS, group=RTOS, mode=CMSIS_V1, owner=FREERTOS
2025-11-07 17:40:33,682 [INFO] RtosManager:558 - Registered RTOS mode: class=CMSIS, group=RTOS2, mode=CMSIS_V2, owner=FREERTOS
2025-11-07 17:40:33,682 [INFO] RtosManager:558 - Registered RTOS mode: class=RTOS, group=Core, mode=CMSIS_V1, owner=FREERTOS
2025-11-07 17:40:33,682 [INFO] RtosManager:558 - Registered RTOS mode: class=RTOS, group=Core, mode=CMSIS_V2, owner=FREERTOS
2025-11-07 17:40:33,682 [WARN] ModelIntegratedComponent:184 - Missing modes for component STMicroelectronics:FreeRTOS:0.0.1:STMicroelectronics:RTOS:FreeRTOS:Core:::10.2.0:
2025-11-07 17:40:33,699 [WARN] ModelIntegratedComponent:63 - No mode defined for component null
2025-11-07 17:40:33,699 [WARN] ModelIntegratedComponent:63 - No mode defined for component null
2025-11-07 17:40:33,700 [WARN] ModelIntegratedComponent:63 - No mode defined for component null
2025-11-07 17:40:33,700 [WARN] ModelIntegratedComponent:63 - No mode defined for component null
2025-11-07 17:40:33,700 [WARN] ModelIntegratedComponent:63 - No mode defined for component null
2025-11-07 17:40:33,700 [WARN] ModelIntegratedComponent:63 - No mode defined for component null
2025-11-07 17:40:33,700 [WARN] ModelIntegratedComponent:63 - No mode defined for component null
2025-11-07 17:40:33,700 [WARN] ModelIntegratedComponent:63 - No mode defined for component null
2025-11-07 17:40:33,700 [WARN] ModelIntegratedComponent:63 - No mode defined for component null
2025-11-07 17:40:33,700 [WARN] ModelIntegratedComponent:63 - No mode defined for component null
2025-11-07 17:40:33,700 [WARN] ModelIntegratedComponent:63 - No mode defined for component null
2025-11-07 17:40:33,700 [WARN] ModelIntegratedComponent:63 - No mode defined for component null
2025-11-07 17:40:33,700 [WARN] ModelIntegratedComponent:63 - No mode defined for component null
2025-11-07 17:40:33,701 [WARN] ModelIntegratedComponent:63 - No mode defined for component null
2025-11-07 17:40:33,701 [WARN] ModelIntegratedComponent:63 - No mode defined for component null
2025-11-07 17:40:33,701 [WARN] ModelIntegratedComponent:63 - No mode defined for component null
2025-11-07 17:40:33,701 [WARN] ModelIntegratedComponent:63 - No mode defined for component null
2025-11-07 17:40:33,701 [WARN] ModelIntegratedComponent:63 - No mode defined for component null
2025-11-07 17:40:33,701 [WARN] ModelIntegratedComponent:63 - No mode defined for component null
2025-11-07 17:40:33,701 [WARN] ModelIntegratedComponent:63 - No mode defined for component null
2025-11-07 17:40:33,701 [WARN] ModelIntegratedComponent:63 - No mode defined for component null
2025-11-07 17:40:33,701 [WARN] ModelIntegratedComponent:63 - No mode defined for component null
2025-11-07 17:40:33,701 [WARN] ModelIntegratedComponent:63 - No mode defined for component null
2025-11-07 17:40:33,701 [WARN] ModelIntegratedComponent:63 - No mode defined for component null
2025-11-07 17:40:33,702 [WARN] ModelIntegratedComponent:63 - No mode defined for component null
2025-11-07 17:40:33,702 [WARN] ModelIntegratedComponent:63 - No mode defined for component null
2025-11-07 17:40:33,702 [WARN] ModelIntegratedComponent:63 - No mode defined for component null
2025-11-07 17:40:33,702 [WARN] ModelIntegratedComponent:63 - No mode defined for component null
2025-11-07 17:40:33,702 [WARN] ModelIntegratedComponent:63 - No mode defined for component null
2025-11-07 17:40:33,702 [WARN] ModelIntegratedComponent:63 - No mode defined for component null
2025-11-07 17:40:33,702 [WARN] ModelIntegratedComponent:63 - No mode defined for component null
2025-11-07 17:40:33,702 [WARN] ModelIntegratedComponent:63 - No mode defined for component null
2025-11-07 17:40:33,702 [WARN] ModelIntegratedComponent:63 - No mode defined for component null
2025-11-07 17:40:33,702 [WARN] ModelIntegratedComponent:63 - No mode defined for component null
2025-11-07 17:40:33,702 [WARN] ModelIntegratedComponent:63 - No mode defined for component null
2025-11-07 17:40:33,702 [WARN] ModelPack:524 - Component already loaded: STMicroelectronics:HAL Drivers:0.0.0:STMicroelectronics:Device:STMicro_Driver:XSPI:HAL::0.0.1:HAL_XSPI
2025-11-07 17:40:33,962 [INFO] ThirdPartyModel:298 - Start build external matchings
2025-11-07 17:40:34,690 [INFO] ThirdPartyModel:316 - End build external matchings
2025-11-07 17:40:35,085 [INFO] UtilMem:75 - End LoadConfig() Used Memory: 794468584 Bytes (979369984)
2025-11-07 17:40:35,099 [WARN] ThirdParty:833 - waiting for thirdparty lock release [change project]
2025-11-07 17:40:35,100 [INFO] ThirdParty:835 - entering critical section [change project]
2025-11-07 17:40:35,100 [INFO] ThirdParty:1030 - CMSIS Pack Vendor :STMicroelectronics X-CUBE-PM33A1 1.0.0
2025-11-07 17:40:35,100 [INFO] ThirdParty:1030 - CMSIS Pack Vendor :STMicroelectronics USBPD 4.1
2025-11-07 17:40:35,100 [INFO] ThirdParty:1030 - CMSIS Pack Vendor :STMicroelectronics X-CUBE-NFC9 1.0.0
2025-11-07 17:40:35,100 [INFO] ThirdParty:1030 - CMSIS Pack Vendor :STMicroelectronics USB_HOST 2.0.0
2025-11-07 17:40:35,100 [INFO] ThirdParty:1030 - CMSIS Pack Vendor :STMicroelectronics FP-SNS-MOTENVWB1 1.4.0
2025-11-07 17:40:35,100 [INFO] ThirdParty:1030 - CMSIS Pack Vendor :STMicroelectronics X-CUBE-AZRTOS-F4 1.1.0
2025-11-07 17:40:35,100 [INFO] ThirdParty:1030 - CMSIS Pack Vendor :STMicroelectronics LIBJPEG 8.0.0
2025-11-07 17:40:35,101 [INFO] ThirdParty:1030 - CMSIS Pack Vendor :STMicroelectronics FP-ATR-ASTRA1 2.0.2
2025-11-07 17:40:35,101 [INFO] ThirdParty:1030 - CMSIS Pack Vendor :wolfSSL I-CUBE-wolfSSL 5.8.2
2025-11-07 17:40:35,101 [INFO] ThirdParty:1030 - CMSIS Pack Vendor :STMicroelectronics X-CUBE-BLE1 7.1.0
2025-11-07 17:40:35,101 [INFO] ThirdParty:1030 - CMSIS Pack Vendor :STMicroelectronics X-CUBE-SMBUS 2.1.0
2025-11-07 17:40:35,101 [INFO] ThirdParty:1030 - CMSIS Pack Vendor :wolfSSL I-CUBE-wolfMQTT 1.19.2
2025-11-07 17:40:35,101 [INFO] ThirdParty:1030 - CMSIS Pack Vendor :STMicroelectronics USB_DEVICE 3.0.0
2025-11-07 17:40:35,101 [INFO] ThirdParty:1030 - CMSIS Pack Vendor :STMicroelectronics X-CUBE-ISPU 2.1.0
2025-11-07 17:40:35,101 [INFO] ThirdParty:1030 - CMSIS Pack Vendor :STMicroelectronics X-CUBE-EEPRMA1 5.2.0
2025-11-07 17:40:35,101 [INFO] ThirdParty:1030 - CMSIS Pack Vendor :STMicroelectronics X-CUBE-IPS 3.2.0
2025-11-07 17:40:35,101 [INFO] ThirdParty:1030 - CMSIS Pack Vendor :STMicroelectronics X-CUBE-BLEMGR 4.1.0
2025-11-07 17:40:35,102 [INFO] ThirdParty:1030 - CMSIS Pack Vendor :STMicroelectronics X-CUBE-AZRTOS-WB 2.0.0
2025-11-07 17:40:35,102 [INFO] ThirdParty:1030 - CMSIS Pack Vendor :STMicroelectronics X-CUBE-GNSS1 7.0.1
2025-11-07 17:40:35,102 [INFO] ThirdParty:1030 - CMSIS Pack Vendor :STMicroelectronics X-CUBE-NFC12 1.0.0
2025-11-07 17:40:35,102 [INFO] ThirdParty:1030 - CMSIS Pack Vendor :STMicroelectronics X-CUBE-AZRTOS-F7 1.1.0
2025-11-07 17:40:35,102 [INFO] ThirdParty:1030 - CMSIS Pack Vendor :STMicroelectronics X-CUBE-AZRTOS-L5 2.0.0
2025-11-07 17:40:35,102 [INFO] ThirdParty:1030 - CMSIS Pack Vendor :STMicroelectronics USB_DEVICE 2.0.0
2025-11-07 17:40:35,102 [INFO] ThirdParty:1030 - CMSIS Pack Vendor :STMicroelectronics X-CUBE-NFC6 3.1.0
2025-11-07 17:40:35,102 [INFO] ThirdParty:1030 - CMSIS Pack Vendor :STMicroelectronics X-CUBE-ST67W61 1.1.0
2025-11-07 17:40:35,103 [INFO] ThirdParty:1030 - CMSIS Pack Vendor :Cesanta I-CUBE-Mongoose 7.19.0
2025-11-07 17:40:35,103 [INFO] ThirdParty:1030 - CMSIS Pack Vendor :quantropi X-CUBE-qispace-sdk-base 2.1.0
2025-11-07 17:40:35,103 [INFO] ThirdParty:1030 - CMSIS Pack Vendor :STMicroelectronics FP-SNS-MOTENV1 5.1.0
2025-11-07 17:40:35,103 [INFO] ThirdParty:1030 - CMSIS Pack Vendor :STMicroelectronics FreeRTOS 0.0.1
2025-11-07 17:40:35,103 [INFO] ThirdParty:1030 - CMSIS Pack Vendor :STMicroelectronics X-CUBE-AZRTOS-G0 1.1.0
2025-11-07 17:40:35,103 [INFO] ThirdParty:1030 - CMSIS Pack Vendor :STMicroelectronics X-CUBE-SAFEA1 1.2.2
2025-11-07 17:40:35,103 [INFO] ThirdParty:1030 - CMSIS Pack Vendor :STMicroelectronics X-CUBE-NFC4 3.0.0
2025-11-07 17:40:35,103 [INFO] ThirdParty:1030 - CMSIS Pack Vendor :STMicroelectronics X-CUBE-SUBG2 5.0.0
2025-11-07 17:40:35,103 [INFO] ThirdParty:1030 - CMSIS Pack Vendor :STMicroelectronics X-CUBE-AZRTOS-H7RS 1.1.0
2025-11-07 17:40:35,103 [INFO] ThirdParty:1030 - CMSIS Pack Vendor :STMicroelectronics STM32_WPAN 1.0.0
2025-11-07 17:40:35,103 [INFO] ThirdParty:1030 - CMSIS Pack Vendor :EmbeddedOffice I-CUBE-FS-RTOS 1.0.1
2025-11-07 17:40:35,104 [INFO] ThirdParty:1030 - CMSIS Pack Vendor :STMicroelectronics lwIP 2.0.3
2025-11-07 17:40:35,104 [INFO] ThirdParty:1030 - CMSIS Pack Vendor :WES I-CUBE-Cesium 1.4.0
2025-11-07 17:40:35,104 [INFO] ThirdParty:1030 - CMSIS Pack Vendor :STMicroelectronics USB_HOST 1.0.0
2025-11-07 17:40:35,104 [INFO] ThirdParty:1030 - CMSIS Pack Vendor :Infineon AIROC-Wi-Fi-Bluetooth-STM32 1.7.1
2025-11-07 17:40:35,104 [INFO] ThirdParty:1030 - CMSIS Pack Vendor :STMicroelectronics X-CUBE-AZRTOS-G4 2.0.0
2025-11-07 17:40:35,104 [INFO] ThirdParty:1030 - CMSIS Pack Vendor :STMicroelectronics X-CUBE-WB05N 2.0.0
2025-11-07 17:40:35,104 [INFO] ThirdParty:1030 - CMSIS Pack Vendor :STMicroelectronics PDM2PCM 3.1.0
2025-11-07 17:40:35,104 [INFO] ThirdParty:1030 - CMSIS Pack Vendor :STMicroelectronics PDM2PCM 3.3.0
2025-11-07 17:40:35,104 [INFO] ThirdParty:1030 - CMSIS Pack Vendor :wolfSSL I-CUBE-wolfTPM 3.8.0
2025-11-07 17:40:35,104 [INFO] ThirdParty:1030 - CMSIS Pack Vendor :STMicroelectronics X-CUBE-AZRTOS-H7 3.4.0
2025-11-07 17:40:35,105 [INFO] ThirdParty:1030 - CMSIS Pack Vendor :STMicroelectronics X-CUBE-DISPLAY 3.0.0
2025-11-07 17:40:35,105 [INFO] ThirdParty:1030 - CMSIS Pack Vendor :wolfSSL I-CUBE-wolfSSH 1.4.20
2025-11-07 17:40:35,105 [INFO] ThirdParty:1030 - CMSIS Pack Vendor :STMicroelectronics X-CUBE-NFC7 2.0.0
2025-11-07 17:40:35,105 [INFO] ThirdParty:1030 - CMSIS Pack Vendor :STMicroelectronics X-CUBE-TCPP 4.2.0
2025-11-07 17:40:35,105 [INFO] ThirdParty:1030 - CMSIS Pack Vendor :RealThread X-CUBE-RT-Thread_Nano 4.1.1
2025-11-07 17:40:35,105 [INFO] ThirdParty:1030 - CMSIS Pack Vendor :STMicroelectronics FP-ATR-SIGFOX1 3.2.0
2025-11-07 17:40:35,105 [INFO] ThirdParty:1030 - CMSIS Pack Vendor :STMicroelectronics X-CUBE-NFC10 1.0.0
2025-11-07 17:40:35,105 [INFO] ThirdParty:1030 - CMSIS Pack Vendor :STMicroelectronics X-CUBE-FREERTOS 1.3.1
2025-11-07 17:40:35,105 [INFO] ThirdParty:1030 - CMSIS Pack Vendor :STMicroelectronics HAL Drivers 0.0.0
2025-11-07 17:40:35,105 [INFO] ThirdParty:1030 - CMSIS Pack Vendor :STMicroelectronics MBEDTLS 2.16.2
2025-11-07 17:40:35,105 [INFO] ThirdParty:1030 - CMSIS Pack Vendor :STMicroelectronics X-CUBE-ST60 1.1.0
2025-11-07 17:40:35,105 [INFO] ThirdParty:1030 - CMSIS Pack Vendor :STMicroelectronics X-CUBE-ALS 1.0.2
2025-11-07 17:40:35,106 [INFO] ThirdParty:1030 - CMSIS Pack Vendor :emotas I-CUBE-CANOPEN 1.3.0
2025-11-07 17:40:35,106 [INFO] ThirdParty:1030 - CMSIS Pack Vendor :STMicroelectronics MBEDTLS 2.14.1
2025-11-07 17:40:35,106 [INFO] ThirdParty:1030 - CMSIS Pack Vendor :STMicroelectronics X-CUBE-GNSS1 7.1.0
2025-11-07 17:40:35,106 [INFO] ThirdParty:1030 - CMSIS Pack Vendor :ITTIA_DB I-CUBE-ITTIADB 8.9.0
2025-11-07 17:40:35,106 [INFO] ThirdParty:1030 - CMSIS Pack Vendor :STMicroelectronics X-CUBE-TOUCHGFX 4.26.0
2025-11-07 17:40:35,106 [INFO] ThirdParty:1030 - CMSIS Pack Vendor :STMicroelectronics X-CUBE-STSE01 1.0.0
2025-11-07 17:40:35,106 [INFO] ThirdParty:1030 - CMSIS Pack Vendor :STMicroelectronics FP-SNS-STBOX1 2.1.0
2025-11-07 17:40:35,106 [INFO] ThirdParty:1030 - CMSIS Pack Vendor :STMicroelectronics X-CUBE-AI 10.2.0
2025-11-07 17:40:35,106 [INFO] ThirdParty:1030 - CMSIS Pack Vendor :STMicroelectronics FP-SNS-STAIOTCFT 1.0.0
2025-11-07 17:40:35,106 [INFO] ThirdParty:1030 - CMSIS Pack Vendor :STMicroelectronics ThreadX 1.0.0
2025-11-07 17:40:35,107 [INFO] ThirdParty:1030 - CMSIS Pack Vendor :STMicroelectronics FP-SNS-SMARTAG2 1.2.0
2025-11-07 17:40:35,107 [INFO] ThirdParty:1030 - CMSIS Pack Vendor :STMicroelectronics FP-SNS-FLIGHT1 5.1.0
2025-11-07 17:40:35,107 [INFO] ThirdParty:1030 - CMSIS Pack Vendor :STMicroelectronics X-CUBE-AZRTOS-WL 2.0.0
2025-11-07 17:40:35,107 [INFO] ThirdParty:1030 - CMSIS Pack Vendor :SEGGER I-CUBE-embOS 1.3.1
2025-11-07 17:40:35,107 [INFO] ThirdParty:1030 - CMSIS Pack Vendor :STMicroelectronics X-CUBE-ALGOBUILD 1.4.0
2025-11-07 17:40:35,107 [INFO] ThirdParty:1030 - CMSIS Pack Vendor :STMicroelectronics X-CUBE-DPower 1.3.0
2025-11-07 17:40:35,107 [INFO] ThirdParty:1030 - CMSIS Pack Vendor :STMicroelectronics X-CUBE-MEMS1 11.3.0
2025-11-07 17:40:35,107 [INFO] ThirdParty:1030 - CMSIS Pack Vendor :STMicroelectronics FP-SNS-MOTENV1 5.0.0
2025-11-07 17:40:35,107 [INFO] ThirdParty:1030 - CMSIS Pack Vendor :STMicroelectronics USB_DEVICE 1.0.0
2025-11-07 17:40:35,107 [INFO] ThirdParty:1030 - CMSIS Pack Vendor :STMicroelectronics X-CUBE-AZRTOS-L4 2.0.0
2025-11-07 17:40:35,107 [INFO] ThirdParty:1030 - CMSIS Pack Vendor :STMicroelectronics ThreadX 0.0.2
2025-11-07 17:40:35,107 [INFO] ThirdParty:1030 - CMSIS Pack Vendor :STMicroelectronics lwIP 2.1.2
2025-11-07 17:40:35,108 [INFO] ThirdParty:1030 - CMSIS Pack Vendor :STMicroelectronics X-CUBE-SFXS2LP1 4.0.0
2025-11-07 17:40:35,108 [INFO] ThirdParty:1030 - CMSIS Pack Vendor :STMicroelectronics X-CUBE-BLE2 3.3.0
2025-11-07 17:40:35,108 [INFO] ThirdParty:1030 - CMSIS Pack Vendor :STMicroelectronics X-CUBE-TOF1 3.4.3
2025-11-07 17:40:35,108 [INFO] ThirdParty:1030 - CMSIS Pack Vendor :STMicroelectronics PDM2PCM 3.2.0
2025-11-07 17:40:35,108 [INFO] ThirdParty:841 - exiting critical section [change project]
2025-11-07 17:40:35,612 [INFO] PinOutPanel:1589 - setPackage(No Configuration,No Configuration)
2025-11-07 17:40:35,613 [INFO] PinOutPanel:1589 - setPackage(STM32F756ZGTx,LQFP144)
2025-11-07 17:40:36,253 [INFO] UtilMem:75 - Before build in PCC Used Memory: 419475864 Bytes (979369984)
2025-11-07 17:40:36,595 [INFO] UtilMem:75 - After build in PCC Used Memory: 469807512 Bytes (979369984)
2025-11-07 17:40:36,631 [INFO] IPUIPlugin:80 - create IPUIPlugin
2025-11-07 17:40:36,632 [INFO] IPUIPlugin:80 - create IPUIPlugin
2025-11-07 17:40:36,632 [INFO] IPUIPlugin:80 - create IPUIPlugin
2025-11-07 17:40:36,632 [ERROR] LogOutputStream:75 - [STDERR_REDIRECT] Nov 07, 2025 5:40:36 PM java.util.prefs.FileSystemPreferences checkLockFile0ErrorCode
2025-11-07 17:40:36,632 [INFO] IPUIPlugin:80 - create IPUIPlugin
2025-11-07 17:40:36,632 [INFO] IPUIPlugin:80 - create IPUIPlugin
2025-11-07 17:40:36,632 [ERROR] LogOutputStream:75 - [STDERR_REDIRECT] WARNING: Could not lock System prefs. Unix error code 2.
2025-11-07 17:40:36,632 [ERROR] LogOutputStream:75 - [STDERR_REDIRECT] 
2025-11-07 17:40:36,632 [INFO] IPUIPlugin:80 - create IPUIPlugin
2025-11-07 17:40:36,633 [INFO] IPUIPlugin:80 - create IPUIPlugin
2025-11-07 17:40:36,633 [ERROR] LogOutputStream:75 - [STDERR_REDIRECT] Nov 07, 2025 5:40:36 PM java.util.prefs.FileSystemPreferences syncWorld
2025-11-07 17:40:36,633 [INFO] IPUIPlugin:80 - create IPUIPlugin
2025-11-07 17:40:36,633 [ERROR] LogOutputStream:75 - [STDERR_REDIRECT] WARNING: Couldn't flush system prefs: java.util.prefs.BackingStoreException: Couldn't get file lock.
2025-11-07 17:40:36,633 [ERROR] LogOutputStream:75 - [STDERR_REDIRECT] 
2025-11-07 17:40:36,633 [INFO] IPUIPlugin:80 - create IPUIPlugin
2025-11-07 17:40:36,634 [INFO] IPUIPlugin:80 - create IPUIPlugin
2025-11-07 17:40:36,634 [INFO] IPUIPlugin:80 - create IPUIPlugin
2025-11-07 17:40:36,634 [INFO] IPUIPlugin:80 - create IPUIPlugin
2025-11-07 17:40:36,634 [INFO] IPUIPlugin:80 - create IPUIPlugin
2025-11-07 17:40:36,634 [INFO] IPUIPlugin:80 - create IPUIPlugin
2025-11-07 17:40:36,635 [INFO] IPUIPlugin:80 - create IPUIPlugin
2025-11-07 17:40:36,635 [INFO] IPUIPlugin:80 - create IPUIPlugin
2025-11-07 17:40:36,635 [INFO] IPUIPlugin:80 - create IPUIPlugin
2025-11-07 17:40:36,635 [INFO] IPUIPlugin:80 - create IPUIPlugin
2025-11-07 17:40:36,636 [INFO] IPUIPlugin:80 - create IPUIPlugin
2025-11-07 17:40:36,636 [INFO] IPUIPlugin:80 - create IPUIPlugin
2025-11-07 17:40:36,636 [INFO] IPUIPlugin:80 - create IPUIPlugin
2025-11-07 17:40:36,636 [INFO] IPUIPlugin:80 - create IPUIPlugin
2025-11-07 17:40:36,636 [INFO] IPUIPlugin:80 - create IPUIPlugin
2025-11-07 17:40:36,637 [INFO] IPUIPlugin:80 - create IPUIPlugin
2025-11-07 17:40:36,637 [INFO] IPUIPlugin:80 - create IPUIPlugin
2025-11-07 17:40:36,637 [INFO] IPUIPlugin:80 - create IPUIPlugin
2025-11-07 17:40:36,637 [INFO] IPUIPlugin:80 - create IPUIPlugin
2025-11-07 17:40:36,638 [INFO] IPUIPlugin:80 - create IPUIPlugin
2025-11-07 17:40:36,638 [INFO] IPUIPlugin:80 - create IPUIPlugin
2025-11-07 17:40:36,638 [INFO] IPUIPlugin:80 - create IPUIPlugin
2025-11-07 17:40:36,639 [INFO] IPUIPlugin:80 - create IPUIPlugin
2025-11-07 17:40:36,639 [INFO] IPUIPlugin:80 - create IPUIPlugin
2025-11-07 17:40:36,639 [INFO] IPUIPlugin:80 - create IPUIPlugin
2025-11-07 17:40:36,640 [INFO] IPUIPlugin:80 - create IPUIPlugin
2025-11-07 17:40:36,640 [INFO] IPUIPlugin:80 - create IPUIPlugin
2025-11-07 17:40:36,640 [INFO] IPUIPlugin:80 - create IPUIPlugin
2025-11-07 17:40:36,641 [INFO] IPUIPlugin:80 - create IPUIPlugin
2025-11-07 17:40:36,641 [INFO] IPUIPlugin:80 - create IPUIPlugin
2025-11-07 17:40:36,641 [INFO] IPUIPlugin:80 - create IPUIPlugin
2025-11-07 17:40:36,642 [INFO] IPUIPlugin:80 - create IPUIPlugin
2025-11-07 17:40:36,642 [INFO] IPUIPlugin:80 - create IPUIPlugin
2025-11-07 17:40:36,642 [INFO] IPUIPlugin:80 - create IPUIPlugin
2025-11-07 17:40:36,643 [INFO] IPUIPlugin:80 - create IPUIPlugin
2025-11-07 17:40:36,643 [INFO] IPUIPlugin:80 - create IPUIPlugin
2025-11-07 17:40:36,643 [INFO] IPUIPlugin:80 - create IPUIPlugin
2025-11-07 17:40:36,643 [INFO] IPUIPlugin:80 - create IPUIPlugin
2025-11-07 17:40:36,644 [INFO] IPUIPlugin:80 - create IPUIPlugin
2025-11-07 17:40:36,644 [INFO] IPUIPlugin:80 - create IPUIPlugin
2025-11-07 17:40:36,644 [INFO] IPUIPlugin:80 - create IPUIPlugin
2025-11-07 17:40:36,645 [INFO] IPUIPlugin:80 - create IPUIPlugin
2025-11-07 17:40:36,645 [INFO] IPUIPlugin:80 - create IPUIPlugin
2025-11-07 17:40:36,645 [INFO] IPUIPlugin:80 - create IPUIPlugin
2025-11-07 17:40:36,646 [INFO] IPUIPlugin:80 - create IPUIPlugin
2025-11-07 17:40:36,646 [INFO] IPUIPlugin:80 - create IPUIPlugin
2025-11-07 17:40:36,646 [INFO] IPUIPlugin:80 - create IPUIPlugin
2025-11-07 17:40:36,647 [INFO] IPUIPlugin:80 - create IPUIPlugin
2025-11-07 17:40:36,647 [INFO] IPUIPlugin:80 - create IPUIPlugin
2025-11-07 17:40:36,647 [INFO] IPUIPlugin:80 - create IPUIPlugin
2025-11-07 17:40:36,648 [INFO] IPUIPlugin:80 - create IPUIPlugin
2025-11-07 17:40:36,648 [INFO] IPUIPlugin:80 - create IPUIPlugin
2025-11-07 17:40:36,649 [INFO] IPUIPlugin:80 - create IPUIPlugin
2025-11-07 17:40:36,649 [INFO] IPUIPlugin:80 - create IPUIPlugin
2025-11-07 17:40:36,649 [INFO] IPUIPlugin:80 - create IPUIPlugin
2025-11-07 17:40:36,650 [INFO] IPUIPlugin:80 - create IPUIPlugin
2025-11-07 17:40:36,650 [INFO] IPUIPlugin:80 - create IPUIPlugin
2025-11-07 17:40:36,651 [INFO] IPUIPlugin:80 - create IPUIPlugin
2025-11-07 17:40:36,651 [INFO] IPUIPlugin:80 - create IPUIPlugin
2025-11-07 17:40:36,652 [INFO] IPUIPlugin:80 - create IPUIPlugin
2025-11-07 17:40:36,652 [INFO] IPUIPlugin:80 - create IPUIPlugin
2025-11-07 17:40:36,653 [INFO] IPUIPlugin:80 - create IPUIPlugin
2025-11-07 17:40:36,653 [INFO] IPUIPlugin:80 - create IPUIPlugin
2025-11-07 17:40:36,654 [INFO] IPUIPlugin:80 - create IPUIPlugin
2025-11-07 17:40:36,655 [INFO] IPUIPlugin:80 - create IPUIPlugin
2025-11-07 17:40:36,655 [INFO] IPUIPlugin:80 - create IPUIPlugin
2025-11-07 17:40:36,656 [INFO] IPUIPlugin:80 - create IPUIPlugin
2025-11-07 17:40:36,657 [INFO] IPUIPlugin:80 - create IPUIPlugin
2025-11-07 17:40:36,662 [INFO] ApiDbMcu:532 - Load IP Config File for PDM2PCM
2025-11-07 17:40:36,751 [INFO] CADModel:165 - CPN selected for project levelSTM32F756ZGT6
2025-11-07 17:40:36,751 [INFO] CADModel:114 - Register for checkConnection events
2025-11-07 17:40:36,791 [INFO] OpenFileManager:386 - Restore cursor
2025-11-07 17:40:39,903 [INFO] ADCParametersView:116 -                Rank 1 : false
2025-11-07 17:40:39,904 [INFO] ADCParametersView:116 -                Rank 1 : false
2025-11-07 17:40:39,904 [INFO] ADCParametersView:116 -                Injected Rank 1 : false
2025-11-07 17:40:39,905 [INFO] ADCParametersView:116 -                Rank 1 : false
2025-11-07 17:40:39,905 [INFO] ADCParametersView:116 -                Injected Rank 1 : false
2025-11-07 17:40:39,905 [INFO] ADCParametersView:116 -                Injected Rank 2 : false
2025-11-07 17:40:39,961 [INFO] ADCParametersView:116 -                Rank 1 : false
2025-11-07 17:40:39,961 [INFO] ADCParametersView:116 -                Injected Rank 1 : false
2025-11-07 17:40:39,961 [INFO] ADCParametersView:116 -                Injected Rank 2 : false
2025-11-07 17:40:39,962 [INFO] ADCParametersView:116 -                Rank 1 : false
2025-11-07 17:40:39,962 [INFO] ADCParametersView:116 -                Injected Rank 1 : false
2025-11-07 17:40:39,962 [INFO] ADCParametersView:116 -                Injected Rank 2 : false
2025-11-07 17:40:39,962 [INFO] ADCParametersView:116 -                Rank 1 : false
2025-11-07 17:40:39,962 [INFO] ADCParametersView:116 -                Injected Rank 1 : false
2025-11-07 17:40:39,962 [INFO] ADCParametersView:116 -                Injected Rank 2 : false
2025-11-07 17:40:39,962 [INFO] ADCParametersView:116 -                Rank 1 : false
2025-11-07 17:40:39,962 [INFO] ADCParametersView:116 -                Injected Rank 1 : false
2025-11-07 17:40:39,962 [INFO] ADCParametersView:116 -                Injected Rank 2 : false
2025-11-07 17:40:39,962 [INFO] ADCParametersView:116 -                Rank 1 : false
2025-11-07 17:40:39,963 [INFO] ADCParametersView:116 -                Injected Rank 1 : false
2025-11-07 17:40:39,963 [INFO] ADCParametersView:116 -                Injected Rank 2 : false
2025-11-07 17:40:39,963 [INFO] ADCParametersView:116 -                Rank 1 : false
2025-11-07 17:40:39,963 [INFO] ADCParametersView:116 -                Injected Rank 1 : false
2025-11-07 17:40:39,963 [INFO] ADCParametersView:116 -                Injected Rank 2 : false
2025-11-07 17:40:39,963 [INFO] ADCParametersView:116 -                Rank 1 : false
2025-11-07 17:40:39,963 [INFO] ADCParametersView:116 -                Injected Rank 1 : false
2025-11-07 17:40:39,963 [INFO] ADCParametersView:116 -                Injected Rank 2 : false
2025-11-07 17:40:39,963 [INFO] ADCParametersView:116 -                Rank 1 : false
2025-11-07 17:40:39,963 [INFO] ADCParametersView:116 -                Injected Rank 1 : false
2025-11-07 17:40:39,963 [INFO] ADCParametersView:116 -                Injected Rank 2 : false
2025-11-07 17:40:39,963 [INFO] ADCParametersView:116 -                Rank 1 : false
2025-11-07 17:40:39,963 [INFO] ADCParametersView:116 -                Injected Rank 1 : false
2025-11-07 17:40:39,964 [INFO] ADCParametersView:116 -                Injected Rank 2 : false
2025-11-07 17:40:39,964 [INFO] ADCParametersView:116 -                Rank 1 : false
2025-11-07 17:40:39,964 [INFO] ADCParametersView:116 -                Injected Rank 1 : false
2025-11-07 17:40:39,964 [INFO] ADCParametersView:116 -                Injected Rank 2 : false
2025-11-07 17:40:39,964 [INFO] ADCParametersView:116 -                Rank 1 : false
2025-11-07 17:40:39,964 [INFO] ADCParametersView:116 -                Injected Rank 1 : false
2025-11-07 17:40:39,964 [INFO] ADCParametersView:116 -                Injected Rank 2 : false
2025-11-07 17:40:39,964 [INFO] ADCParametersView:116 -                Injected Rank 1 : false
2025-11-07 17:40:39,964 [INFO] ADCParametersView:116 -                Injected Rank 2 : false
2025-11-07 17:40:39,964 [INFO] ADCParametersView:116 -                Rank 1 : false
2025-11-07 17:40:39,964 [INFO] ADCParametersView:116 -                Injected Rank 1 : false
2025-11-07 17:40:39,964 [INFO] ADCParametersView:116 -                Injected Rank 2 : false
2025-11-07 17:40:39,964 [INFO] ADCParametersView:116 -                Rank 1 : false
2025-11-07 17:40:39,965 [INFO] ADCParametersView:116 -                Injected Rank 1 : false
2025-11-07 17:40:39,965 [INFO] ADCParametersView:116 -                Injected Rank 2 : false
2025-11-07 17:40:39,965 [INFO] ADCParametersView:116 -                Rank 1 : false
2025-11-07 17:40:39,965 [INFO] ADCParametersView:116 -                Injected Rank 1 : false
2025-11-07 17:40:39,965 [INFO] ADCParametersView:116 -                Injected Rank 2 : false
2025-11-07 17:40:39,965 [INFO] ADCParametersView:116 -                Rank 1 : false
2025-11-07 17:40:39,965 [INFO] ADCParametersView:116 -                Rank 1 : false
2025-11-07 17:40:39,965 [INFO] ADCParametersView:116 -                Injected Rank 1 : false
2025-11-07 17:40:39,965 [INFO] ADCParametersView:116 -                Injected Rank 2 : false
2025-11-07 17:40:39,965 [INFO] ADCParametersView:116 -                Rank 1 : false
2025-11-07 17:40:39,965 [INFO] ADCParametersView:116 -                Injected Rank 1 : false
2025-11-07 17:40:39,965 [INFO] ADCParametersView:116 -                Injected Rank 2 : false
2025-11-07 17:40:39,965 [INFO] ADCParametersView:116 -                Injected Rank 1 : false
2025-11-07 17:40:39,965 [INFO] ADCParametersView:116 -                Injected Rank 2 : false
2025-11-07 17:40:39,965 [INFO] ADCParametersView:116 -                Injected Rank 2 : false
2025-11-07 17:40:40,010 [INFO] ADCParametersView:116 -                Rank 1 : false
2025-11-07 17:40:40,011 [INFO] ADCParametersView:116 -                Rank 1 : false
2025-11-07 17:40:40,011 [INFO] ADCParametersView:116 -                Injected Rank 1 : false
2025-11-07 17:40:40,012 [INFO] ADCParametersView:116 -                Rank 1 : false
2025-11-07 17:40:40,012 [INFO] ADCParametersView:116 -                Injected Rank 1 : false
2025-11-07 17:40:40,012 [INFO] ADCParametersView:116 -                Injected Rank 2 : false
2025-11-07 17:40:51,203 [INFO] ADCParametersView:116 -                Rank 1 : false
2025-11-07 17:40:51,204 [INFO] ADCParametersView:116 -                Injected Rank 1 : true
2025-11-07 17:40:51,204 [INFO] ADCParametersView:116 -                Injected Rank 2 : false
2025-11-07 17:40:52,755 [INFO] ADCParametersView:116 -                Rank 1 : false
2025-11-07 17:40:52,756 [INFO] ADCParametersView:116 -                Injected Rank 1 : true
2025-11-07 17:40:52,756 [INFO] ADCParametersView:116 -                Injected Rank 2 : true
2025-11-07 17:41:06,631 [ERROR] LogOutputStream:75 - [STDERR_REDIRECT] Nov 07, 2025 5:41:06 PM java.util.prefs.FileSystemPreferences checkLockFile0ErrorCode
2025-11-07 17:41:06,631 [ERROR] LogOutputStream:75 - [STDERR_REDIRECT] WARNING: Could not lock System prefs. Unix error code 2.
2025-11-07 17:41:06,631 [ERROR] LogOutputStream:75 - [STDERR_REDIRECT] 
2025-11-07 17:41:06,633 [ERROR] LogOutputStream:75 - [STDERR_REDIRECT] Nov 07, 2025 5:41:06 PM java.util.prefs.FileSystemPreferences syncWorld
2025-11-07 17:41:06,633 [ERROR] LogOutputStream:75 - [STDERR_REDIRECT] WARNING: Couldn't flush system prefs: java.util.prefs.BackingStoreException: Couldn't get file lock.
2025-11-07 17:41:06,633 [ERROR] LogOutputStream:75 - [STDERR_REDIRECT] 
2025-11-07 17:41:36,628 [ERROR] LogOutputStream:75 - [STDERR_REDIRECT] Nov 07, 2025 5:41:36 PM java.util.prefs.FileSystemPreferences checkLockFile0ErrorCode
2025-11-07 17:41:36,631 [ERROR] LogOutputStream:75 - [STDERR_REDIRECT] WARNING: Could not lock System prefs. Unix error code 2.
2025-11-07 17:41:36,631 [ERROR] LogOutputStream:75 - [STDERR_REDIRECT] 
2025-11-07 17:41:36,632 [ERROR] LogOutputStream:75 - [STDERR_REDIRECT] Nov 07, 2025 5:41:36 PM java.util.prefs.FileSystemPreferences syncWorld
2025-11-07 17:41:36,632 [ERROR] LogOutputStream:75 - [STDERR_REDIRECT] WARNING: Couldn't flush system prefs: java.util.prefs.BackingStoreException: Couldn't get file lock.
2025-11-07 17:41:36,632 [ERROR] LogOutputStream:75 - [STDERR_REDIRECT] 
2025-11-07 17:42:06,624 [ERROR] LogOutputStream:75 - [STDERR_REDIRECT] Nov 07, 2025 5:42:06 PM java.util.prefs.FileSystemPreferences checkLockFile0ErrorCode
2025-11-07 17:42:06,624 [ERROR] LogOutputStream:75 - [STDERR_REDIRECT] WARNING: Could not lock System prefs. Unix error code 2.
2025-11-07 17:42:06,625 [ERROR] LogOutputStream:75 - [STDERR_REDIRECT] 
2025-11-07 17:42:06,626 [ERROR] LogOutputStream:75 - [STDERR_REDIRECT] Nov 07, 2025 5:42:06 PM java.util.prefs.FileSystemPreferences syncWorld
2025-11-07 17:42:06,626 [ERROR] LogOutputStream:75 - [STDERR_REDIRECT] WARNING: Couldn't flush system prefs: java.util.prefs.BackingStoreException: Couldn't get file lock.
2025-11-07 17:42:06,626 [ERROR] LogOutputStream:75 - [STDERR_REDIRECT] 
2025-11-07 17:42:36,625 [ERROR] LogOutputStream:75 - [STDERR_REDIRECT] Nov 07, 2025 5:42:36 PM java.util.prefs.FileSystemPreferences checkLockFile0ErrorCode
2025-11-07 17:42:36,626 [ERROR] LogOutputStream:75 - [STDERR_REDIRECT] WARNING: Could not lock System prefs. Unix error code 2.
2025-11-07 17:42:36,627 [ERROR] LogOutputStream:75 - [STDERR_REDIRECT] 
2025-11-07 17:42:36,627 [ERROR] LogOutputStream:75 - [STDERR_REDIRECT] Nov 07, 2025 5:42:36 PM java.util.prefs.FileSystemPreferences syncWorld
2025-11-07 17:42:36,628 [ERROR] LogOutputStream:75 - [STDERR_REDIRECT] WARNING: Couldn't flush system prefs: java.util.prefs.BackingStoreException: Couldn't get file lock.
2025-11-07 17:42:36,628 [ERROR] LogOutputStream:75 - [STDERR_REDIRECT] 
2025-11-07 17:43:06,624 [ERROR] LogOutputStream:75 - [STDERR_REDIRECT] Nov 07, 2025 5:43:06 PM java.util.prefs.FileSystemPreferences checkLockFile0ErrorCode
2025-11-07 17:43:06,625 [ERROR] LogOutputStream:75 - [STDERR_REDIRECT] WARNING: Could not lock System prefs. Unix error code 2.
2025-11-07 17:43:06,625 [ERROR] LogOutputStream:75 - [STDERR_REDIRECT] 
2025-11-07 17:43:06,626 [ERROR] LogOutputStream:75 - [STDERR_REDIRECT] Nov 07, 2025 5:43:06 PM java.util.prefs.FileSystemPreferences syncWorld
2025-11-07 17:43:06,626 [ERROR] LogOutputStream:75 - [STDERR_REDIRECT] WARNING: Couldn't flush system prefs: java.util.prefs.BackingStoreException: Couldn't get file lock.
2025-11-07 17:43:06,626 [ERROR] LogOutputStream:75 - [STDERR_REDIRECT] 
2025-11-07 17:43:36,624 [ERROR] LogOutputStream:75 - [STDERR_REDIRECT] Nov 07, 2025 5:43:36 PM java.util.prefs.FileSystemPreferences checkLockFile0ErrorCode
2025-11-07 17:43:36,624 [ERROR] LogOutputStream:75 - [STDERR_REDIRECT] WARNING: Could not lock System prefs. Unix error code 2.
2025-11-07 17:43:36,624 [ERROR] LogOutputStream:75 - [STDERR_REDIRECT] 
2025-11-07 17:43:36,625 [ERROR] LogOutputStream:75 - [STDERR_REDIRECT] Nov 07, 2025 5:43:36 PM java.util.prefs.FileSystemPreferences syncWorld
2025-11-07 17:43:36,625 [ERROR] LogOutputStream:75 - [STDERR_REDIRECT] WARNING: Couldn't flush system prefs: java.util.prefs.BackingStoreException: Couldn't get file lock.
2025-11-07 17:43:36,625 [ERROR] LogOutputStream:75 - [STDERR_REDIRECT] 
2025-11-07 17:44:06,626 [ERROR] LogOutputStream:75 - [STDERR_REDIRECT] Nov 07, 2025 5:44:06 PM java.util.prefs.FileSystemPreferences checkLockFile0ErrorCode
2025-11-07 17:44:06,627 [ERROR] LogOutputStream:75 - [STDERR_REDIRECT] WARNING: Could not lock System prefs. Unix error code 2.
2025-11-07 17:44:06,628 [ERROR] LogOutputStream:75 - [STDERR_REDIRECT] 
2025-11-07 17:44:06,628 [ERROR] LogOutputStream:75 - [STDERR_REDIRECT] Nov 07, 2025 5:44:06 PM java.util.prefs.FileSystemPreferences syncWorld
2025-11-07 17:44:06,629 [ERROR] LogOutputStream:75 - [STDERR_REDIRECT] WARNING: Couldn't flush system prefs: java.util.prefs.BackingStoreException: Couldn't get file lock.
2025-11-07 17:44:06,629 [ERROR] LogOutputStream:75 - [STDERR_REDIRECT] 
2025-11-07 17:44:36,625 [ERROR] LogOutputStream:75 - [STDERR_REDIRECT] Nov 07, 2025 5:44:36 PM java.util.prefs.FileSystemPreferences checkLockFile0ErrorCode
2025-11-07 17:44:36,626 [ERROR] LogOutputStream:75 - [STDERR_REDIRECT] WARNING: Could not lock System prefs. Unix error code 2.
2025-11-07 17:44:36,626 [ERROR] LogOutputStream:75 - [STDERR_REDIRECT] 
2025-11-07 17:44:36,627 [ERROR] LogOutputStream:75 - [STDERR_REDIRECT] Nov 07, 2025 5:44:36 PM java.util.prefs.FileSystemPreferences syncWorld
2025-11-07 17:44:36,627 [ERROR] LogOutputStream:75 - [STDERR_REDIRECT] WARNING: Couldn't flush system prefs: java.util.prefs.BackingStoreException: Couldn't get file lock.
2025-11-07 17:44:36,628 [ERROR] LogOutputStream:75 - [STDERR_REDIRECT] 
2025-11-07 17:45:06,626 [ERROR] LogOutputStream:75 - [STDERR_REDIRECT] Nov 07, 2025 5:45:06 PM java.util.prefs.FileSystemPreferences checkLockFile0ErrorCode
2025-11-07 17:45:06,627 [ERROR] LogOutputStream:75 - [STDERR_REDIRECT] WARNING: Could not lock System prefs. Unix error code 2.
2025-11-07 17:45:06,627 [ERROR] LogOutputStream:75 - [STDERR_REDIRECT] 
2025-11-07 17:45:06,628 [ERROR] LogOutputStream:75 - [STDERR_REDIRECT] Nov 07, 2025 5:45:06 PM java.util.prefs.FileSystemPreferences syncWorld
2025-11-07 17:45:06,628 [ERROR] LogOutputStream:75 - [STDERR_REDIRECT] WARNING: Couldn't flush system prefs: java.util.prefs.BackingStoreException: Couldn't get file lock.
2025-11-07 17:45:06,628 [ERROR] LogOutputStream:75 - [STDERR_REDIRECT] 
2025-11-07 17:45:36,625 [ERROR] LogOutputStream:75 - [STDERR_REDIRECT] Nov 07, 2025 5:45:36 PM java.util.prefs.FileSystemPreferences checkLockFile0ErrorCode
2025-11-07 17:45:36,626 [ERROR] LogOutputStream:75 - [STDERR_REDIRECT] WARNING: Could not lock System prefs. Unix error code 2.
2025-11-07 17:45:36,626 [ERROR] LogOutputStream:75 - [STDERR_REDIRECT] 
2025-11-07 17:45:36,626 [ERROR] LogOutputStream:75 - [STDERR_REDIRECT] Nov 07, 2025 5:45:36 PM java.util.prefs.FileSystemPreferences syncWorld
2025-11-07 17:45:36,626 [ERROR] LogOutputStream:75 - [STDERR_REDIRECT] WARNING: Couldn't flush system prefs: java.util.prefs.BackingStoreException: Couldn't get file lock.
2025-11-07 17:45:36,627 [ERROR] LogOutputStream:75 - [STDERR_REDIRECT] 
2025-11-07 17:46:06,625 [ERROR] LogOutputStream:75 - [STDERR_REDIRECT] Nov 07, 2025 5:46:06 PM java.util.prefs.FileSystemPreferences checkLockFile0ErrorCode
2025-11-07 17:46:06,625 [ERROR] LogOutputStream:75 - [STDERR_REDIRECT] WARNING: Could not lock System prefs. Unix error code 2.
2025-11-07 17:46:06,625 [ERROR] LogOutputStream:75 - [STDERR_REDIRECT] 
2025-11-07 17:46:06,625 [ERROR] LogOutputStream:75 - [STDERR_REDIRECT] Nov 07, 2025 5:46:06 PM java.util.prefs.FileSystemPreferences syncWorld
2025-11-07 17:46:06,625 [ERROR] LogOutputStream:75 - [STDERR_REDIRECT] WARNING: Couldn't flush system prefs: java.util.prefs.BackingStoreException: Couldn't get file lock.
2025-11-07 17:46:06,625 [ERROR] LogOutputStream:75 - [STDERR_REDIRECT] 
2025-11-07 17:46:36,625 [ERROR] LogOutputStream:75 - [STDERR_REDIRECT] Nov 07, 2025 5:46:36 PM java.util.prefs.FileSystemPreferences checkLockFile0ErrorCode
2025-11-07 17:46:36,627 [ERROR] LogOutputStream:75 - [STDERR_REDIRECT] WARNING: Could not lock System prefs. Unix error code 2.
2025-11-07 17:46:36,627 [ERROR] LogOutputStream:75 - [STDERR_REDIRECT] 
2025-11-07 17:46:36,628 [ERROR] LogOutputStream:75 - [STDERR_REDIRECT] Nov 07, 2025 5:46:36 PM java.util.prefs.FileSystemPreferences syncWorld
2025-11-07 17:46:36,628 [ERROR] LogOutputStream:75 - [STDERR_REDIRECT] WARNING: Couldn't flush system prefs: java.util.prefs.BackingStoreException: Couldn't get file lock.
2025-11-07 17:46:36,628 [ERROR] LogOutputStream:75 - [STDERR_REDIRECT] 
2025-11-07 17:47:06,629 [ERROR] LogOutputStream:75 - [STDERR_REDIRECT] Nov 07, 2025 5:47:06 PM java.util.prefs.FileSystemPreferences checkLockFile0ErrorCode
2025-11-07 17:47:06,630 [ERROR] LogOutputStream:75 - [STDERR_REDIRECT] WARNING: Could not lock System prefs. Unix error code 2.
2025-11-07 17:47:06,630 [ERROR] LogOutputStream:75 - [STDERR_REDIRECT] 
2025-11-07 17:47:06,630 [ERROR] LogOutputStream:75 - [STDERR_REDIRECT] Nov 07, 2025 5:47:06 PM java.util.prefs.FileSystemPreferences syncWorld
2025-11-07 17:47:06,631 [ERROR] LogOutputStream:75 - [STDERR_REDIRECT] WARNING: Couldn't flush system prefs: java.util.prefs.BackingStoreException: Couldn't get file lock.
2025-11-07 17:47:06,631 [ERROR] LogOutputStream:75 - [STDERR_REDIRECT] 
2025-11-07 17:47:36,626 [ERROR] LogOutputStream:75 - [STDERR_REDIRECT] Nov 07, 2025 5:47:36 PM java.util.prefs.FileSystemPreferences checkLockFile0ErrorCode
2025-11-07 17:47:36,627 [ERROR] LogOutputStream:75 - [STDERR_REDIRECT] WARNING: Could not lock System prefs. Unix error code 2.
2025-11-07 17:47:36,627 [ERROR] LogOutputStream:75 - [STDERR_REDIRECT] 
2025-11-07 17:47:36,628 [ERROR] LogOutputStream:75 - [STDERR_REDIRECT] Nov 07, 2025 5:47:36 PM java.util.prefs.FileSystemPreferences syncWorld
2025-11-07 17:47:36,628 [ERROR] LogOutputStream:75 - [STDERR_REDIRECT] WARNING: Couldn't flush system prefs: java.util.prefs.BackingStoreException: Couldn't get file lock.
2025-11-07 17:47:36,629 [ERROR] LogOutputStream:75 - [STDERR_REDIRECT] 
2025-11-07 17:48:06,627 [ERROR] LogOutputStream:75 - [STDERR_REDIRECT] Nov 07, 2025 5:48:06 PM java.util.prefs.FileSystemPreferences checkLockFile0ErrorCode
2025-11-07 17:48:06,627 [ERROR] LogOutputStream:75 - [STDERR_REDIRECT] WARNING: Could not lock System prefs. Unix error code 2.
2025-11-07 17:48:06,628 [ERROR] LogOutputStream:75 - [STDERR_REDIRECT] 
2025-11-07 17:48:06,628 [ERROR] LogOutputStream:75 - [STDERR_REDIRECT] Nov 07, 2025 5:48:06 PM java.util.prefs.FileSystemPreferences syncWorld
2025-11-07 17:48:06,628 [ERROR] LogOutputStream:75 - [STDERR_REDIRECT] WARNING: Couldn't flush system prefs: java.util.prefs.BackingStoreException: Couldn't get file lock.
2025-11-07 17:48:06,628 [ERROR] LogOutputStream:75 - [STDERR_REDIRECT] 
2025-11-07 17:48:36,627 [ERROR] LogOutputStream:75 - [STDERR_REDIRECT] Nov 07, 2025 5:48:36 PM java.util.prefs.FileSystemPreferences checkLockFile0ErrorCode
2025-11-07 17:48:36,628 [ERROR] LogOutputStream:75 - [STDERR_REDIRECT] WARNING: Could not lock System prefs. Unix error code 2.
2025-11-07 17:48:36,628 [ERROR] LogOutputStream:75 - [STDERR_REDIRECT] 
2025-11-07 17:48:36,629 [ERROR] LogOutputStream:75 - [STDERR_REDIRECT] Nov 07, 2025 5:48:36 PM java.util.prefs.FileSystemPreferences syncWorld
2025-11-07 17:48:36,629 [ERROR] LogOutputStream:75 - [STDERR_REDIRECT] WARNING: Couldn't flush system prefs: java.util.prefs.BackingStoreException: Couldn't get file lock.
2025-11-07 17:48:36,629 [ERROR] LogOutputStream:75 - [STDERR_REDIRECT] 
2025-11-07 17:49:06,628 [ERROR] LogOutputStream:75 - [STDERR_REDIRECT] Nov 07, 2025 5:49:06 PM java.util.prefs.FileSystemPreferences checkLockFile0ErrorCode
2025-11-07 17:49:06,628 [ERROR] LogOutputStream:75 - [STDERR_REDIRECT] WARNING: Could not lock System prefs. Unix error code 2.
2025-11-07 17:49:06,629 [ERROR] LogOutputStream:75 - [STDERR_REDIRECT] 
2025-11-07 17:49:06,629 [ERROR] LogOutputStream:75 - [STDERR_REDIRECT] Nov 07, 2025 5:49:06 PM java.util.prefs.FileSystemPreferences syncWorld
2025-11-07 17:49:06,629 [ERROR] LogOutputStream:75 - [STDERR_REDIRECT] WARNING: Couldn't flush system prefs: java.util.prefs.BackingStoreException: Couldn't get file lock.
2025-11-07 17:49:06,629 [ERROR] LogOutputStream:75 - [STDERR_REDIRECT] 
2025-11-07 17:49:36,628 [ERROR] LogOutputStream:75 - [STDERR_REDIRECT] Nov 07, 2025 5:49:36 PM java.util.prefs.FileSystemPreferences checkLockFile0ErrorCode
2025-11-07 17:49:36,628 [ERROR] LogOutputStream:75 - [STDERR_REDIRECT] WARNING: Could not lock System prefs. Unix error code 2.
2025-11-07 17:49:36,628 [ERROR] LogOutputStream:75 - [STDERR_REDIRECT] 
2025-11-07 17:49:36,629 [ERROR] LogOutputStream:75 - [STDERR_REDIRECT] Nov 07, 2025 5:49:36 PM java.util.prefs.FileSystemPreferences syncWorld
2025-11-07 17:49:36,629 [ERROR] LogOutputStream:75 - [STDERR_REDIRECT] WARNING: Couldn't flush system prefs: java.util.prefs.BackingStoreException: Couldn't get file lock.
2025-11-07 17:49:36,629 [ERROR] LogOutputStream:75 - [STDERR_REDIRECT] 
2025-11-07 17:50:06,629 [ERROR] LogOutputStream:75 - [STDERR_REDIRECT] Nov 07, 2025 5:50:06 PM java.util.prefs.FileSystemPreferences checkLockFile0ErrorCode
2025-11-07 17:50:06,629 [ERROR] LogOutputStream:75 - [STDERR_REDIRECT] WARNING: Could not lock System prefs. Unix error code 2.
2025-11-07 17:50:06,630 [ERROR] LogOutputStream:75 - [STDERR_REDIRECT] 
2025-11-07 17:50:06,631 [ERROR] LogOutputStream:75 - [STDERR_REDIRECT] Nov 07, 2025 5:50:06 PM java.util.prefs.FileSystemPreferences syncWorld
2025-11-07 17:50:06,631 [ERROR] LogOutputStream:75 - [STDERR_REDIRECT] WARNING: Couldn't flush system prefs: java.util.prefs.BackingStoreException: Couldn't get file lock.
2025-11-07 17:50:06,631 [ERROR] LogOutputStream:75 - [STDERR_REDIRECT] 
2025-11-07 17:50:36,629 [ERROR] LogOutputStream:75 - [STDERR_REDIRECT] Nov 07, 2025 5:50:36 PM java.util.prefs.FileSystemPreferences checkLockFile0ErrorCode
2025-11-07 17:50:36,630 [ERROR] LogOutputStream:75 - [STDERR_REDIRECT] WARNING: Could not lock System prefs. Unix error code 2.
2025-11-07 17:50:36,630 [ERROR] LogOutputStream:75 - [STDERR_REDIRECT] 
2025-11-07 17:50:36,630 [ERROR] LogOutputStream:75 - [STDERR_REDIRECT] Nov 07, 2025 5:50:36 PM java.util.prefs.FileSystemPreferences syncWorld
2025-11-07 17:50:36,630 [ERROR] LogOutputStream:75 - [STDERR_REDIRECT] WARNING: Couldn't flush system prefs: java.util.prefs.BackingStoreException: Couldn't get file lock.
2025-11-07 17:50:36,631 [ERROR] LogOutputStream:75 - [STDERR_REDIRECT] 
2025-11-07 17:51:06,628 [ERROR] LogOutputStream:75 - [STDERR_REDIRECT] Nov 07, 2025 5:51:06 PM java.util.prefs.FileSystemPreferences checkLockFile0ErrorCode
2025-11-07 17:51:06,629 [ERROR] LogOutputStream:75 - [STDERR_REDIRECT] WARNING: Could not lock System prefs. Unix error code 2.
2025-11-07 17:51:06,629 [ERROR] LogOutputStream:75 - [STDERR_REDIRECT] 
2025-11-07 17:51:06,629 [ERROR] LogOutputStream:75 - [STDERR_REDIRECT] Nov 07, 2025 5:51:06 PM java.util.prefs.FileSystemPreferences syncWorld
2025-11-07 17:51:06,629 [ERROR] LogOutputStream:75 - [STDERR_REDIRECT] WARNING: Couldn't flush system prefs: java.util.prefs.BackingStoreException: Couldn't get file lock.
2025-11-07 17:51:06,629 [ERROR] LogOutputStream:75 - [STDERR_REDIRECT] 
2025-11-07 17:51:36,630 [ERROR] LogOutputStream:75 - [STDERR_REDIRECT] Nov 07, 2025 5:51:36 PM java.util.prefs.FileSystemPreferences checkLockFile0ErrorCode
2025-11-07 17:51:36,630 [ERROR] LogOutputStream:75 - [STDERR_REDIRECT] WARNING: Could not lock System prefs. Unix error code 2.
2025-11-07 17:51:36,631 [ERROR] LogOutputStream:75 - [STDERR_REDIRECT] 
2025-11-07 17:51:36,631 [ERROR] LogOutputStream:75 - [STDERR_REDIRECT] Nov 07, 2025 5:51:36 PM java.util.prefs.FileSystemPreferences syncWorld
2025-11-07 17:51:36,631 [ERROR] LogOutputStream:75 - [STDERR_REDIRECT] WARNING: Couldn't flush system prefs: java.util.prefs.BackingStoreException: Couldn't get file lock.
2025-11-07 17:51:36,631 [ERROR] LogOutputStream:75 - [STDERR_REDIRECT] 
2025-11-07 17:52:06,629 [ERROR] LogOutputStream:75 - [STDERR_REDIRECT] Nov 07, 2025 5:52:06 PM java.util.prefs.FileSystemPreferences checkLockFile0ErrorCode
2025-11-07 17:52:06,630 [ERROR] LogOutputStream:75 - [STDERR_REDIRECT] WARNING: Could not lock System prefs. Unix error code 2.
2025-11-07 17:52:06,630 [ERROR] LogOutputStream:75 - [STDERR_REDIRECT] 
2025-11-07 17:52:06,630 [ERROR] LogOutputStream:75 - [STDERR_REDIRECT] Nov 07, 2025 5:52:06 PM java.util.prefs.FileSystemPreferences syncWorld
2025-11-07 17:52:06,631 [ERROR] LogOutputStream:75 - [STDERR_REDIRECT] WARNING: Couldn't flush system prefs: java.util.prefs.BackingStoreException: Couldn't get file lock.
2025-11-07 17:52:06,631 [ERROR] LogOutputStream:75 - [STDERR_REDIRECT] 
2025-11-07 17:52:36,630 [ERROR] LogOutputStream:75 - [STDERR_REDIRECT] Nov 07, 2025 5:52:36 PM java.util.prefs.FileSystemPreferences checkLockFile0ErrorCode
2025-11-07 17:52:36,631 [ERROR] LogOutputStream:75 - [STDERR_REDIRECT] WARNING: Could not lock System prefs. Unix error code 2.
2025-11-07 17:52:36,631 [ERROR] LogOutputStream:75 - [STDERR_REDIRECT] 
2025-11-07 17:52:36,632 [ERROR] LogOutputStream:75 - [STDERR_REDIRECT] Nov 07, 2025 5:52:36 PM java.util.prefs.FileSystemPreferences syncWorld
2025-11-07 17:52:36,632 [ERROR] LogOutputStream:75 - [STDERR_REDIRECT] WARNING: Couldn't flush system prefs: java.util.prefs.BackingStoreException: Couldn't get file lock.
2025-11-07 17:52:36,632 [ERROR] LogOutputStream:75 - [STDERR_REDIRECT] 
2025-11-07 17:53:06,631 [ERROR] LogOutputStream:75 - [STDERR_REDIRECT] Nov 07, 2025 5:53:06 PM java.util.prefs.FileSystemPreferences checkLockFile0ErrorCode
2025-11-07 17:53:06,631 [ERROR] LogOutputStream:75 - [STDERR_REDIRECT] WARNING: Could not lock System prefs. Unix error code 2.
2025-11-07 17:53:06,631 [ERROR] LogOutputStream:75 - [STDERR_REDIRECT] 
2025-11-07 17:53:06,632 [ERROR] LogOutputStream:75 - [STDERR_REDIRECT] Nov 07, 2025 5:53:06 PM java.util.prefs.FileSystemPreferences syncWorld
2025-11-07 17:53:06,632 [ERROR] LogOutputStream:75 - [STDERR_REDIRECT] WARNING: Couldn't flush system prefs: java.util.prefs.BackingStoreException: Couldn't get file lock.
2025-11-07 17:53:06,632 [ERROR] LogOutputStream:75 - [STDERR_REDIRECT] 
2025-11-07 17:53:36,631 [ERROR] LogOutputStream:75 - [STDERR_REDIRECT] Nov 07, 2025 5:53:36 PM java.util.prefs.FileSystemPreferences checkLockFile0ErrorCode
2025-11-07 17:53:36,631 [ERROR] LogOutputStream:75 - [STDERR_REDIRECT] WARNING: Could not lock System prefs. Unix error code 2.
2025-11-07 17:53:36,632 [ERROR] LogOutputStream:75 - [STDERR_REDIRECT] 
2025-11-07 17:53:36,632 [ERROR] LogOutputStream:75 - [STDERR_REDIRECT] Nov 07, 2025 5:53:36 PM java.util.prefs.FileSystemPreferences syncWorld
2025-11-07 17:53:36,632 [ERROR] LogOutputStream:75 - [STDERR_REDIRECT] WARNING: Couldn't flush system prefs: java.util.prefs.BackingStoreException: Couldn't get file lock.
2025-11-07 17:53:36,632 [ERROR] LogOutputStream:75 - [STDERR_REDIRECT] 
2025-11-07 17:54:06,632 [ERROR] LogOutputStream:75 - [STDERR_REDIRECT] Nov 07, 2025 5:54:06 PM java.util.prefs.FileSystemPreferences checkLockFile0ErrorCode
2025-11-07 17:54:06,632 [ERROR] LogOutputStream:75 - [STDERR_REDIRECT] WARNING: Could not lock System prefs. Unix error code 2.
2025-11-07 17:54:06,632 [ERROR] LogOutputStream:75 - [STDERR_REDIRECT] 
2025-11-07 17:54:06,633 [ERROR] LogOutputStream:75 - [STDERR_REDIRECT] Nov 07, 2025 5:54:06 PM java.util.prefs.FileSystemPreferences syncWorld
2025-11-07 17:54:06,633 [ERROR] LogOutputStream:75 - [STDERR_REDIRECT] WARNING: Couldn't flush system prefs: java.util.prefs.BackingStoreException: Couldn't get file lock.
2025-11-07 17:54:06,633 [ERROR] LogOutputStream:75 - [STDERR_REDIRECT] 
2025-11-07 17:54:36,632 [ERROR] LogOutputStream:75 - [STDERR_REDIRECT] Nov 07, 2025 5:54:36 PM java.util.prefs.FileSystemPreferences checkLockFile0ErrorCode
2025-11-07 17:54:36,633 [ERROR] LogOutputStream:75 - [STDERR_REDIRECT] WARNING: Could not lock System prefs. Unix error code 2.
2025-11-07 17:54:36,633 [ERROR] LogOutputStream:75 - [STDERR_REDIRECT] 
2025-11-07 17:54:36,633 [ERROR] LogOutputStream:75 - [STDERR_REDIRECT] Nov 07, 2025 5:54:36 PM java.util.prefs.FileSystemPreferences syncWorld
2025-11-07 17:54:36,634 [ERROR] LogOutputStream:75 - [STDERR_REDIRECT] WARNING: Couldn't flush system prefs: java.util.prefs.BackingStoreException: Couldn't get file lock.
2025-11-07 17:54:36,634 [ERROR] LogOutputStream:75 - [STDERR_REDIRECT] 
2025-11-07 17:55:06,631 [ERROR] LogOutputStream:75 - [STDERR_REDIRECT] Nov 07, 2025 5:55:06 PM java.util.prefs.FileSystemPreferences checkLockFile0ErrorCode
2025-11-07 17:55:06,632 [ERROR] LogOutputStream:75 - [STDERR_REDIRECT] WARNING: Could not lock System prefs. Unix error code 2.
2025-11-07 17:55:06,632 [ERROR] LogOutputStream:75 - [STDERR_REDIRECT] 
2025-11-07 17:55:06,632 [ERROR] LogOutputStream:75 - [STDERR_REDIRECT] Nov 07, 2025 5:55:06 PM java.util.prefs.FileSystemPreferences syncWorld
2025-11-07 17:55:06,632 [ERROR] LogOutputStream:75 - [STDERR_REDIRECT] WARNING: Couldn't flush system prefs: java.util.prefs.BackingStoreException: Couldn't get file lock.
2025-11-07 17:55:06,633 [ERROR] LogOutputStream:75 - [STDERR_REDIRECT] 
2025-11-07 19:16:04,171 [INFO] WebApp:194 - Connection lost
2025-11-07 19:16:12,386 [INFO] WebApp:191 - Connection restablished
2025-11-07 19:16:26,302 [ERROR] LogOutputStream:75 - [STDERR_REDIRECT] Nov 07, 2025 7:16:26 PM java.util.prefs.FileSystemPreferences checkLockFile0ErrorCode
2025-11-07 19:16:26,302 [ERROR] LogOutputStream:75 - [STDERR_REDIRECT] WARNING: Could not lock System prefs. Unix error code 2.
2025-11-07 19:16:26,302 [ERROR] LogOutputStream:75 - [STDERR_REDIRECT] 
2025-11-07 19:16:26,303 [ERROR] LogOutputStream:75 - [STDERR_REDIRECT] Nov 07, 2025 7:16:26 PM java.util.prefs.FileSystemPreferences syncWorld
2025-11-07 19:16:26,303 [ERROR] LogOutputStream:75 - [STDERR_REDIRECT] WARNING: Couldn't flush system prefs: java.util.prefs.BackingStoreException: Couldn't get file lock.
2025-11-07 19:16:26,303 [ERROR] LogOutputStream:75 - [STDERR_REDIRECT] 
2025-11-07 19:16:56,301 [ERROR] LogOutputStream:75 - [STDERR_REDIRECT] Nov 07, 2025 7:16:56 PM java.util.prefs.FileSystemPreferences checkLockFile0ErrorCode
2025-11-07 19:16:56,302 [ERROR] LogOutputStream:75 - [STDERR_REDIRECT] WARNING: Could not lock System prefs. Unix error code 2.
2025-11-07 19:16:56,302 [ERROR] LogOutputStream:75 - [STDERR_REDIRECT] 
2025-11-07 19:16:56,302 [ERROR] LogOutputStream:75 - [STDERR_REDIRECT] Nov 07, 2025 7:16:56 PM java.util.prefs.FileSystemPreferences syncWorld
2025-11-07 19:16:56,302 [ERROR] LogOutputStream:75 - [STDERR_REDIRECT] WARNING: Couldn't flush system prefs: java.util.prefs.BackingStoreException: Couldn't get file lock.
2025-11-07 19:16:56,302 [ERROR] LogOutputStream:75 - [STDERR_REDIRECT] 
2025-11-07 19:17:26,302 [ERROR] LogOutputStream:75 - [STDERR_REDIRECT] Nov 07, 2025 7:17:26 PM java.util.prefs.FileSystemPreferences checkLockFile0ErrorCode
2025-11-07 19:17:26,303 [ERROR] LogOutputStream:75 - [STDERR_REDIRECT] WARNING: Could not lock System prefs. Unix error code 2.
2025-11-07 19:17:26,303 [ERROR] LogOutputStream:75 - [STDERR_REDIRECT] 
2025-11-07 19:17:26,303 [ERROR] LogOutputStream:75 - [STDERR_REDIRECT] Nov 07, 2025 7:17:26 PM java.util.prefs.FileSystemPreferences syncWorld
2025-11-07 19:17:26,303 [ERROR] LogOutputStream:75 - [STDERR_REDIRECT] WARNING: Couldn't flush system prefs: java.util.prefs.BackingStoreException: Couldn't get file lock.
2025-11-07 19:17:26,303 [ERROR] LogOutputStream:75 - [STDERR_REDIRECT] 
2025-11-07 19:17:56,302 [ERROR] LogOutputStream:75 - [STDERR_REDIRECT] Nov 07, 2025 7:17:56 PM java.util.prefs.FileSystemPreferences checkLockFile0ErrorCode
2025-11-07 19:17:56,302 [ERROR] LogOutputStream:75 - [STDERR_REDIRECT] WARNING: Could not lock System prefs. Unix error code 2.
2025-11-07 19:17:56,302 [ERROR] LogOutputStream:75 - [STDERR_REDIRECT] 
2025-11-07 19:17:56,303 [ERROR] LogOutputStream:75 - [STDERR_REDIRECT] Nov 07, 2025 7:17:56 PM java.util.prefs.FileSystemPreferences syncWorld
2025-11-07 19:17:56,303 [ERROR] LogOutputStream:75 - [STDERR_REDIRECT] WARNING: Couldn't flush system prefs: java.util.prefs.BackingStoreException: Couldn't get file lock.
2025-11-07 19:17:56,303 [ERROR] LogOutputStream:75 - [STDERR_REDIRECT] 
2025-11-07 19:18:26,309 [ERROR] LogOutputStream:75 - [STDERR_REDIRECT] Nov 07, 2025 7:18:26 PM java.util.prefs.FileSystemPreferences checkLockFile0ErrorCode
2025-11-07 19:18:26,313 [ERROR] LogOutputStream:75 - [STDERR_REDIRECT] WARNING: Could not lock System prefs. Unix error code 2.
2025-11-07 19:18:26,314 [ERROR] LogOutputStream:75 - [STDERR_REDIRECT] 
2025-11-07 19:18:26,315 [ERROR] LogOutputStream:75 - [STDERR_REDIRECT] Nov 07, 2025 7:18:26 PM java.util.prefs.FileSystemPreferences syncWorld
2025-11-07 19:18:26,315 [ERROR] LogOutputStream:75 - [STDERR_REDIRECT] WARNING: Couldn't flush system prefs: java.util.prefs.BackingStoreException: Couldn't get file lock.
2025-11-07 19:18:26,315 [ERROR] LogOutputStream:75 - [STDERR_REDIRECT] 
2025-11-07 19:18:56,302 [ERROR] LogOutputStream:75 - [STDERR_REDIRECT] Nov 07, 2025 7:18:56 PM java.util.prefs.FileSystemPreferences checkLockFile0ErrorCode
2025-11-07 19:18:56,303 [ERROR] LogOutputStream:75 - [STDERR_REDIRECT] WARNING: Could not lock System prefs. Unix error code 2.
2025-11-07 19:18:56,303 [ERROR] LogOutputStream:75 - [STDERR_REDIRECT] 
2025-11-07 19:18:56,304 [ERROR] LogOutputStream:75 - [STDERR_REDIRECT] Nov 07, 2025 7:18:56 PM java.util.prefs.FileSystemPreferences syncWorld
2025-11-07 19:18:56,304 [ERROR] LogOutputStream:75 - [STDERR_REDIRECT] WARNING: Couldn't flush system prefs: java.util.prefs.BackingStoreException: Couldn't get file lock.
2025-11-07 19:18:56,304 [ERROR] LogOutputStream:75 - [STDERR_REDIRECT] 
2025-11-07 19:18:56,995 [INFO] WebApp:194 - Connection lost
2025-11-07 19:18:57,114 [INFO] WebApp:191 - Connection restablished
2025-11-07 19:19:26,304 [ERROR] LogOutputStream:75 - [STDERR_REDIRECT] Nov 07, 2025 7:19:26 PM java.util.prefs.FileSystemPreferences checkLockFile0ErrorCode
2025-11-07 19:19:26,306 [ERROR] LogOutputStream:75 - [STDERR_REDIRECT] WARNING: Could not lock System prefs. Unix error code 2.
2025-11-07 19:19:26,307 [ERROR] LogOutputStream:75 - [STDERR_REDIRECT] 
2025-11-07 19:19:26,308 [ERROR] LogOutputStream:75 - [STDERR_REDIRECT] Nov 07, 2025 7:19:26 PM java.util.prefs.FileSystemPreferences syncWorld
2025-11-07 19:19:26,308 [ERROR] LogOutputStream:75 - [STDERR_REDIRECT] WARNING: Couldn't flush system prefs: java.util.prefs.BackingStoreException: Couldn't get file lock.
2025-11-07 19:19:26,308 [ERROR] LogOutputStream:75 - [STDERR_REDIRECT] 
2025-11-07 19:19:56,305 [ERROR] LogOutputStream:75 - [STDERR_REDIRECT] Nov 07, 2025 7:19:56 PM java.util.prefs.FileSystemPreferences checkLockFile0ErrorCode
2025-11-07 19:19:56,305 [ERROR] LogOutputStream:75 - [STDERR_REDIRECT] WARNING: Could not lock System prefs. Unix error code 2.
2025-11-07 19:19:56,306 [ERROR] LogOutputStream:75 - [STDERR_REDIRECT] 
2025-11-07 19:19:56,306 [ERROR] LogOutputStream:75 - [STDERR_REDIRECT] Nov 07, 2025 7:19:56 PM java.util.prefs.FileSystemPreferences syncWorld
2025-11-07 19:19:56,307 [ERROR] LogOutputStream:75 - [STDERR_REDIRECT] WARNING: Couldn't flush system prefs: java.util.prefs.BackingStoreException: Couldn't get file lock.
2025-11-07 19:19:56,307 [ERROR] LogOutputStream:75 - [STDERR_REDIRECT] 
2025-11-07 19:20:26,310 [ERROR] LogOutputStream:75 - [STDERR_REDIRECT] Nov 07, 2025 7:20:26 PM java.util.prefs.FileSystemPreferences checkLockFile0ErrorCode
2025-11-07 19:20:26,312 [ERROR] LogOutputStream:75 - [STDERR_REDIRECT] WARNING: Could not lock System prefs. Unix error code 2.
2025-11-07 19:20:26,312 [ERROR] LogOutputStream:75 - [STDERR_REDIRECT] 
2025-11-07 19:20:26,313 [ERROR] LogOutputStream:75 - [STDERR_REDIRECT] Nov 07, 2025 7:20:26 PM java.util.prefs.FileSystemPreferences syncWorld
2025-11-07 19:20:26,313 [ERROR] LogOutputStream:75 - [STDERR_REDIRECT] WARNING: Couldn't flush system prefs: java.util.prefs.BackingStoreException: Couldn't get file lock.
2025-11-07 19:20:26,314 [ERROR] LogOutputStream:75 - [STDERR_REDIRECT] 
2025-11-07 19:20:56,304 [ERROR] LogOutputStream:75 - [STDERR_REDIRECT] Nov 07, 2025 7:20:56 PM java.util.prefs.FileSystemPreferences checkLockFile0ErrorCode
2025-11-07 19:20:56,305 [ERROR] LogOutputStream:75 - [STDERR_REDIRECT] WARNING: Could not lock System prefs. Unix error code 2.
2025-11-07 19:20:56,305 [ERROR] LogOutputStream:75 - [STDERR_REDIRECT] 
2025-11-07 19:20:56,306 [ERROR] LogOutputStream:75 - [STDERR_REDIRECT] Nov 07, 2025 7:20:56 PM java.util.prefs.FileSystemPreferences syncWorld
2025-11-07 19:20:56,307 [ERROR] LogOutputStream:75 - [STDERR_REDIRECT] WARNING: Couldn't flush system prefs: java.util.prefs.BackingStoreException: Couldn't get file lock.
2025-11-07 19:20:56,308 [ERROR] LogOutputStream:75 - [STDERR_REDIRECT] 
2025-11-07 19:21:26,306 [ERROR] LogOutputStream:75 - [STDERR_REDIRECT] Nov 07, 2025 7:21:26 PM java.util.prefs.FileSystemPreferences checkLockFile0ErrorCode
2025-11-07 19:21:26,308 [ERROR] LogOutputStream:75 - [STDERR_REDIRECT] WARNING: Could not lock System prefs. Unix error code 2.
2025-11-07 19:21:26,310 [ERROR] LogOutputStream:75 - [STDERR_REDIRECT] 
2025-11-07 19:21:26,311 [ERROR] LogOutputStream:75 - [STDERR_REDIRECT] Nov 07, 2025 7:21:26 PM java.util.prefs.FileSystemPreferences syncWorld
2025-11-07 19:21:26,312 [ERROR] LogOutputStream:75 - [STDERR_REDIRECT] WARNING: Couldn't flush system prefs: java.util.prefs.BackingStoreException: Couldn't get file lock.
2025-11-07 19:21:26,312 [ERROR] LogOutputStream:75 - [STDERR_REDIRECT] 
2025-11-07 19:21:32,574 [INFO] WebApp:194 - Connection lost
2025-11-07 19:21:34,936 [INFO] WebApp:191 - Connection restablished
2025-11-07 19:21:56,305 [ERROR] LogOutputStream:75 - [STDERR_REDIRECT] Nov 07, 2025 7:21:56 PM java.util.prefs.FileSystemPreferences checkLockFile0ErrorCode
2025-11-07 19:21:56,306 [ERROR] LogOutputStream:75 - [STDERR_REDIRECT] WARNING: Could not lock System prefs. Unix error code 2.
2025-11-07 19:21:56,306 [ERROR] LogOutputStream:75 - [STDERR_REDIRECT] 
2025-11-07 19:21:56,306 [ERROR] LogOutputStream:75 - [STDERR_REDIRECT] Nov 07, 2025 7:21:56 PM java.util.prefs.FileSystemPreferences syncWorld
2025-11-07 19:21:56,306 [ERROR] LogOutputStream:75 - [STDERR_REDIRECT] WARNING: Couldn't flush system prefs: java.util.prefs.BackingStoreException: Couldn't get file lock.
2025-11-07 19:21:56,307 [ERROR] LogOutputStream:75 - [STDERR_REDIRECT] 
2025-11-07 19:22:26,304 [ERROR] LogOutputStream:75 - [STDERR_REDIRECT] Nov 07, 2025 7:22:26 PM java.util.prefs.FileSystemPreferences checkLockFile0ErrorCode
2025-11-07 19:22:26,304 [ERROR] LogOutputStream:75 - [STDERR_REDIRECT] WARNING: Could not lock System prefs. Unix error code 2.
2025-11-07 19:22:26,304 [ERROR] LogOutputStream:75 - [STDERR_REDIRECT] 
2025-11-07 19:22:26,305 [ERROR] LogOutputStream:75 - [STDERR_REDIRECT] Nov 07, 2025 7:22:26 PM java.util.prefs.FileSystemPreferences syncWorld
2025-11-07 19:22:26,305 [ERROR] LogOutputStream:75 - [STDERR_REDIRECT] WARNING: Couldn't flush system prefs: java.util.prefs.BackingStoreException: Couldn't get file lock.
2025-11-07 19:22:26,305 [ERROR] LogOutputStream:75 - [STDERR_REDIRECT] 
2025-11-07 19:22:56,304 [ERROR] LogOutputStream:75 - [STDERR_REDIRECT] Nov 07, 2025 7:22:56 PM java.util.prefs.FileSystemPreferences checkLockFile0ErrorCode
2025-11-07 19:22:56,305 [ERROR] LogOutputStream:75 - [STDERR_REDIRECT] WARNING: Could not lock System prefs. Unix error code 2.
2025-11-07 19:22:56,305 [ERROR] LogOutputStream:75 - [STDERR_REDIRECT] 
2025-11-07 19:22:56,305 [ERROR] LogOutputStream:75 - [STDERR_REDIRECT] Nov 07, 2025 7:22:56 PM java.util.prefs.FileSystemPreferences syncWorld
2025-11-07 19:22:56,305 [ERROR] LogOutputStream:75 - [STDERR_REDIRECT] WARNING: Couldn't flush system prefs: java.util.prefs.BackingStoreException: Couldn't get file lock.
2025-11-07 19:22:56,305 [ERROR] LogOutputStream:75 - [STDERR_REDIRECT] 
2025-11-07 19:23:26,305 [ERROR] LogOutputStream:75 - [STDERR_REDIRECT] Nov 07, 2025 7:23:26 PM java.util.prefs.FileSystemPreferences checkLockFile0ErrorCode
2025-11-07 19:23:26,306 [ERROR] LogOutputStream:75 - [STDERR_REDIRECT] WARNING: Could not lock System prefs. Unix error code 2.
2025-11-07 19:23:26,306 [ERROR] LogOutputStream:75 - [STDERR_REDIRECT] 
2025-11-07 19:23:26,306 [ERROR] LogOutputStream:75 - [STDERR_REDIRECT] Nov 07, 2025 7:23:26 PM java.util.prefs.FileSystemPreferences syncWorld
2025-11-07 19:23:26,306 [ERROR] LogOutputStream:75 - [STDERR_REDIRECT] WARNING: Couldn't flush system prefs: java.util.prefs.BackingStoreException: Couldn't get file lock.
2025-11-07 19:23:26,307 [ERROR] LogOutputStream:75 - [STDERR_REDIRECT] 
2025-11-07 19:23:56,305 [ERROR] LogOutputStream:75 - [STDERR_REDIRECT] Nov 07, 2025 7:23:56 PM java.util.prefs.FileSystemPreferences checkLockFile0ErrorCode
2025-11-07 19:23:56,305 [ERROR] LogOutputStream:75 - [STDERR_REDIRECT] WARNING: Could not lock System prefs. Unix error code 2.
2025-11-07 19:23:56,305 [ERROR] LogOutputStream:75 - [STDERR_REDIRECT] 
2025-11-07 19:23:56,306 [ERROR] LogOutputStream:75 - [STDERR_REDIRECT] Nov 07, 2025 7:23:56 PM java.util.prefs.FileSystemPreferences syncWorld
2025-11-07 19:23:56,306 [ERROR] LogOutputStream:75 - [STDERR_REDIRECT] WARNING: Couldn't flush system prefs: java.util.prefs.BackingStoreException: Couldn't get file lock.
2025-11-07 19:23:56,306 [ERROR] LogOutputStream:75 - [STDERR_REDIRECT] 
2025-11-07 19:24:26,305 [ERROR] LogOutputStream:75 - [STDERR_REDIRECT] Nov 07, 2025 7:24:26 PM java.util.prefs.FileSystemPreferences checkLockFile0ErrorCode
2025-11-07 19:24:26,306 [ERROR] LogOutputStream:75 - [STDERR_REDIRECT] WARNING: Could not lock System prefs. Unix error code 2.
2025-11-07 19:24:26,306 [ERROR] LogOutputStream:75 - [STDERR_REDIRECT] 
2025-11-07 19:24:26,306 [ERROR] LogOutputStream:75 - [STDERR_REDIRECT] Nov 07, 2025 7:24:26 PM java.util.prefs.FileSystemPreferences syncWorld
2025-11-07 19:24:26,307 [ERROR] LogOutputStream:75 - [STDERR_REDIRECT] WARNING: Couldn't flush system prefs: java.util.prefs.BackingStoreException: Couldn't get file lock.
2025-11-07 19:24:26,307 [ERROR] LogOutputStream:75 - [STDERR_REDIRECT] 
2025-11-07 19:24:56,304 [ERROR] LogOutputStream:75 - [STDERR_REDIRECT] Nov 07, 2025 7:24:56 PM java.util.prefs.FileSystemPreferences checkLockFile0ErrorCode
2025-11-07 19:24:56,305 [ERROR] LogOutputStream:75 - [STDERR_REDIRECT] WARNING: Could not lock System prefs. Unix error code 2.
2025-11-07 19:24:56,305 [ERROR] LogOutputStream:75 - [STDERR_REDIRECT] 
2025-11-07 19:24:56,305 [ERROR] LogOutputStream:75 - [STDERR_REDIRECT] Nov 07, 2025 7:24:56 PM java.util.prefs.FileSystemPreferences syncWorld
2025-11-07 19:24:56,305 [ERROR] LogOutputStream:75 - [STDERR_REDIRECT] WARNING: Couldn't flush system prefs: java.util.prefs.BackingStoreException: Couldn't get file lock.
2025-11-07 19:24:56,305 [ERROR] LogOutputStream:75 - [STDERR_REDIRECT] 
2025-11-07 19:25:26,306 [ERROR] LogOutputStream:75 - [STDERR_REDIRECT] Nov 07, 2025 7:25:26 PM java.util.prefs.FileSystemPreferences checkLockFile0ErrorCode
2025-11-07 19:25:26,306 [ERROR] LogOutputStream:75 - [STDERR_REDIRECT] WARNING: Could not lock System prefs. Unix error code 2.
2025-11-07 19:25:26,306 [ERROR] LogOutputStream:75 - [STDERR_REDIRECT] 
2025-11-07 19:25:26,307 [ERROR] LogOutputStream:75 - [STDERR_REDIRECT] Nov 07, 2025 7:25:26 PM java.util.prefs.FileSystemPreferences syncWorld
2025-11-07 19:25:26,307 [ERROR] LogOutputStream:75 - [STDERR_REDIRECT] WARNING: Couldn't flush system prefs: java.util.prefs.BackingStoreException: Couldn't get file lock.
2025-11-07 19:25:26,307 [ERROR] LogOutputStream:75 - [STDERR_REDIRECT] 
2025-11-07 19:25:56,305 [ERROR] LogOutputStream:75 - [STDERR_REDIRECT] Nov 07, 2025 7:25:56 PM java.util.prefs.FileSystemPreferences checkLockFile0ErrorCode
2025-11-07 19:25:56,305 [ERROR] LogOutputStream:75 - [STDERR_REDIRECT] WARNING: Could not lock System prefs. Unix error code 2.
2025-11-07 19:25:56,306 [ERROR] LogOutputStream:75 - [STDERR_REDIRECT] 
2025-11-07 19:25:56,306 [ERROR] LogOutputStream:75 - [STDERR_REDIRECT] Nov 07, 2025 7:25:56 PM java.util.prefs.FileSystemPreferences syncWorld
2025-11-07 19:25:56,306 [ERROR] LogOutputStream:75 - [STDERR_REDIRECT] WARNING: Couldn't flush system prefs: java.util.prefs.BackingStoreException: Couldn't get file lock.
2025-11-07 19:25:56,306 [ERROR] LogOutputStream:75 - [STDERR_REDIRECT] 
2025-11-07 19:26:13,830 [INFO] WebApp:194 - Connection lost
2025-11-07 19:26:18,450 [INFO] WebApp:191 - Connection restablished
2025-11-07 19:26:26,306 [ERROR] LogOutputStream:75 - [STDERR_REDIRECT] Nov 07, 2025 7:26:26 PM java.util.prefs.FileSystemPreferences checkLockFile0ErrorCode
2025-11-07 19:26:26,306 [ERROR] LogOutputStream:75 - [STDERR_REDIRECT] WARNING: Could not lock System prefs. Unix error code 2.
2025-11-07 19:26:26,306 [ERROR] LogOutputStream:75 - [STDERR_REDIRECT] 
2025-11-07 19:26:26,306 [ERROR] LogOutputStream:75 - [STDERR_REDIRECT] Nov 07, 2025 7:26:26 PM java.util.prefs.FileSystemPreferences syncWorld
2025-11-07 19:26:26,306 [ERROR] LogOutputStream:75 - [STDERR_REDIRECT] WARNING: Couldn't flush system prefs: java.util.prefs.BackingStoreException: Couldn't get file lock.
2025-11-07 19:26:26,307 [ERROR] LogOutputStream:75 - [STDERR_REDIRECT] 
2025-11-07 19:26:56,306 [ERROR] LogOutputStream:75 - [STDERR_REDIRECT] Nov 07, 2025 7:26:56 PM java.util.prefs.FileSystemPreferences checkLockFile0ErrorCode
2025-11-07 19:26:56,306 [ERROR] LogOutputStream:75 - [STDERR_REDIRECT] WARNING: Could not lock System prefs. Unix error code 2.
2025-11-07 19:26:56,306 [ERROR] LogOutputStream:75 - [STDERR_REDIRECT] 
2025-11-07 19:26:56,307 [ERROR] LogOutputStream:75 - [STDERR_REDIRECT] Nov 07, 2025 7:26:56 PM java.util.prefs.FileSystemPreferences syncWorld
2025-11-07 19:26:56,307 [ERROR] LogOutputStream:75 - [STDERR_REDIRECT] WARNING: Couldn't flush system prefs: java.util.prefs.BackingStoreException: Couldn't get file lock.
2025-11-07 19:26:56,307 [ERROR] LogOutputStream:75 - [STDERR_REDIRECT] 
2025-11-07 19:27:26,306 [ERROR] LogOutputStream:75 - [STDERR_REDIRECT] Nov 07, 2025 7:27:26 PM java.util.prefs.FileSystemPreferences checkLockFile0ErrorCode
2025-11-07 19:27:26,306 [ERROR] LogOutputStream:75 - [STDERR_REDIRECT] WARNING: Could not lock System prefs. Unix error code 2.
2025-11-07 19:27:26,306 [ERROR] LogOutputStream:75 - [STDERR_REDIRECT] 
2025-11-07 19:27:26,306 [ERROR] LogOutputStream:75 - [STDERR_REDIRECT] Nov 07, 2025 7:27:26 PM java.util.prefs.FileSystemPreferences syncWorld
2025-11-07 19:27:26,306 [ERROR] LogOutputStream:75 - [STDERR_REDIRECT] WARNING: Couldn't flush system prefs: java.util.prefs.BackingStoreException: Couldn't get file lock.
2025-11-07 19:27:26,307 [ERROR] LogOutputStream:75 - [STDERR_REDIRECT] 
2025-11-07 19:27:50,860 [INFO] WebApp:194 - Connection lost
2025-11-07 19:27:51,004 [INFO] WebApp:191 - Connection restablished
2025-11-07 19:27:56,306 [ERROR] LogOutputStream:75 - [STDERR_REDIRECT] Nov 07, 2025 7:27:56 PM java.util.prefs.FileSystemPreferences checkLockFile0ErrorCode
2025-11-07 19:27:56,307 [ERROR] LogOutputStream:75 - [STDERR_REDIRECT] WARNING: Could not lock System prefs. Unix error code 2.
2025-11-07 19:27:56,307 [ERROR] LogOutputStream:75 - [STDERR_REDIRECT] 
2025-11-07 19:27:56,307 [ERROR] LogOutputStream:75 - [STDERR_REDIRECT] Nov 07, 2025 7:27:56 PM java.util.prefs.FileSystemPreferences syncWorld
2025-11-07 19:27:56,308 [ERROR] LogOutputStream:75 - [STDERR_REDIRECT] WARNING: Couldn't flush system prefs: java.util.prefs.BackingStoreException: Couldn't get file lock.
2025-11-07 19:27:56,308 [ERROR] LogOutputStream:75 - [STDERR_REDIRECT] 
2025-11-07 19:28:26,307 [ERROR] LogOutputStream:75 - [STDERR_REDIRECT] Nov 07, 2025 7:28:26 PM java.util.prefs.FileSystemPreferences checkLockFile0ErrorCode
2025-11-07 19:28:26,308 [ERROR] LogOutputStream:75 - [STDERR_REDIRECT] WARNING: Could not lock System prefs. Unix error code 2.
2025-11-07 19:28:26,308 [ERROR] LogOutputStream:75 - [STDERR_REDIRECT] 
2025-11-07 19:28:26,310 [ERROR] LogOutputStream:75 - [STDERR_REDIRECT] Nov 07, 2025 7:28:26 PM java.util.prefs.FileSystemPreferences syncWorld
2025-11-07 19:28:26,310 [ERROR] LogOutputStream:75 - [STDERR_REDIRECT] WARNING: Couldn't flush system prefs: java.util.prefs.BackingStoreException: Couldn't get file lock.
2025-11-07 19:28:26,311 [ERROR] LogOutputStream:75 - [STDERR_REDIRECT] 
2025-11-07 19:28:56,306 [ERROR] LogOutputStream:75 - [STDERR_REDIRECT] Nov 07, 2025 7:28:56 PM java.util.prefs.FileSystemPreferences checkLockFile0ErrorCode
2025-11-07 19:28:56,307 [ERROR] LogOutputStream:75 - [STDERR_REDIRECT] WARNING: Could not lock System prefs. Unix error code 2.
2025-11-07 19:28:56,307 [ERROR] LogOutputStream:75 - [STDERR_REDIRECT] 
2025-11-07 19:28:56,308 [ERROR] LogOutputStream:75 - [STDERR_REDIRECT] Nov 07, 2025 7:28:56 PM java.util.prefs.FileSystemPreferences syncWorld
2025-11-07 19:28:56,308 [ERROR] LogOutputStream:75 - [STDERR_REDIRECT] WARNING: Couldn't flush system prefs: java.util.prefs.BackingStoreException: Couldn't get file lock.
2025-11-07 19:28:56,308 [ERROR] LogOutputStream:75 - [STDERR_REDIRECT] 
2025-11-07 19:29:11,701 [INFO] WebApp:194 - Connection lost
2025-11-07 19:29:14,217 [INFO] WebApp:191 - Connection restablished
2025-11-07 19:29:22,739 [INFO] WebApp:194 - Connection lost
2025-11-07 19:29:22,894 [INFO] WebApp:191 - Connection restablished
2025-11-07 19:29:26,308 [ERROR] LogOutputStream:75 - [STDERR_REDIRECT] Nov 07, 2025 7:29:26 PM java.util.prefs.FileSystemPreferences checkLockFile0ErrorCode
2025-11-07 19:29:26,308 [ERROR] LogOutputStream:75 - [STDERR_REDIRECT] WARNING: Could not lock System prefs. Unix error code 2.
2025-11-07 19:29:26,309 [ERROR] LogOutputStream:75 - [STDERR_REDIRECT] 
2025-11-07 19:29:26,311 [ERROR] LogOutputStream:75 - [STDERR_REDIRECT] Nov 07, 2025 7:29:26 PM java.util.prefs.FileSystemPreferences syncWorld
2025-11-07 19:29:26,312 [ERROR] LogOutputStream:75 - [STDERR_REDIRECT] WARNING: Couldn't flush system prefs: java.util.prefs.BackingStoreException: Couldn't get file lock.
2025-11-07 19:29:26,312 [ERROR] LogOutputStream:75 - [STDERR_REDIRECT] 
2025-11-07 19:29:56,307 [ERROR] LogOutputStream:75 - [STDERR_REDIRECT] Nov 07, 2025 7:29:56 PM java.util.prefs.FileSystemPreferences checkLockFile0ErrorCode
2025-11-07 19:29:56,307 [ERROR] LogOutputStream:75 - [STDERR_REDIRECT] WARNING: Could not lock System prefs. Unix error code 2.
2025-11-07 19:29:56,307 [ERROR] LogOutputStream:75 - [STDERR_REDIRECT] 
2025-11-07 19:29:56,308 [ERROR] LogOutputStream:75 - [STDERR_REDIRECT] Nov 07, 2025 7:29:56 PM java.util.prefs.FileSystemPreferences syncWorld
2025-11-07 19:29:56,308 [ERROR] LogOutputStream:75 - [STDERR_REDIRECT] WARNING: Couldn't flush system prefs: java.util.prefs.BackingStoreException: Couldn't get file lock.
2025-11-07 19:29:56,308 [ERROR] LogOutputStream:75 - [STDERR_REDIRECT] 
2025-11-07 19:30:26,307 [ERROR] LogOutputStream:75 - [STDERR_REDIRECT] Nov 07, 2025 7:30:26 PM java.util.prefs.FileSystemPreferences checkLockFile0ErrorCode
2025-11-07 19:30:26,307 [ERROR] LogOutputStream:75 - [STDERR_REDIRECT] WARNING: Could not lock System prefs. Unix error code 2.
2025-11-07 19:30:26,308 [ERROR] LogOutputStream:75 - [STDERR_REDIRECT] 
2025-11-07 19:30:26,309 [ERROR] LogOutputStream:75 - [STDERR_REDIRECT] Nov 07, 2025 7:30:26 PM java.util.prefs.FileSystemPreferences syncWorld
2025-11-07 19:30:26,309 [ERROR] LogOutputStream:75 - [STDERR_REDIRECT] WARNING: Couldn't flush system prefs: java.util.prefs.BackingStoreException: Couldn't get file lock.
2025-11-07 19:30:26,309 [ERROR] LogOutputStream:75 - [STDERR_REDIRECT] 
2025-11-07 19:30:44,004 [INFO] WebApp:194 - Connection lost
2025-11-07 19:30:56,306 [ERROR] LogOutputStream:75 - [STDERR_REDIRECT] Nov 07, 2025 7:30:56 PM java.util.prefs.FileSystemPreferences checkLockFile0ErrorCode
2025-11-07 19:30:56,307 [ERROR] LogOutputStream:75 - [STDERR_REDIRECT] WARNING: Could not lock System prefs. Unix error code 2.
2025-11-07 19:30:56,307 [ERROR] LogOutputStream:75 - [STDERR_REDIRECT] 
2025-11-07 19:30:56,308 [ERROR] LogOutputStream:75 - [STDERR_REDIRECT] Nov 07, 2025 7:30:56 PM java.util.prefs.FileSystemPreferences syncWorld
2025-11-07 19:30:56,308 [ERROR] LogOutputStream:75 - [STDERR_REDIRECT] WARNING: Couldn't flush system prefs: java.util.prefs.BackingStoreException: Couldn't get file lock.
2025-11-07 19:30:56,309 [ERROR] LogOutputStream:75 - [STDERR_REDIRECT] 
2025-11-07 19:31:10,805 [INFO] WebApp:191 - Connection restablished
2025-11-07 19:31:26,306 [ERROR] LogOutputStream:75 - [STDERR_REDIRECT] Nov 07, 2025 7:31:26 PM java.util.prefs.FileSystemPreferences checkLockFile0ErrorCode
2025-11-07 19:31:26,307 [ERROR] LogOutputStream:75 - [STDERR_REDIRECT] WARNING: Could not lock System prefs. Unix error code 2.
2025-11-07 19:31:26,307 [ERROR] LogOutputStream:75 - [STDERR_REDIRECT] 
2025-11-07 19:31:26,307 [ERROR] LogOutputStream:75 - [STDERR_REDIRECT] Nov 07, 2025 7:31:26 PM java.util.prefs.FileSystemPreferences syncWorld
2025-11-07 19:31:26,307 [ERROR] LogOutputStream:75 - [STDERR_REDIRECT] WARNING: Couldn't flush system prefs: java.util.prefs.BackingStoreException: Couldn't get file lock.
2025-11-07 19:31:26,307 [ERROR] LogOutputStream:75 - [STDERR_REDIRECT] 
2025-11-07 19:31:56,307 [ERROR] LogOutputStream:75 - [STDERR_REDIRECT] Nov 07, 2025 7:31:56 PM java.util.prefs.FileSystemPreferences checkLockFile0ErrorCode
2025-11-07 19:31:56,309 [ERROR] LogOutputStream:75 - [STDERR_REDIRECT] WARNING: Could not lock System prefs. Unix error code 2.
2025-11-07 19:31:56,310 [ERROR] LogOutputStream:75 - [STDERR_REDIRECT] 
2025-11-07 19:31:56,311 [ERROR] LogOutputStream:75 - [STDERR_REDIRECT] Nov 07, 2025 7:31:56 PM java.util.prefs.FileSystemPreferences syncWorld
2025-11-07 19:31:56,311 [ERROR] LogOutputStream:75 - [STDERR_REDIRECT] WARNING: Couldn't flush system prefs: java.util.prefs.BackingStoreException: Couldn't get file lock.
2025-11-07 19:31:56,311 [ERROR] LogOutputStream:75 - [STDERR_REDIRECT] 
2025-11-07 19:32:26,307 [ERROR] LogOutputStream:75 - [STDERR_REDIRECT] Nov 07, 2025 7:32:26 PM java.util.prefs.FileSystemPreferences checkLockFile0ErrorCode
2025-11-07 19:32:26,308 [ERROR] LogOutputStream:75 - [STDERR_REDIRECT] WARNING: Could not lock System prefs. Unix error code 2.
2025-11-07 19:32:26,308 [ERROR] LogOutputStream:75 - [STDERR_REDIRECT] 
2025-11-07 19:32:26,308 [ERROR] LogOutputStream:75 - [STDERR_REDIRECT] Nov 07, 2025 7:32:26 PM java.util.prefs.FileSystemPreferences syncWorld
2025-11-07 19:32:26,309 [ERROR] LogOutputStream:75 - [STDERR_REDIRECT] WARNING: Couldn't flush system prefs: java.util.prefs.BackingStoreException: Couldn't get file lock.
2025-11-07 19:32:26,309 [ERROR] LogOutputStream:75 - [STDERR_REDIRECT] 
2025-11-07 19:32:56,307 [ERROR] LogOutputStream:75 - [STDERR_REDIRECT] Nov 07, 2025 7:32:56 PM java.util.prefs.FileSystemPreferences checkLockFile0ErrorCode
2025-11-07 19:32:56,307 [ERROR] LogOutputStream:75 - [STDERR_REDIRECT] WARNING: Could not lock System prefs. Unix error code 2.
2025-11-07 19:32:56,308 [ERROR] LogOutputStream:75 - [STDERR_REDIRECT] 
2025-11-07 19:32:56,308 [ERROR] LogOutputStream:75 - [STDERR_REDIRECT] Nov 07, 2025 7:32:56 PM java.util.prefs.FileSystemPreferences syncWorld
2025-11-07 19:32:56,308 [ERROR] LogOutputStream:75 - [STDERR_REDIRECT] WARNING: Couldn't flush system prefs: java.util.prefs.BackingStoreException: Couldn't get file lock.
2025-11-07 19:32:56,308 [ERROR] LogOutputStream:75 - [STDERR_REDIRECT] 
2025-11-07 19:33:26,307 [ERROR] LogOutputStream:75 - [STDERR_REDIRECT] Nov 07, 2025 7:33:26 PM java.util.prefs.FileSystemPreferences checkLockFile0ErrorCode
2025-11-07 19:33:26,308 [ERROR] LogOutputStream:75 - [STDERR_REDIRECT] WARNING: Could not lock System prefs. Unix error code 2.
2025-11-07 19:33:26,308 [ERROR] LogOutputStream:75 - [STDERR_REDIRECT] 
2025-11-07 19:33:26,308 [ERROR] LogOutputStream:75 - [STDERR_REDIRECT] Nov 07, 2025 7:33:26 PM java.util.prefs.FileSystemPreferences syncWorld
2025-11-07 19:33:26,308 [ERROR] LogOutputStream:75 - [STDERR_REDIRECT] WARNING: Couldn't flush system prefs: java.util.prefs.BackingStoreException: Couldn't get file lock.
2025-11-07 19:33:26,308 [ERROR] LogOutputStream:75 - [STDERR_REDIRECT] 
2025-11-07 19:33:56,308 [ERROR] LogOutputStream:75 - [STDERR_REDIRECT] Nov 07, 2025 7:33:56 PM java.util.prefs.FileSystemPreferences checkLockFile0ErrorCode
2025-11-07 19:33:56,308 [ERROR] LogOutputStream:75 - [STDERR_REDIRECT] WARNING: Could not lock System prefs. Unix error code 2.
2025-11-07 19:33:56,309 [ERROR] LogOutputStream:75 - [STDERR_REDIRECT] 
2025-11-07 19:33:56,309 [ERROR] LogOutputStream:75 - [STDERR_REDIRECT] Nov 07, 2025 7:33:56 PM java.util.prefs.FileSystemPreferences syncWorld
2025-11-07 19:33:56,309 [ERROR] LogOutputStream:75 - [STDERR_REDIRECT] WARNING: Couldn't flush system prefs: java.util.prefs.BackingStoreException: Couldn't get file lock.
2025-11-07 19:33:56,309 [ERROR] LogOutputStream:75 - [STDERR_REDIRECT] 
2025-11-07 19:34:26,310 [ERROR] LogOutputStream:75 - [STDERR_REDIRECT] Nov 07, 2025 7:34:26 PM java.util.prefs.FileSystemPreferences checkLockFile0ErrorCode
2025-11-07 19:34:26,310 [ERROR] LogOutputStream:75 - [STDERR_REDIRECT] WARNING: Could not lock System prefs. Unix error code 2.
2025-11-07 19:34:26,310 [ERROR] LogOutputStream:75 - [STDERR_REDIRECT] 
2025-11-07 19:34:26,310 [ERROR] LogOutputStream:75 - [STDERR_REDIRECT] Nov 07, 2025 7:34:26 PM java.util.prefs.FileSystemPreferences syncWorld
2025-11-07 19:34:26,310 [ERROR] LogOutputStream:75 - [STDERR_REDIRECT] WARNING: Couldn't flush system prefs: java.util.prefs.BackingStoreException: Couldn't get file lock.
2025-11-07 19:34:26,311 [ERROR] LogOutputStream:75 - [STDERR_REDIRECT] 
2025-11-07 19:34:56,309 [ERROR] LogOutputStream:75 - [STDERR_REDIRECT] Nov 07, 2025 7:34:56 PM java.util.prefs.FileSystemPreferences checkLockFile0ErrorCode
2025-11-07 19:34:56,309 [ERROR] LogOutputStream:75 - [STDERR_REDIRECT] WARNING: Could not lock System prefs. Unix error code 2.
2025-11-07 19:34:56,309 [ERROR] LogOutputStream:75 - [STDERR_REDIRECT] 
2025-11-07 19:34:56,310 [ERROR] LogOutputStream:75 - [STDERR_REDIRECT] Nov 07, 2025 7:34:56 PM java.util.prefs.FileSystemPreferences syncWorld
2025-11-07 19:34:56,310 [ERROR] LogOutputStream:75 - [STDERR_REDIRECT] WARNING: Couldn't flush system prefs: java.util.prefs.BackingStoreException: Couldn't get file lock.
2025-11-07 19:34:56,310 [ERROR] LogOutputStream:75 - [STDERR_REDIRECT] 
2025-11-07 19:35:26,309 [ERROR] LogOutputStream:75 - [STDERR_REDIRECT] Nov 07, 2025 7:35:26 PM java.util.prefs.FileSystemPreferences checkLockFile0ErrorCode
2025-11-07 19:35:26,309 [ERROR] LogOutputStream:75 - [STDERR_REDIRECT] WARNING: Could not lock System prefs. Unix error code 2.
2025-11-07 19:35:26,310 [ERROR] LogOutputStream:75 - [STDERR_REDIRECT] 
2025-11-07 19:35:26,310 [ERROR] LogOutputStream:75 - [STDERR_REDIRECT] Nov 07, 2025 7:35:26 PM java.util.prefs.FileSystemPreferences syncWorld
2025-11-07 19:35:26,310 [ERROR] LogOutputStream:75 - [STDERR_REDIRECT] WARNING: Couldn't flush system prefs: java.util.prefs.BackingStoreException: Couldn't get file lock.
2025-11-07 19:35:26,310 [ERROR] LogOutputStream:75 - [STDERR_REDIRECT] 
2025-11-07 19:35:56,309 [ERROR] LogOutputStream:75 - [STDERR_REDIRECT] Nov 07, 2025 7:35:56 PM java.util.prefs.FileSystemPreferences checkLockFile0ErrorCode
2025-11-07 19:35:56,310 [ERROR] LogOutputStream:75 - [STDERR_REDIRECT] WARNING: Could not lock System prefs. Unix error code 2.
2025-11-07 19:35:56,310 [ERROR] LogOutputStream:75 - [STDERR_REDIRECT] 
2025-11-07 19:35:56,310 [ERROR] LogOutputStream:75 - [STDERR_REDIRECT] Nov 07, 2025 7:35:56 PM java.util.prefs.FileSystemPreferences syncWorld
2025-11-07 19:35:56,310 [ERROR] LogOutputStream:75 - [STDERR_REDIRECT] WARNING: Couldn't flush system prefs: java.util.prefs.BackingStoreException: Couldn't get file lock.
2025-11-07 19:35:56,310 [ERROR] LogOutputStream:75 - [STDERR_REDIRECT] 
2025-11-07 19:36:26,309 [ERROR] LogOutputStream:75 - [STDERR_REDIRECT] Nov 07, 2025 7:36:26 PM java.util.prefs.FileSystemPreferences checkLockFile0ErrorCode
2025-11-07 19:36:26,310 [ERROR] LogOutputStream:75 - [STDERR_REDIRECT] WARNING: Could not lock System prefs. Unix error code 2.
2025-11-07 19:36:26,310 [ERROR] LogOutputStream:75 - [STDERR_REDIRECT] 
2025-11-07 19:36:26,310 [ERROR] LogOutputStream:75 - [STDERR_REDIRECT] Nov 07, 2025 7:36:26 PM java.util.prefs.FileSystemPreferences syncWorld
2025-11-07 19:36:26,310 [ERROR] LogOutputStream:75 - [STDERR_REDIRECT] WARNING: Couldn't flush system prefs: java.util.prefs.BackingStoreException: Couldn't get file lock.
2025-11-07 19:36:26,310 [ERROR] LogOutputStream:75 - [STDERR_REDIRECT] 
2025-11-07 19:36:56,311 [ERROR] LogOutputStream:75 - [STDERR_REDIRECT] Nov 07, 2025 7:36:56 PM java.util.prefs.FileSystemPreferences checkLockFile0ErrorCode
2025-11-07 19:36:56,311 [ERROR] LogOutputStream:75 - [STDERR_REDIRECT] WARNING: Could not lock System prefs. Unix error code 2.
2025-11-07 19:36:56,311 [ERROR] LogOutputStream:75 - [STDERR_REDIRECT] 
2025-11-07 19:36:56,312 [ERROR] LogOutputStream:75 - [STDERR_REDIRECT] Nov 07, 2025 7:36:56 PM java.util.prefs.FileSystemPreferences syncWorld
2025-11-07 19:36:56,312 [ERROR] LogOutputStream:75 - [STDERR_REDIRECT] WARNING: Couldn't flush system prefs: java.util.prefs.BackingStoreException: Couldn't get file lock.
2025-11-07 19:36:56,312 [ERROR] LogOutputStream:75 - [STDERR_REDIRECT] 
2025-11-07 19:37:26,311 [ERROR] LogOutputStream:75 - [STDERR_REDIRECT] Nov 07, 2025 7:37:26 PM java.util.prefs.FileSystemPreferences checkLockFile0ErrorCode
2025-11-07 19:37:26,311 [ERROR] LogOutputStream:75 - [STDERR_REDIRECT] WARNING: Could not lock System prefs. Unix error code 2.
2025-11-07 19:37:26,311 [ERROR] LogOutputStream:75 - [STDERR_REDIRECT] 
2025-11-07 19:37:26,312 [ERROR] LogOutputStream:75 - [STDERR_REDIRECT] Nov 07, 2025 7:37:26 PM java.util.prefs.FileSystemPreferences syncWorld
2025-11-07 19:37:26,312 [ERROR] LogOutputStream:75 - [STDERR_REDIRECT] WARNING: Couldn't flush system prefs: java.util.prefs.BackingStoreException: Couldn't get file lock.
2025-11-07 19:37:26,312 [ERROR] LogOutputStream:75 - [STDERR_REDIRECT] 
2025-11-07 19:37:56,311 [ERROR] LogOutputStream:75 - [STDERR_REDIRECT] Nov 07, 2025 7:37:56 PM java.util.prefs.FileSystemPreferences checkLockFile0ErrorCode
2025-11-07 19:37:56,312 [ERROR] LogOutputStream:75 - [STDERR_REDIRECT] WARNING: Could not lock System prefs. Unix error code 2.
2025-11-07 19:37:56,312 [ERROR] LogOutputStream:75 - [STDERR_REDIRECT] 
2025-11-07 19:37:56,313 [ERROR] LogOutputStream:75 - [STDERR_REDIRECT] Nov 07, 2025 7:37:56 PM java.util.prefs.FileSystemPreferences syncWorld
2025-11-07 19:37:56,313 [ERROR] LogOutputStream:75 - [STDERR_REDIRECT] WARNING: Couldn't flush system prefs: java.util.prefs.BackingStoreException: Couldn't get file lock.
2025-11-07 19:37:56,314 [ERROR] LogOutputStream:75 - [STDERR_REDIRECT] 
2025-11-07 19:38:26,310 [ERROR] LogOutputStream:75 - [STDERR_REDIRECT] Nov 07, 2025 7:38:26 PM java.util.prefs.FileSystemPreferences checkLockFile0ErrorCode
2025-11-07 19:38:26,310 [ERROR] LogOutputStream:75 - [STDERR_REDIRECT] WARNING: Could not lock System prefs. Unix error code 2.
2025-11-07 19:38:26,310 [ERROR] LogOutputStream:75 - [STDERR_REDIRECT] 
2025-11-07 19:38:26,310 [ERROR] LogOutputStream:75 - [STDERR_REDIRECT] Nov 07, 2025 7:38:26 PM java.util.prefs.FileSystemPreferences syncWorld
2025-11-07 19:38:26,310 [ERROR] LogOutputStream:75 - [STDERR_REDIRECT] WARNING: Couldn't flush system prefs: java.util.prefs.BackingStoreException: Couldn't get file lock.
2025-11-07 19:38:26,310 [ERROR] LogOutputStream:75 - [STDERR_REDIRECT] 
2025-11-07 19:38:56,311 [ERROR] LogOutputStream:75 - [STDERR_REDIRECT] Nov 07, 2025 7:38:56 PM java.util.prefs.FileSystemPreferences checkLockFile0ErrorCode
2025-11-07 19:38:56,311 [ERROR] LogOutputStream:75 - [STDERR_REDIRECT] WARNING: Could not lock System prefs. Unix error code 2.
2025-11-07 19:38:56,311 [ERROR] LogOutputStream:75 - [STDERR_REDIRECT] 
2025-11-07 19:38:56,312 [ERROR] LogOutputStream:75 - [STDERR_REDIRECT] Nov 07, 2025 7:38:56 PM java.util.prefs.FileSystemPreferences syncWorld
2025-11-07 19:38:56,312 [ERROR] LogOutputStream:75 - [STDERR_REDIRECT] WARNING: Couldn't flush system prefs: java.util.prefs.BackingStoreException: Couldn't get file lock.
2025-11-07 19:38:56,312 [ERROR] LogOutputStream:75 - [STDERR_REDIRECT] 
2025-11-07 19:39:26,311 [ERROR] LogOutputStream:75 - [STDERR_REDIRECT] Nov 07, 2025 7:39:26 PM java.util.prefs.FileSystemPreferences checkLockFile0ErrorCode
2025-11-07 19:39:26,312 [ERROR] LogOutputStream:75 - [STDERR_REDIRECT] WARNING: Could not lock System prefs. Unix error code 2.
2025-11-07 19:39:26,312 [ERROR] LogOutputStream:75 - [STDERR_REDIRECT] 
2025-11-07 19:39:26,313 [ERROR] LogOutputStream:75 - [STDERR_REDIRECT] Nov 07, 2025 7:39:26 PM java.util.prefs.FileSystemPreferences syncWorld
2025-11-07 19:39:26,313 [ERROR] LogOutputStream:75 - [STDERR_REDIRECT] WARNING: Couldn't flush system prefs: java.util.prefs.BackingStoreException: Couldn't get file lock.
2025-11-07 19:39:26,313 [ERROR] LogOutputStream:75 - [STDERR_REDIRECT] 
2025-11-07 19:39:56,312 [ERROR] LogOutputStream:75 - [STDERR_REDIRECT] Nov 07, 2025 7:39:56 PM java.util.prefs.FileSystemPreferences checkLockFile0ErrorCode
2025-11-07 19:39:56,313 [ERROR] LogOutputStream:75 - [STDERR_REDIRECT] WARNING: Could not lock System prefs. Unix error code 2.
2025-11-07 19:39:56,313 [ERROR] LogOutputStream:75 - [STDERR_REDIRECT] 
2025-11-07 19:39:56,313 [ERROR] LogOutputStream:75 - [STDERR_REDIRECT] Nov 07, 2025 7:39:56 PM java.util.prefs.FileSystemPreferences syncWorld
2025-11-07 19:39:56,314 [ERROR] LogOutputStream:75 - [STDERR_REDIRECT] WARNING: Couldn't flush system prefs: java.util.prefs.BackingStoreException: Couldn't get file lock.
2025-11-07 19:39:56,314 [ERROR] LogOutputStream:75 - [STDERR_REDIRECT] 
2025-11-07 19:40:26,312 [ERROR] LogOutputStream:75 - [STDERR_REDIRECT] Nov 07, 2025 7:40:26 PM java.util.prefs.FileSystemPreferences checkLockFile0ErrorCode
2025-11-07 19:40:26,313 [ERROR] LogOutputStream:75 - [STDERR_REDIRECT] WARNING: Could not lock System prefs. Unix error code 2.
2025-11-07 19:40:26,313 [ERROR] LogOutputStream:75 - [STDERR_REDIRECT] 
2025-11-07 19:40:26,313 [ERROR] LogOutputStream:75 - [STDERR_REDIRECT] Nov 07, 2025 7:40:26 PM java.util.prefs.FileSystemPreferences syncWorld
2025-11-07 19:40:26,313 [ERROR] LogOutputStream:75 - [STDERR_REDIRECT] WARNING: Couldn't flush system prefs: java.util.prefs.BackingStoreException: Couldn't get file lock.
2025-11-07 19:40:26,313 [ERROR] LogOutputStream:75 - [STDERR_REDIRECT] 
2025-11-07 19:40:56,312 [ERROR] LogOutputStream:75 - [STDERR_REDIRECT] Nov 07, 2025 7:40:56 PM java.util.prefs.FileSystemPreferences checkLockFile0ErrorCode
2025-11-07 19:40:56,312 [ERROR] LogOutputStream:75 - [STDERR_REDIRECT] WARNING: Could not lock System prefs. Unix error code 2.
2025-11-07 19:40:56,312 [ERROR] LogOutputStream:75 - [STDERR_REDIRECT] 
2025-11-07 19:40:56,313 [ERROR] LogOutputStream:75 - [STDERR_REDIRECT] Nov 07, 2025 7:40:56 PM java.util.prefs.FileSystemPreferences syncWorld
2025-11-07 19:40:56,313 [ERROR] LogOutputStream:75 - [STDERR_REDIRECT] WARNING: Couldn't flush system prefs: java.util.prefs.BackingStoreException: Couldn't get file lock.
2025-11-07 19:40:56,313 [ERROR] LogOutputStream:75 - [STDERR_REDIRECT] 
2025-11-07 19:41:26,312 [ERROR] LogOutputStream:75 - [STDERR_REDIRECT] Nov 07, 2025 7:41:26 PM java.util.prefs.FileSystemPreferences checkLockFile0ErrorCode
2025-11-07 19:41:26,313 [ERROR] LogOutputStream:75 - [STDERR_REDIRECT] WARNING: Could not lock System prefs. Unix error code 2.
2025-11-07 19:41:26,313 [ERROR] LogOutputStream:75 - [STDERR_REDIRECT] 
2025-11-07 19:41:26,314 [ERROR] LogOutputStream:75 - [STDERR_REDIRECT] Nov 07, 2025 7:41:26 PM java.util.prefs.FileSystemPreferences syncWorld
2025-11-07 19:41:26,314 [ERROR] LogOutputStream:75 - [STDERR_REDIRECT] WARNING: Couldn't flush system prefs: java.util.prefs.BackingStoreException: Couldn't get file lock.
2025-11-07 19:41:26,314 [ERROR] LogOutputStream:75 - [STDERR_REDIRECT] 
2025-11-07 19:41:56,313 [ERROR] LogOutputStream:75 - [STDERR_REDIRECT] Nov 07, 2025 7:41:56 PM java.util.prefs.FileSystemPreferences checkLockFile0ErrorCode
2025-11-07 19:41:56,314 [ERROR] LogOutputStream:75 - [STDERR_REDIRECT] WARNING: Could not lock System prefs. Unix error code 2.
2025-11-07 19:41:56,314 [ERROR] LogOutputStream:75 - [STDERR_REDIRECT] 
2025-11-07 19:41:56,315 [ERROR] LogOutputStream:75 - [STDERR_REDIRECT] Nov 07, 2025 7:41:56 PM java.util.prefs.FileSystemPreferences syncWorld
2025-11-07 19:41:56,315 [ERROR] LogOutputStream:75 - [STDERR_REDIRECT] WARNING: Couldn't flush system prefs: java.util.prefs.BackingStoreException: Couldn't get file lock.
2025-11-07 19:41:56,315 [ERROR] LogOutputStream:75 - [STDERR_REDIRECT] 
2025-11-07 19:42:26,313 [ERROR] LogOutputStream:75 - [STDERR_REDIRECT] Nov 07, 2025 7:42:26 PM java.util.prefs.FileSystemPreferences checkLockFile0ErrorCode
2025-11-07 19:42:26,313 [ERROR] LogOutputStream:75 - [STDERR_REDIRECT] WARNING: Could not lock System prefs. Unix error code 2.
2025-11-07 19:42:26,313 [ERROR] LogOutputStream:75 - [STDERR_REDIRECT] 
2025-11-07 19:42:26,314 [ERROR] LogOutputStream:75 - [STDERR_REDIRECT] Nov 07, 2025 7:42:26 PM java.util.prefs.FileSystemPreferences syncWorld
2025-11-07 19:42:26,314 [ERROR] LogOutputStream:75 - [STDERR_REDIRECT] WARNING: Couldn't flush system prefs: java.util.prefs.BackingStoreException: Couldn't get file lock.
2025-11-07 19:42:26,314 [ERROR] LogOutputStream:75 - [STDERR_REDIRECT] 
2025-11-07 19:42:56,313 [ERROR] LogOutputStream:75 - [STDERR_REDIRECT] Nov 07, 2025 7:42:56 PM java.util.prefs.FileSystemPreferences checkLockFile0ErrorCode
2025-11-07 19:42:56,313 [ERROR] LogOutputStream:75 - [STDERR_REDIRECT] WARNING: Could not lock System prefs. Unix error code 2.
2025-11-07 19:42:56,313 [ERROR] LogOutputStream:75 - [STDERR_REDIRECT] 
2025-11-07 19:42:56,313 [ERROR] LogOutputStream:75 - [STDERR_REDIRECT] Nov 07, 2025 7:42:56 PM java.util.prefs.FileSystemPreferences syncWorld
2025-11-07 19:42:56,314 [ERROR] LogOutputStream:75 - [STDERR_REDIRECT] WARNING: Couldn't flush system prefs: java.util.prefs.BackingStoreException: Couldn't get file lock.
2025-11-07 19:42:56,314 [ERROR] LogOutputStream:75 - [STDERR_REDIRECT] 
2025-11-07 19:43:26,313 [ERROR] LogOutputStream:75 - [STDERR_REDIRECT] Nov 07, 2025 7:43:26 PM java.util.prefs.FileSystemPreferences checkLockFile0ErrorCode
2025-11-07 19:43:26,313 [ERROR] LogOutputStream:75 - [STDERR_REDIRECT] WARNING: Could not lock System prefs. Unix error code 2.
2025-11-07 19:43:26,313 [ERROR] LogOutputStream:75 - [STDERR_REDIRECT] 
2025-11-07 19:43:26,314 [ERROR] LogOutputStream:75 - [STDERR_REDIRECT] Nov 07, 2025 7:43:26 PM java.util.prefs.FileSystemPreferences syncWorld
2025-11-07 19:43:26,314 [ERROR] LogOutputStream:75 - [STDERR_REDIRECT] WARNING: Couldn't flush system prefs: java.util.prefs.BackingStoreException: Couldn't get file lock.
2025-11-07 19:43:26,314 [ERROR] LogOutputStream:75 - [STDERR_REDIRECT] 
2025-11-07 19:43:56,313 [ERROR] LogOutputStream:75 - [STDERR_REDIRECT] Nov 07, 2025 7:43:56 PM java.util.prefs.FileSystemPreferences checkLockFile0ErrorCode
2025-11-07 19:43:56,313 [ERROR] LogOutputStream:75 - [STDERR_REDIRECT] WARNING: Could not lock System prefs. Unix error code 2.
2025-11-07 19:43:56,313 [ERROR] LogOutputStream:75 - [STDERR_REDIRECT] 
2025-11-07 19:43:56,313 [ERROR] LogOutputStream:75 - [STDERR_REDIRECT] Nov 07, 2025 7:43:56 PM java.util.prefs.FileSystemPreferences syncWorld
2025-11-07 19:43:56,314 [ERROR] LogOutputStream:75 - [STDERR_REDIRECT] WARNING: Couldn't flush system prefs: java.util.prefs.BackingStoreException: Couldn't get file lock.
2025-11-07 19:43:56,314 [ERROR] LogOutputStream:75 - [STDERR_REDIRECT] 
2025-11-07 19:44:26,314 [ERROR] LogOutputStream:75 - [STDERR_REDIRECT] Nov 07, 2025 7:44:26 PM java.util.prefs.FileSystemPreferences checkLockFile0ErrorCode
2025-11-07 19:44:26,315 [ERROR] LogOutputStream:75 - [STDERR_REDIRECT] WARNING: Could not lock System prefs. Unix error code 2.
2025-11-07 19:44:26,315 [ERROR] LogOutputStream:75 - [STDERR_REDIRECT] 
2025-11-07 19:44:26,315 [ERROR] LogOutputStream:75 - [STDERR_REDIRECT] Nov 07, 2025 7:44:26 PM java.util.prefs.FileSystemPreferences syncWorld
2025-11-07 19:44:26,316 [ERROR] LogOutputStream:75 - [STDERR_REDIRECT] WARNING: Couldn't flush system prefs: java.util.prefs.BackingStoreException: Couldn't get file lock.
2025-11-07 19:44:26,316 [ERROR] LogOutputStream:75 - [STDERR_REDIRECT] 
2025-11-07 19:44:56,314 [ERROR] LogOutputStream:75 - [STDERR_REDIRECT] Nov 07, 2025 7:44:56 PM java.util.prefs.FileSystemPreferences checkLockFile0ErrorCode
2025-11-07 19:44:56,314 [ERROR] LogOutputStream:75 - [STDERR_REDIRECT] WARNING: Could not lock System prefs. Unix error code 2.
2025-11-07 19:44:56,314 [ERROR] LogOutputStream:75 - [STDERR_REDIRECT] 
2025-11-07 19:44:56,314 [ERROR] LogOutputStream:75 - [STDERR_REDIRECT] Nov 07, 2025 7:44:56 PM java.util.prefs.FileSystemPreferences syncWorld
2025-11-07 19:44:56,314 [ERROR] LogOutputStream:75 - [STDERR_REDIRECT] WARNING: Couldn't flush system prefs: java.util.prefs.BackingStoreException: Couldn't get file lock.
2025-11-07 19:44:56,314 [ERROR] LogOutputStream:75 - [STDERR_REDIRECT] 
2025-11-07 19:45:26,314 [ERROR] LogOutputStream:75 - [STDERR_REDIRECT] Nov 07, 2025 7:45:26 PM java.util.prefs.FileSystemPreferences checkLockFile0ErrorCode
2025-11-07 19:45:26,314 [ERROR] LogOutputStream:75 - [STDERR_REDIRECT] WARNING: Could not lock System prefs. Unix error code 2.
2025-11-07 19:45:26,314 [ERROR] LogOutputStream:75 - [STDERR_REDIRECT] 
2025-11-07 19:45:26,314 [ERROR] LogOutputStream:75 - [STDERR_REDIRECT] Nov 07, 2025 7:45:26 PM java.util.prefs.FileSystemPreferences syncWorld
2025-11-07 19:45:26,314 [ERROR] LogOutputStream:75 - [STDERR_REDIRECT] WARNING: Couldn't flush system prefs: java.util.prefs.BackingStoreException: Couldn't get file lock.
2025-11-07 19:45:26,314 [ERROR] LogOutputStream:75 - [STDERR_REDIRECT] 
2025-11-07 19:45:56,315 [ERROR] LogOutputStream:75 - [STDERR_REDIRECT] Nov 07, 2025 7:45:56 PM java.util.prefs.FileSystemPreferences checkLockFile0ErrorCode
2025-11-07 19:45:56,316 [ERROR] LogOutputStream:75 - [STDERR_REDIRECT] WARNING: Could not lock System prefs. Unix error code 2.
2025-11-07 19:45:56,316 [ERROR] LogOutputStream:75 - [STDERR_REDIRECT] 
2025-11-07 19:45:56,316 [ERROR] LogOutputStream:75 - [STDERR_REDIRECT] Nov 07, 2025 7:45:56 PM java.util.prefs.FileSystemPreferences syncWorld
2025-11-07 19:45:56,317 [ERROR] LogOutputStream:75 - [STDERR_REDIRECT] WARNING: Couldn't flush system prefs: java.util.prefs.BackingStoreException: Couldn't get file lock.
2025-11-07 19:45:56,317 [ERROR] LogOutputStream:75 - [STDERR_REDIRECT] 
2025-11-07 19:46:26,316 [ERROR] LogOutputStream:75 - [STDERR_REDIRECT] Nov 07, 2025 7:46:26 PM java.util.prefs.FileSystemPreferences checkLockFile0ErrorCode
2025-11-07 19:46:26,316 [ERROR] LogOutputStream:75 - [STDERR_REDIRECT] WARNING: Could not lock System prefs. Unix error code 2.
2025-11-07 19:46:26,316 [ERROR] LogOutputStream:75 - [STDERR_REDIRECT] 
2025-11-07 19:46:26,316 [ERROR] LogOutputStream:75 - [STDERR_REDIRECT] Nov 07, 2025 7:46:26 PM java.util.prefs.FileSystemPreferences syncWorld
2025-11-07 19:46:26,316 [ERROR] LogOutputStream:75 - [STDERR_REDIRECT] WARNING: Couldn't flush system prefs: java.util.prefs.BackingStoreException: Couldn't get file lock.
2025-11-07 19:46:26,316 [ERROR] LogOutputStream:75 - [STDERR_REDIRECT] 
2025-11-07 19:46:56,316 [ERROR] LogOutputStream:75 - [STDERR_REDIRECT] Nov 07, 2025 7:46:56 PM java.util.prefs.FileSystemPreferences checkLockFile0ErrorCode
2025-11-07 19:46:56,316 [ERROR] LogOutputStream:75 - [STDERR_REDIRECT] WARNING: Could not lock System prefs. Unix error code 2.
2025-11-07 19:46:56,316 [ERROR] LogOutputStream:75 - [STDERR_REDIRECT] 
2025-11-07 19:46:56,317 [ERROR] LogOutputStream:75 - [STDERR_REDIRECT] Nov 07, 2025 7:46:56 PM java.util.prefs.FileSystemPreferences syncWorld
2025-11-07 19:46:56,317 [ERROR] LogOutputStream:75 - [STDERR_REDIRECT] WARNING: Couldn't flush system prefs: java.util.prefs.BackingStoreException: Couldn't get file lock.
2025-11-07 19:46:56,317 [ERROR] LogOutputStream:75 - [STDERR_REDIRECT] 
2025-11-07 19:47:26,317 [ERROR] LogOutputStream:75 - [STDERR_REDIRECT] Nov 07, 2025 7:47:26 PM java.util.prefs.FileSystemPreferences checkLockFile0ErrorCode
2025-11-07 19:47:26,317 [ERROR] LogOutputStream:75 - [STDERR_REDIRECT] WARNING: Could not lock System prefs. Unix error code 2.
2025-11-07 19:47:26,317 [ERROR] LogOutputStream:75 - [STDERR_REDIRECT] 
2025-11-07 19:47:26,318 [ERROR] LogOutputStream:75 - [STDERR_REDIRECT] Nov 07, 2025 7:47:26 PM java.util.prefs.FileSystemPreferences syncWorld
2025-11-07 19:47:26,318 [ERROR] LogOutputStream:75 - [STDERR_REDIRECT] WARNING: Couldn't flush system prefs: java.util.prefs.BackingStoreException: Couldn't get file lock.
2025-11-07 19:47:26,318 [ERROR] LogOutputStream:75 - [STDERR_REDIRECT] 
2025-11-07 19:47:56,318 [ERROR] LogOutputStream:75 - [STDERR_REDIRECT] Nov 07, 2025 7:47:56 PM java.util.prefs.FileSystemPreferences checkLockFile0ErrorCode
2025-11-07 19:47:56,318 [ERROR] LogOutputStream:75 - [STDERR_REDIRECT] WARNING: Could not lock System prefs. Unix error code 2.
2025-11-07 19:47:56,319 [ERROR] LogOutputStream:75 - [STDERR_REDIRECT] 
2025-11-07 19:47:56,319 [ERROR] LogOutputStream:75 - [STDERR_REDIRECT] Nov 07, 2025 7:47:56 PM java.util.prefs.FileSystemPreferences syncWorld
2025-11-07 19:47:56,320 [ERROR] LogOutputStream:75 - [STDERR_REDIRECT] WARNING: Couldn't flush system prefs: java.util.prefs.BackingStoreException: Couldn't get file lock.
2025-11-07 19:47:56,320 [ERROR] LogOutputStream:75 - [STDERR_REDIRECT] 
2025-11-07 19:48:26,318 [ERROR] LogOutputStream:75 - [STDERR_REDIRECT] Nov 07, 2025 7:48:26 PM java.util.prefs.FileSystemPreferences checkLockFile0ErrorCode
2025-11-07 19:48:26,318 [ERROR] LogOutputStream:75 - [STDERR_REDIRECT] WARNING: Could not lock System prefs. Unix error code 2.
2025-11-07 19:48:26,319 [ERROR] LogOutputStream:75 - [STDERR_REDIRECT] 
2025-11-07 19:48:26,319 [ERROR] LogOutputStream:75 - [STDERR_REDIRECT] Nov 07, 2025 7:48:26 PM java.util.prefs.FileSystemPreferences syncWorld
2025-11-07 19:48:26,320 [ERROR] LogOutputStream:75 - [STDERR_REDIRECT] WARNING: Couldn't flush system prefs: java.util.prefs.BackingStoreException: Couldn't get file lock.
2025-11-07 19:48:26,320 [ERROR] LogOutputStream:75 - [STDERR_REDIRECT] 
2025-11-07 19:48:56,318 [ERROR] LogOutputStream:75 - [STDERR_REDIRECT] Nov 07, 2025 7:48:56 PM java.util.prefs.FileSystemPreferences checkLockFile0ErrorCode
2025-11-07 19:48:56,319 [ERROR] LogOutputStream:75 - [STDERR_REDIRECT] WARNING: Could not lock System prefs. Unix error code 2.
2025-11-07 19:48:56,319 [ERROR] LogOutputStream:75 - [STDERR_REDIRECT] 
2025-11-07 19:48:56,319 [ERROR] LogOutputStream:75 - [STDERR_REDIRECT] Nov 07, 2025 7:48:56 PM java.util.prefs.FileSystemPreferences syncWorld
2025-11-07 19:48:56,319 [ERROR] LogOutputStream:75 - [STDERR_REDIRECT] WARNING: Couldn't flush system prefs: java.util.prefs.BackingStoreException: Couldn't get file lock.
2025-11-07 19:48:56,319 [ERROR] LogOutputStream:75 - [STDERR_REDIRECT] 
2025-11-07 19:49:26,318 [ERROR] LogOutputStream:75 - [STDERR_REDIRECT] Nov 07, 2025 7:49:26 PM java.util.prefs.FileSystemPreferences checkLockFile0ErrorCode
2025-11-07 19:49:26,318 [ERROR] LogOutputStream:75 - [STDERR_REDIRECT] WARNING: Could not lock System prefs. Unix error code 2.
2025-11-07 19:49:26,319 [ERROR] LogOutputStream:75 - [STDERR_REDIRECT] 
2025-11-07 19:49:26,319 [ERROR] LogOutputStream:75 - [STDERR_REDIRECT] Nov 07, 2025 7:49:26 PM java.util.prefs.FileSystemPreferences syncWorld
2025-11-07 19:49:26,319 [ERROR] LogOutputStream:75 - [STDERR_REDIRECT] WARNING: Couldn't flush system prefs: java.util.prefs.BackingStoreException: Couldn't get file lock.
2025-11-07 19:49:26,319 [ERROR] LogOutputStream:75 - [STDERR_REDIRECT] 
2025-11-07 19:49:56,319 [ERROR] LogOutputStream:75 - [STDERR_REDIRECT] Nov 07, 2025 7:49:56 PM java.util.prefs.FileSystemPreferences checkLockFile0ErrorCode
2025-11-07 19:49:56,319 [ERROR] LogOutputStream:75 - [STDERR_REDIRECT] WARNING: Could not lock System prefs. Unix error code 2.
2025-11-07 19:49:56,319 [ERROR] LogOutputStream:75 - [STDERR_REDIRECT] 
2025-11-07 19:49:56,319 [ERROR] LogOutputStream:75 - [STDERR_REDIRECT] Nov 07, 2025 7:49:56 PM java.util.prefs.FileSystemPreferences syncWorld
2025-11-07 19:49:56,319 [ERROR] LogOutputStream:75 - [STDERR_REDIRECT] WARNING: Couldn't flush system prefs: java.util.prefs.BackingStoreException: Couldn't get file lock.
2025-11-07 19:49:56,320 [ERROR] LogOutputStream:75 - [STDERR_REDIRECT] 
2025-11-07 19:50:26,318 [ERROR] LogOutputStream:75 - [STDERR_REDIRECT] Nov 07, 2025 7:50:26 PM java.util.prefs.FileSystemPreferences checkLockFile0ErrorCode
2025-11-07 19:50:26,318 [ERROR] LogOutputStream:75 - [STDERR_REDIRECT] WARNING: Could not lock System prefs. Unix error code 2.
2025-11-07 19:50:26,319 [ERROR] LogOutputStream:75 - [STDERR_REDIRECT] 
2025-11-07 19:50:26,319 [ERROR] LogOutputStream:75 - [STDERR_REDIRECT] Nov 07, 2025 7:50:26 PM java.util.prefs.FileSystemPreferences syncWorld
2025-11-07 19:50:26,319 [ERROR] LogOutputStream:75 - [STDERR_REDIRECT] WARNING: Couldn't flush system prefs: java.util.prefs.BackingStoreException: Couldn't get file lock.
2025-11-07 19:50:26,319 [ERROR] LogOutputStream:75 - [STDERR_REDIRECT] 
2025-11-07 19:50:56,318 [ERROR] LogOutputStream:75 - [STDERR_REDIRECT] Nov 07, 2025 7:50:56 PM java.util.prefs.FileSystemPreferences checkLockFile0ErrorCode
2025-11-07 19:50:56,318 [ERROR] LogOutputStream:75 - [STDERR_REDIRECT] WARNING: Could not lock System prefs. Unix error code 2.
2025-11-07 19:50:56,318 [ERROR] LogOutputStream:75 - [STDERR_REDIRECT] 
2025-11-07 19:50:56,319 [ERROR] LogOutputStream:75 - [STDERR_REDIRECT] Nov 07, 2025 7:50:56 PM java.util.prefs.FileSystemPreferences syncWorld
2025-11-07 19:50:56,319 [ERROR] LogOutputStream:75 - [STDERR_REDIRECT] WARNING: Couldn't flush system prefs: java.util.prefs.BackingStoreException: Couldn't get file lock.
2025-11-07 19:50:56,319 [ERROR] LogOutputStream:75 - [STDERR_REDIRECT] 
2025-11-07 19:51:26,319 [ERROR] LogOutputStream:75 - [STDERR_REDIRECT] Nov 07, 2025 7:51:26 PM java.util.prefs.FileSystemPreferences checkLockFile0ErrorCode
2025-11-07 19:51:26,319 [ERROR] LogOutputStream:75 - [STDERR_REDIRECT] WARNING: Could not lock System prefs. Unix error code 2.
2025-11-07 19:51:26,319 [ERROR] LogOutputStream:75 - [STDERR_REDIRECT] 
2025-11-07 19:51:26,320 [ERROR] LogOutputStream:75 - [STDERR_REDIRECT] Nov 07, 2025 7:51:26 PM java.util.prefs.FileSystemPreferences syncWorld
2025-11-07 19:51:26,320 [ERROR] LogOutputStream:75 - [STDERR_REDIRECT] WARNING: Couldn't flush system prefs: java.util.prefs.BackingStoreException: Couldn't get file lock.
2025-11-07 19:51:26,320 [ERROR] LogOutputStream:75 - [STDERR_REDIRECT] 
2025-11-07 19:51:56,320 [ERROR] LogOutputStream:75 - [STDERR_REDIRECT] Nov 07, 2025 7:51:56 PM java.util.prefs.FileSystemPreferences checkLockFile0ErrorCode
2025-11-07 19:51:56,320 [ERROR] LogOutputStream:75 - [STDERR_REDIRECT] WARNING: Could not lock System prefs. Unix error code 2.
2025-11-07 19:51:56,320 [ERROR] LogOutputStream:75 - [STDERR_REDIRECT] 
2025-11-07 19:51:56,321 [ERROR] LogOutputStream:75 - [STDERR_REDIRECT] Nov 07, 2025 7:51:56 PM java.util.prefs.FileSystemPreferences syncWorld
2025-11-07 19:51:56,321 [ERROR] LogOutputStream:75 - [STDERR_REDIRECT] WARNING: Couldn't flush system prefs: java.util.prefs.BackingStoreException: Couldn't get file lock.
2025-11-07 19:51:56,321 [ERROR] LogOutputStream:75 - [STDERR_REDIRECT] 
2025-11-07 19:52:26,320 [ERROR] LogOutputStream:75 - [STDERR_REDIRECT] Nov 07, 2025 7:52:26 PM java.util.prefs.FileSystemPreferences checkLockFile0ErrorCode
2025-11-07 19:52:26,320 [ERROR] LogOutputStream:75 - [STDERR_REDIRECT] WARNING: Could not lock System prefs. Unix error code 2.
2025-11-07 19:52:26,321 [ERROR] LogOutputStream:75 - [STDERR_REDIRECT] 
2025-11-07 19:52:26,321 [ERROR] LogOutputStream:75 - [STDERR_REDIRECT] Nov 07, 2025 7:52:26 PM java.util.prefs.FileSystemPreferences syncWorld
2025-11-07 19:52:26,321 [ERROR] LogOutputStream:75 - [STDERR_REDIRECT] WARNING: Couldn't flush system prefs: java.util.prefs.BackingStoreException: Couldn't get file lock.
2025-11-07 19:52:26,322 [ERROR] LogOutputStream:75 - [STDERR_REDIRECT] 
2025-11-07 19:52:56,320 [ERROR] LogOutputStream:75 - [STDERR_REDIRECT] Nov 07, 2025 7:52:56 PM java.util.prefs.FileSystemPreferences checkLockFile0ErrorCode
2025-11-07 19:52:56,320 [ERROR] LogOutputStream:75 - [STDERR_REDIRECT] WARNING: Could not lock System prefs. Unix error code 2.
2025-11-07 19:52:56,320 [ERROR] LogOutputStream:75 - [STDERR_REDIRECT] 
2025-11-07 19:52:56,321 [ERROR] LogOutputStream:75 - [STDERR_REDIRECT] Nov 07, 2025 7:52:56 PM java.util.prefs.FileSystemPreferences syncWorld
2025-11-07 19:52:56,321 [ERROR] LogOutputStream:75 - [STDERR_REDIRECT] WARNING: Couldn't flush system prefs: java.util.prefs.BackingStoreException: Couldn't get file lock.
2025-11-07 19:52:56,321 [ERROR] LogOutputStream:75 - [STDERR_REDIRECT] 
2025-11-07 19:53:26,320 [ERROR] LogOutputStream:75 - [STDERR_REDIRECT] Nov 07, 2025 7:53:26 PM java.util.prefs.FileSystemPreferences checkLockFile0ErrorCode
2025-11-07 19:53:26,321 [ERROR] LogOutputStream:75 - [STDERR_REDIRECT] WARNING: Could not lock System prefs. Unix error code 2.
2025-11-07 19:53:26,321 [ERROR] LogOutputStream:75 - [STDERR_REDIRECT] 
2025-11-07 19:53:26,322 [ERROR] LogOutputStream:75 - [STDERR_REDIRECT] Nov 07, 2025 7:53:26 PM java.util.prefs.FileSystemPreferences syncWorld
2025-11-07 19:53:26,322 [ERROR] LogOutputStream:75 - [STDERR_REDIRECT] WARNING: Couldn't flush system prefs: java.util.prefs.BackingStoreException: Couldn't get file lock.
2025-11-07 19:53:26,322 [ERROR] LogOutputStream:75 - [STDERR_REDIRECT] 
2025-11-07 19:53:56,321 [ERROR] LogOutputStream:75 - [STDERR_REDIRECT] Nov 07, 2025 7:53:56 PM java.util.prefs.FileSystemPreferences checkLockFile0ErrorCode
2025-11-07 19:53:56,321 [ERROR] LogOutputStream:75 - [STDERR_REDIRECT] WARNING: Could not lock System prefs. Unix error code 2.
2025-11-07 19:53:56,321 [ERROR] LogOutputStream:75 - [STDERR_REDIRECT] 
2025-11-07 19:53:56,322 [ERROR] LogOutputStream:75 - [STDERR_REDIRECT] Nov 07, 2025 7:53:56 PM java.util.prefs.FileSystemPreferences syncWorld
2025-11-07 19:53:56,322 [ERROR] LogOutputStream:75 - [STDERR_REDIRECT] WARNING: Couldn't flush system prefs: java.util.prefs.BackingStoreException: Couldn't get file lock.
2025-11-07 19:53:56,322 [ERROR] LogOutputStream:75 - [STDERR_REDIRECT] 
2025-11-07 19:54:26,321 [ERROR] LogOutputStream:75 - [STDERR_REDIRECT] Nov 07, 2025 7:54:26 PM java.util.prefs.FileSystemPreferences checkLockFile0ErrorCode
2025-11-07 19:54:26,322 [ERROR] LogOutputStream:75 - [STDERR_REDIRECT] WARNING: Could not lock System prefs. Unix error code 2.
2025-11-07 19:54:26,322 [ERROR] LogOutputStream:75 - [STDERR_REDIRECT] 
2025-11-07 19:54:26,322 [ERROR] LogOutputStream:75 - [STDERR_REDIRECT] Nov 07, 2025 7:54:26 PM java.util.prefs.FileSystemPreferences syncWorld
2025-11-07 19:54:26,322 [ERROR] LogOutputStream:75 - [STDERR_REDIRECT] WARNING: Couldn't flush system prefs: java.util.prefs.BackingStoreException: Couldn't get file lock.
2025-11-07 19:54:26,322 [ERROR] LogOutputStream:75 - [STDERR_REDIRECT] 
2025-11-07 19:54:56,322 [ERROR] LogOutputStream:75 - [STDERR_REDIRECT] Nov 07, 2025 7:54:56 PM java.util.prefs.FileSystemPreferences checkLockFile0ErrorCode
2025-11-07 19:54:56,322 [ERROR] LogOutputStream:75 - [STDERR_REDIRECT] WARNING: Could not lock System prefs. Unix error code 2.
2025-11-07 19:54:56,322 [ERROR] LogOutputStream:75 - [STDERR_REDIRECT] 
2025-11-07 19:54:56,322 [ERROR] LogOutputStream:75 - [STDERR_REDIRECT] Nov 07, 2025 7:54:56 PM java.util.prefs.FileSystemPreferences syncWorld
2025-11-07 19:54:56,323 [ERROR] LogOutputStream:75 - [STDERR_REDIRECT] WARNING: Couldn't flush system prefs: java.util.prefs.BackingStoreException: Couldn't get file lock.
2025-11-07 19:54:56,323 [ERROR] LogOutputStream:75 - [STDERR_REDIRECT] 
2025-11-07 19:55:26,322 [ERROR] LogOutputStream:75 - [STDERR_REDIRECT] Nov 07, 2025 7:55:26 PM java.util.prefs.FileSystemPreferences checkLockFile0ErrorCode
2025-11-07 19:55:26,322 [ERROR] LogOutputStream:75 - [STDERR_REDIRECT] WARNING: Could not lock System prefs. Unix error code 2.
2025-11-07 19:55:26,322 [ERROR] LogOutputStream:75 - [STDERR_REDIRECT] 
2025-11-07 19:55:26,322 [ERROR] LogOutputStream:75 - [STDERR_REDIRECT] Nov 07, 2025 7:55:26 PM java.util.prefs.FileSystemPreferences syncWorld
2025-11-07 19:55:26,322 [ERROR] LogOutputStream:75 - [STDERR_REDIRECT] WARNING: Couldn't flush system prefs: java.util.prefs.BackingStoreException: Couldn't get file lock.
2025-11-07 19:55:26,322 [ERROR] LogOutputStream:75 - [STDERR_REDIRECT] 
2025-11-07 19:55:56,323 [ERROR] LogOutputStream:75 - [STDERR_REDIRECT] Nov 07, 2025 7:55:56 PM java.util.prefs.FileSystemPreferences checkLockFile0ErrorCode
2025-11-07 19:55:56,323 [ERROR] LogOutputStream:75 - [STDERR_REDIRECT] WARNING: Could not lock System prefs. Unix error code 2.
2025-11-07 19:55:56,323 [ERROR] LogOutputStream:75 - [STDERR_REDIRECT] 
2025-11-07 19:55:56,324 [ERROR] LogOutputStream:75 - [STDERR_REDIRECT] Nov 07, 2025 7:55:56 PM java.util.prefs.FileSystemPreferences syncWorld
2025-11-07 19:55:56,324 [ERROR] LogOutputStream:75 - [STDERR_REDIRECT] WARNING: Couldn't flush system prefs: java.util.prefs.BackingStoreException: Couldn't get file lock.
2025-11-07 19:55:56,324 [ERROR] LogOutputStream:75 - [STDERR_REDIRECT] 
2025-11-07 19:56:26,323 [ERROR] LogOutputStream:75 - [STDERR_REDIRECT] Nov 07, 2025 7:56:26 PM java.util.prefs.FileSystemPreferences checkLockFile0ErrorCode
2025-11-07 19:56:26,323 [ERROR] LogOutputStream:75 - [STDERR_REDIRECT] WARNING: Could not lock System prefs. Unix error code 2.
2025-11-07 19:56:26,323 [ERROR] LogOutputStream:75 - [STDERR_REDIRECT] 
2025-11-07 19:56:26,324 [ERROR] LogOutputStream:75 - [STDERR_REDIRECT] Nov 07, 2025 7:56:26 PM java.util.prefs.FileSystemPreferences syncWorld
2025-11-07 19:56:26,324 [ERROR] LogOutputStream:75 - [STDERR_REDIRECT] WARNING: Couldn't flush system prefs: java.util.prefs.BackingStoreException: Couldn't get file lock.
2025-11-07 19:56:26,324 [ERROR] LogOutputStream:75 - [STDERR_REDIRECT] 
2025-11-07 19:56:56,323 [ERROR] LogOutputStream:75 - [STDERR_REDIRECT] Nov 07, 2025 7:56:56 PM java.util.prefs.FileSystemPreferences checkLockFile0ErrorCode
2025-11-07 19:56:56,323 [ERROR] LogOutputStream:75 - [STDERR_REDIRECT] WARNING: Could not lock System prefs. Unix error code 2.
2025-11-07 19:56:56,323 [ERROR] LogOutputStream:75 - [STDERR_REDIRECT] 
2025-11-07 19:56:56,324 [ERROR] LogOutputStream:75 - [STDERR_REDIRECT] Nov 07, 2025 7:56:56 PM java.util.prefs.FileSystemPreferences syncWorld
2025-11-07 19:56:56,324 [ERROR] LogOutputStream:75 - [STDERR_REDIRECT] WARNING: Couldn't flush system prefs: java.util.prefs.BackingStoreException: Couldn't get file lock.
2025-11-07 19:56:56,324 [ERROR] LogOutputStream:75 - [STDERR_REDIRECT] 
2025-11-07 19:57:26,324 [ERROR] LogOutputStream:75 - [STDERR_REDIRECT] Nov 07, 2025 7:57:26 PM java.util.prefs.FileSystemPreferences checkLockFile0ErrorCode
2025-11-07 19:57:26,324 [ERROR] LogOutputStream:75 - [STDERR_REDIRECT] WARNING: Could not lock System prefs. Unix error code 2.
2025-11-07 19:57:26,324 [ERROR] LogOutputStream:75 - [STDERR_REDIRECT] 
2025-11-07 19:57:26,324 [ERROR] LogOutputStream:75 - [STDERR_REDIRECT] Nov 07, 2025 7:57:26 PM java.util.prefs.FileSystemPreferences syncWorld
2025-11-07 19:57:26,325 [ERROR] LogOutputStream:75 - [STDERR_REDIRECT] WARNING: Couldn't flush system prefs: java.util.prefs.BackingStoreException: Couldn't get file lock.
2025-11-07 19:57:26,325 [ERROR] LogOutputStream:75 - [STDERR_REDIRECT] 
2025-11-07 19:57:56,322 [ERROR] LogOutputStream:75 - [STDERR_REDIRECT] Nov 07, 2025 7:57:56 PM java.util.prefs.FileSystemPreferences checkLockFile0ErrorCode
2025-11-07 19:57:56,322 [ERROR] LogOutputStream:75 - [STDERR_REDIRECT] WARNING: Could not lock System prefs. Unix error code 2.
2025-11-07 19:57:56,322 [ERROR] LogOutputStream:75 - [STDERR_REDIRECT] 
2025-11-07 19:57:56,322 [ERROR] LogOutputStream:75 - [STDERR_REDIRECT] Nov 07, 2025 7:57:56 PM java.util.prefs.FileSystemPreferences syncWorld
2025-11-07 19:57:56,323 [ERROR] LogOutputStream:75 - [STDERR_REDIRECT] WARNING: Couldn't flush system prefs: java.util.prefs.BackingStoreException: Couldn't get file lock.
2025-11-07 19:57:56,323 [ERROR] LogOutputStream:75 - [STDERR_REDIRECT] 
2025-11-07 19:58:26,323 [ERROR] LogOutputStream:75 - [STDERR_REDIRECT] Nov 07, 2025 7:58:26 PM java.util.prefs.FileSystemPreferences checkLockFile0ErrorCode
2025-11-07 19:58:26,323 [ERROR] LogOutputStream:75 - [STDERR_REDIRECT] WARNING: Could not lock System prefs. Unix error code 2.
2025-11-07 19:58:26,323 [ERROR] LogOutputStream:75 - [STDERR_REDIRECT] 
2025-11-07 19:58:26,324 [ERROR] LogOutputStream:75 - [STDERR_REDIRECT] Nov 07, 2025 7:58:26 PM java.util.prefs.FileSystemPreferences syncWorld
2025-11-07 19:58:26,324 [ERROR] LogOutputStream:75 - [STDERR_REDIRECT] WARNING: Couldn't flush system prefs: java.util.prefs.BackingStoreException: Couldn't get file lock.
2025-11-07 19:58:26,324 [ERROR] LogOutputStream:75 - [STDERR_REDIRECT] 
2025-11-07 19:58:56,323 [ERROR] LogOutputStream:75 - [STDERR_REDIRECT] Nov 07, 2025 7:58:56 PM java.util.prefs.FileSystemPreferences checkLockFile0ErrorCode
2025-11-07 19:58:56,323 [ERROR] LogOutputStream:75 - [STDERR_REDIRECT] WARNING: Could not lock System prefs. Unix error code 2.
2025-11-07 19:58:56,323 [ERROR] LogOutputStream:75 - [STDERR_REDIRECT] 
2025-11-07 19:58:56,324 [ERROR] LogOutputStream:75 - [STDERR_REDIRECT] Nov 07, 2025 7:58:56 PM java.util.prefs.FileSystemPreferences syncWorld
2025-11-07 19:58:56,324 [ERROR] LogOutputStream:75 - [STDERR_REDIRECT] WARNING: Couldn't flush system prefs: java.util.prefs.BackingStoreException: Couldn't get file lock.
2025-11-07 19:58:56,324 [ERROR] LogOutputStream:75 - [STDERR_REDIRECT] 
2025-11-07 19:59:26,324 [ERROR] LogOutputStream:75 - [STDERR_REDIRECT] Nov 07, 2025 7:59:26 PM java.util.prefs.FileSystemPreferences checkLockFile0ErrorCode
2025-11-07 19:59:26,325 [ERROR] LogOutputStream:75 - [STDERR_REDIRECT] WARNING: Could not lock System prefs. Unix error code 2.
2025-11-07 19:59:26,325 [ERROR] LogOutputStream:75 - [STDERR_REDIRECT] 
2025-11-07 19:59:26,326 [ERROR] LogOutputStream:75 - [STDERR_REDIRECT] Nov 07, 2025 7:59:26 PM java.util.prefs.FileSystemPreferences syncWorld
2025-11-07 19:59:26,326 [ERROR] LogOutputStream:75 - [STDERR_REDIRECT] WARNING: Couldn't flush system prefs: java.util.prefs.BackingStoreException: Couldn't get file lock.
2025-11-07 19:59:26,326 [ERROR] LogOutputStream:75 - [STDERR_REDIRECT] 
2025-11-07 19:59:56,324 [ERROR] LogOutputStream:75 - [STDERR_REDIRECT] Nov 07, 2025 7:59:56 PM java.util.prefs.FileSystemPreferences checkLockFile0ErrorCode
2025-11-07 19:59:56,324 [ERROR] LogOutputStream:75 - [STDERR_REDIRECT] WARNING: Could not lock System prefs. Unix error code 2.
2025-11-07 19:59:56,325 [ERROR] LogOutputStream:75 - [STDERR_REDIRECT] 
2025-11-07 19:59:56,325 [ERROR] LogOutputStream:75 - [STDERR_REDIRECT] Nov 07, 2025 7:59:56 PM java.util.prefs.FileSystemPreferences syncWorld
2025-11-07 19:59:56,326 [ERROR] LogOutputStream:75 - [STDERR_REDIRECT] WARNING: Couldn't flush system prefs: java.util.prefs.BackingStoreException: Couldn't get file lock.
2025-11-07 19:59:56,326 [ERROR] LogOutputStream:75 - [STDERR_REDIRECT] 
2025-11-07 20:00:26,322 [ERROR] LogOutputStream:75 - [STDERR_REDIRECT] Nov 07, 2025 8:00:26 PM java.util.prefs.FileSystemPreferences checkLockFile0ErrorCode
2025-11-07 20:00:26,322 [ERROR] LogOutputStream:75 - [STDERR_REDIRECT] WARNING: Could not lock System prefs. Unix error code 2.
2025-11-07 20:00:26,323 [ERROR] LogOutputStream:75 - [STDERR_REDIRECT] 
2025-11-07 20:00:26,323 [ERROR] LogOutputStream:75 - [STDERR_REDIRECT] Nov 07, 2025 8:00:26 PM java.util.prefs.FileSystemPreferences syncWorld
2025-11-07 20:00:26,323 [ERROR] LogOutputStream:75 - [STDERR_REDIRECT] WARNING: Couldn't flush system prefs: java.util.prefs.BackingStoreException: Couldn't get file lock.
2025-11-07 20:00:26,323 [ERROR] LogOutputStream:75 - [STDERR_REDIRECT] 
2025-11-07 20:00:56,322 [ERROR] LogOutputStream:75 - [STDERR_REDIRECT] Nov 07, 2025 8:00:56 PM java.util.prefs.FileSystemPreferences checkLockFile0ErrorCode
2025-11-07 20:00:56,322 [ERROR] LogOutputStream:75 - [STDERR_REDIRECT] WARNING: Could not lock System prefs. Unix error code 2.
2025-11-07 20:00:56,323 [ERROR] LogOutputStream:75 - [STDERR_REDIRECT] 
2025-11-07 20:00:56,323 [ERROR] LogOutputStream:75 - [STDERR_REDIRECT] Nov 07, 2025 8:00:56 PM java.util.prefs.FileSystemPreferences syncWorld
2025-11-07 20:00:56,324 [ERROR] LogOutputStream:75 - [STDERR_REDIRECT] WARNING: Couldn't flush system prefs: java.util.prefs.BackingStoreException: Couldn't get file lock.
2025-11-07 20:00:56,324 [ERROR] LogOutputStream:75 - [STDERR_REDIRECT] 
2025-11-07 20:01:26,324 [ERROR] LogOutputStream:75 - [STDERR_REDIRECT] Nov 07, 2025 8:01:26 PM java.util.prefs.FileSystemPreferences checkLockFile0ErrorCode
2025-11-07 20:01:26,325 [ERROR] LogOutputStream:75 - [STDERR_REDIRECT] WARNING: Could not lock System prefs. Unix error code 2.
2025-11-07 20:01:26,325 [ERROR] LogOutputStream:75 - [STDERR_REDIRECT] 
2025-11-07 20:01:26,326 [ERROR] LogOutputStream:75 - [STDERR_REDIRECT] Nov 07, 2025 8:01:26 PM java.util.prefs.FileSystemPreferences syncWorld
2025-11-07 20:01:26,326 [ERROR] LogOutputStream:75 - [STDERR_REDIRECT] WARNING: Couldn't flush system prefs: java.util.prefs.BackingStoreException: Couldn't get file lock.
2025-11-07 20:01:26,327 [ERROR] LogOutputStream:75 - [STDERR_REDIRECT] 
2025-11-07 20:01:56,323 [ERROR] LogOutputStream:75 - [STDERR_REDIRECT] Nov 07, 2025 8:01:56 PM java.util.prefs.FileSystemPreferences checkLockFile0ErrorCode
2025-11-07 20:01:56,324 [ERROR] LogOutputStream:75 - [STDERR_REDIRECT] WARNING: Could not lock System prefs. Unix error code 2.
2025-11-07 20:01:56,324 [ERROR] LogOutputStream:75 - [STDERR_REDIRECT] 
2025-11-07 20:01:56,325 [ERROR] LogOutputStream:75 - [STDERR_REDIRECT] Nov 07, 2025 8:01:56 PM java.util.prefs.FileSystemPreferences syncWorld
2025-11-07 20:01:56,325 [ERROR] LogOutputStream:75 - [STDERR_REDIRECT] WARNING: Couldn't flush system prefs: java.util.prefs.BackingStoreException: Couldn't get file lock.
2025-11-07 20:01:56,325 [ERROR] LogOutputStream:75 - [STDERR_REDIRECT] 
2025-11-07 20:02:26,324 [ERROR] LogOutputStream:75 - [STDERR_REDIRECT] Nov 07, 2025 8:02:26 PM java.util.prefs.FileSystemPreferences checkLockFile0ErrorCode
2025-11-07 20:02:26,324 [ERROR] LogOutputStream:75 - [STDERR_REDIRECT] WARNING: Could not lock System prefs. Unix error code 2.
2025-11-07 20:02:26,325 [ERROR] LogOutputStream:75 - [STDERR_REDIRECT] 
2025-11-07 20:02:26,325 [ERROR] LogOutputStream:75 - [STDERR_REDIRECT] Nov 07, 2025 8:02:26 PM java.util.prefs.FileSystemPreferences syncWorld
2025-11-07 20:02:26,325 [ERROR] LogOutputStream:75 - [STDERR_REDIRECT] WARNING: Couldn't flush system prefs: java.util.prefs.BackingStoreException: Couldn't get file lock.
2025-11-07 20:02:26,325 [ERROR] LogOutputStream:75 - [STDERR_REDIRECT] 
2025-11-07 20:02:56,323 [ERROR] LogOutputStream:75 - [STDERR_REDIRECT] Nov 07, 2025 8:02:56 PM java.util.prefs.FileSystemPreferences checkLockFile0ErrorCode
2025-11-07 20:02:56,323 [ERROR] LogOutputStream:75 - [STDERR_REDIRECT] WARNING: Could not lock System prefs. Unix error code 2.
2025-11-07 20:02:56,323 [ERROR] LogOutputStream:75 - [STDERR_REDIRECT] 
2025-11-07 20:02:56,324 [ERROR] LogOutputStream:75 - [STDERR_REDIRECT] Nov 07, 2025 8:02:56 PM java.util.prefs.FileSystemPreferences syncWorld
2025-11-07 20:02:56,324 [ERROR] LogOutputStream:75 - [STDERR_REDIRECT] WARNING: Couldn't flush system prefs: java.util.prefs.BackingStoreException: Couldn't get file lock.
2025-11-07 20:02:56,324 [ERROR] LogOutputStream:75 - [STDERR_REDIRECT] 
2025-11-07 20:03:26,328 [ERROR] LogOutputStream:75 - [STDERR_REDIRECT] Nov 07, 2025 8:03:26 PM java.util.prefs.FileSystemPreferences checkLockFile0ErrorCode
2025-11-07 20:03:26,329 [ERROR] LogOutputStream:75 - [STDERR_REDIRECT] WARNING: Could not lock System prefs. Unix error code 2.
2025-11-07 20:03:26,329 [ERROR] LogOutputStream:75 - [STDERR_REDIRECT] 
2025-11-07 20:03:26,330 [ERROR] LogOutputStream:75 - [STDERR_REDIRECT] Nov 07, 2025 8:03:26 PM java.util.prefs.FileSystemPreferences syncWorld
2025-11-07 20:03:26,330 [ERROR] LogOutputStream:75 - [STDERR_REDIRECT] WARNING: Couldn't flush system prefs: java.util.prefs.BackingStoreException: Couldn't get file lock.
2025-11-07 20:03:26,330 [ERROR] LogOutputStream:75 - [STDERR_REDIRECT] 
2025-11-07 20:03:56,324 [ERROR] LogOutputStream:75 - [STDERR_REDIRECT] Nov 07, 2025 8:03:56 PM java.util.prefs.FileSystemPreferences checkLockFile0ErrorCode
2025-11-07 20:03:56,324 [ERROR] LogOutputStream:75 - [STDERR_REDIRECT] WARNING: Could not lock System prefs. Unix error code 2.
2025-11-07 20:03:56,324 [ERROR] LogOutputStream:75 - [STDERR_REDIRECT] 
2025-11-07 20:03:56,325 [ERROR] LogOutputStream:75 - [STDERR_REDIRECT] Nov 07, 2025 8:03:56 PM java.util.prefs.FileSystemPreferences syncWorld
2025-11-07 20:03:56,325 [ERROR] LogOutputStream:75 - [STDERR_REDIRECT] WARNING: Couldn't flush system prefs: java.util.prefs.BackingStoreException: Couldn't get file lock.
2025-11-07 20:03:56,325 [ERROR] LogOutputStream:75 - [STDERR_REDIRECT] 
2025-11-07 20:04:26,324 [ERROR] LogOutputStream:75 - [STDERR_REDIRECT] Nov 07, 2025 8:04:26 PM java.util.prefs.FileSystemPreferences checkLockFile0ErrorCode
2025-11-07 20:04:26,324 [ERROR] LogOutputStream:75 - [STDERR_REDIRECT] WARNING: Could not lock System prefs. Unix error code 2.
2025-11-07 20:04:26,325 [ERROR] LogOutputStream:75 - [STDERR_REDIRECT] 
2025-11-07 20:04:26,325 [ERROR] LogOutputStream:75 - [STDERR_REDIRECT] Nov 07, 2025 8:04:26 PM java.util.prefs.FileSystemPreferences syncWorld
2025-11-07 20:04:26,325 [ERROR] LogOutputStream:75 - [STDERR_REDIRECT] WARNING: Couldn't flush system prefs: java.util.prefs.BackingStoreException: Couldn't get file lock.
2025-11-07 20:04:26,325 [ERROR] LogOutputStream:75 - [STDERR_REDIRECT] 
2025-11-07 20:04:56,325 [ERROR] LogOutputStream:75 - [STDERR_REDIRECT] Nov 07, 2025 8:04:56 PM java.util.prefs.FileSystemPreferences checkLockFile0ErrorCode
2025-11-07 20:04:56,325 [ERROR] LogOutputStream:75 - [STDERR_REDIRECT] WARNING: Could not lock System prefs. Unix error code 2.
2025-11-07 20:04:56,325 [ERROR] LogOutputStream:75 - [STDERR_REDIRECT] 
2025-11-07 20:04:56,325 [ERROR] LogOutputStream:75 - [STDERR_REDIRECT] Nov 07, 2025 8:04:56 PM java.util.prefs.FileSystemPreferences syncWorld
2025-11-07 20:04:56,326 [ERROR] LogOutputStream:75 - [STDERR_REDIRECT] WARNING: Couldn't flush system prefs: java.util.prefs.BackingStoreException: Couldn't get file lock.
2025-11-07 20:04:56,326 [ERROR] LogOutputStream:75 - [STDERR_REDIRECT] 
2025-11-07 20:05:26,324 [ERROR] LogOutputStream:75 - [STDERR_REDIRECT] Nov 07, 2025 8:05:26 PM java.util.prefs.FileSystemPreferences checkLockFile0ErrorCode
2025-11-07 20:05:26,324 [ERROR] LogOutputStream:75 - [STDERR_REDIRECT] WARNING: Could not lock System prefs. Unix error code 2.
2025-11-07 20:05:26,325 [ERROR] LogOutputStream:75 - [STDERR_REDIRECT] 
2025-11-07 20:05:26,325 [ERROR] LogOutputStream:75 - [STDERR_REDIRECT] Nov 07, 2025 8:05:26 PM java.util.prefs.FileSystemPreferences syncWorld
2025-11-07 20:05:26,325 [ERROR] LogOutputStream:75 - [STDERR_REDIRECT] WARNING: Couldn't flush system prefs: java.util.prefs.BackingStoreException: Couldn't get file lock.
2025-11-07 20:05:26,325 [ERROR] LogOutputStream:75 - [STDERR_REDIRECT] 
2025-11-07 20:05:56,325 [ERROR] LogOutputStream:75 - [STDERR_REDIRECT] Nov 07, 2025 8:05:56 PM java.util.prefs.FileSystemPreferences checkLockFile0ErrorCode
2025-11-07 20:05:56,325 [ERROR] LogOutputStream:75 - [STDERR_REDIRECT] WARNING: Could not lock System prefs. Unix error code 2.
2025-11-07 20:05:56,325 [ERROR] LogOutputStream:75 - [STDERR_REDIRECT] 
2025-11-07 20:05:56,325 [ERROR] LogOutputStream:75 - [STDERR_REDIRECT] Nov 07, 2025 8:05:56 PM java.util.prefs.FileSystemPreferences syncWorld
2025-11-07 20:05:56,326 [ERROR] LogOutputStream:75 - [STDERR_REDIRECT] WARNING: Couldn't flush system prefs: java.util.prefs.BackingStoreException: Couldn't get file lock.
2025-11-07 20:05:56,326 [ERROR] LogOutputStream:75 - [STDERR_REDIRECT] 
2025-11-07 20:06:26,325 [ERROR] LogOutputStream:75 - [STDERR_REDIRECT] Nov 07, 2025 8:06:26 PM java.util.prefs.FileSystemPreferences checkLockFile0ErrorCode
2025-11-07 20:06:26,325 [ERROR] LogOutputStream:75 - [STDERR_REDIRECT] WARNING: Could not lock System prefs. Unix error code 2.
2025-11-07 20:06:26,326 [ERROR] LogOutputStream:75 - [STDERR_REDIRECT] 
2025-11-07 20:06:26,327 [ERROR] LogOutputStream:75 - [STDERR_REDIRECT] Nov 07, 2025 8:06:26 PM java.util.prefs.FileSystemPreferences syncWorld
2025-11-07 20:06:26,327 [ERROR] LogOutputStream:75 - [STDERR_REDIRECT] WARNING: Couldn't flush system prefs: java.util.prefs.BackingStoreException: Couldn't get file lock.
2025-11-07 20:06:26,327 [ERROR] LogOutputStream:75 - [STDERR_REDIRECT] 
2025-11-07 20:06:56,325 [ERROR] LogOutputStream:75 - [STDERR_REDIRECT] Nov 07, 2025 8:06:56 PM java.util.prefs.FileSystemPreferences checkLockFile0ErrorCode
2025-11-07 20:06:56,325 [ERROR] LogOutputStream:75 - [STDERR_REDIRECT] WARNING: Could not lock System prefs. Unix error code 2.
2025-11-07 20:06:56,325 [ERROR] LogOutputStream:75 - [STDERR_REDIRECT] 
2025-11-07 20:06:56,326 [ERROR] LogOutputStream:75 - [STDERR_REDIRECT] Nov 07, 2025 8:06:56 PM java.util.prefs.FileSystemPreferences syncWorld
2025-11-07 20:06:56,326 [ERROR] LogOutputStream:75 - [STDERR_REDIRECT] WARNING: Couldn't flush system prefs: java.util.prefs.BackingStoreException: Couldn't get file lock.
2025-11-07 20:06:56,326 [ERROR] LogOutputStream:75 - [STDERR_REDIRECT] 
2025-11-07 20:07:26,326 [ERROR] LogOutputStream:75 - [STDERR_REDIRECT] Nov 07, 2025 8:07:26 PM java.util.prefs.FileSystemPreferences checkLockFile0ErrorCode
2025-11-07 20:07:26,326 [ERROR] LogOutputStream:75 - [STDERR_REDIRECT] WARNING: Could not lock System prefs. Unix error code 2.
2025-11-07 20:07:26,326 [ERROR] LogOutputStream:75 - [STDERR_REDIRECT] 
2025-11-07 20:07:26,326 [ERROR] LogOutputStream:75 - [STDERR_REDIRECT] Nov 07, 2025 8:07:26 PM java.util.prefs.FileSystemPreferences syncWorld
2025-11-07 20:07:26,327 [ERROR] LogOutputStream:75 - [STDERR_REDIRECT] WARNING: Couldn't flush system prefs: java.util.prefs.BackingStoreException: Couldn't get file lock.
2025-11-07 20:07:26,327 [ERROR] LogOutputStream:75 - [STDERR_REDIRECT] 
2025-11-07 20:07:56,326 [ERROR] LogOutputStream:75 - [STDERR_REDIRECT] Nov 07, 2025 8:07:56 PM java.util.prefs.FileSystemPreferences checkLockFile0ErrorCode
2025-11-07 20:07:56,326 [ERROR] LogOutputStream:75 - [STDERR_REDIRECT] WARNING: Could not lock System prefs. Unix error code 2.
2025-11-07 20:07:56,326 [ERROR] LogOutputStream:75 - [STDERR_REDIRECT] 
2025-11-07 20:07:56,327 [ERROR] LogOutputStream:75 - [STDERR_REDIRECT] Nov 07, 2025 8:07:56 PM java.util.prefs.FileSystemPreferences syncWorld
2025-11-07 20:07:56,327 [ERROR] LogOutputStream:75 - [STDERR_REDIRECT] WARNING: Couldn't flush system prefs: java.util.prefs.BackingStoreException: Couldn't get file lock.
2025-11-07 20:07:56,327 [ERROR] LogOutputStream:75 - [STDERR_REDIRECT] 
2025-11-07 20:08:26,326 [ERROR] LogOutputStream:75 - [STDERR_REDIRECT] Nov 07, 2025 8:08:26 PM java.util.prefs.FileSystemPreferences checkLockFile0ErrorCode
2025-11-07 20:08:26,326 [ERROR] LogOutputStream:75 - [STDERR_REDIRECT] WARNING: Could not lock System prefs. Unix error code 2.
2025-11-07 20:08:26,326 [ERROR] LogOutputStream:75 - [STDERR_REDIRECT] 
2025-11-07 20:08:26,327 [ERROR] LogOutputStream:75 - [STDERR_REDIRECT] Nov 07, 2025 8:08:26 PM java.util.prefs.FileSystemPreferences syncWorld
2025-11-07 20:08:26,327 [ERROR] LogOutputStream:75 - [STDERR_REDIRECT] WARNING: Couldn't flush system prefs: java.util.prefs.BackingStoreException: Couldn't get file lock.
2025-11-07 20:08:26,327 [ERROR] LogOutputStream:75 - [STDERR_REDIRECT] 
2025-11-07 20:08:56,326 [ERROR] LogOutputStream:75 - [STDERR_REDIRECT] Nov 07, 2025 8:08:56 PM java.util.prefs.FileSystemPreferences checkLockFile0ErrorCode
2025-11-07 20:08:56,326 [ERROR] LogOutputStream:75 - [STDERR_REDIRECT] WARNING: Could not lock System prefs. Unix error code 2.
2025-11-07 20:08:56,326 [ERROR] LogOutputStream:75 - [STDERR_REDIRECT] 
2025-11-07 20:08:56,327 [ERROR] LogOutputStream:75 - [STDERR_REDIRECT] Nov 07, 2025 8:08:56 PM java.util.prefs.FileSystemPreferences syncWorld
2025-11-07 20:08:56,327 [ERROR] LogOutputStream:75 - [STDERR_REDIRECT] WARNING: Couldn't flush system prefs: java.util.prefs.BackingStoreException: Couldn't get file lock.
2025-11-07 20:08:56,328 [ERROR] LogOutputStream:75 - [STDERR_REDIRECT] 
2025-11-07 20:09:26,326 [ERROR] LogOutputStream:75 - [STDERR_REDIRECT] Nov 07, 2025 8:09:26 PM java.util.prefs.FileSystemPreferences checkLockFile0ErrorCode
2025-11-07 20:09:26,327 [ERROR] LogOutputStream:75 - [STDERR_REDIRECT] WARNING: Could not lock System prefs. Unix error code 2.
2025-11-07 20:09:26,327 [ERROR] LogOutputStream:75 - [STDERR_REDIRECT] 
2025-11-07 20:09:26,328 [ERROR] LogOutputStream:75 - [STDERR_REDIRECT] Nov 07, 2025 8:09:26 PM java.util.prefs.FileSystemPreferences syncWorld
2025-11-07 20:09:26,329 [ERROR] LogOutputStream:75 - [STDERR_REDIRECT] WARNING: Couldn't flush system prefs: java.util.prefs.BackingStoreException: Couldn't get file lock.
2025-11-07 20:09:26,329 [ERROR] LogOutputStream:75 - [STDERR_REDIRECT] 
2025-11-07 20:09:56,326 [ERROR] LogOutputStream:75 - [STDERR_REDIRECT] Nov 07, 2025 8:09:56 PM java.util.prefs.FileSystemPreferences checkLockFile0ErrorCode
2025-11-07 20:09:56,326 [ERROR] LogOutputStream:75 - [STDERR_REDIRECT] WARNING: Could not lock System prefs. Unix error code 2.
2025-11-07 20:09:56,326 [ERROR] LogOutputStream:75 - [STDERR_REDIRECT] 
2025-11-07 20:09:56,327 [ERROR] LogOutputStream:75 - [STDERR_REDIRECT] Nov 07, 2025 8:09:56 PM java.util.prefs.FileSystemPreferences syncWorld
2025-11-07 20:09:56,327 [ERROR] LogOutputStream:75 - [STDERR_REDIRECT] WARNING: Couldn't flush system prefs: java.util.prefs.BackingStoreException: Couldn't get file lock.
2025-11-07 20:09:56,327 [ERROR] LogOutputStream:75 - [STDERR_REDIRECT] 
2025-11-07 20:10:26,325 [ERROR] LogOutputStream:75 - [STDERR_REDIRECT] Nov 07, 2025 8:10:26 PM java.util.prefs.FileSystemPreferences checkLockFile0ErrorCode
2025-11-07 20:10:26,325 [ERROR] LogOutputStream:75 - [STDERR_REDIRECT] WARNING: Could not lock System prefs. Unix error code 2.
2025-11-07 20:10:26,325 [ERROR] LogOutputStream:75 - [STDERR_REDIRECT] 
2025-11-07 20:10:26,326 [ERROR] LogOutputStream:75 - [STDERR_REDIRECT] Nov 07, 2025 8:10:26 PM java.util.prefs.FileSystemPreferences syncWorld
2025-11-07 20:10:26,326 [ERROR] LogOutputStream:75 - [STDERR_REDIRECT] WARNING: Couldn't flush system prefs: java.util.prefs.BackingStoreException: Couldn't get file lock.
2025-11-07 20:10:26,326 [ERROR] LogOutputStream:75 - [STDERR_REDIRECT] 
2025-11-07 20:10:56,326 [ERROR] LogOutputStream:75 - [STDERR_REDIRECT] Nov 07, 2025 8:10:56 PM java.util.prefs.FileSystemPreferences checkLockFile0ErrorCode
2025-11-07 20:10:56,326 [ERROR] LogOutputStream:75 - [STDERR_REDIRECT] WARNING: Could not lock System prefs. Unix error code 2.
2025-11-07 20:10:56,326 [ERROR] LogOutputStream:75 - [STDERR_REDIRECT] 
2025-11-07 20:10:56,327 [ERROR] LogOutputStream:75 - [STDERR_REDIRECT] Nov 07, 2025 8:10:56 PM java.util.prefs.FileSystemPreferences syncWorld
2025-11-07 20:10:56,327 [ERROR] LogOutputStream:75 - [STDERR_REDIRECT] WARNING: Couldn't flush system prefs: java.util.prefs.BackingStoreException: Couldn't get file lock.
2025-11-07 20:10:56,327 [ERROR] LogOutputStream:75 - [STDERR_REDIRECT] 
2025-11-07 20:11:26,328 [ERROR] LogOutputStream:75 - [STDERR_REDIRECT] Nov 07, 2025 8:11:26 PM java.util.prefs.FileSystemPreferences checkLockFile0ErrorCode
2025-11-07 20:11:26,328 [ERROR] LogOutputStream:75 - [STDERR_REDIRECT] WARNING: Could not lock System prefs. Unix error code 2.
2025-11-07 20:11:26,328 [ERROR] LogOutputStream:75 - [STDERR_REDIRECT] 
2025-11-07 20:11:26,329 [ERROR] LogOutputStream:75 - [STDERR_REDIRECT] Nov 07, 2025 8:11:26 PM java.util.prefs.FileSystemPreferences syncWorld
2025-11-07 20:11:26,329 [ERROR] LogOutputStream:75 - [STDERR_REDIRECT] WARNING: Couldn't flush system prefs: java.util.prefs.BackingStoreException: Couldn't get file lock.
2025-11-07 20:11:26,329 [ERROR] LogOutputStream:75 - [STDERR_REDIRECT] 
2025-11-07 20:11:56,327 [ERROR] LogOutputStream:75 - [STDERR_REDIRECT] Nov 07, 2025 8:11:56 PM java.util.prefs.FileSystemPreferences checkLockFile0ErrorCode
2025-11-07 20:11:56,327 [ERROR] LogOutputStream:75 - [STDERR_REDIRECT] WARNING: Could not lock System prefs. Unix error code 2.
2025-11-07 20:11:56,328 [ERROR] LogOutputStream:75 - [STDERR_REDIRECT] 
2025-11-07 20:11:56,328 [ERROR] LogOutputStream:75 - [STDERR_REDIRECT] Nov 07, 2025 8:11:56 PM java.util.prefs.FileSystemPreferences syncWorld
2025-11-07 20:11:56,328 [ERROR] LogOutputStream:75 - [STDERR_REDIRECT] WARNING: Couldn't flush system prefs: java.util.prefs.BackingStoreException: Couldn't get file lock.
2025-11-07 20:11:56,328 [ERROR] LogOutputStream:75 - [STDERR_REDIRECT] 
2025-11-07 20:12:26,326 [ERROR] LogOutputStream:75 - [STDERR_REDIRECT] Nov 07, 2025 8:12:26 PM java.util.prefs.FileSystemPreferences checkLockFile0ErrorCode
2025-11-07 20:12:26,326 [ERROR] LogOutputStream:75 - [STDERR_REDIRECT] WARNING: Could not lock System prefs. Unix error code 2.
2025-11-07 20:12:26,327 [ERROR] LogOutputStream:75 - [STDERR_REDIRECT] 
2025-11-07 20:12:26,327 [ERROR] LogOutputStream:75 - [STDERR_REDIRECT] Nov 07, 2025 8:12:26 PM java.util.prefs.FileSystemPreferences syncWorld
2025-11-07 20:12:26,327 [ERROR] LogOutputStream:75 - [STDERR_REDIRECT] WARNING: Couldn't flush system prefs: java.util.prefs.BackingStoreException: Couldn't get file lock.
2025-11-07 20:12:26,327 [ERROR] LogOutputStream:75 - [STDERR_REDIRECT] 
2025-11-07 20:12:56,327 [ERROR] LogOutputStream:75 - [STDERR_REDIRECT] Nov 07, 2025 8:12:56 PM java.util.prefs.FileSystemPreferences checkLockFile0ErrorCode
2025-11-07 20:12:56,327 [ERROR] LogOutputStream:75 - [STDERR_REDIRECT] WARNING: Could not lock System prefs. Unix error code 2.
2025-11-07 20:12:56,327 [ERROR] LogOutputStream:75 - [STDERR_REDIRECT] 
2025-11-07 20:12:56,328 [ERROR] LogOutputStream:75 - [STDERR_REDIRECT] Nov 07, 2025 8:12:56 PM java.util.prefs.FileSystemPreferences syncWorld
2025-11-07 20:12:56,328 [ERROR] LogOutputStream:75 - [STDERR_REDIRECT] WARNING: Couldn't flush system prefs: java.util.prefs.BackingStoreException: Couldn't get file lock.
2025-11-07 20:12:56,328 [ERROR] LogOutputStream:75 - [STDERR_REDIRECT] 
2025-11-07 20:13:26,328 [ERROR] LogOutputStream:75 - [STDERR_REDIRECT] Nov 07, 2025 8:13:26 PM java.util.prefs.FileSystemPreferences checkLockFile0ErrorCode
2025-11-07 20:13:26,328 [ERROR] LogOutputStream:75 - [STDERR_REDIRECT] WARNING: Could not lock System prefs. Unix error code 2.
2025-11-07 20:13:26,328 [ERROR] LogOutputStream:75 - [STDERR_REDIRECT] 
2025-11-07 20:13:26,329 [ERROR] LogOutputStream:75 - [STDERR_REDIRECT] Nov 07, 2025 8:13:26 PM java.util.prefs.FileSystemPreferences syncWorld
2025-11-07 20:13:26,329 [ERROR] LogOutputStream:75 - [STDERR_REDIRECT] WARNING: Couldn't flush system prefs: java.util.prefs.BackingStoreException: Couldn't get file lock.
2025-11-07 20:13:26,330 [ERROR] LogOutputStream:75 - [STDERR_REDIRECT] 
2025-11-07 20:13:56,327 [ERROR] LogOutputStream:75 - [STDERR_REDIRECT] Nov 07, 2025 8:13:56 PM java.util.prefs.FileSystemPreferences checkLockFile0ErrorCode
2025-11-07 20:13:56,327 [ERROR] LogOutputStream:75 - [STDERR_REDIRECT] WARNING: Could not lock System prefs. Unix error code 2.
2025-11-07 20:13:56,327 [ERROR] LogOutputStream:75 - [STDERR_REDIRECT] 
2025-11-07 20:13:56,328 [ERROR] LogOutputStream:75 - [STDERR_REDIRECT] Nov 07, 2025 8:13:56 PM java.util.prefs.FileSystemPreferences syncWorld
2025-11-07 20:13:56,328 [ERROR] LogOutputStream:75 - [STDERR_REDIRECT] WARNING: Couldn't flush system prefs: java.util.prefs.BackingStoreException: Couldn't get file lock.
2025-11-07 20:13:56,328 [ERROR] LogOutputStream:75 - [STDERR_REDIRECT] 
2025-11-07 20:14:26,329 [ERROR] LogOutputStream:75 - [STDERR_REDIRECT] Nov 07, 2025 8:14:26 PM java.util.prefs.FileSystemPreferences checkLockFile0ErrorCode
2025-11-07 20:14:26,330 [ERROR] LogOutputStream:75 - [STDERR_REDIRECT] WARNING: Could not lock System prefs. Unix error code 2.
2025-11-07 20:14:26,330 [ERROR] LogOutputStream:75 - [STDERR_REDIRECT] 
2025-11-07 20:14:26,331 [ERROR] LogOutputStream:75 - [STDERR_REDIRECT] Nov 07, 2025 8:14:26 PM java.util.prefs.FileSystemPreferences syncWorld
2025-11-07 20:14:26,331 [ERROR] LogOutputStream:75 - [STDERR_REDIRECT] WARNING: Couldn't flush system prefs: java.util.prefs.BackingStoreException: Couldn't get file lock.
2025-11-07 20:14:26,331 [ERROR] LogOutputStream:75 - [STDERR_REDIRECT] 
2025-11-07 20:14:56,327 [ERROR] LogOutputStream:75 - [STDERR_REDIRECT] Nov 07, 2025 8:14:56 PM java.util.prefs.FileSystemPreferences checkLockFile0ErrorCode
2025-11-07 20:14:56,328 [ERROR] LogOutputStream:75 - [STDERR_REDIRECT] WARNING: Could not lock System prefs. Unix error code 2.
2025-11-07 20:14:56,328 [ERROR] LogOutputStream:75 - [STDERR_REDIRECT] 
2025-11-07 20:14:56,329 [ERROR] LogOutputStream:75 - [STDERR_REDIRECT] Nov 07, 2025 8:14:56 PM java.util.prefs.FileSystemPreferences syncWorld
2025-11-07 20:14:56,338 [ERROR] LogOutputStream:75 - [STDERR_REDIRECT] WARNING: Couldn't flush system prefs: java.util.prefs.BackingStoreException: Couldn't get file lock.
2025-11-07 20:14:56,338 [ERROR] LogOutputStream:75 - [STDERR_REDIRECT] 
2025-11-07 20:15:26,329 [ERROR] LogOutputStream:75 - [STDERR_REDIRECT] Nov 07, 2025 8:15:26 PM java.util.prefs.FileSystemPreferences checkLockFile0ErrorCode
2025-11-07 20:15:26,329 [ERROR] LogOutputStream:75 - [STDERR_REDIRECT] WARNING: Could not lock System prefs. Unix error code 2.
2025-11-07 20:15:26,330 [ERROR] LogOutputStream:75 - [STDERR_REDIRECT] 
2025-11-07 20:15:26,330 [ERROR] LogOutputStream:75 - [STDERR_REDIRECT] Nov 07, 2025 8:15:26 PM java.util.prefs.FileSystemPreferences syncWorld
2025-11-07 20:15:26,331 [ERROR] LogOutputStream:75 - [STDERR_REDIRECT] WARNING: Couldn't flush system prefs: java.util.prefs.BackingStoreException: Couldn't get file lock.
2025-11-07 20:15:26,331 [ERROR] LogOutputStream:75 - [STDERR_REDIRECT] 
2025-11-07 20:15:56,329 [ERROR] LogOutputStream:75 - [STDERR_REDIRECT] Nov 07, 2025 8:15:56 PM java.util.prefs.FileSystemPreferences checkLockFile0ErrorCode
2025-11-07 20:15:56,331 [ERROR] LogOutputStream:75 - [STDERR_REDIRECT] WARNING: Could not lock System prefs. Unix error code 2.
2025-11-07 20:15:56,331 [ERROR] LogOutputStream:75 - [STDERR_REDIRECT] 
2025-11-07 20:15:56,331 [ERROR] LogOutputStream:75 - [STDERR_REDIRECT] Nov 07, 2025 8:15:56 PM java.util.prefs.FileSystemPreferences syncWorld
2025-11-07 20:15:56,331 [ERROR] LogOutputStream:75 - [STDERR_REDIRECT] WARNING: Couldn't flush system prefs: java.util.prefs.BackingStoreException: Couldn't get file lock.
2025-11-07 20:15:56,331 [ERROR] LogOutputStream:75 - [STDERR_REDIRECT] 
2025-11-07 20:16:26,329 [ERROR] LogOutputStream:75 - [STDERR_REDIRECT] Nov 07, 2025 8:16:26 PM java.util.prefs.FileSystemPreferences checkLockFile0ErrorCode
2025-11-07 20:16:26,329 [ERROR] LogOutputStream:75 - [STDERR_REDIRECT] WARNING: Could not lock System prefs. Unix error code 2.
2025-11-07 20:16:26,329 [ERROR] LogOutputStream:75 - [STDERR_REDIRECT] 
2025-11-07 20:16:26,330 [ERROR] LogOutputStream:75 - [STDERR_REDIRECT] Nov 07, 2025 8:16:26 PM java.util.prefs.FileSystemPreferences syncWorld
2025-11-07 20:16:26,330 [ERROR] LogOutputStream:75 - [STDERR_REDIRECT] WARNING: Couldn't flush system prefs: java.util.prefs.BackingStoreException: Couldn't get file lock.
2025-11-07 20:16:26,330 [ERROR] LogOutputStream:75 - [STDERR_REDIRECT] 
2025-11-07 20:16:56,329 [ERROR] LogOutputStream:75 - [STDERR_REDIRECT] Nov 07, 2025 8:16:56 PM java.util.prefs.FileSystemPreferences checkLockFile0ErrorCode
2025-11-07 20:16:56,329 [ERROR] LogOutputStream:75 - [STDERR_REDIRECT] WARNING: Could not lock System prefs. Unix error code 2.
2025-11-07 20:16:56,329 [ERROR] LogOutputStream:75 - [STDERR_REDIRECT] 
2025-11-07 20:16:56,330 [ERROR] LogOutputStream:75 - [STDERR_REDIRECT] Nov 07, 2025 8:16:56 PM java.util.prefs.FileSystemPreferences syncWorld
2025-11-07 20:16:56,330 [ERROR] LogOutputStream:75 - [STDERR_REDIRECT] WARNING: Couldn't flush system prefs: java.util.prefs.BackingStoreException: Couldn't get file lock.
2025-11-07 20:16:56,330 [ERROR] LogOutputStream:75 - [STDERR_REDIRECT] 
2025-11-07 20:17:26,328 [ERROR] LogOutputStream:75 - [STDERR_REDIRECT] Nov 07, 2025 8:17:26 PM java.util.prefs.FileSystemPreferences checkLockFile0ErrorCode
2025-11-07 20:17:26,328 [ERROR] LogOutputStream:75 - [STDERR_REDIRECT] WARNING: Could not lock System prefs. Unix error code 2.
2025-11-07 20:17:26,328 [ERROR] LogOutputStream:75 - [STDERR_REDIRECT] 
2025-11-07 20:17:26,328 [ERROR] LogOutputStream:75 - [STDERR_REDIRECT] Nov 07, 2025 8:17:26 PM java.util.prefs.FileSystemPreferences syncWorld
2025-11-07 20:17:26,328 [ERROR] LogOutputStream:75 - [STDERR_REDIRECT] WARNING: Couldn't flush system prefs: java.util.prefs.BackingStoreException: Couldn't get file lock.
2025-11-07 20:17:26,329 [ERROR] LogOutputStream:75 - [STDERR_REDIRECT] 
2025-11-07 20:17:56,329 [ERROR] LogOutputStream:75 - [STDERR_REDIRECT] Nov 07, 2025 8:17:56 PM java.util.prefs.FileSystemPreferences checkLockFile0ErrorCode
2025-11-07 20:17:56,330 [ERROR] LogOutputStream:75 - [STDERR_REDIRECT] WARNING: Could not lock System prefs. Unix error code 2.
2025-11-07 20:17:56,330 [ERROR] LogOutputStream:75 - [STDERR_REDIRECT] 
2025-11-07 20:17:56,330 [ERROR] LogOutputStream:75 - [STDERR_REDIRECT] Nov 07, 2025 8:17:56 PM java.util.prefs.FileSystemPreferences syncWorld
2025-11-07 20:17:56,330 [ERROR] LogOutputStream:75 - [STDERR_REDIRECT] WARNING: Couldn't flush system prefs: java.util.prefs.BackingStoreException: Couldn't get file lock.
2025-11-07 20:17:56,331 [ERROR] LogOutputStream:75 - [STDERR_REDIRECT] 
2025-11-07 20:18:26,329 [ERROR] LogOutputStream:75 - [STDERR_REDIRECT] Nov 07, 2025 8:18:26 PM java.util.prefs.FileSystemPreferences checkLockFile0ErrorCode
2025-11-07 20:18:26,331 [ERROR] LogOutputStream:75 - [STDERR_REDIRECT] WARNING: Could not lock System prefs. Unix error code 2.
2025-11-07 20:18:26,331 [ERROR] LogOutputStream:75 - [STDERR_REDIRECT] 
2025-11-07 20:18:26,332 [ERROR] LogOutputStream:75 - [STDERR_REDIRECT] Nov 07, 2025 8:18:26 PM java.util.prefs.FileSystemPreferences syncWorld
2025-11-07 20:18:26,332 [ERROR] LogOutputStream:75 - [STDERR_REDIRECT] WARNING: Couldn't flush system prefs: java.util.prefs.BackingStoreException: Couldn't get file lock.
2025-11-07 20:18:26,332 [ERROR] LogOutputStream:75 - [STDERR_REDIRECT] 
2025-11-07 20:18:56,329 [ERROR] LogOutputStream:75 - [STDERR_REDIRECT] Nov 07, 2025 8:18:56 PM java.util.prefs.FileSystemPreferences checkLockFile0ErrorCode
2025-11-07 20:18:56,331 [ERROR] LogOutputStream:75 - [STDERR_REDIRECT] WARNING: Could not lock System prefs. Unix error code 2.
2025-11-07 20:18:56,332 [ERROR] LogOutputStream:75 - [STDERR_REDIRECT] 
2025-11-07 20:18:56,332 [ERROR] LogOutputStream:75 - [STDERR_REDIRECT] Nov 07, 2025 8:18:56 PM java.util.prefs.FileSystemPreferences syncWorld
2025-11-07 20:18:56,332 [ERROR] LogOutputStream:75 - [STDERR_REDIRECT] WARNING: Couldn't flush system prefs: java.util.prefs.BackingStoreException: Couldn't get file lock.
2025-11-07 20:18:56,332 [ERROR] LogOutputStream:75 - [STDERR_REDIRECT] 
2025-11-07 20:19:26,329 [ERROR] LogOutputStream:75 - [STDERR_REDIRECT] Nov 07, 2025 8:19:26 PM java.util.prefs.FileSystemPreferences checkLockFile0ErrorCode
2025-11-07 20:19:26,331 [ERROR] LogOutputStream:75 - [STDERR_REDIRECT] WARNING: Could not lock System prefs. Unix error code 2.
2025-11-07 20:19:26,331 [ERROR] LogOutputStream:75 - [STDERR_REDIRECT] 
2025-11-07 20:19:26,332 [ERROR] LogOutputStream:75 - [STDERR_REDIRECT] Nov 07, 2025 8:19:26 PM java.util.prefs.FileSystemPreferences syncWorld
2025-11-07 20:19:26,332 [ERROR] LogOutputStream:75 - [STDERR_REDIRECT] WARNING: Couldn't flush system prefs: java.util.prefs.BackingStoreException: Couldn't get file lock.
2025-11-07 20:19:26,332 [ERROR] LogOutputStream:75 - [STDERR_REDIRECT] 
2025-11-07 20:19:56,329 [ERROR] LogOutputStream:75 - [STDERR_REDIRECT] Nov 07, 2025 8:19:56 PM java.util.prefs.FileSystemPreferences checkLockFile0ErrorCode
2025-11-07 20:19:56,329 [ERROR] LogOutputStream:75 - [STDERR_REDIRECT] WARNING: Could not lock System prefs. Unix error code 2.
2025-11-07 20:19:56,329 [ERROR] LogOutputStream:75 - [STDERR_REDIRECT] 
2025-11-07 20:19:56,329 [ERROR] LogOutputStream:75 - [STDERR_REDIRECT] Nov 07, 2025 8:19:56 PM java.util.prefs.FileSystemPreferences syncWorld
2025-11-07 20:19:56,329 [ERROR] LogOutputStream:75 - [STDERR_REDIRECT] WARNING: Couldn't flush system prefs: java.util.prefs.BackingStoreException: Couldn't get file lock.
2025-11-07 20:19:56,330 [ERROR] LogOutputStream:75 - [STDERR_REDIRECT] 
2025-11-07 20:20:26,333 [ERROR] LogOutputStream:75 - [STDERR_REDIRECT] Nov 07, 2025 8:20:26 PM java.util.prefs.FileSystemPreferences checkLockFile0ErrorCode
2025-11-07 20:20:26,334 [ERROR] LogOutputStream:75 - [STDERR_REDIRECT] WARNING: Could not lock System prefs. Unix error code 2.
2025-11-07 20:20:26,334 [ERROR] LogOutputStream:75 - [STDERR_REDIRECT] 
2025-11-07 20:20:26,334 [ERROR] LogOutputStream:75 - [STDERR_REDIRECT] Nov 07, 2025 8:20:26 PM java.util.prefs.FileSystemPreferences syncWorld
2025-11-07 20:20:26,340 [ERROR] LogOutputStream:75 - [STDERR_REDIRECT] WARNING: Couldn't flush system prefs: java.util.prefs.BackingStoreException: Couldn't get file lock.
2025-11-07 20:20:26,340 [ERROR] LogOutputStream:75 - [STDERR_REDIRECT] 
2025-11-07 20:20:56,335 [ERROR] LogOutputStream:75 - [STDERR_REDIRECT] Nov 07, 2025 8:20:56 PM java.util.prefs.FileSystemPreferences checkLockFile0ErrorCode
2025-11-07 20:20:56,337 [ERROR] LogOutputStream:75 - [STDERR_REDIRECT] WARNING: Could not lock System prefs. Unix error code 2.
2025-11-07 20:20:56,338 [ERROR] LogOutputStream:75 - [STDERR_REDIRECT] 
2025-11-07 20:20:56,338 [ERROR] LogOutputStream:75 - [STDERR_REDIRECT] Nov 07, 2025 8:20:56 PM java.util.prefs.FileSystemPreferences syncWorld
2025-11-07 20:20:56,338 [ERROR] LogOutputStream:75 - [STDERR_REDIRECT] WARNING: Couldn't flush system prefs: java.util.prefs.BackingStoreException: Couldn't get file lock.
2025-11-07 20:20:56,338 [ERROR] LogOutputStream:75 - [STDERR_REDIRECT] 
2025-11-07 20:21:26,330 [ERROR] LogOutputStream:75 - [STDERR_REDIRECT] Nov 07, 2025 8:21:26 PM java.util.prefs.FileSystemPreferences checkLockFile0ErrorCode
2025-11-07 20:21:26,330 [ERROR] LogOutputStream:75 - [STDERR_REDIRECT] WARNING: Could not lock System prefs. Unix error code 2.
2025-11-07 20:21:26,331 [ERROR] LogOutputStream:75 - [STDERR_REDIRECT] 
2025-11-07 20:21:26,331 [ERROR] LogOutputStream:75 - [STDERR_REDIRECT] Nov 07, 2025 8:21:26 PM java.util.prefs.FileSystemPreferences syncWorld
2025-11-07 20:21:26,332 [ERROR] LogOutputStream:75 - [STDERR_REDIRECT] WARNING: Couldn't flush system prefs: java.util.prefs.BackingStoreException: Couldn't get file lock.
2025-11-07 20:21:26,332 [ERROR] LogOutputStream:75 - [STDERR_REDIRECT] 
2025-11-07 20:21:56,330 [ERROR] LogOutputStream:75 - [STDERR_REDIRECT] Nov 07, 2025 8:21:56 PM java.util.prefs.FileSystemPreferences checkLockFile0ErrorCode
2025-11-07 20:21:56,330 [ERROR] LogOutputStream:75 - [STDERR_REDIRECT] WARNING: Could not lock System prefs. Unix error code 2.
2025-11-07 20:21:56,331 [ERROR] LogOutputStream:75 - [STDERR_REDIRECT] 
2025-11-07 20:21:56,331 [ERROR] LogOutputStream:75 - [STDERR_REDIRECT] Nov 07, 2025 8:21:56 PM java.util.prefs.FileSystemPreferences syncWorld
2025-11-07 20:21:56,331 [ERROR] LogOutputStream:75 - [STDERR_REDIRECT] WARNING: Couldn't flush system prefs: java.util.prefs.BackingStoreException: Couldn't get file lock.
2025-11-07 20:21:56,331 [ERROR] LogOutputStream:75 - [STDERR_REDIRECT] 
2025-11-07 20:22:26,331 [ERROR] LogOutputStream:75 - [STDERR_REDIRECT] Nov 07, 2025 8:22:26 PM java.util.prefs.FileSystemPreferences checkLockFile0ErrorCode
2025-11-07 20:22:26,331 [ERROR] LogOutputStream:75 - [STDERR_REDIRECT] WARNING: Could not lock System prefs. Unix error code 2.
2025-11-07 20:22:26,331 [ERROR] LogOutputStream:75 - [STDERR_REDIRECT] 
2025-11-07 20:22:26,331 [ERROR] LogOutputStream:75 - [STDERR_REDIRECT] Nov 07, 2025 8:22:26 PM java.util.prefs.FileSystemPreferences syncWorld
2025-11-07 20:22:26,332 [ERROR] LogOutputStream:75 - [STDERR_REDIRECT] WARNING: Couldn't flush system prefs: java.util.prefs.BackingStoreException: Couldn't get file lock.
2025-11-07 20:22:26,332 [ERROR] LogOutputStream:75 - [STDERR_REDIRECT] 
2025-11-07 20:22:56,330 [ERROR] LogOutputStream:75 - [STDERR_REDIRECT] Nov 07, 2025 8:22:56 PM java.util.prefs.FileSystemPreferences checkLockFile0ErrorCode
2025-11-07 20:22:56,331 [ERROR] LogOutputStream:75 - [STDERR_REDIRECT] WARNING: Could not lock System prefs. Unix error code 2.
2025-11-07 20:22:56,331 [ERROR] LogOutputStream:75 - [STDERR_REDIRECT] 
2025-11-07 20:22:56,332 [ERROR] LogOutputStream:75 - [STDERR_REDIRECT] Nov 07, 2025 8:22:56 PM java.util.prefs.FileSystemPreferences syncWorld
2025-11-07 20:22:56,332 [ERROR] LogOutputStream:75 - [STDERR_REDIRECT] WARNING: Couldn't flush system prefs: java.util.prefs.BackingStoreException: Couldn't get file lock.
2025-11-07 20:22:56,332 [ERROR] LogOutputStream:75 - [STDERR_REDIRECT] 
2025-11-07 20:23:26,330 [ERROR] LogOutputStream:75 - [STDERR_REDIRECT] Nov 07, 2025 8:23:26 PM java.util.prefs.FileSystemPreferences checkLockFile0ErrorCode
2025-11-07 20:23:26,331 [ERROR] LogOutputStream:75 - [STDERR_REDIRECT] WARNING: Could not lock System prefs. Unix error code 2.
2025-11-07 20:23:26,331 [ERROR] LogOutputStream:75 - [STDERR_REDIRECT] 
2025-11-07 20:23:26,331 [ERROR] LogOutputStream:75 - [STDERR_REDIRECT] Nov 07, 2025 8:23:26 PM java.util.prefs.FileSystemPreferences syncWorld
2025-11-07 20:23:26,332 [ERROR] LogOutputStream:75 - [STDERR_REDIRECT] WARNING: Couldn't flush system prefs: java.util.prefs.BackingStoreException: Couldn't get file lock.
2025-11-07 20:23:26,332 [ERROR] LogOutputStream:75 - [STDERR_REDIRECT] 
2025-11-07 20:23:56,330 [ERROR] LogOutputStream:75 - [STDERR_REDIRECT] Nov 07, 2025 8:23:56 PM java.util.prefs.FileSystemPreferences checkLockFile0ErrorCode
2025-11-07 20:23:56,331 [ERROR] LogOutputStream:75 - [STDERR_REDIRECT] WARNING: Could not lock System prefs. Unix error code 2.
2025-11-07 20:23:56,331 [ERROR] LogOutputStream:75 - [STDERR_REDIRECT] 
2025-11-07 20:23:56,331 [ERROR] LogOutputStream:75 - [STDERR_REDIRECT] Nov 07, 2025 8:23:56 PM java.util.prefs.FileSystemPreferences syncWorld
2025-11-07 20:23:56,332 [ERROR] LogOutputStream:75 - [STDERR_REDIRECT] WARNING: Couldn't flush system prefs: java.util.prefs.BackingStoreException: Couldn't get file lock.
2025-11-07 20:23:56,332 [ERROR] LogOutputStream:75 - [STDERR_REDIRECT] 
2025-11-07 20:24:26,329 [ERROR] LogOutputStream:75 - [STDERR_REDIRECT] Nov 07, 2025 8:24:26 PM java.util.prefs.FileSystemPreferences checkLockFile0ErrorCode
2025-11-07 20:24:26,331 [ERROR] LogOutputStream:75 - [STDERR_REDIRECT] WARNING: Could not lock System prefs. Unix error code 2.
2025-11-07 20:24:26,332 [ERROR] LogOutputStream:75 - [STDERR_REDIRECT] 
2025-11-07 20:24:26,332 [ERROR] LogOutputStream:75 - [STDERR_REDIRECT] Nov 07, 2025 8:24:26 PM java.util.prefs.FileSystemPreferences syncWorld
2025-11-07 20:24:26,333 [ERROR] LogOutputStream:75 - [STDERR_REDIRECT] WARNING: Couldn't flush system prefs: java.util.prefs.BackingStoreException: Couldn't get file lock.
2025-11-07 20:24:26,333 [ERROR] LogOutputStream:75 - [STDERR_REDIRECT] 
2025-11-07 20:24:56,331 [ERROR] LogOutputStream:75 - [STDERR_REDIRECT] Nov 07, 2025 8:24:56 PM java.util.prefs.FileSystemPreferences checkLockFile0ErrorCode
2025-11-07 20:24:56,331 [ERROR] LogOutputStream:75 - [STDERR_REDIRECT] WARNING: Could not lock System prefs. Unix error code 2.
2025-11-07 20:24:56,331 [ERROR] LogOutputStream:75 - [STDERR_REDIRECT] 
2025-11-07 20:24:56,332 [ERROR] LogOutputStream:75 - [STDERR_REDIRECT] Nov 07, 2025 8:24:56 PM java.util.prefs.FileSystemPreferences syncWorld
2025-11-07 20:24:56,332 [ERROR] LogOutputStream:75 - [STDERR_REDIRECT] WARNING: Couldn't flush system prefs: java.util.prefs.BackingStoreException: Couldn't get file lock.
2025-11-07 20:24:56,332 [ERROR] LogOutputStream:75 - [STDERR_REDIRECT] 
2025-11-07 20:25:26,331 [ERROR] LogOutputStream:75 - [STDERR_REDIRECT] Nov 07, 2025 8:25:26 PM java.util.prefs.FileSystemPreferences checkLockFile0ErrorCode
2025-11-07 20:25:26,331 [ERROR] LogOutputStream:75 - [STDERR_REDIRECT] WARNING: Could not lock System prefs. Unix error code 2.
2025-11-07 20:25:26,332 [ERROR] LogOutputStream:75 - [STDERR_REDIRECT] 
2025-11-07 20:25:26,332 [ERROR] LogOutputStream:75 - [STDERR_REDIRECT] Nov 07, 2025 8:25:26 PM java.util.prefs.FileSystemPreferences syncWorld
2025-11-07 20:25:26,332 [ERROR] LogOutputStream:75 - [STDERR_REDIRECT] WARNING: Couldn't flush system prefs: java.util.prefs.BackingStoreException: Couldn't get file lock.
2025-11-07 20:25:26,332 [ERROR] LogOutputStream:75 - [STDERR_REDIRECT] 
2025-11-07 20:25:56,331 [ERROR] LogOutputStream:75 - [STDERR_REDIRECT] Nov 07, 2025 8:25:56 PM java.util.prefs.FileSystemPreferences checkLockFile0ErrorCode
2025-11-07 20:25:56,332 [ERROR] LogOutputStream:75 - [STDERR_REDIRECT] WARNING: Could not lock System prefs. Unix error code 2.
2025-11-07 20:25:56,332 [ERROR] LogOutputStream:75 - [STDERR_REDIRECT] 
2025-11-07 20:25:56,332 [ERROR] LogOutputStream:75 - [STDERR_REDIRECT] Nov 07, 2025 8:25:56 PM java.util.prefs.FileSystemPreferences syncWorld
2025-11-07 20:25:56,332 [ERROR] LogOutputStream:75 - [STDERR_REDIRECT] WARNING: Couldn't flush system prefs: java.util.prefs.BackingStoreException: Couldn't get file lock.
2025-11-07 20:25:56,332 [ERROR] LogOutputStream:75 - [STDERR_REDIRECT] 
2025-11-07 20:26:26,331 [ERROR] LogOutputStream:75 - [STDERR_REDIRECT] Nov 07, 2025 8:26:26 PM java.util.prefs.FileSystemPreferences checkLockFile0ErrorCode
2025-11-07 20:26:26,332 [ERROR] LogOutputStream:75 - [STDERR_REDIRECT] WARNING: Could not lock System prefs. Unix error code 2.
2025-11-07 20:26:26,332 [ERROR] LogOutputStream:75 - [STDERR_REDIRECT] 
2025-11-07 20:26:26,333 [ERROR] LogOutputStream:75 - [STDERR_REDIRECT] Nov 07, 2025 8:26:26 PM java.util.prefs.FileSystemPreferences syncWorld
2025-11-07 20:26:26,333 [ERROR] LogOutputStream:75 - [STDERR_REDIRECT] WARNING: Couldn't flush system prefs: java.util.prefs.BackingStoreException: Couldn't get file lock.
2025-11-07 20:26:26,333 [ERROR] LogOutputStream:75 - [STDERR_REDIRECT] 
2025-11-07 20:26:56,331 [ERROR] LogOutputStream:75 - [STDERR_REDIRECT] Nov 07, 2025 8:26:56 PM java.util.prefs.FileSystemPreferences checkLockFile0ErrorCode
2025-11-07 20:26:56,331 [ERROR] LogOutputStream:75 - [STDERR_REDIRECT] WARNING: Could not lock System prefs. Unix error code 2.
2025-11-07 20:26:56,332 [ERROR] LogOutputStream:75 - [STDERR_REDIRECT] 
2025-11-07 20:26:56,332 [ERROR] LogOutputStream:75 - [STDERR_REDIRECT] Nov 07, 2025 8:26:56 PM java.util.prefs.FileSystemPreferences syncWorld
2025-11-07 20:26:56,332 [ERROR] LogOutputStream:75 - [STDERR_REDIRECT] WARNING: Couldn't flush system prefs: java.util.prefs.BackingStoreException: Couldn't get file lock.
2025-11-07 20:26:56,332 [ERROR] LogOutputStream:75 - [STDERR_REDIRECT] 
2025-11-07 20:27:26,332 [ERROR] LogOutputStream:75 - [STDERR_REDIRECT] Nov 07, 2025 8:27:26 PM java.util.prefs.FileSystemPreferences checkLockFile0ErrorCode
2025-11-07 20:27:26,333 [ERROR] LogOutputStream:75 - [STDERR_REDIRECT] WARNING: Could not lock System prefs. Unix error code 2.
2025-11-07 20:27:26,333 [ERROR] LogOutputStream:75 - [STDERR_REDIRECT] 
2025-11-07 20:27:26,333 [ERROR] LogOutputStream:75 - [STDERR_REDIRECT] Nov 07, 2025 8:27:26 PM java.util.prefs.FileSystemPreferences syncWorld
2025-11-07 20:27:26,333 [ERROR] LogOutputStream:75 - [STDERR_REDIRECT] WARNING: Couldn't flush system prefs: java.util.prefs.BackingStoreException: Couldn't get file lock.
2025-11-07 20:27:26,333 [ERROR] LogOutputStream:75 - [STDERR_REDIRECT] 
2025-11-07 20:27:56,333 [ERROR] LogOutputStream:75 - [STDERR_REDIRECT] Nov 07, 2025 8:27:56 PM java.util.prefs.FileSystemPreferences checkLockFile0ErrorCode
2025-11-07 20:27:56,334 [ERROR] LogOutputStream:75 - [STDERR_REDIRECT] WARNING: Could not lock System prefs. Unix error code 2.
2025-11-07 20:27:56,334 [ERROR] LogOutputStream:75 - [STDERR_REDIRECT] 
2025-11-07 20:27:56,335 [ERROR] LogOutputStream:75 - [STDERR_REDIRECT] Nov 07, 2025 8:27:56 PM java.util.prefs.FileSystemPreferences syncWorld
2025-11-07 20:27:56,335 [ERROR] LogOutputStream:75 - [STDERR_REDIRECT] WARNING: Couldn't flush system prefs: java.util.prefs.BackingStoreException: Couldn't get file lock.
2025-11-07 20:27:56,335 [ERROR] LogOutputStream:75 - [STDERR_REDIRECT] 
2025-11-07 20:28:26,344 [ERROR] LogOutputStream:75 - [STDERR_REDIRECT] Nov 07, 2025 8:28:26 PM java.util.prefs.FileSystemPreferences checkLockFile0ErrorCode
2025-11-07 20:28:26,346 [ERROR] LogOutputStream:75 - [STDERR_REDIRECT] WARNING: Could not lock System prefs. Unix error code 2.
2025-11-07 20:28:26,347 [ERROR] LogOutputStream:75 - [STDERR_REDIRECT] 
2025-11-07 20:28:26,347 [ERROR] LogOutputStream:75 - [STDERR_REDIRECT] Nov 07, 2025 8:28:26 PM java.util.prefs.FileSystemPreferences syncWorld
2025-11-07 20:28:26,347 [ERROR] LogOutputStream:75 - [STDERR_REDIRECT] WARNING: Couldn't flush system prefs: java.util.prefs.BackingStoreException: Couldn't get file lock.
2025-11-07 20:28:26,347 [ERROR] LogOutputStream:75 - [STDERR_REDIRECT] 
2025-11-07 20:28:56,333 [ERROR] LogOutputStream:75 - [STDERR_REDIRECT] Nov 07, 2025 8:28:56 PM java.util.prefs.FileSystemPreferences checkLockFile0ErrorCode
2025-11-07 20:28:56,333 [ERROR] LogOutputStream:75 - [STDERR_REDIRECT] WARNING: Could not lock System prefs. Unix error code 2.
2025-11-07 20:28:56,334 [ERROR] LogOutputStream:75 - [STDERR_REDIRECT] 
2025-11-07 20:28:56,334 [ERROR] LogOutputStream:75 - [STDERR_REDIRECT] Nov 07, 2025 8:28:56 PM java.util.prefs.FileSystemPreferences syncWorld
2025-11-07 20:28:56,334 [ERROR] LogOutputStream:75 - [STDERR_REDIRECT] WARNING: Couldn't flush system prefs: java.util.prefs.BackingStoreException: Couldn't get file lock.
2025-11-07 20:28:56,335 [ERROR] LogOutputStream:75 - [STDERR_REDIRECT] 
2025-11-07 20:29:26,332 [ERROR] LogOutputStream:75 - [STDERR_REDIRECT] Nov 07, 2025 8:29:26 PM java.util.prefs.FileSystemPreferences checkLockFile0ErrorCode
2025-11-07 20:29:26,333 [ERROR] LogOutputStream:75 - [STDERR_REDIRECT] WARNING: Could not lock System prefs. Unix error code 2.
2025-11-07 20:29:26,334 [ERROR] LogOutputStream:75 - [STDERR_REDIRECT] 
2025-11-07 20:29:26,334 [ERROR] LogOutputStream:75 - [STDERR_REDIRECT] Nov 07, 2025 8:29:26 PM java.util.prefs.FileSystemPreferences syncWorld
2025-11-07 20:29:26,335 [ERROR] LogOutputStream:75 - [STDERR_REDIRECT] WARNING: Couldn't flush system prefs: java.util.prefs.BackingStoreException: Couldn't get file lock.
2025-11-07 20:29:26,335 [ERROR] LogOutputStream:75 - [STDERR_REDIRECT] 
2025-11-07 20:29:56,332 [ERROR] LogOutputStream:75 - [STDERR_REDIRECT] Nov 07, 2025 8:29:56 PM java.util.prefs.FileSystemPreferences checkLockFile0ErrorCode
2025-11-07 20:29:56,332 [ERROR] LogOutputStream:75 - [STDERR_REDIRECT] WARNING: Could not lock System prefs. Unix error code 2.
2025-11-07 20:29:56,332 [ERROR] LogOutputStream:75 - [STDERR_REDIRECT] 
2025-11-07 20:29:56,333 [ERROR] LogOutputStream:75 - [STDERR_REDIRECT] Nov 07, 2025 8:29:56 PM java.util.prefs.FileSystemPreferences syncWorld
2025-11-07 20:29:56,333 [ERROR] LogOutputStream:75 - [STDERR_REDIRECT] WARNING: Couldn't flush system prefs: java.util.prefs.BackingStoreException: Couldn't get file lock.
2025-11-07 20:29:56,333 [ERROR] LogOutputStream:75 - [STDERR_REDIRECT] 
2025-11-07 20:30:26,338 [ERROR] LogOutputStream:75 - [STDERR_REDIRECT] Nov 07, 2025 8:30:26 PM java.util.prefs.FileSystemPreferences checkLockFile0ErrorCode
2025-11-07 20:30:26,339 [ERROR] LogOutputStream:75 - [STDERR_REDIRECT] WARNING: Could not lock System prefs. Unix error code 2.
2025-11-07 20:30:26,339 [ERROR] LogOutputStream:75 - [STDERR_REDIRECT] 
2025-11-07 20:30:26,339 [ERROR] LogOutputStream:75 - [STDERR_REDIRECT] Nov 07, 2025 8:30:26 PM java.util.prefs.FileSystemPreferences syncWorld
2025-11-07 20:30:26,339 [ERROR] LogOutputStream:75 - [STDERR_REDIRECT] WARNING: Couldn't flush system prefs: java.util.prefs.BackingStoreException: Couldn't get file lock.
2025-11-07 20:30:26,340 [ERROR] LogOutputStream:75 - [STDERR_REDIRECT] 
2025-11-07 20:30:56,333 [ERROR] LogOutputStream:75 - [STDERR_REDIRECT] Nov 07, 2025 8:30:56 PM java.util.prefs.FileSystemPreferences checkLockFile0ErrorCode
2025-11-07 20:30:56,333 [ERROR] LogOutputStream:75 - [STDERR_REDIRECT] WARNING: Could not lock System prefs. Unix error code 2.
2025-11-07 20:30:56,333 [ERROR] LogOutputStream:75 - [STDERR_REDIRECT] 
2025-11-07 20:30:56,334 [ERROR] LogOutputStream:75 - [STDERR_REDIRECT] Nov 07, 2025 8:30:56 PM java.util.prefs.FileSystemPreferences syncWorld
2025-11-07 20:30:56,334 [ERROR] LogOutputStream:75 - [STDERR_REDIRECT] WARNING: Couldn't flush system prefs: java.util.prefs.BackingStoreException: Couldn't get file lock.
2025-11-07 20:30:56,334 [ERROR] LogOutputStream:75 - [STDERR_REDIRECT] 
2025-11-07 20:31:26,333 [ERROR] LogOutputStream:75 - [STDERR_REDIRECT] Nov 07, 2025 8:31:26 PM java.util.prefs.FileSystemPreferences checkLockFile0ErrorCode
2025-11-07 20:31:26,334 [ERROR] LogOutputStream:75 - [STDERR_REDIRECT] WARNING: Could not lock System prefs. Unix error code 2.
2025-11-07 20:31:26,334 [ERROR] LogOutputStream:75 - [STDERR_REDIRECT] 
2025-11-07 20:31:26,334 [ERROR] LogOutputStream:75 - [STDERR_REDIRECT] Nov 07, 2025 8:31:26 PM java.util.prefs.FileSystemPreferences syncWorld
2025-11-07 20:31:26,334 [ERROR] LogOutputStream:75 - [STDERR_REDIRECT] WARNING: Couldn't flush system prefs: java.util.prefs.BackingStoreException: Couldn't get file lock.
2025-11-07 20:31:26,334 [ERROR] LogOutputStream:75 - [STDERR_REDIRECT] 
2025-11-07 20:31:56,332 [ERROR] LogOutputStream:75 - [STDERR_REDIRECT] Nov 07, 2025 8:31:56 PM java.util.prefs.FileSystemPreferences checkLockFile0ErrorCode
2025-11-07 20:31:56,334 [ERROR] LogOutputStream:75 - [STDERR_REDIRECT] WARNING: Could not lock System prefs. Unix error code 2.
2025-11-07 20:31:56,335 [ERROR] LogOutputStream:75 - [STDERR_REDIRECT] 
2025-11-07 20:31:56,336 [ERROR] LogOutputStream:75 - [STDERR_REDIRECT] Nov 07, 2025 8:31:56 PM java.util.prefs.FileSystemPreferences syncWorld
2025-11-07 20:31:56,336 [ERROR] LogOutputStream:75 - [STDERR_REDIRECT] WARNING: Couldn't flush system prefs: java.util.prefs.BackingStoreException: Couldn't get file lock.
2025-11-07 20:31:56,337 [ERROR] LogOutputStream:75 - [STDERR_REDIRECT] 
2025-11-07 20:32:26,332 [ERROR] LogOutputStream:75 - [STDERR_REDIRECT] Nov 07, 2025 8:32:26 PM java.util.prefs.FileSystemPreferences checkLockFile0ErrorCode
2025-11-07 20:32:26,334 [ERROR] LogOutputStream:75 - [STDERR_REDIRECT] WARNING: Could not lock System prefs. Unix error code 2.
2025-11-07 20:32:26,334 [ERROR] LogOutputStream:75 - [STDERR_REDIRECT] 
2025-11-07 20:32:26,334 [ERROR] LogOutputStream:75 - [STDERR_REDIRECT] Nov 07, 2025 8:32:26 PM java.util.prefs.FileSystemPreferences syncWorld
2025-11-07 20:32:26,335 [ERROR] LogOutputStream:75 - [STDERR_REDIRECT] WARNING: Couldn't flush system prefs: java.util.prefs.BackingStoreException: Couldn't get file lock.
2025-11-07 20:32:26,335 [ERROR] LogOutputStream:75 - [STDERR_REDIRECT] 
2025-11-07 20:32:56,332 [ERROR] LogOutputStream:75 - [STDERR_REDIRECT] Nov 07, 2025 8:32:56 PM java.util.prefs.FileSystemPreferences checkLockFile0ErrorCode
2025-11-07 20:32:56,334 [ERROR] LogOutputStream:75 - [STDERR_REDIRECT] WARNING: Could not lock System prefs. Unix error code 2.
2025-11-07 20:32:56,334 [ERROR] LogOutputStream:75 - [STDERR_REDIRECT] 
2025-11-07 20:32:56,334 [ERROR] LogOutputStream:75 - [STDERR_REDIRECT] Nov 07, 2025 8:32:56 PM java.util.prefs.FileSystemPreferences syncWorld
2025-11-07 20:32:56,334 [ERROR] LogOutputStream:75 - [STDERR_REDIRECT] WARNING: Couldn't flush system prefs: java.util.prefs.BackingStoreException: Couldn't get file lock.
2025-11-07 20:32:56,334 [ERROR] LogOutputStream:75 - [STDERR_REDIRECT] 
2025-11-07 20:33:26,340 [ERROR] LogOutputStream:75 - [STDERR_REDIRECT] Nov 07, 2025 8:33:26 PM java.util.prefs.FileSystemPreferences checkLockFile0ErrorCode
2025-11-07 20:33:26,341 [ERROR] LogOutputStream:75 - [STDERR_REDIRECT] WARNING: Could not lock System prefs. Unix error code 2.
2025-11-07 20:33:26,341 [ERROR] LogOutputStream:75 - [STDERR_REDIRECT] 
2025-11-07 20:33:26,341 [ERROR] LogOutputStream:75 - [STDERR_REDIRECT] Nov 07, 2025 8:33:26 PM java.util.prefs.FileSystemPreferences syncWorld
2025-11-07 20:33:26,342 [ERROR] LogOutputStream:75 - [STDERR_REDIRECT] WARNING: Couldn't flush system prefs: java.util.prefs.BackingStoreException: Couldn't get file lock.
2025-11-07 20:33:26,342 [ERROR] LogOutputStream:75 - [STDERR_REDIRECT] 
2025-11-07 20:33:56,332 [ERROR] LogOutputStream:75 - [STDERR_REDIRECT] Nov 07, 2025 8:33:56 PM java.util.prefs.FileSystemPreferences checkLockFile0ErrorCode
2025-11-07 20:33:56,332 [ERROR] LogOutputStream:75 - [STDERR_REDIRECT] WARNING: Could not lock System prefs. Unix error code 2.
2025-11-07 20:33:56,332 [ERROR] LogOutputStream:75 - [STDERR_REDIRECT] 
2025-11-07 20:33:56,333 [ERROR] LogOutputStream:75 - [STDERR_REDIRECT] Nov 07, 2025 8:33:56 PM java.util.prefs.FileSystemPreferences syncWorld
2025-11-07 20:33:56,333 [ERROR] LogOutputStream:75 - [STDERR_REDIRECT] WARNING: Couldn't flush system prefs: java.util.prefs.BackingStoreException: Couldn't get file lock.
2025-11-07 20:33:56,333 [ERROR] LogOutputStream:75 - [STDERR_REDIRECT] 
2025-11-07 20:34:26,344 [ERROR] LogOutputStream:75 - [STDERR_REDIRECT] Nov 07, 2025 8:34:26 PM java.util.prefs.FileSystemPreferences checkLockFile0ErrorCode
2025-11-07 20:34:26,346 [ERROR] LogOutputStream:75 - [STDERR_REDIRECT] WARNING: Could not lock System prefs. Unix error code 2.
2025-11-07 20:34:26,346 [ERROR] LogOutputStream:75 - [STDERR_REDIRECT] 
2025-11-07 20:34:26,346 [ERROR] LogOutputStream:75 - [STDERR_REDIRECT] Nov 07, 2025 8:34:26 PM java.util.prefs.FileSystemPreferences syncWorld
2025-11-07 20:34:26,347 [ERROR] LogOutputStream:75 - [STDERR_REDIRECT] WARNING: Couldn't flush system prefs: java.util.prefs.BackingStoreException: Couldn't get file lock.
2025-11-07 20:34:26,347 [ERROR] LogOutputStream:75 - [STDERR_REDIRECT] 
2025-11-07 20:34:56,332 [ERROR] LogOutputStream:75 - [STDERR_REDIRECT] Nov 07, 2025 8:34:56 PM java.util.prefs.FileSystemPreferences checkLockFile0ErrorCode
2025-11-07 20:34:56,332 [ERROR] LogOutputStream:75 - [STDERR_REDIRECT] WARNING: Could not lock System prefs. Unix error code 2.
2025-11-07 20:34:56,333 [ERROR] LogOutputStream:75 - [STDERR_REDIRECT] 
2025-11-07 20:34:56,333 [ERROR] LogOutputStream:75 - [STDERR_REDIRECT] Nov 07, 2025 8:34:56 PM java.util.prefs.FileSystemPreferences syncWorld
2025-11-07 20:34:56,333 [ERROR] LogOutputStream:75 - [STDERR_REDIRECT] WARNING: Couldn't flush system prefs: java.util.prefs.BackingStoreException: Couldn't get file lock.
2025-11-07 20:34:56,333 [ERROR] LogOutputStream:75 - [STDERR_REDIRECT] 
2025-11-07 20:35:26,336 [ERROR] LogOutputStream:75 - [STDERR_REDIRECT] Nov 07, 2025 8:35:26 PM java.util.prefs.FileSystemPreferences checkLockFile0ErrorCode
2025-11-07 20:35:26,336 [ERROR] LogOutputStream:75 - [STDERR_REDIRECT] WARNING: Could not lock System prefs. Unix error code 2.
2025-11-07 20:35:26,336 [ERROR] LogOutputStream:75 - [STDERR_REDIRECT] 
2025-11-07 20:35:26,337 [ERROR] LogOutputStream:75 - [STDERR_REDIRECT] Nov 07, 2025 8:35:26 PM java.util.prefs.FileSystemPreferences syncWorld
2025-11-07 20:35:26,337 [ERROR] LogOutputStream:75 - [STDERR_REDIRECT] WARNING: Couldn't flush system prefs: java.util.prefs.BackingStoreException: Couldn't get file lock.
2025-11-07 20:35:26,337 [ERROR] LogOutputStream:75 - [STDERR_REDIRECT] 
2025-11-07 20:35:56,333 [ERROR] LogOutputStream:75 - [STDERR_REDIRECT] Nov 07, 2025 8:35:56 PM java.util.prefs.FileSystemPreferences checkLockFile0ErrorCode
2025-11-07 20:35:56,333 [ERROR] LogOutputStream:75 - [STDERR_REDIRECT] WARNING: Could not lock System prefs. Unix error code 2.
2025-11-07 20:35:56,333 [ERROR] LogOutputStream:75 - [STDERR_REDIRECT] 
2025-11-07 20:35:56,334 [ERROR] LogOutputStream:75 - [STDERR_REDIRECT] Nov 07, 2025 8:35:56 PM java.util.prefs.FileSystemPreferences syncWorld
2025-11-07 20:35:56,334 [ERROR] LogOutputStream:75 - [STDERR_REDIRECT] WARNING: Couldn't flush system prefs: java.util.prefs.BackingStoreException: Couldn't get file lock.
2025-11-07 20:35:56,334 [ERROR] LogOutputStream:75 - [STDERR_REDIRECT] 
2025-11-07 20:36:26,332 [ERROR] LogOutputStream:75 - [STDERR_REDIRECT] Nov 07, 2025 8:36:26 PM java.util.prefs.FileSystemPreferences checkLockFile0ErrorCode
2025-11-07 20:36:26,334 [ERROR] LogOutputStream:75 - [STDERR_REDIRECT] WARNING: Could not lock System prefs. Unix error code 2.
2025-11-07 20:36:26,334 [ERROR] LogOutputStream:75 - [STDERR_REDIRECT] 
2025-11-07 20:36:26,334 [ERROR] LogOutputStream:75 - [STDERR_REDIRECT] Nov 07, 2025 8:36:26 PM java.util.prefs.FileSystemPreferences syncWorld
2025-11-07 20:36:26,334 [ERROR] LogOutputStream:75 - [STDERR_REDIRECT] WARNING: Couldn't flush system prefs: java.util.prefs.BackingStoreException: Couldn't get file lock.
2025-11-07 20:36:26,334 [ERROR] LogOutputStream:75 - [STDERR_REDIRECT] 
2025-11-07 20:36:56,350 [ERROR] LogOutputStream:75 - [STDERR_REDIRECT] Nov 07, 2025 8:36:56 PM java.util.prefs.FileSystemPreferences checkLockFile0ErrorCode
2025-11-07 20:36:56,350 [ERROR] LogOutputStream:75 - [STDERR_REDIRECT] WARNING: Could not lock System prefs. Unix error code 2.
2025-11-07 20:36:56,350 [ERROR] LogOutputStream:75 - [STDERR_REDIRECT] 
2025-11-07 20:36:56,351 [ERROR] LogOutputStream:75 - [STDERR_REDIRECT] Nov 07, 2025 8:36:56 PM java.util.prefs.FileSystemPreferences syncWorld
2025-11-07 20:36:56,351 [ERROR] LogOutputStream:75 - [STDERR_REDIRECT] WARNING: Couldn't flush system prefs: java.util.prefs.BackingStoreException: Couldn't get file lock.
2025-11-07 20:36:56,351 [ERROR] LogOutputStream:75 - [STDERR_REDIRECT] 
2025-11-07 20:37:26,335 [ERROR] LogOutputStream:75 - [STDERR_REDIRECT] Nov 07, 2025 8:37:26 PM java.util.prefs.FileSystemPreferences checkLockFile0ErrorCode
2025-11-07 20:37:26,335 [ERROR] LogOutputStream:75 - [STDERR_REDIRECT] WARNING: Could not lock System prefs. Unix error code 2.
2025-11-07 20:37:26,335 [ERROR] LogOutputStream:75 - [STDERR_REDIRECT] 
2025-11-07 20:37:26,335 [ERROR] LogOutputStream:75 - [STDERR_REDIRECT] Nov 07, 2025 8:37:26 PM java.util.prefs.FileSystemPreferences syncWorld
2025-11-07 20:37:26,335 [ERROR] LogOutputStream:75 - [STDERR_REDIRECT] WARNING: Couldn't flush system prefs: java.util.prefs.BackingStoreException: Couldn't get file lock.
2025-11-07 20:37:26,335 [ERROR] LogOutputStream:75 - [STDERR_REDIRECT] 
2025-11-07 20:37:56,336 [ERROR] LogOutputStream:75 - [STDERR_REDIRECT] Nov 07, 2025 8:37:56 PM java.util.prefs.FileSystemPreferences checkLockFile0ErrorCode
2025-11-07 20:37:56,339 [ERROR] LogOutputStream:75 - [STDERR_REDIRECT] WARNING: Could not lock System prefs. Unix error code 2.
2025-11-07 20:37:56,339 [ERROR] LogOutputStream:75 - [STDERR_REDIRECT] 
2025-11-07 20:37:56,340 [ERROR] LogOutputStream:75 - [STDERR_REDIRECT] Nov 07, 2025 8:37:56 PM java.util.prefs.FileSystemPreferences syncWorld
2025-11-07 20:37:56,340 [ERROR] LogOutputStream:75 - [STDERR_REDIRECT] WARNING: Couldn't flush system prefs: java.util.prefs.BackingStoreException: Couldn't get file lock.
2025-11-07 20:37:56,340 [ERROR] LogOutputStream:75 - [STDERR_REDIRECT] 
2025-11-07 20:38:26,335 [ERROR] LogOutputStream:75 - [STDERR_REDIRECT] Nov 07, 2025 8:38:26 PM java.util.prefs.FileSystemPreferences checkLockFile0ErrorCode
2025-11-07 20:38:26,335 [ERROR] LogOutputStream:75 - [STDERR_REDIRECT] WARNING: Could not lock System prefs. Unix error code 2.
2025-11-07 20:38:26,335 [ERROR] LogOutputStream:75 - [STDERR_REDIRECT] 
2025-11-07 20:38:26,336 [ERROR] LogOutputStream:75 - [STDERR_REDIRECT] Nov 07, 2025 8:38:26 PM java.util.prefs.FileSystemPreferences syncWorld
2025-11-07 20:38:26,336 [ERROR] LogOutputStream:75 - [STDERR_REDIRECT] WARNING: Couldn't flush system prefs: java.util.prefs.BackingStoreException: Couldn't get file lock.
2025-11-07 20:38:26,336 [ERROR] LogOutputStream:75 - [STDERR_REDIRECT] 
2025-11-07 20:38:56,340 [ERROR] LogOutputStream:75 - [STDERR_REDIRECT] Nov 07, 2025 8:38:56 PM java.util.prefs.FileSystemPreferences checkLockFile0ErrorCode
2025-11-07 20:38:56,341 [ERROR] LogOutputStream:75 - [STDERR_REDIRECT] WARNING: Could not lock System prefs. Unix error code 2.
2025-11-07 20:38:56,341 [ERROR] LogOutputStream:75 - [STDERR_REDIRECT] 
2025-11-07 20:38:56,342 [ERROR] LogOutputStream:75 - [STDERR_REDIRECT] Nov 07, 2025 8:38:56 PM java.util.prefs.FileSystemPreferences syncWorld
2025-11-07 20:38:56,342 [ERROR] LogOutputStream:75 - [STDERR_REDIRECT] WARNING: Couldn't flush system prefs: java.util.prefs.BackingStoreException: Couldn't get file lock.
2025-11-07 20:38:56,342 [ERROR] LogOutputStream:75 - [STDERR_REDIRECT] 
2025-11-07 20:39:26,337 [ERROR] LogOutputStream:75 - [STDERR_REDIRECT] Nov 07, 2025 8:39:26 PM java.util.prefs.FileSystemPreferences checkLockFile0ErrorCode
2025-11-07 20:39:26,338 [ERROR] LogOutputStream:75 - [STDERR_REDIRECT] WARNING: Could not lock System prefs. Unix error code 2.
2025-11-07 20:39:26,338 [ERROR] LogOutputStream:75 - [STDERR_REDIRECT] 
2025-11-07 20:39:26,339 [ERROR] LogOutputStream:75 - [STDERR_REDIRECT] Nov 07, 2025 8:39:26 PM java.util.prefs.FileSystemPreferences syncWorld
2025-11-07 20:39:26,340 [ERROR] LogOutputStream:75 - [STDERR_REDIRECT] WARNING: Couldn't flush system prefs: java.util.prefs.BackingStoreException: Couldn't get file lock.
2025-11-07 20:39:26,340 [ERROR] LogOutputStream:75 - [STDERR_REDIRECT] 
2025-11-07 20:39:56,336 [ERROR] LogOutputStream:75 - [STDERR_REDIRECT] Nov 07, 2025 8:39:56 PM java.util.prefs.FileSystemPreferences checkLockFile0ErrorCode
2025-11-07 20:39:56,338 [ERROR] LogOutputStream:75 - [STDERR_REDIRECT] WARNING: Could not lock System prefs. Unix error code 2.
2025-11-07 20:39:56,338 [ERROR] LogOutputStream:75 - [STDERR_REDIRECT] 
2025-11-07 20:39:56,339 [ERROR] LogOutputStream:75 - [STDERR_REDIRECT] Nov 07, 2025 8:39:56 PM java.util.prefs.FileSystemPreferences syncWorld
2025-11-07 20:39:56,339 [ERROR] LogOutputStream:75 - [STDERR_REDIRECT] WARNING: Couldn't flush system prefs: java.util.prefs.BackingStoreException: Couldn't get file lock.
2025-11-07 20:39:56,339 [ERROR] LogOutputStream:75 - [STDERR_REDIRECT] 
2025-11-07 20:40:26,336 [ERROR] LogOutputStream:75 - [STDERR_REDIRECT] Nov 07, 2025 8:40:26 PM java.util.prefs.FileSystemPreferences checkLockFile0ErrorCode
2025-11-07 20:40:26,336 [ERROR] LogOutputStream:75 - [STDERR_REDIRECT] WARNING: Could not lock System prefs. Unix error code 2.
2025-11-07 20:40:26,336 [ERROR] LogOutputStream:75 - [STDERR_REDIRECT] 
2025-11-07 20:40:26,336 [ERROR] LogOutputStream:75 - [STDERR_REDIRECT] Nov 07, 2025 8:40:26 PM java.util.prefs.FileSystemPreferences syncWorld
2025-11-07 20:40:26,336 [ERROR] LogOutputStream:75 - [STDERR_REDIRECT] WARNING: Couldn't flush system prefs: java.util.prefs.BackingStoreException: Couldn't get file lock.
2025-11-07 20:40:26,336 [ERROR] LogOutputStream:75 - [STDERR_REDIRECT] 
2025-11-07 20:40:56,337 [ERROR] LogOutputStream:75 - [STDERR_REDIRECT] Nov 07, 2025 8:40:56 PM java.util.prefs.FileSystemPreferences checkLockFile0ErrorCode
2025-11-07 20:40:56,338 [ERROR] LogOutputStream:75 - [STDERR_REDIRECT] WARNING: Could not lock System prefs. Unix error code 2.
2025-11-07 20:40:56,338 [ERROR] LogOutputStream:75 - [STDERR_REDIRECT] 
2025-11-07 20:40:56,339 [ERROR] LogOutputStream:75 - [STDERR_REDIRECT] Nov 07, 2025 8:40:56 PM java.util.prefs.FileSystemPreferences syncWorld
2025-11-07 20:40:56,339 [ERROR] LogOutputStream:75 - [STDERR_REDIRECT] WARNING: Couldn't flush system prefs: java.util.prefs.BackingStoreException: Couldn't get file lock.
2025-11-07 20:40:56,339 [ERROR] LogOutputStream:75 - [STDERR_REDIRECT] 
2025-11-07 20:41:26,336 [ERROR] LogOutputStream:75 - [STDERR_REDIRECT] Nov 07, 2025 8:41:26 PM java.util.prefs.FileSystemPreferences checkLockFile0ErrorCode
2025-11-07 20:41:26,337 [ERROR] LogOutputStream:75 - [STDERR_REDIRECT] WARNING: Could not lock System prefs. Unix error code 2.
2025-11-07 20:41:26,337 [ERROR] LogOutputStream:75 - [STDERR_REDIRECT] 
2025-11-07 20:41:26,337 [ERROR] LogOutputStream:75 - [STDERR_REDIRECT] Nov 07, 2025 8:41:26 PM java.util.prefs.FileSystemPreferences syncWorld
2025-11-07 20:41:26,338 [ERROR] LogOutputStream:75 - [STDERR_REDIRECT] WARNING: Couldn't flush system prefs: java.util.prefs.BackingStoreException: Couldn't get file lock.
2025-11-07 20:41:26,338 [ERROR] LogOutputStream:75 - [STDERR_REDIRECT] 
2025-11-07 20:41:56,336 [ERROR] LogOutputStream:75 - [STDERR_REDIRECT] Nov 07, 2025 8:41:56 PM java.util.prefs.FileSystemPreferences checkLockFile0ErrorCode
2025-11-07 20:41:56,337 [ERROR] LogOutputStream:75 - [STDERR_REDIRECT] WARNING: Could not lock System prefs. Unix error code 2.
2025-11-07 20:41:56,337 [ERROR] LogOutputStream:75 - [STDERR_REDIRECT] 
2025-11-07 20:41:56,337 [ERROR] LogOutputStream:75 - [STDERR_REDIRECT] Nov 07, 2025 8:41:56 PM java.util.prefs.FileSystemPreferences syncWorld
2025-11-07 20:41:56,337 [ERROR] LogOutputStream:75 - [STDERR_REDIRECT] WARNING: Couldn't flush system prefs: java.util.prefs.BackingStoreException: Couldn't get file lock.
2025-11-07 20:41:56,337 [ERROR] LogOutputStream:75 - [STDERR_REDIRECT] 
2025-11-07 20:42:26,337 [ERROR] LogOutputStream:75 - [STDERR_REDIRECT] Nov 07, 2025 8:42:26 PM java.util.prefs.FileSystemPreferences checkLockFile0ErrorCode
2025-11-07 20:42:26,337 [ERROR] LogOutputStream:75 - [STDERR_REDIRECT] WARNING: Could not lock System prefs. Unix error code 2.
2025-11-07 20:42:26,338 [ERROR] LogOutputStream:75 - [STDERR_REDIRECT] 
2025-11-07 20:42:26,338 [ERROR] LogOutputStream:75 - [STDERR_REDIRECT] Nov 07, 2025 8:42:26 PM java.util.prefs.FileSystemPreferences syncWorld
2025-11-07 20:42:26,338 [ERROR] LogOutputStream:75 - [STDERR_REDIRECT] WARNING: Couldn't flush system prefs: java.util.prefs.BackingStoreException: Couldn't get file lock.
2025-11-07 20:42:26,338 [ERROR] LogOutputStream:75 - [STDERR_REDIRECT] 
2025-11-07 20:42:56,337 [ERROR] LogOutputStream:75 - [STDERR_REDIRECT] Nov 07, 2025 8:42:56 PM java.util.prefs.FileSystemPreferences checkLockFile0ErrorCode
2025-11-07 20:42:56,337 [ERROR] LogOutputStream:75 - [STDERR_REDIRECT] WARNING: Could not lock System prefs. Unix error code 2.
2025-11-07 20:42:56,337 [ERROR] LogOutputStream:75 - [STDERR_REDIRECT] 
2025-11-07 20:42:56,338 [ERROR] LogOutputStream:75 - [STDERR_REDIRECT] Nov 07, 2025 8:42:56 PM java.util.prefs.FileSystemPreferences syncWorld
2025-11-07 20:42:56,338 [ERROR] LogOutputStream:75 - [STDERR_REDIRECT] WARNING: Couldn't flush system prefs: java.util.prefs.BackingStoreException: Couldn't get file lock.
2025-11-07 20:42:56,338 [ERROR] LogOutputStream:75 - [STDERR_REDIRECT] 
2025-11-07 20:43:26,336 [ERROR] LogOutputStream:75 - [STDERR_REDIRECT] Nov 07, 2025 8:43:26 PM java.util.prefs.FileSystemPreferences checkLockFile0ErrorCode
2025-11-07 20:43:26,338 [ERROR] LogOutputStream:75 - [STDERR_REDIRECT] WARNING: Could not lock System prefs. Unix error code 2.
2025-11-07 20:43:26,338 [ERROR] LogOutputStream:75 - [STDERR_REDIRECT] 
2025-11-07 20:43:26,339 [ERROR] LogOutputStream:75 - [STDERR_REDIRECT] Nov 07, 2025 8:43:26 PM java.util.prefs.FileSystemPreferences syncWorld
2025-11-07 20:43:26,339 [ERROR] LogOutputStream:75 - [STDERR_REDIRECT] WARNING: Couldn't flush system prefs: java.util.prefs.BackingStoreException: Couldn't get file lock.
2025-11-07 20:43:26,339 [ERROR] LogOutputStream:75 - [STDERR_REDIRECT] 
2025-11-07 20:43:56,337 [ERROR] LogOutputStream:75 - [STDERR_REDIRECT] Nov 07, 2025 8:43:56 PM java.util.prefs.FileSystemPreferences checkLockFile0ErrorCode
2025-11-07 20:43:56,338 [ERROR] LogOutputStream:75 - [STDERR_REDIRECT] WARNING: Could not lock System prefs. Unix error code 2.
2025-11-07 20:43:56,338 [ERROR] LogOutputStream:75 - [STDERR_REDIRECT] 
2025-11-07 20:43:56,339 [ERROR] LogOutputStream:75 - [STDERR_REDIRECT] Nov 07, 2025 8:43:56 PM java.util.prefs.FileSystemPreferences syncWorld
2025-11-07 20:43:56,340 [ERROR] LogOutputStream:75 - [STDERR_REDIRECT] WARNING: Couldn't flush system prefs: java.util.prefs.BackingStoreException: Couldn't get file lock.
2025-11-07 20:43:56,340 [ERROR] LogOutputStream:75 - [STDERR_REDIRECT] 
2025-11-07 20:44:26,337 [ERROR] LogOutputStream:75 - [STDERR_REDIRECT] Nov 07, 2025 8:44:26 PM java.util.prefs.FileSystemPreferences checkLockFile0ErrorCode
2025-11-07 20:44:26,337 [ERROR] LogOutputStream:75 - [STDERR_REDIRECT] WARNING: Could not lock System prefs. Unix error code 2.
2025-11-07 20:44:26,337 [ERROR] LogOutputStream:75 - [STDERR_REDIRECT] 
2025-11-07 20:44:26,337 [ERROR] LogOutputStream:75 - [STDERR_REDIRECT] Nov 07, 2025 8:44:26 PM java.util.prefs.FileSystemPreferences syncWorld
2025-11-07 20:44:26,338 [ERROR] LogOutputStream:75 - [STDERR_REDIRECT] WARNING: Couldn't flush system prefs: java.util.prefs.BackingStoreException: Couldn't get file lock.
2025-11-07 20:44:26,338 [ERROR] LogOutputStream:75 - [STDERR_REDIRECT] 
2025-11-07 20:44:56,341 [ERROR] LogOutputStream:75 - [STDERR_REDIRECT] Nov 07, 2025 8:44:56 PM java.util.prefs.FileSystemPreferences checkLockFile0ErrorCode
2025-11-07 20:44:56,342 [ERROR] LogOutputStream:75 - [STDERR_REDIRECT] WARNING: Could not lock System prefs. Unix error code 2.
2025-11-07 20:44:56,342 [ERROR] LogOutputStream:75 - [STDERR_REDIRECT] 
2025-11-07 20:44:56,343 [ERROR] LogOutputStream:75 - [STDERR_REDIRECT] Nov 07, 2025 8:44:56 PM java.util.prefs.FileSystemPreferences syncWorld
2025-11-07 20:44:56,343 [ERROR] LogOutputStream:75 - [STDERR_REDIRECT] WARNING: Couldn't flush system prefs: java.util.prefs.BackingStoreException: Couldn't get file lock.
2025-11-07 20:44:56,343 [ERROR] LogOutputStream:75 - [STDERR_REDIRECT] 
2025-11-07 20:45:26,337 [ERROR] LogOutputStream:75 - [STDERR_REDIRECT] Nov 07, 2025 8:45:26 PM java.util.prefs.FileSystemPreferences checkLockFile0ErrorCode
2025-11-07 20:45:26,338 [ERROR] LogOutputStream:75 - [STDERR_REDIRECT] WARNING: Could not lock System prefs. Unix error code 2.
2025-11-07 20:45:26,338 [ERROR] LogOutputStream:75 - [STDERR_REDIRECT] 
2025-11-07 20:45:26,339 [ERROR] LogOutputStream:75 - [STDERR_REDIRECT] Nov 07, 2025 8:45:26 PM java.util.prefs.FileSystemPreferences syncWorld
2025-11-07 20:45:26,340 [ERROR] LogOutputStream:75 - [STDERR_REDIRECT] WARNING: Couldn't flush system prefs: java.util.prefs.BackingStoreException: Couldn't get file lock.
2025-11-07 20:45:26,340 [ERROR] LogOutputStream:75 - [STDERR_REDIRECT] 
2025-11-07 20:45:56,337 [ERROR] LogOutputStream:75 - [STDERR_REDIRECT] Nov 07, 2025 8:45:56 PM java.util.prefs.FileSystemPreferences checkLockFile0ErrorCode
2025-11-07 20:45:56,337 [ERROR] LogOutputStream:75 - [STDERR_REDIRECT] WARNING: Could not lock System prefs. Unix error code 2.
2025-11-07 20:45:56,338 [ERROR] LogOutputStream:75 - [STDERR_REDIRECT] 
2025-11-07 20:45:56,338 [ERROR] LogOutputStream:75 - [STDERR_REDIRECT] Nov 07, 2025 8:45:56 PM java.util.prefs.FileSystemPreferences syncWorld
2025-11-07 20:45:56,338 [ERROR] LogOutputStream:75 - [STDERR_REDIRECT] WARNING: Couldn't flush system prefs: java.util.prefs.BackingStoreException: Couldn't get file lock.
2025-11-07 20:45:56,339 [ERROR] LogOutputStream:75 - [STDERR_REDIRECT] 
2025-11-07 20:46:26,337 [ERROR] LogOutputStream:75 - [STDERR_REDIRECT] Nov 07, 2025 8:46:26 PM java.util.prefs.FileSystemPreferences checkLockFile0ErrorCode
2025-11-07 20:46:26,337 [ERROR] LogOutputStream:75 - [STDERR_REDIRECT] WARNING: Could not lock System prefs. Unix error code 2.
2025-11-07 20:46:26,337 [ERROR] LogOutputStream:75 - [STDERR_REDIRECT] 
2025-11-07 20:46:26,338 [ERROR] LogOutputStream:75 - [STDERR_REDIRECT] Nov 07, 2025 8:46:26 PM java.util.prefs.FileSystemPreferences syncWorld
2025-11-07 20:46:26,338 [ERROR] LogOutputStream:75 - [STDERR_REDIRECT] WARNING: Couldn't flush system prefs: java.util.prefs.BackingStoreException: Couldn't get file lock.
2025-11-07 20:46:26,338 [ERROR] LogOutputStream:75 - [STDERR_REDIRECT] 
2025-11-07 20:46:56,337 [ERROR] LogOutputStream:75 - [STDERR_REDIRECT] Nov 07, 2025 8:46:56 PM java.util.prefs.FileSystemPreferences checkLockFile0ErrorCode
2025-11-07 20:46:56,337 [ERROR] LogOutputStream:75 - [STDERR_REDIRECT] WARNING: Could not lock System prefs. Unix error code 2.
2025-11-07 20:46:56,337 [ERROR] LogOutputStream:75 - [STDERR_REDIRECT] 
2025-11-07 20:46:56,338 [ERROR] LogOutputStream:75 - [STDERR_REDIRECT] Nov 07, 2025 8:46:56 PM java.util.prefs.FileSystemPreferences syncWorld
2025-11-07 20:46:56,338 [ERROR] LogOutputStream:75 - [STDERR_REDIRECT] WARNING: Couldn't flush system prefs: java.util.prefs.BackingStoreException: Couldn't get file lock.
2025-11-07 20:46:56,338 [ERROR] LogOutputStream:75 - [STDERR_REDIRECT] 
2025-11-07 20:47:26,338 [ERROR] LogOutputStream:75 - [STDERR_REDIRECT] Nov 07, 2025 8:47:26 PM java.util.prefs.FileSystemPreferences checkLockFile0ErrorCode
2025-11-07 20:47:26,338 [ERROR] LogOutputStream:75 - [STDERR_REDIRECT] WARNING: Could not lock System prefs. Unix error code 2.
2025-11-07 20:47:26,338 [ERROR] LogOutputStream:75 - [STDERR_REDIRECT] 
2025-11-07 20:47:26,338 [ERROR] LogOutputStream:75 - [STDERR_REDIRECT] Nov 07, 2025 8:47:26 PM java.util.prefs.FileSystemPreferences syncWorld
2025-11-07 20:47:26,339 [ERROR] LogOutputStream:75 - [STDERR_REDIRECT] WARNING: Couldn't flush system prefs: java.util.prefs.BackingStoreException: Couldn't get file lock.
2025-11-07 20:47:26,339 [ERROR] LogOutputStream:75 - [STDERR_REDIRECT] 
2025-11-07 20:47:56,337 [ERROR] LogOutputStream:75 - [STDERR_REDIRECT] Nov 07, 2025 8:47:56 PM java.util.prefs.FileSystemPreferences checkLockFile0ErrorCode
2025-11-07 20:47:56,337 [ERROR] LogOutputStream:75 - [STDERR_REDIRECT] WARNING: Could not lock System prefs. Unix error code 2.
2025-11-07 20:47:56,337 [ERROR] LogOutputStream:75 - [STDERR_REDIRECT] 
2025-11-07 20:47:56,338 [ERROR] LogOutputStream:75 - [STDERR_REDIRECT] Nov 07, 2025 8:47:56 PM java.util.prefs.FileSystemPreferences syncWorld
2025-11-07 20:47:56,338 [ERROR] LogOutputStream:75 - [STDERR_REDIRECT] WARNING: Couldn't flush system prefs: java.util.prefs.BackingStoreException: Couldn't get file lock.
2025-11-07 20:47:56,338 [ERROR] LogOutputStream:75 - [STDERR_REDIRECT] 
2025-11-07 20:48:26,337 [ERROR] LogOutputStream:75 - [STDERR_REDIRECT] Nov 07, 2025 8:48:26 PM java.util.prefs.FileSystemPreferences checkLockFile0ErrorCode
2025-11-07 20:48:26,337 [ERROR] LogOutputStream:75 - [STDERR_REDIRECT] WARNING: Could not lock System prefs. Unix error code 2.
2025-11-07 20:48:26,338 [ERROR] LogOutputStream:75 - [STDERR_REDIRECT] 
2025-11-07 20:48:26,338 [ERROR] LogOutputStream:75 - [STDERR_REDIRECT] Nov 07, 2025 8:48:26 PM java.util.prefs.FileSystemPreferences syncWorld
2025-11-07 20:48:26,338 [ERROR] LogOutputStream:75 - [STDERR_REDIRECT] WARNING: Couldn't flush system prefs: java.util.prefs.BackingStoreException: Couldn't get file lock.
2025-11-07 20:48:26,339 [ERROR] LogOutputStream:75 - [STDERR_REDIRECT] 
2025-11-07 20:48:56,337 [ERROR] LogOutputStream:75 - [STDERR_REDIRECT] Nov 07, 2025 8:48:56 PM java.util.prefs.FileSystemPreferences checkLockFile0ErrorCode
2025-11-07 20:48:56,337 [ERROR] LogOutputStream:75 - [STDERR_REDIRECT] WARNING: Could not lock System prefs. Unix error code 2.
2025-11-07 20:48:56,338 [ERROR] LogOutputStream:75 - [STDERR_REDIRECT] 
2025-11-07 20:48:56,339 [ERROR] LogOutputStream:75 - [STDERR_REDIRECT] Nov 07, 2025 8:48:56 PM java.util.prefs.FileSystemPreferences syncWorld
2025-11-07 20:48:56,339 [ERROR] LogOutputStream:75 - [STDERR_REDIRECT] WARNING: Couldn't flush system prefs: java.util.prefs.BackingStoreException: Couldn't get file lock.
2025-11-07 20:48:56,339 [ERROR] LogOutputStream:75 - [STDERR_REDIRECT] 
2025-11-07 20:49:26,337 [ERROR] LogOutputStream:75 - [STDERR_REDIRECT] Nov 07, 2025 8:49:26 PM java.util.prefs.FileSystemPreferences checkLockFile0ErrorCode
2025-11-07 20:49:26,337 [ERROR] LogOutputStream:75 - [STDERR_REDIRECT] WARNING: Could not lock System prefs. Unix error code 2.
2025-11-07 20:49:26,337 [ERROR] LogOutputStream:75 - [STDERR_REDIRECT] 
2025-11-07 20:49:26,337 [ERROR] LogOutputStream:75 - [STDERR_REDIRECT] Nov 07, 2025 8:49:26 PM java.util.prefs.FileSystemPreferences syncWorld
2025-11-07 20:49:26,337 [ERROR] LogOutputStream:75 - [STDERR_REDIRECT] WARNING: Couldn't flush system prefs: java.util.prefs.BackingStoreException: Couldn't get file lock.
2025-11-07 20:49:26,337 [ERROR] LogOutputStream:75 - [STDERR_REDIRECT] 
2025-11-07 20:49:56,337 [ERROR] LogOutputStream:75 - [STDERR_REDIRECT] Nov 07, 2025 8:49:56 PM java.util.prefs.FileSystemPreferences checkLockFile0ErrorCode
2025-11-07 20:49:56,338 [ERROR] LogOutputStream:75 - [STDERR_REDIRECT] WARNING: Could not lock System prefs. Unix error code 2.
2025-11-07 20:49:56,338 [ERROR] LogOutputStream:75 - [STDERR_REDIRECT] 
2025-11-07 20:49:56,339 [ERROR] LogOutputStream:75 - [STDERR_REDIRECT] Nov 07, 2025 8:49:56 PM java.util.prefs.FileSystemPreferences syncWorld
2025-11-07 20:49:56,339 [ERROR] LogOutputStream:75 - [STDERR_REDIRECT] WARNING: Couldn't flush system prefs: java.util.prefs.BackingStoreException: Couldn't get file lock.
2025-11-07 20:49:56,339 [ERROR] LogOutputStream:75 - [STDERR_REDIRECT] 
2025-11-07 20:50:26,337 [ERROR] LogOutputStream:75 - [STDERR_REDIRECT] Nov 07, 2025 8:50:26 PM java.util.prefs.FileSystemPreferences checkLockFile0ErrorCode
2025-11-07 20:50:26,338 [ERROR] LogOutputStream:75 - [STDERR_REDIRECT] WARNING: Could not lock System prefs. Unix error code 2.
2025-11-07 20:50:26,338 [ERROR] LogOutputStream:75 - [STDERR_REDIRECT] 
2025-11-07 20:50:26,339 [ERROR] LogOutputStream:75 - [STDERR_REDIRECT] Nov 07, 2025 8:50:26 PM java.util.prefs.FileSystemPreferences syncWorld
2025-11-07 20:50:26,339 [ERROR] LogOutputStream:75 - [STDERR_REDIRECT] WARNING: Couldn't flush system prefs: java.util.prefs.BackingStoreException: Couldn't get file lock.
2025-11-07 20:50:26,339 [ERROR] LogOutputStream:75 - [STDERR_REDIRECT] 
2025-11-07 20:50:56,336 [ERROR] LogOutputStream:75 - [STDERR_REDIRECT] Nov 07, 2025 8:50:56 PM java.util.prefs.FileSystemPreferences checkLockFile0ErrorCode
2025-11-07 20:50:56,337 [ERROR] LogOutputStream:75 - [STDERR_REDIRECT] WARNING: Could not lock System prefs. Unix error code 2.
2025-11-07 20:50:56,337 [ERROR] LogOutputStream:75 - [STDERR_REDIRECT] 
2025-11-07 20:50:56,337 [ERROR] LogOutputStream:75 - [STDERR_REDIRECT] Nov 07, 2025 8:50:56 PM java.util.prefs.FileSystemPreferences syncWorld
2025-11-07 20:50:56,337 [ERROR] LogOutputStream:75 - [STDERR_REDIRECT] WARNING: Couldn't flush system prefs: java.util.prefs.BackingStoreException: Couldn't get file lock.
2025-11-07 20:50:56,337 [ERROR] LogOutputStream:75 - [STDERR_REDIRECT] 
2025-11-07 20:51:26,336 [ERROR] LogOutputStream:75 - [STDERR_REDIRECT] Nov 07, 2025 8:51:26 PM java.util.prefs.FileSystemPreferences checkLockFile0ErrorCode
2025-11-07 20:51:26,338 [ERROR] LogOutputStream:75 - [STDERR_REDIRECT] WARNING: Could not lock System prefs. Unix error code 2.
2025-11-07 20:51:26,338 [ERROR] LogOutputStream:75 - [STDERR_REDIRECT] 
2025-11-07 20:51:26,338 [ERROR] LogOutputStream:75 - [STDERR_REDIRECT] Nov 07, 2025 8:51:26 PM java.util.prefs.FileSystemPreferences syncWorld
2025-11-07 20:51:26,338 [ERROR] LogOutputStream:75 - [STDERR_REDIRECT] WARNING: Couldn't flush system prefs: java.util.prefs.BackingStoreException: Couldn't get file lock.
2025-11-07 20:51:26,339 [ERROR] LogOutputStream:75 - [STDERR_REDIRECT] 
2025-11-07 20:51:56,336 [ERROR] LogOutputStream:75 - [STDERR_REDIRECT] Nov 07, 2025 8:51:56 PM java.util.prefs.FileSystemPreferences checkLockFile0ErrorCode
2025-11-07 20:51:56,338 [ERROR] LogOutputStream:75 - [STDERR_REDIRECT] WARNING: Could not lock System prefs. Unix error code 2.
2025-11-07 20:51:56,338 [ERROR] LogOutputStream:75 - [STDERR_REDIRECT] 
2025-11-07 20:51:56,338 [ERROR] LogOutputStream:75 - [STDERR_REDIRECT] Nov 07, 2025 8:51:56 PM java.util.prefs.FileSystemPreferences syncWorld
2025-11-07 20:51:56,338 [ERROR] LogOutputStream:75 - [STDERR_REDIRECT] WARNING: Couldn't flush system prefs: java.util.prefs.BackingStoreException: Couldn't get file lock.
2025-11-07 20:51:56,339 [ERROR] LogOutputStream:75 - [STDERR_REDIRECT] 
2025-11-07 20:52:26,335 [ERROR] LogOutputStream:75 - [STDERR_REDIRECT] Nov 07, 2025 8:52:26 PM java.util.prefs.FileSystemPreferences checkLockFile0ErrorCode
2025-11-07 20:52:26,337 [ERROR] LogOutputStream:75 - [STDERR_REDIRECT] WARNING: Could not lock System prefs. Unix error code 2.
2025-11-07 20:52:26,338 [ERROR] LogOutputStream:75 - [STDERR_REDIRECT] 
2025-11-07 20:52:26,338 [ERROR] LogOutputStream:75 - [STDERR_REDIRECT] Nov 07, 2025 8:52:26 PM java.util.prefs.FileSystemPreferences syncWorld
2025-11-07 20:52:26,338 [ERROR] LogOutputStream:75 - [STDERR_REDIRECT] WARNING: Couldn't flush system prefs: java.util.prefs.BackingStoreException: Couldn't get file lock.
2025-11-07 20:52:26,338 [ERROR] LogOutputStream:75 - [STDERR_REDIRECT] 
2025-11-07 20:52:56,340 [ERROR] LogOutputStream:75 - [STDERR_REDIRECT] Nov 07, 2025 8:52:56 PM java.util.prefs.FileSystemPreferences checkLockFile0ErrorCode
2025-11-07 20:52:56,342 [ERROR] LogOutputStream:75 - [STDERR_REDIRECT] WARNING: Could not lock System prefs. Unix error code 2.
2025-11-07 20:52:56,342 [ERROR] LogOutputStream:75 - [STDERR_REDIRECT] 
2025-11-07 20:52:56,342 [ERROR] LogOutputStream:75 - [STDERR_REDIRECT] Nov 07, 2025 8:52:56 PM java.util.prefs.FileSystemPreferences syncWorld
2025-11-07 20:52:56,343 [ERROR] LogOutputStream:75 - [STDERR_REDIRECT] WARNING: Couldn't flush system prefs: java.util.prefs.BackingStoreException: Couldn't get file lock.
2025-11-07 20:52:56,343 [ERROR] LogOutputStream:75 - [STDERR_REDIRECT] 
2025-11-07 20:53:26,362 [ERROR] LogOutputStream:75 - [STDERR_REDIRECT] Nov 07, 2025 8:53:26 PM java.util.prefs.FileSystemPreferences checkLockFile0ErrorCode
2025-11-07 20:53:26,365 [ERROR] LogOutputStream:75 - [STDERR_REDIRECT] WARNING: Could not lock System prefs. Unix error code 2.
2025-11-07 20:53:26,365 [ERROR] LogOutputStream:75 - [STDERR_REDIRECT] 
2025-11-07 20:53:26,366 [ERROR] LogOutputStream:75 - [STDERR_REDIRECT] Nov 07, 2025 8:53:26 PM java.util.prefs.FileSystemPreferences syncWorld
2025-11-07 20:53:26,366 [ERROR] LogOutputStream:75 - [STDERR_REDIRECT] WARNING: Couldn't flush system prefs: java.util.prefs.BackingStoreException: Couldn't get file lock.
2025-11-07 20:53:26,366 [ERROR] LogOutputStream:75 - [STDERR_REDIRECT] 
2025-11-07 20:53:56,357 [ERROR] LogOutputStream:75 - [STDERR_REDIRECT] Nov 07, 2025 8:53:56 PM java.util.prefs.FileSystemPreferences checkLockFile0ErrorCode
2025-11-07 20:53:56,358 [ERROR] LogOutputStream:75 - [STDERR_REDIRECT] WARNING: Could not lock System prefs. Unix error code 2.
2025-11-07 20:53:56,358 [ERROR] LogOutputStream:75 - [STDERR_REDIRECT] 
2025-11-07 20:53:56,359 [ERROR] LogOutputStream:75 - [STDERR_REDIRECT] Nov 07, 2025 8:53:56 PM java.util.prefs.FileSystemPreferences syncWorld
2025-11-07 20:53:56,359 [ERROR] LogOutputStream:75 - [STDERR_REDIRECT] WARNING: Couldn't flush system prefs: java.util.prefs.BackingStoreException: Couldn't get file lock.
2025-11-07 20:53:56,359 [ERROR] LogOutputStream:75 - [STDERR_REDIRECT] 
2025-11-07 20:54:26,392 [ERROR] LogOutputStream:75 - [STDERR_REDIRECT] Nov 07, 2025 8:54:26 PM java.util.prefs.FileSystemPreferences checkLockFile0ErrorCode
2025-11-07 20:54:26,397 [ERROR] LogOutputStream:75 - [STDERR_REDIRECT] WARNING: Could not lock System prefs. Unix error code 2.
2025-11-07 20:54:26,397 [ERROR] LogOutputStream:75 - [STDERR_REDIRECT] 
2025-11-07 20:54:26,398 [ERROR] LogOutputStream:75 - [STDERR_REDIRECT] Nov 07, 2025 8:54:26 PM java.util.prefs.FileSystemPreferences syncWorld
2025-11-07 20:54:26,398 [ERROR] LogOutputStream:75 - [STDERR_REDIRECT] WARNING: Couldn't flush system prefs: java.util.prefs.BackingStoreException: Couldn't get file lock.
2025-11-07 20:54:26,398 [ERROR] LogOutputStream:75 - [STDERR_REDIRECT] 
2025-11-07 20:54:57,048 [ERROR] LogOutputStream:75 - [STDERR_REDIRECT] Nov 07, 2025 8:54:57 PM java.util.prefs.FileSystemPreferences checkLockFile0ErrorCode
2025-11-07 20:54:57,108 [ERROR] LogOutputStream:75 - [STDERR_REDIRECT] WARNING: Could not lock System prefs. Unix error code 2.
2025-11-07 20:54:57,116 [ERROR] LogOutputStream:75 - [STDERR_REDIRECT] 
2025-11-07 20:54:57,128 [ERROR] LogOutputStream:75 - [STDERR_REDIRECT] Nov 07, 2025 8:54:57 PM java.util.prefs.FileSystemPreferences syncWorld
2025-11-07 20:54:57,136 [ERROR] LogOutputStream:75 - [STDERR_REDIRECT] WARNING: Couldn't flush system prefs: java.util.prefs.BackingStoreException: Couldn't get file lock.
2025-11-07 20:54:57,137 [ERROR] LogOutputStream:75 - [STDERR_REDIRECT] 
2025-11-07 20:55:29,820 [ERROR] LogOutputStream:75 - [STDERR_REDIRECT] Nov 07, 2025 8:55:28 PM java.util.prefs.FileSystemPreferences checkLockFile0ErrorCode
2025-11-07 20:55:31,478 [ERROR] LogOutputStream:75 - [STDERR_REDIRECT] WARNING: Could not lock System prefs. Unix error code 2.
2025-11-07 20:55:32,704 [ERROR] LogOutputStream:75 - [STDERR_REDIRECT] 
2025-11-07 20:55:33,889 [ERROR] LogOutputStream:75 - [STDERR_REDIRECT] Nov 07, 2025 8:55:33 PM java.util.prefs.FileSystemPreferences syncWorld
2025-11-07 20:55:34,900 [ERROR] LogOutputStream:75 - [STDERR_REDIRECT] WARNING: Couldn't flush system prefs: java.util.prefs.BackingStoreException: Couldn't get file lock.
2025-11-07 20:55:35,371 [ERROR] LogOutputStream:75 - [STDERR_REDIRECT] 
2025-11-07 20:56:00,780 [ERROR] LogOutputStream:75 - [STDERR_REDIRECT] Nov 07, 2025 8:55:58 PM java.util.prefs.FileSystemPreferences checkLockFile0ErrorCode
2025-11-07 20:56:04,908 [ERROR] LogOutputStream:75 - [STDERR_REDIRECT] WARNING: Could not lock System prefs. Unix error code 2.
2025-11-07 20:56:06,774 [ERROR] LogOutputStream:75 - [STDERR_REDIRECT] 
2025-11-07 20:56:11,929 [ERROR] LogOutputStream:75 - [STDERR_REDIRECT] Nov 07, 2025 8:56:07 PM java.util.prefs.FileSystemPreferences syncWorld
2025-11-07 20:56:15,691 [ERROR] LogOutputStream:75 - [STDERR_REDIRECT] WARNING: Couldn't flush system prefs: java.util.prefs.BackingStoreException: Couldn't get file lock.
2025-11-07 20:56:18,061 [ERROR] LogOutputStream:75 - [STDERR_REDIRECT] 
