2025-10-22 14:52:52,912 [INFO] Activator:176 - 


2025-10-22 14:52:52,914 [INFO] Activator:177 - !SESSION log4j initialized
2025-10-22 14:52:58,071 [INFO] LogOutputStream:77 - [STDOUT_REDIRECT] 
2025-10-22 14:53:20,178 [ERROR] LogOutputStream:75 - [STDERR_REDIRECT] SLF4J: Failed to load class "org.slf4j.impl.StaticLoggerBinder".
2025-10-22 14:53:20,181 [ERROR] LogOutputStream:75 - [STDERR_REDIRECT] SLF4J: Defaulting to no-operation (NOP) logger implementation
2025-10-22 14:53:20,184 [ERROR] LogOutputStream:75 - [STDERR_REDIRECT] SLF4J: See http://www.slf4j.org/codes.html#StaticLoggerBinder for further details.
2025-10-22 14:55:37,326 [ERROR] LogOutputStream:75 - [STDERR_REDIRECT] Warning: NLS missing message: ExternalToolsPreferencePage_External_tool_project_builders_migration_2 in: org.eclipse.ui.externaltools.internal.ui.ExternalToolsUIMessages
2025-10-22 14:55:37,326 [ERROR] LogOutputStream:75 - [STDERR_REDIRECT] Warning: NLS missing message: ExternalToolsPreferencePage_Prompt_before_migrating_3 in: org.eclipse.ui.externaltools.internal.ui.ExternalToolsUIMessages
2025-10-22 14:55:37,326 [ERROR] LogOutputStream:75 - [STDERR_REDIRECT] Warning: NLS missing message: ExternalToolsPreferencePage_1 in: org.eclipse.ui.externaltools.internal.ui.ExternalToolsUIMessages
2025-10-22 15:03:45,200 [INFO] ApplicationProperties:184 - Using Application install path: /app/stm32cubeide/plugins/com.st.stm32cube.common.mx_6.8.0.202302231600
2025-10-22 15:03:45,214 [INFO] DbMcusXml:78 - Set database path to: /app/stm32cubeide/plugins/com.st.stm32cube.common.mx_6.8.0.202302231600//db//mcu/
2025-10-22 15:03:45,215 [INFO] ApiDb:274 - Set plugin database path to: /app/stm32cubeide/plugins/com.st.stm32cube.common.mx_6.8.0.202302231600//db//plugins/boardmanager/
2025-10-22 15:03:45,216 [WARN] ApiDb:259 - Overriding images path with different value:  => /app/stm32cubeide/plugins/com.st.stm32cube.common.mx_6.8.0.202302231600//db//plugins/mcufinder/images/
2025-10-22 15:03:45,226 [INFO] ApiDb:250 - Set database path to: /home/abanchio/.stmcufinder/plugins/mcufinder//mcu/
2025-10-22 15:03:45,227 [INFO] DbMcusAds:125 - Set database path to: /home/abanchio/.stmcufinder/plugins/mcufinder//mcu/
2025-10-22 15:03:45,231 [INFO] CrossReferenceDbSqlite:203 - Set database path to: /home/abanchio/.stmcufinder/plugins/mcufinder//mcu/cs/
2025-10-22 15:03:45,300 [INFO] RulesReader:64 - Compatibility file has been processed (293 Rules)
2025-10-22 15:03:45,335 [INFO] DbMcusXml:78 - Set database path to: /app/stm32cubeide/plugins/com.st.stm32cube.common.mx_6.8.0.202302231600//db//mcu/
2025-10-22 15:03:45,335 [INFO] ApiDb:274 - Set plugin database path to: /app/stm32cubeide/plugins/com.st.stm32cube.common.mx_6.8.0.202302231600//db//plugins/boardmanager/
2025-10-22 15:03:45,335 [INFO] ApiDb:261 - Set plugin images path to: /app/stm32cubeide/plugins/com.st.stm32cube.common.mx_6.8.0.202302231600//db//plugins/mcufinder/images/
2025-10-22 15:03:45,336 [WARN] DbFile:41 - Overriding database path with different value: /home/abanchio/.stmcufinder/plugins/mcufinder/ => /home/abanchio/.stmcufinder/plugins/mcufinder
2025-10-22 15:03:45,336 [INFO] ApiDb:250 - Set database path to: /home/abanchio/.stmcufinder/plugins/mcufinder//mcu/
2025-10-22 15:03:45,336 [WARN] DbFile:41 - Overriding database path with different value: /home/abanchio/.stmcufinder/plugins/mcufinder/ => /home/abanchio/.stmcufinder/plugins/mcufinder
2025-10-22 15:03:45,336 [INFO] DbMcusAds:125 - Set database path to: /home/abanchio/.stmcufinder/plugins/mcufinder//mcu/
2025-10-22 15:03:45,336 [WARN] DbFile:41 - Overriding database path with different value: /home/abanchio/.stmcufinder/plugins/mcufinder/ => /home/abanchio/.stmcufinder/plugins/mcufinder
2025-10-22 15:03:45,336 [WARN] DbFile:41 - Overriding database path with different value: /home/abanchio/.stmcufinder/plugins/mcufinder/ => /home/abanchio/.stmcufinder/plugins/mcufinder
2025-10-22 15:03:45,336 [INFO] CrossReferenceDbSqlite:203 - Set database path to: /home/abanchio/.stmcufinder/plugins/mcufinder//mcu/cs/
2025-10-22 15:03:45,383 [INFO] MainPanel:253 - HeapMemory: 609222656
2025-10-22 15:03:45,447 [INFO] DbMcusXml:78 - Set database path to: /app/stm32cubeide/plugins/com.st.stm32cube.common.mx_6.8.0.202302231600//db//mcu/
2025-10-22 15:03:45,447 [INFO] ApiDb:274 - Set plugin database path to: /app/stm32cubeide/plugins/com.st.stm32cube.common.mx_6.8.0.202302231600//db//plugins/boardmanager/
2025-10-22 15:03:45,447 [INFO] ApiDb:261 - Set plugin images path to: /app/stm32cubeide/plugins/com.st.stm32cube.common.mx_6.8.0.202302231600//db//plugins/mcufinder/images/
2025-10-22 15:03:45,447 [WARN] DbFile:41 - Overriding database path with different value: /home/abanchio/.stmcufinder/plugins/mcufinder/ => /home/abanchio/.stmcufinder/plugins/mcufinder
2025-10-22 15:03:45,447 [INFO] ApiDb:250 - Set database path to: /home/abanchio/.stmcufinder/plugins/mcufinder//mcu/
2025-10-22 15:03:45,448 [WARN] DbFile:41 - Overriding database path with different value: /home/abanchio/.stmcufinder/plugins/mcufinder/ => /home/abanchio/.stmcufinder/plugins/mcufinder
2025-10-22 15:03:45,448 [INFO] DbMcusAds:125 - Set database path to: /home/abanchio/.stmcufinder/plugins/mcufinder//mcu/
2025-10-22 15:03:45,448 [WARN] DbFile:41 - Overriding database path with different value: /home/abanchio/.stmcufinder/plugins/mcufinder/ => /home/abanchio/.stmcufinder/plugins/mcufinder
2025-10-22 15:03:45,448 [WARN] DbFile:41 - Overriding database path with different value: /home/abanchio/.stmcufinder/plugins/mcufinder/ => /home/abanchio/.stmcufinder/plugins/mcufinder
2025-10-22 15:03:45,448 [INFO] CrossReferenceDbSqlite:203 - Set database path to: /home/abanchio/.stmcufinder/plugins/mcufinder//mcu/cs/
2025-10-22 15:03:45,457 [INFO] ApplicationProperties:184 - Using Application install path: /app/stm32cubeide/plugins/com.st.stm32cube.common.mx_6.8.0.202302231600
2025-10-22 15:03:45,459 [INFO] PluginManage:196 - Search for loadable plugins [exclusion list=, ]
2025-10-22 15:03:45,461 [INFO] PluginManage:310 - Check plugin analytics
2025-10-22 15:03:45,578 [INFO] AnalyticsPlugin:253 - Accepted Software Licenses: 
2025-10-22 15:03:45,579 [INFO] AnalyticsPlugin:255 - Accepted CMSIS Pack Licenses: 
2025-10-22 15:03:45,579 [INFO] AnalyticsPlugin:257 - Accepted Firmware Licenses: FW.F4.1.27.0
2025-10-22 15:03:45,585 [INFO] PluginManage:359 - Loaded plugin analytics (category:tool,tabindex:-1)
2025-10-22 15:03:45,585 [INFO] PluginManage:310 - Check plugin cadmodel
2025-10-22 15:03:45,638 [INFO] CADModel:105 - Init CAD model plugin
2025-10-22 15:03:45,638 [INFO] PluginManage:359 - Loaded plugin cadmodel (category:power,tabindex:5)
2025-10-22 15:03:45,638 [INFO] PluginManage:310 - Check plugin clock
2025-10-22 15:03:45,648 [INFO] PluginManage:359 - Loaded plugin clock (category:base,tabindex:2)
2025-10-22 15:03:45,648 [INFO] PluginManage:310 - Check plugin ddr
2025-10-22 15:03:45,650 [INFO] PluginManage:359 - Loaded plugin ddr (category:tool,tabindex:6)
2025-10-22 15:03:45,650 [INFO] PluginManage:310 - Check plugin filemanager
2025-10-22 15:03:45,734 [INFO] PluginManage:359 - Loaded plugin filemanager (category:base,tabindex:10)
2025-10-22 15:03:45,734 [INFO] PluginManage:310 - Check plugin ipmanager
2025-10-22 15:03:45,738 [INFO] PluginManage:359 - Loaded plugin ipmanager (category:base,tabindex:5)
2025-10-22 15:03:45,738 [INFO] PluginManage:310 - Check plugin lpbam
2025-10-22 15:03:45,747 [INFO] PluginManage:359 - Loaded plugin lpbam (category:base,tabindex:0)
2025-10-22 15:03:45,747 [INFO] PluginManage:310 - Check plugin pinoutandconfiguration
2025-10-22 15:03:45,755 [INFO] PluginManage:359 - Loaded plugin pinoutandconfiguration (category:base,tabindex:1)
2025-10-22 15:03:45,755 [INFO] PluginManage:310 - Check plugin pinoutconfig
2025-10-22 15:03:45,822 [WARN] SupportedApi:132 - Cannot load RTOS API schema: s4s-elt-must-match.1: The content of 'definitions' must match (annotation?, (simpleType | complexType)?, (unique | key | keyref)*)). A problem was found starting at: attribute.
2025-10-22 15:03:45,901 [INFO] PluginManage:359 - Loaded plugin pinoutconfig (category:base,tabindex:0)
2025-10-22 15:03:45,901 [INFO] PluginManage:310 - Check plugin power
2025-10-22 15:03:45,908 [INFO] PluginManage:359 - Loaded plugin power (category:power,tabindex:4)
2025-10-22 15:03:45,908 [INFO] PluginManage:310 - Check plugin projectmanager
2025-10-22 15:03:45,919 [INFO] PluginManage:359 - Loaded plugin projectmanager (category:projectmanager,tabindex:3)
2025-10-22 15:03:45,920 [INFO] PluginManage:310 - Check plugin thirdparty
2025-10-22 15:03:46,011 [INFO] PluginManage:359 - Loaded plugin thirdparty (category:base,tabindex:-1)
2025-10-22 15:03:46,012 [INFO] PluginManage:310 - Check plugin tools
2025-10-22 15:03:46,011 [WARN] IntegrityCheckThread:84 - waiting for thirdparty lock release [integrity check]
2025-10-22 15:03:46,012 [INFO] IntegrityCheckThread:86 - entering critical section [integrity check]
2025-10-22 15:03:46,013 [INFO] ThirdPartyUpdaterWithRetryManager:70 - Updater plugin not ready yet. [1/15]
2025-10-22 15:03:46,013 [INFO] PluginManage:359 - Loaded plugin tools (category:base,tabindex:7)
2025-10-22 15:03:46,014 [INFO] PluginManage:310 - Check plugin tutovideos
2025-10-22 15:03:46,131 [INFO] PluginManage:359 - Loaded plugin tutovideos (category:base,tabindex:-1)
2025-10-22 15:03:46,131 [INFO] PluginManage:310 - Check plugin updater
2025-10-22 15:03:46,142 [INFO] PluginManage:359 - Loaded plugin updater (category:base,tabindex:12)
2025-10-22 15:03:46,143 [INFO] PluginManage:283 - PluginManage : Loaded plugins [15]
2025-10-22 15:03:46,292 [INFO] PinOutPanel:1499 - setPackage(No Configuration,No Configuration)
2025-10-22 15:03:46,340 [INFO] CADModel:165 - CPN selected for project level
2025-10-22 15:03:46,340 [INFO] CADModel:114 - Register for checkConnection events
2025-10-22 15:03:46,359 [INFO] IPUIPlugin:80 - create IPUIPlugin
2025-10-22 15:03:46,359 [INFO] PluginManager:220 - loadIPPluginJar : add adc
2025-10-22 15:03:46,362 [INFO] IPUIPlugin:80 - create IPUIPlugin
2025-10-22 15:03:46,362 [INFO] PluginManager:220 - loadIPPluginJar : add aes
2025-10-22 15:03:46,365 [INFO] IPUIPlugin:80 - create IPUIPlugin
2025-10-22 15:03:46,365 [INFO] PluginManager:220 - loadIPPluginJar : add can
2025-10-22 15:03:46,367 [INFO] IPUIPlugin:80 - create IPUIPlugin
2025-10-22 15:03:46,367 [INFO] PluginManager:220 - loadIPPluginJar : add comp
2025-10-22 15:03:46,369 [INFO] IPUIPlugin:80 - create IPUIPlugin
2025-10-22 15:03:46,369 [INFO] PluginManager:220 - loadIPPluginJar : add cryp
2025-10-22 15:03:46,371 [INFO] IPUIPlugin:80 - create IPUIPlugin
2025-10-22 15:03:46,371 [INFO] PluginManager:220 - loadIPPluginJar : add dfsdm
2025-10-22 15:03:46,376 [INFO] IPUIPlugin:80 - create IPUIPlugin
2025-10-22 15:03:46,377 [INFO] PluginManager:220 - loadIPPluginJar : add dma
2025-10-22 15:03:46,379 [INFO] IPUIPlugin:80 - create IPUIPlugin
2025-10-22 15:03:46,379 [INFO] PluginManager:220 - loadIPPluginJar : add dma3
2025-10-22 15:03:46,381 [INFO] IPUIPlugin:80 - create IPUIPlugin
2025-10-22 15:03:46,381 [INFO] PluginManager:220 - loadIPPluginJar : add fatfs
2025-10-22 15:03:46,384 [INFO] IPUIPlugin:80 - create IPUIPlugin
2025-10-22 15:03:46,385 [INFO] PluginManager:220 - loadIPPluginJar : add fmc
2025-10-22 15:03:46,390 [INFO] IPUIPlugin:80 - create IPUIPlugin
2025-10-22 15:03:46,390 [INFO] PluginManager:220 - loadIPPluginJar : add freertos
2025-10-22 15:03:46,391 [INFO] IPUIPlugin:80 - create IPUIPlugin
2025-10-22 15:03:46,391 [INFO] PluginManager:220 - loadIPPluginJar : add genericplugin
2025-10-22 15:03:46,393 [INFO] IPUIPlugin:80 - create IPUIPlugin
2025-10-22 15:03:46,393 [INFO] PluginManager:220 - loadIPPluginJar : add gfxmmu
2025-10-22 15:03:46,397 [INFO] IPUIPlugin:80 - create IPUIPlugin
2025-10-22 15:03:46,397 [INFO] PluginManager:220 - loadIPPluginJar : add gic
2025-10-22 15:03:46,401 [INFO] IPUIPlugin:80 - create IPUIPlugin
2025-10-22 15:03:46,401 [INFO] PluginManager:220 - loadIPPluginJar : add gpio
2025-10-22 15:03:46,403 [INFO] IPUIPlugin:80 - create IPUIPlugin
2025-10-22 15:03:46,403 [INFO] PluginManager:220 - loadIPPluginJar : add gtzc
2025-10-22 15:03:46,404 [INFO] IPUIPlugin:80 - create IPUIPlugin
2025-10-22 15:03:46,404 [INFO] PluginManager:220 - loadIPPluginJar : add hash
2025-10-22 15:03:46,406 [INFO] IPUIPlugin:80 - create IPUIPlugin
2025-10-22 15:03:46,406 [INFO] PluginManager:220 - loadIPPluginJar : add i2c
2025-10-22 15:03:46,408 [INFO] IPUIPlugin:80 - create IPUIPlugin
2025-10-22 15:03:46,408 [INFO] PluginManager:220 - loadIPPluginJar : add i2s
2025-10-22 15:03:46,410 [INFO] IPUIPlugin:80 - create IPUIPlugin
2025-10-22 15:03:46,410 [INFO] PluginManager:220 - loadIPPluginJar : add i3c
2025-10-22 15:03:46,413 [INFO] IPUIPlugin:80 - create IPUIPlugin
2025-10-22 15:03:46,413 [INFO] PluginManager:220 - loadIPPluginJar : add ipddr
2025-10-22 15:03:46,417 [INFO] IPUIPlugin:80 - create IPUIPlugin
2025-10-22 15:03:46,418 [INFO] PluginManager:220 - loadIPPluginJar : add linkedlist
2025-10-22 15:03:46,419 [INFO] IPUIPlugin:80 - create IPUIPlugin
2025-10-22 15:03:46,419 [INFO] PluginManager:220 - loadIPPluginJar : add lorawan
2025-10-22 15:03:46,420 [INFO] IPUIPlugin:80 - create IPUIPlugin
2025-10-22 15:03:46,420 [INFO] PluginManager:220 - loadIPPluginJar : add ltdc
2025-10-22 15:03:46,424 [INFO] IPUIPlugin:80 - create IPUIPlugin
2025-10-22 15:03:46,424 [INFO] PluginManager:220 - loadIPPluginJar : add mdma
2025-10-22 15:03:46,426 [INFO] IPUIPlugin:80 - create IPUIPlugin
2025-10-22 15:03:46,426 [INFO] PluginManager:220 - loadIPPluginJar : add nvic
2025-10-22 15:03:46,427 [INFO] IPUIPlugin:80 - create IPUIPlugin
2025-10-22 15:03:46,427 [INFO] PluginManager:220 - loadIPPluginJar : add opamp
2025-10-22 15:03:46,428 [INFO] IPUIPlugin:80 - create IPUIPlugin
2025-10-22 15:03:46,428 [INFO] PluginManager:220 - loadIPPluginJar : add openamp
2025-10-22 15:03:46,430 [INFO] IPUIPlugin:80 - create IPUIPlugin
2025-10-22 15:03:46,430 [INFO] PluginManager:220 - loadIPPluginJar : add pdm2pcm
2025-10-22 15:03:46,434 [INFO] IPUIPlugin:80 - create IPUIPlugin
2025-10-22 15:03:46,435 [INFO] PluginManager:220 - loadIPPluginJar : add plateformsettings
2025-10-22 15:03:46,436 [INFO] IPUIPlugin:80 - create IPUIPlugin
2025-10-22 15:03:46,436 [INFO] PluginManager:220 - loadIPPluginJar : add quadspi
2025-10-22 15:03:46,439 [INFO] IPUIPlugin:80 - create IPUIPlugin
2025-10-22 15:03:46,439 [INFO] PluginManager:220 - loadIPPluginJar : add resmgrutility
2025-10-22 15:03:46,442 [INFO] IPUIPlugin:80 - create IPUIPlugin
2025-10-22 15:03:46,442 [INFO] PluginManager:220 - loadIPPluginJar : add sai
2025-10-22 15:03:46,443 [INFO] IPUIPlugin:80 - create IPUIPlugin
2025-10-22 15:03:46,443 [INFO] PluginManager:220 - loadIPPluginJar : add spi
2025-10-22 15:03:46,447 [INFO] IPUIPlugin:80 - create IPUIPlugin
2025-10-22 15:03:46,447 [INFO] PluginManager:220 - loadIPPluginJar : add stm32_wpan
2025-10-22 15:03:46,448 [INFO] IPUIPlugin:80 - create IPUIPlugin
2025-10-22 15:03:46,448 [INFO] PluginManager:220 - loadIPPluginJar : add tim
2025-10-22 15:03:46,450 [INFO] IPUIPlugin:80 - create IPUIPlugin
2025-10-22 15:03:46,450 [INFO] PluginManager:220 - loadIPPluginJar : add touchsensing
2025-10-22 15:03:46,451 [INFO] IPUIPlugin:80 - create IPUIPlugin
2025-10-22 15:03:46,451 [INFO] PluginManager:220 - loadIPPluginJar : add tracer_emb
2025-10-22 15:03:46,452 [INFO] IPUIPlugin:80 - create IPUIPlugin
2025-10-22 15:03:46,452 [INFO] PluginManager:220 - loadIPPluginJar : add ts
2025-10-22 15:03:46,453 [INFO] IPUIPlugin:80 - create IPUIPlugin
2025-10-22 15:03:46,453 [INFO] PluginManager:220 - loadIPPluginJar : add tsc
2025-10-22 15:03:46,454 [INFO] IPUIPlugin:80 - create IPUIPlugin
2025-10-22 15:03:46,454 [INFO] PluginManager:220 - loadIPPluginJar : add ucpd
2025-10-22 15:03:46,455 [INFO] IPUIPlugin:80 - create IPUIPlugin
2025-10-22 15:03:46,455 [INFO] PluginManager:220 - loadIPPluginJar : add usart
2025-10-22 15:03:46,457 [INFO] IPUIPlugin:80 - create IPUIPlugin
2025-10-22 15:03:46,457 [INFO] PluginManager:220 - loadIPPluginJar : add usbx
2025-10-22 15:03:46,553 [INFO] CADModel:165 - CPN selected for project level
2025-10-22 15:03:46,553 [INFO] CADModel:114 - Register for checkConnection events
2025-10-22 15:03:46,553 [FATAL] Updater:308 - Updater called before beeing initialized
2025-10-22 15:03:46,554 [ERROR] CADModel:125 - Updater not yet initialized, retry later 
2025-10-22 15:03:46,646 [INFO] CADModel:165 - CPN selected for project level
2025-10-22 15:03:46,646 [INFO] CADModel:114 - Register for checkConnection events
2025-10-22 15:03:46,646 [FATAL] Updater:308 - Updater called before beeing initialized
2025-10-22 15:03:46,646 [ERROR] CADModel:125 - Updater not yet initialized, retry later 
2025-10-22 15:03:46,648 [FATAL] Updater:308 - Updater called before beeing initialized
2025-10-22 15:03:46,689 [FATAL] Updater:308 - Updater called before beeing initialized
2025-10-22 15:03:46,694 [INFO] DbMcusAds:53 - JSON generation date=Thu Oct 02 06:36:05 ART 2025 (1759397765645)
2025-10-22 15:03:46,694 [FATAL] Updater:308 - Updater called before beeing initialized
2025-10-22 15:03:46,717 [WARN] DetailPanel:346 - Failed to get advertising image, set to default
2025-10-22 15:03:46,779 [FATAL] Updater:308 - Updater called before beeing initialized
2025-10-22 15:03:46,780 [FATAL] Updater:308 - Updater called before beeing initialized
2025-10-22 15:03:46,780 [FATAL] Updater:308 - Updater called before beeing initialized
2025-10-22 15:03:46,780 [WARN] DetailPanel:346 - Failed to get advertising image, set to default
2025-10-22 15:03:46,781 [FATAL] Updater:308 - Updater called before beeing initialized
2025-10-22 15:03:46,798 [ERROR] Updater:1120 - MainUpdater not yet initialized. External WinMGr cannot be set.
2025-10-22 15:03:46,799 [INFO] Updater:1056 - Updater Version found : 6.8.0
2025-10-22 15:03:46,812 [INFO] ApplicationProperties:184 - Using Application install path: /app/stm32cubeide/plugins/com.st.stm32cube.common.mx_6.8.0.202302231600
2025-10-22 15:03:47,952 [INFO] MainUpdater:2854 - connection check result : 10
2025-10-22 15:03:47,952 [INFO] MainUpdater:3548 - Updater definition file requires update
2025-10-22 15:03:47,952 [INFO] MainUpdater:283 - Updater Check For Update Now.
2025-10-22 15:03:47,952 [INFO] MicroXplorer:498 - Change Database Version : DB.6.0.80
2025-10-22 15:03:47,984 [INFO] ServerAccessManage:473 - Download File updaters.zip
2025-10-22 15:03:48,069 [INFO] FileExtend:240 - Unzip File : updaters.zip
2025-10-22 15:03:48,070 [INFO] FileExtend:255 - Standard Zip Deflate
2025-10-22 15:03:48,232 [INFO] ServerAccessManage:473 - Download File PacksControlFlags.xml
2025-10-22 15:03:48,313 [INFO] ServerAccessManage:473 - Download File cubemx.pidx
2025-10-22 15:03:48,389 [INFO] LoadServerUpdatesThread:373 - End of LoadServerUpdate Thread
2025-10-22 15:03:48,545 [INFO] CheckServerUpdateThread:120 - End of CheckServer Thread
2025-10-22 15:03:48,562 [INFO] MainUpdater:2854 - connection check result : 10
2025-10-22 15:03:48,566 [INFO] McuFinderGlobals:66 - Set McuFinderConnectedMode to true
2025-10-22 15:03:49,015 [WARN] MainUpdater:1187 - Updater busy. Cannot search thirdparties
2025-10-22 15:03:49,016 [INFO] ThirdPartyUpdaterWithRetryManager:96 - Updater plugin is busy. [1/15]
2025-10-22 15:03:49,209 [INFO] ServerAccessManage:473 - Download File mcusAds.json._tmp_
2025-10-22 15:03:49,319 [INFO] LoadUrlFilesThread:156 - End of LoadUrlFiles Thread
2025-10-22 15:03:49,681 [INFO] ServerAccessManage:473 - Download File cube-finder-db.zip
2025-10-22 15:03:52,017 [WARN] MainUpdater:1187 - Updater busy. Cannot search thirdparties
2025-10-22 15:03:52,017 [INFO] ThirdPartyUpdaterWithRetryManager:96 - Updater plugin is busy. [2/15]
2025-10-22 15:03:53,522 [INFO] FileExtend:240 - Unzip File : cube-finder-db.zip
2025-10-22 15:03:53,522 [INFO] FileExtend:255 - Standard Zip Deflate
2025-10-22 15:03:54,018 [INFO] LoadUrlFilesThread:156 - End of LoadUrlFiles Thread
2025-10-22 15:03:55,018 [WARN] MainUpdater:1187 - Updater busy. Cannot search thirdparties
2025-10-22 15:03:55,018 [INFO] ThirdPartyUpdaterWithRetryManager:96 - Updater plugin is busy. [3/15]
2025-10-22 15:03:55,936 [INFO] ServerAccessManage:473 - Download File crdb.zip
2025-10-22 15:03:58,019 [WARN] MainUpdater:1187 - Updater busy. Cannot search thirdparties
2025-10-22 15:03:58,020 [INFO] ThirdPartyUpdaterWithRetryManager:96 - Updater plugin is busy. [4/15]
2025-10-22 15:03:59,630 [INFO] FileExtend:240 - Unzip File : crdb.zip
2025-10-22 15:03:59,631 [INFO] FileExtend:255 - Standard Zip Deflate
2025-10-22 15:03:59,755 [INFO] LoadUrlFilesThread:156 - End of LoadUrlFiles Thread
2025-10-22 15:03:59,943 [INFO] ServerAccessManage:473 - Download File tutoVideoDB.zip
2025-10-22 15:03:59,983 [INFO] FileExtend:240 - Unzip File : tutoVideoDB.zip
2025-10-22 15:03:59,983 [INFO] FileExtend:255 - Standard Zip Deflate
2025-10-22 15:04:00,088 [INFO] LoadUrlFilesThread:156 - End of LoadUrlFiles Thread
2025-10-22 15:04:00,093 [WARN] DbFile:41 - Overriding database path with different value: /home/abanchio/.stmcufinder/plugins/mcufinder/ => /home/abanchio/.stmcufinder/plugins/mcufinder
2025-10-22 15:04:00,235 [INFO] ServerAccessManage:473 - Download File api_config.json
2025-10-22 15:04:00,337 [INFO] LoadUrlFilesThread:156 - End of LoadUrlFiles Thread
2025-10-22 15:04:00,341 [INFO] DbMcusAds:53 - JSON generation date=Thu Oct 02 06:36:05 ART 2025 (1759397765645)
2025-10-22 15:04:00,358 [INFO] LoadUrlFilesThread:185 - End of LoadServerUrlFiles without Thread
2025-10-22 15:04:00,359 [INFO] TargetSelectorAdapter:259 - Refresh data is successful
2025-10-22 15:04:00,409 [INFO] ApiDb:581 - Connected to CubeFinder SQLite database (/home/abanchio/.stmcufinder/plugins/mcufinder/mcu/cube-finder-db.db)
2025-10-22 15:04:00,440 [INFO] ApiDb:668 - CubeFinder database Data Model version=2.1
2025-10-22 15:04:00,440 [INFO] ApiDb:669 - CubeFinder database Configuration version=3.0.39
2025-10-22 15:04:00,440 [INFO] ApiDb:670 - CubeFinder database generation date=2025-08-25 (1756130511)
2025-10-22 15:04:00,440 [INFO] ApiDb:671 - CubeFinder database FW Pack versions=[FP-ATR-ASTRA1_V2.0.0, FP-SNS-FLIGHT1_V5.1.0, FP-SNS-MOTENV1_V5.0.0, FP-SNS-MOTENVWB1_V1.4.0, FP-SNS-SMARTAG2_V1.2.0, FP-SNS-STBOX1_V2.1.0, STM32Cube_FW_C0_V1.4.0, STM32Cube_FW_F4_V1.28.3, STM32Cube_FW_F7_V1.17.4, STM32Cube_FW_G0_V1.6.2, STM32Cube_FW_G4_V1.6.1, STM32Cube_FW_H5_V1.5.0, STM32Cube_FW_H7RS_V1.2.0, STM32Cube_FW_H7_V1.12.1, STM32Cube_FW_L0_V1.12.2, STM32Cube_FW_L4_V1.18.1, STM32Cube_FW_L5_V1.5.1, STM32Cube_FW_N6_V1.2.0, STM32Cube_FW_U0_V1.3.0, STM32Cube_FW_U3_V1.2.0, STM32Cube_FW_U5_V1.8.0, STM32Cube_FW_WB0_V1.3.0, STM32Cube_FW_WBA_V1.7.0, STM32Cube_FW_WB_V1.23.0, STM32Cube_FW_WL3_V1.2.0, STM32Cube_FW_WL_V1.3.1, X-CUBE-ALGOBUILD_V1.4.0, X-CUBE-ALS_V1.0.2, X-CUBE-AZRTOS-F4_V1.1.0, X-CUBE-AZRTOS-F7_V1.1.0, X-CUBE-AZRTOS-G0_V1.1.0, X-CUBE-AZRTOS-G4_V2.0.0, X-CUBE-AZRTOS-H7RS_V1.1.0, X-CUBE-AZRTOS-H7_V3.4.0, X-CUBE-AZRTOS-L4_V2.0.0, X-CUBE-AZRTOS-L5_V2.0.0, X-CUBE-AZRTOS-WB_V2.0.0, X-CUBE-AZRTOS-WL_V2.0.0, X-CUBE-BLE1_V7.1.0, X-CUBE-BLE2_V3.3.0, X-CUBE-BLEMGR_V4.1.0, X-CUBE-EEPRMA1_V5.2.0, X-CUBE-FREERTOS_V1.3.1, X-CUBE-GNSS1_V6.0.0, X-CUBE-MEMS1_V11.3.0, X-CUBE-NFC4_V3.0.0, X-CUBE-NFC7_V2.0.0, X-CUBE-SFXS2LP1_V4.0.0, X-CUBE-ST67W61_V1.0.0, X-CUBE-SUBG2_V5.0.0, X-CUBE-TOF1_V3.4.3]
2025-10-22 15:04:01,129 [WARN] PackLoader:240 - Cannot read IP mode file for STMicroelectronics.FP-SNS-MOTENVWB1.1.4.0
2025-10-22 15:04:01,136 [WARN] PackLoader:240 - Cannot read IP mode file for STMicroelectronics.FP-ATR-ASTRA1.2.0.2
2025-10-22 15:04:01,142 [WARN] PackLoader:240 - Cannot read IP mode file for STMicroelectronics.X-CUBE-SMBUS.2.1.0
2025-10-22 15:04:01,163 [WARN] PackLoader:240 - Cannot read IP mode file for STMicroelectronics.X-CUBE-AZRTOS-F7.1.1.0
2025-10-22 15:04:01,169 [ERROR] Engine:466 - /home/abanchio/.stm32cubemx/thirdparties/pdsc/Cesanta.I-CUBE-Mongoose.7.19.0.pdsc: PDSC version is not supported
2025-10-22 15:04:01,171 [ERROR] Engine:466 - /home/abanchio/.stm32cubemx/thirdparties/pdsc/WES.I-CUBE-Cesium.1.4.0.pdsc: PDSC version is not supported
2025-10-22 15:04:01,175 [ERROR] Engine:466 - /home/abanchio/.stm32cubemx/thirdparties/pdsc/Infineon.AIROC-Wi-Fi-Bluetooth-STM32.1.7.1.pdsc: PDSC version is not supported
2025-10-22 15:04:01,200 [WARN] PackLoader:240 - Cannot read IP mode file for STMicroelectronics.X-CUBE-AZRTOS-H7.3.4.0
2025-10-22 15:04:01,206 [WARN] PackLoader:240 - Cannot read IP mode file for STMicroelectronics.X-CUBE-DISPLAY.3.0.0
2025-10-22 15:04:01,212 [WARN] PackLoader:240 - Cannot read IP mode file for STMicroelectronics.X-CUBE-NFC10.1.0.0
2025-10-22 15:04:01,214 [ERROR] Engine:466 - /home/abanchio/.stm32cubemx/thirdparties/pdsc/STMicroelectronics.X-CUBE-ST60.1.1.0.pdsc: PDSC version is not supported
2025-10-22 15:04:01,216 [WARN] PackLoader:240 - Cannot read IP mode file for emotas.I-CUBE-CANOPEN.1.3.0
2025-10-22 15:04:01,217 [ERROR] Engine:466 - /home/abanchio/.stm32cubemx/thirdparties/pdsc/STMicroelectronics.FP-SNS-STBOX1.2.1.0.pdsc: PDSC version is not supported
2025-10-22 15:04:01,219 [WARN] PackLoader:240 - Cannot read IP mode file for STMicroelectronics.FP-SNS-SMARTAG2.1.2.0
2025-10-22 15:04:01,220 [ERROR] Engine:466 - /home/abanchio/.stm32cubemx/thirdparties/pdsc/STMicroelectronics.FP-SNS-FLIGHT1.5.1.0.pdsc: PDSC version is not supported
2025-10-22 15:04:01,223 [INFO] LogOutputStream:77 - [STDOUT_REDIRECT] 1 : Invalid condition id : UX_CORESTACK_Condition cause : null
2025-10-22 15:04:01,224 [INFO] LogOutputStream:77 - [STDOUT_REDIRECT] 1 : Invalid condition id : UX_CORESTACK_Condition cause : null
2025-10-22 15:04:01,224 [INFO] LogOutputStream:77 - [STDOUT_REDIRECT] 1 : Invalid condition id : UX_CORESTACK_Condition cause : null
2025-10-22 15:04:01,224 [INFO] LogOutputStream:77 - [STDOUT_REDIRECT] 1 : Invalid condition id : UX_CORESTACK_Condition cause : null
2025-10-22 15:04:01,224 [INFO] LogOutputStream:77 - [STDOUT_REDIRECT] 1 : Invalid condition id : UX_CORESTACK_Condition cause : null
2025-10-22 15:04:01,228 [WARN] PackLoader:240 - Cannot read IP mode file for STMicroelectronics.X-CUBE-AZRTOS-WL.2.0.0
2025-10-22 15:04:01,239 [WARN] PackLoader:240 - Cannot read IP mode file for STMicroelectronics.FP-SNS-MOTENV1.5.0.0
2025-10-22 15:04:01,245 [WARN] PackLoader:240 - Cannot read IP mode file for STMicroelectronics.X-CUBE-BLE2.3.3.0
2025-10-22 15:04:01,250 [WARN] PackLoader:240 - Cannot read IP mode file for STMicroelectronics.X-CUBE-NFC9.1.0.0
2025-10-22 15:04:01,255 [WARN] PackLoader:240 - Cannot read IP mode file for wolfSSL.I-CUBE-wolfSSL.5.8.2
2025-10-22 15:04:01,258 [WARN] PackLoader:240 - Cannot read IP mode file for STMicroelectronics.X-CUBE-BLE1.7.1.0
2025-10-22 15:04:01,261 [WARN] PackLoader:240 - Cannot read IP mode file for wolfSSL.I-CUBE-wolfMQTT.1.19.2
2025-10-22 15:04:01,266 [WARN] PackLoader:240 - Cannot read IP mode file for STMicroelectronics.X-CUBE-EEPRMA1.5.2.0
2025-10-22 15:04:01,269 [ERROR] Engine:466 - /home/abanchio/.stm32cubemx/thirdparties/pdsc/STMicroelectronics.X-CUBE-ST67W61.1.1.0.pdsc: PDSC version is not supported
2025-10-22 15:04:01,284 [WARN] PackLoader:240 - Cannot read IP mode file for STMicroelectronics.X-CUBE-AZRTOS-G0.1.1.0
2025-10-22 15:04:01,291 [WARN] PackLoader:240 - Cannot read IP mode file for STMicroelectronics.X-CUBE-SAFEA1.1.2.2
2025-10-22 15:04:01,296 [WARN] PackLoader:240 - Cannot read IP mode file for STMicroelectronics.X-CUBE-NFC4.3.0.0
2025-10-22 15:04:01,299 [ERROR] Engine:466 - /home/abanchio/.stm32cubemx/thirdparties/pdsc/EmbeddedOffice.I-CUBE-FS-RTOS.1.0.1.pdsc: PDSC version is not supported
2025-10-22 15:04:01,303 [WARN] PackLoader:240 - Cannot read IP mode file for STMicroelectronics.X-CUBE-WB05N.2.0.0
2025-10-22 15:04:01,306 [WARN] PackLoader:240 - Cannot read IP mode file for wolfSSL.I-CUBE-wolfTPM.3.8.0
2025-10-22 15:04:01,308 [ERROR] Engine:466 - /home/abanchio/.stm32cubemx/thirdparties/pdsc/STMicroelectronics.X-CUBE-TCPP.4.2.0.pdsc: PDSC version is not supported
2025-10-22 15:04:01,309 [ERROR] Engine:466 - /home/abanchio/.stm32cubemx/thirdparties/pdsc/RealThread.X-CUBE-RT-Thread_Nano.4.1.1.pdsc: PDSC version is not supported
2025-10-22 15:04:01,311 [WARN] PackLoader:240 - Cannot read IP mode file for STMicroelectronics.FP-ATR-SIGFOX1.3.2.0
2025-10-22 15:04:01,315 [WARN] PackLoader:240 - Cannot read IP mode file for ITTIA_DB.I-CUBE-ITTIADB.8.9.0
2025-10-22 15:04:01,318 [WARN] PackLoader:240 - Cannot read IP mode file for STMicroelectronics.X-CUBE-AI.10.2.0
2025-10-22 15:04:01,347 [WARN] PackLoader:240 - Cannot read IP mode file for SEGGER.I-CUBE-embOS.1.3.1
2025-10-22 15:04:01,386 [WARN] PackLoader:240 - Cannot read IP mode file for STMicroelectronics.X-CUBE-ALGOBUILD.1.4.0
2025-10-22 15:04:01,426 [WARN] PackLoader:240 - Cannot read IP mode file for STMicroelectronics.X-CUBE-MEMS1.11.3.0
2025-10-22 15:04:01,549 [WARN] PackLoader:240 - Cannot read IP mode file for STMicroelectronics.X-CUBE-PM33A1.1.0.0
2025-10-22 15:04:01,561 [WARN] PackLoader:240 - Cannot read IP mode file for STMicroelectronics.X-CUBE-AZRTOS-F4.1.1.0
2025-10-22 15:04:01,567 [WARN] PackLoader:240 - Cannot read IP mode file for STMicroelectronics.X-CUBE-ISPU.2.1.0
2025-10-22 15:04:01,570 [ERROR] Engine:466 - /home/abanchio/.stm32cubemx/thirdparties/pdsc/STMicroelectronics.X-CUBE-IPS.3.2.0.pdsc: PDSC version is not supported
2025-10-22 15:04:01,575 [WARN] PackLoader:240 - Cannot read IP mode file for STMicroelectronics.X-CUBE-NFC12.1.0.0
2025-10-22 15:04:01,587 [WARN] PackLoader:240 - Cannot read IP mode file for STMicroelectronics.X-CUBE-AZRTOS-L5.2.0.0
2025-10-22 15:04:01,595 [WARN] PackLoader:240 - Cannot read IP mode file for STMicroelectronics.X-CUBE-NFC6.3.1.0
2025-10-22 15:04:01,600 [WARN] PackLoader:240 - Cannot read IP mode file for STMicroelectronics.X-CUBE-FREERTOS.1.3.1
2025-10-22 15:04:01,604 [WARN] PackLoader:240 - Cannot read IP mode file for STMicroelectronics.X-CUBE-TOUCHGFX.4.26.0
2025-10-22 15:04:01,605 [ERROR] Engine:466 - /home/abanchio/.stm32cubemx/thirdparties/pdsc/STMicroelectronics.FP-SNS-STAIOTCFT.1.0.0.pdsc: PDSC version is not supported
2025-10-22 15:04:01,607 [ERROR] Engine:466 - /home/abanchio/.stm32cubemx/thirdparties/pdsc/STMicroelectronics.X-CUBE-DPower.1.3.0.pdsc: PDSC version is not supported
2025-10-22 15:04:01,619 [WARN] ConditionMgr:438 - getConditionDescription Invalid condition id : LAN8742 Phy interface Condition cause : null
2025-10-22 15:04:01,620 [WARN] PackLoader:240 - Cannot read IP mode file for STMicroelectronics.X-CUBE-AZRTOS-L4.2.0.0
2025-10-22 15:04:01,621 [WARN] ConditionMgr:1039 - genDependencies : Invalid condition id : LAN8742 Phy interface Condition cause : null
2025-10-22 15:04:01,621 [WARN] ConditionMgr:1039 - genDependencies : Invalid condition id : LAN8742 Phy interface Condition cause : null
2025-10-22 15:04:01,622 [WARN] ConditionMgr:1039 - genDependencies : Invalid condition id : LAN8742 Phy interface Condition cause : null
2025-10-22 15:04:01,627 [WARN] PackLoader:240 - Cannot read IP mode file for STMicroelectronics.X-CUBE-SFXS2LP1.4.0.0
2025-10-22 15:04:01,631 [ERROR] Engine:466 - /home/abanchio/.stm32cubemx/thirdparties/pdsc/STMicroelectronics.X-CUBE-BLEMGR.4.1.0.pdsc: PDSC version is not supported
2025-10-22 15:04:01,638 [WARN] ConditionMgr:438 - getConditionDescription Invalid condition id : UX DEVICE CLASS RTOS Condition cause : null
2025-10-22 15:04:01,639 [WARN] ConditionMgr:438 - getConditionDescription Invalid condition id : UX DEVICE CLASS RTOS Condition cause : null
2025-10-22 15:04:01,640 [WARN] PackLoader:240 - Cannot read IP mode file for STMicroelectronics.X-CUBE-AZRTOS-WB.2.0.0
2025-10-22 15:04:01,641 [WARN] ConditionMgr:1039 - genDependencies : Invalid condition id : UX DEVICE CLASS RTOS Condition cause : null
2025-10-22 15:04:01,641 [WARN] ConditionMgr:1039 - genDependencies : Invalid condition id : UX DEVICE CLASS RTOS Condition cause : null
2025-10-22 15:04:01,641 [WARN] ConditionMgr:1039 - genDependencies : Invalid condition id : UX DEVICE CLASS RTOS Condition cause : null
2025-10-22 15:04:01,642 [WARN] ConditionMgr:1039 - genDependencies : Invalid condition id : UX DEVICE CLASS RTOS Condition cause : null
2025-10-22 15:04:01,642 [WARN] ConditionMgr:1039 - genDependencies : Invalid condition id : UX DEVICE CLASS RTOS Condition cause : null
2025-10-22 15:04:01,645 [WARN] PackLoader:240 - Cannot read IP mode file for STMicroelectronics.X-CUBE-GNSS1.7.0.1
2025-10-22 15:04:01,648 [ERROR] Engine:466 - /home/abanchio/.stm32cubemx/thirdparties/pdsc/quantropi.X-CUBE-qispace-sdk-base.2.1.0.pdsc: PDSC version is not supported
2025-10-22 15:04:01,654 [WARN] PackLoader:240 - Cannot read IP mode file for STMicroelectronics.X-CUBE-SUBG2.5.0.0
2025-10-22 15:04:01,670 [WARN] PackLoader:240 - Cannot read IP mode file for STMicroelectronics.X-CUBE-AZRTOS-H7RS.1.1.0
2025-10-22 15:04:01,682 [WARN] PackLoader:240 - Cannot read IP mode file for STMicroelectronics.X-CUBE-AZRTOS-G4.2.0.0
2025-10-22 15:04:01,686 [WARN] PackLoader:240 - Cannot read IP mode file for wolfSSL.I-CUBE-wolfSSH.1.4.20
2025-10-22 15:04:01,688 [WARN] PackLoader:240 - Cannot read IP mode file for STMicroelectronics.X-CUBE-NFC7.2.0.0
2025-10-22 15:04:01,691 [WARN] PackLoader:240 - Cannot read IP mode file for STMicroelectronics.X-CUBE-ALS.1.0.2
2025-10-22 15:04:01,696 [WARN] PackLoader:240 - Cannot read IP mode file for STMicroelectronics.X-CUBE-STSE01.1.0.0
2025-10-22 15:04:01,700 [ERROR] Engine:466 - /home/abanchio/.stm32cubemx/thirdparties/pdsc/STMicroelectronics.X-CUBE-TOF1.3.4.3.pdsc: PDSC version is not supported
2025-10-22 15:04:01,701 [INFO] ThirdParty:978 - Integrity check success = true
2025-10-22 15:04:01,701 [INFO] IntegrityCheckThread:100 - exiting critical section [integrity check]
2025-10-22 15:04:01,701 [INFO] IntegrityCheckThread:103 - End integrity checks thread
2025-10-22 15:04:01,788 [INFO] ApiDb:240 - Found 297 in-development CPN: [B-G473E-ZEST1S, B-WB1M-WPAN1, B-WL5M-SUBG1, NUCLEO-C031C6, NUCLEO-H503RB, NUCLEO-H563ZI, NUCLEO-U545RE-Q, NUCLEO-U5A5ZJ-Q, NUCLEO-WBA52CG, STEVAL-PROTEUS1, STEVAL-STWINBX1, STM320518-EVAL, STM32C0116-DK, STM32C011D6Y3TR, STM32C011D6Y6TR, STM32C011F4P3, STM32C011F4P6, STM32C011F4U3, STM32C011F4U6TR, STM32C011F6P3, STM32C011F6P6, STM32C011F6U3, STM32C011F6U6TR, STM32C011J4M3, STM32C011J4M6, STM32C011J6M3, STM32C011J6M6, STM32C0316-DK, STM32C031C4T3, STM32C031C4T6, STM32C031C4U3, STM32C031C4U6, STM32C031C6T3, STM32C031C6T6, STM32C031C6U3, STM32C031C6U6, STM32C031F4P3, STM32C031F4P6, STM32C031F6P3, STM32C031F6P6, STM32C031G4U3, STM32C031G4U6, STM32C031G6U3, STM32C031G6U6, STM32C031K4T3, STM32C031K4T6, STM32C031K4U3, STM32C031K4U6, STM32C031K6T3, STM32C031K6T6, STM32C031K6U3, STM32C031K6U6, STM32G071K8TXN, STM32G071K8UXN, STM32G081GBU6N, STM32G081KBT6N, STM32G081KBUXN, STM32G0B1CCT6N, STM32G0B1KCT6, STM32G0B1NEY6TR, STM32G0B1RCT6N, STM32G0C1CCT6, STM32G0C1CCT6N, STM32G0C1CCU6N, STM32G0C1CET6N, STM32G0C1CEU6N, STM32G0C1KCT6, STM32G0C1NEY6TR, STM32G0C1RCI6N, STM32G0C1RCT6N, STM32G0C1REI6N, STM32G0C1RET6N, STM32G0C1VCI6, STM32G0C1VEI6, STM32G471CCT6, STM32G471CCU6, STM32G471CET3, STM32G471CET6, STM32G471CEU3, STM32G471CEU6, STM32G471MCT6, STM32G471MET3, STM32G471MET6, STM32G471MEY6TR, STM32G471QCT6, STM32G471QET3, STM32G471RCT6, STM32G471RET3, STM32G471RET6, STM32G471VCH6, STM32G471VCI6, STM32G471VCT6, STM32G471VEH3, STM32G471VEH6, STM32G471VEI3, STM32G471VEI6, STM32G471VET3, STM32G471VET6, STM32G474CCT6, STM32H503CBT6, STM32H503CBU6, STM32H503EBY6TR, STM32H503KBU6, STM32H503RBT6, STM32H562AGI6, STM32H562AII6, STM32H562IGK6, STM32H562IGT6, STM32H562IIK6, STM32H562IIT6, STM32H562RGT6, STM32H562RGV6, STM32H562RIT6, STM32H562RIV6, STM32H562VGT6, STM32H562VIT6, STM32H562ZGT6, STM32H562ZIT6, STM32H563AGI6, STM32H563AII3Q, STM32H563AII6, STM32H563IGK6, STM32H563IGT6, STM32H563IIK3Q, STM32H563IIK6, STM32H563IIT3Q, STM32H563IIT6, STM32H563MIY3QTR, STM32H563RGT6, STM32H563RGV6, STM32H563RIT6, STM32H563RIV6, STM32H563VGT6, STM32H563VIT3Q, STM32H563VIT6, STM32H563ZGT6, STM32H563ZIT3Q, STM32H563ZIT6, STM32H573AII3Q, STM32H573AII6, STM32H573I-DK, STM32H573IIK3Q, STM32H573IIK6, STM32H573IIT3Q, STM32H573IIT6, STM32H573MIY3QTR, STM32H573RIT6, STM32H573RIV6, STM32H573VIT3Q, STM32H573VIT6, STM32H573ZIT3Q, STM32H573ZIT6, STM32L4R5QGI6STR, STM32MP131AAE3, STM32MP131AAF3, STM32MP131AAG3, STM32MP131CAE3, STM32MP131CAF3, STM32MP131CAG3, STM32MP131DAE7, STM32MP131DAF7, STM32MP131DAG7, STM32MP131FAE7, STM32MP131FAF7, STM32MP131FAG7, STM32MP133AAE3, STM32MP133AAF3, STM32MP133AAG3, STM32MP133CAE3, STM32MP133CAF3, STM32MP133CAG3, STM32MP133DAE7, STM32MP133DAF7, STM32MP133DAG7, STM32MP133FAE7, STM32MP133FAF7, STM32MP133FAG7, STM32MP135AAE3, STM32MP135AAF3, STM32MP135AAG3, STM32MP135CAE3, STM32MP135CAF3, STM32MP135CAG3, STM32MP135DAE7, STM32MP135DAF7, STM32MP135DAG7, STM32MP135F-DK, STM32MP135FAE7, STM32MP135FAF7, STM32MP135FAF7T, STM32MP135FAF7U, STM32MP135FAG7, STM32U535CBT6, STM32U535CBT6Q, STM32U535CBU6, STM32U535CBU6Q, STM32U535CCT6, STM32U535CCT6Q, STM32U535CCU6, STM32U535CCU6Q, STM32U535CET6, STM32U535CET6Q, STM32U535CEU6, STM32U535CEU6Q, STM32U535JEY6QTR, STM32U535NCY6QTR, STM32U535NEY6QTR, STM32U535RBI6, STM32U535RBI6Q, STM32U535RBT6, STM32U535RBT6Q, STM32U535RCI6, STM32U535RCI6Q, STM32U535RCT6, STM32U535RCT6Q, STM32U535REI6, STM32U535REI6Q, STM32U535RET6, STM32U535RET6Q, STM32U535VCI6, STM32U535VCI6Q, STM32U535VCT6, STM32U535VCT6Q, STM32U535VEI6, STM32U535VEI6Q, STM32U535VET6, STM32U535VET6Q, STM32U545CET6, STM32U545CET6Q, STM32U545CEU6, STM32U545CEU6Q, STM32U545JEY6QTR, STM32U545NEY6QTR, STM32U545REI6, STM32U545REI6Q, STM32U545RET6, STM32U545RET6Q, STM32U545VEI6, STM32U545VEI6Q, STM32U545VET6, STM32U545VET6Q, STM32U595AIH6, STM32U595AIH6Q, STM32U595AJH6, STM32U595AJH6Q, STM32U595QII6, STM32U595QII6Q, STM32U595QJI6, STM32U595QJI6Q, STM32U595RIT6, STM32U595RIT6Q, STM32U595RJT6, STM32U595RJT6Q, STM32U595VIT6, STM32U595VIT6Q, STM32U595VJT6, STM32U595VJT6Q, STM32U595ZIT6, STM32U595ZIT6Q, STM32U595ZIY6QTR, STM32U595ZJT6, STM32U595ZJT6Q, STM32U595ZJY6QTR, STM32U599BJY6QTR, STM32U599NIH6Q, STM32U599NJH6Q, STM32U599VIT6Q, STM32U599VJT6, STM32U599VJT6Q, STM32U599ZIT6Q, STM32U599ZIY6QTR, STM32U599ZJT6Q, STM32U599ZJY6QTR, STM32U5A5AJH6, STM32U5A5AJH6Q, STM32U5A5QJI6, STM32U5A5QJI6Q, STM32U5A5RJT6, STM32U5A5RJT6Q, STM32U5A5VJT6, STM32U5A5VJT6Q, STM32U5A5ZJT6, STM32U5A5ZJT6Q, STM32U5A5ZJY6QTR, STM32U5A9BJY6QTR, STM32U5A9J-DK, STM32U5A9NJH6Q, STM32U5A9VJT6Q, STM32U5A9ZJT6Q, STM32U5A9ZJY6QTR, STM32WB1MMCH6, STM32WBA52CEU6, STM32WBA52CEU6T, STM32WBA52CGU6, STM32WBA52CGU6T, STM32WL5MOCH6, STM32WL5MOCH6TR]
2025-10-22 15:04:01,790 [INFO] DbMcus:216 - Found 4711 MCUs, 4711 are supported
2025-10-22 15:04:01,792 [INFO] ApiDb:423 - Load user favorites file /home/abanchio/.stm32cubeide/favorites.mcus.txt: 0 item(s)
2025-10-22 15:04:01,792 [INFO] ApiDb:427 - User favorites MCUs=[]
2025-10-22 15:04:01,792 [INFO] DbMcus:222 - Set 0 / 0 favorites MCUs
2025-10-22 15:04:02,112 [INFO] ApiDb:668 - CubeFinder database Data Model version=2.1
2025-10-22 15:04:02,112 [INFO] ApiDb:669 - CubeFinder database Configuration version=3.0.39
2025-10-22 15:04:02,112 [INFO] ApiDb:670 - CubeFinder database generation date=2025-08-25 (1756130511)
2025-10-22 15:04:02,112 [INFO] ApiDb:671 - CubeFinder database FW Pack versions=[FP-ATR-ASTRA1_V2.0.0, FP-SNS-FLIGHT1_V5.1.0, FP-SNS-MOTENV1_V5.0.0, FP-SNS-MOTENVWB1_V1.4.0, FP-SNS-SMARTAG2_V1.2.0, FP-SNS-STBOX1_V2.1.0, STM32Cube_FW_C0_V1.4.0, STM32Cube_FW_F4_V1.28.3, STM32Cube_FW_F7_V1.17.4, STM32Cube_FW_G0_V1.6.2, STM32Cube_FW_G4_V1.6.1, STM32Cube_FW_H5_V1.5.0, STM32Cube_FW_H7RS_V1.2.0, STM32Cube_FW_H7_V1.12.1, STM32Cube_FW_L0_V1.12.2, STM32Cube_FW_L4_V1.18.1, STM32Cube_FW_L5_V1.5.1, STM32Cube_FW_N6_V1.2.0, STM32Cube_FW_U0_V1.3.0, STM32Cube_FW_U3_V1.2.0, STM32Cube_FW_U5_V1.8.0, STM32Cube_FW_WB0_V1.3.0, STM32Cube_FW_WBA_V1.7.0, STM32Cube_FW_WB_V1.23.0, STM32Cube_FW_WL3_V1.2.0, STM32Cube_FW_WL_V1.3.1, X-CUBE-ALGOBUILD_V1.4.0, X-CUBE-ALS_V1.0.2, X-CUBE-AZRTOS-F4_V1.1.0, X-CUBE-AZRTOS-F7_V1.1.0, X-CUBE-AZRTOS-G0_V1.1.0, X-CUBE-AZRTOS-G4_V2.0.0, X-CUBE-AZRTOS-H7RS_V1.1.0, X-CUBE-AZRTOS-H7_V3.4.0, X-CUBE-AZRTOS-L4_V2.0.0, X-CUBE-AZRTOS-L5_V2.0.0, X-CUBE-AZRTOS-WB_V2.0.0, X-CUBE-AZRTOS-WL_V2.0.0, X-CUBE-BLE1_V7.1.0, X-CUBE-BLE2_V3.3.0, X-CUBE-BLEMGR_V4.1.0, X-CUBE-EEPRMA1_V5.2.0, X-CUBE-FREERTOS_V1.3.1, X-CUBE-GNSS1_V6.0.0, X-CUBE-MEMS1_V11.3.0, X-CUBE-NFC4_V3.0.0, X-CUBE-NFC7_V2.0.0, X-CUBE-SFXS2LP1_V4.0.0, X-CUBE-ST67W61_V1.0.0, X-CUBE-SUBG2_V5.0.0, X-CUBE-TOF1_V3.4.3]
2025-10-22 15:04:02,139 [INFO] DbBoardsSqlite:226 - include board P-NUCLEO-WB55-NUCLEO as a kit item of type 'Nucleo-64'
2025-10-22 15:04:02,139 [INFO] DbBoardsSqlite:226 - include board P-NUCLEO-WB55-USBDONGLE as a kit item of type 'Nucleo USB Dongle'
2025-10-22 15:04:02,139 [INFO] DbBoardsSqlite:226 - include board STEVAL-IDP005V1 as a kit item of type 'Evaluation Board'
2025-10-22 15:04:02,139 [INFO] DbBoardsSqlite:226 - include board STEVAL-IDP005V2 as a kit item of type 'Evaluation Board'
2025-10-22 15:04:02,160 [INFO] ApiDb:240 - Found 297 in-development CPN: [B-G473E-ZEST1S, B-WB1M-WPAN1, B-WL5M-SUBG1, NUCLEO-C031C6, NUCLEO-H503RB, NUCLEO-H563ZI, NUCLEO-U545RE-Q, NUCLEO-U5A5ZJ-Q, NUCLEO-WBA52CG, STEVAL-PROTEUS1, STEVAL-STWINBX1, STM320518-EVAL, STM32C0116-DK, STM32C011D6Y3TR, STM32C011D6Y6TR, STM32C011F4P3, STM32C011F4P6, STM32C011F4U3, STM32C011F4U6TR, STM32C011F6P3, STM32C011F6P6, STM32C011F6U3, STM32C011F6U6TR, STM32C011J4M3, STM32C011J4M6, STM32C011J6M3, STM32C011J6M6, STM32C0316-DK, STM32C031C4T3, STM32C031C4T6, STM32C031C4U3, STM32C031C4U6, STM32C031C6T3, STM32C031C6T6, STM32C031C6U3, STM32C031C6U6, STM32C031F4P3, STM32C031F4P6, STM32C031F6P3, STM32C031F6P6, STM32C031G4U3, STM32C031G4U6, STM32C031G6U3, STM32C031G6U6, STM32C031K4T3, STM32C031K4T6, STM32C031K4U3, STM32C031K4U6, STM32C031K6T3, STM32C031K6T6, STM32C031K6U3, STM32C031K6U6, STM32G071K8TXN, STM32G071K8UXN, STM32G081GBU6N, STM32G081KBT6N, STM32G081KBUXN, STM32G0B1CCT6N, STM32G0B1KCT6, STM32G0B1NEY6TR, STM32G0B1RCT6N, STM32G0C1CCT6, STM32G0C1CCT6N, STM32G0C1CCU6N, STM32G0C1CET6N, STM32G0C1CEU6N, STM32G0C1KCT6, STM32G0C1NEY6TR, STM32G0C1RCI6N, STM32G0C1RCT6N, STM32G0C1REI6N, STM32G0C1RET6N, STM32G0C1VCI6, STM32G0C1VEI6, STM32G471CCT6, STM32G471CCU6, STM32G471CET3, STM32G471CET6, STM32G471CEU3, STM32G471CEU6, STM32G471MCT6, STM32G471MET3, STM32G471MET6, STM32G471MEY6TR, STM32G471QCT6, STM32G471QET3, STM32G471RCT6, STM32G471RET3, STM32G471RET6, STM32G471VCH6, STM32G471VCI6, STM32G471VCT6, STM32G471VEH3, STM32G471VEH6, STM32G471VEI3, STM32G471VEI6, STM32G471VET3, STM32G471VET6, STM32G474CCT6, STM32H503CBT6, STM32H503CBU6, STM32H503EBY6TR, STM32H503KBU6, STM32H503RBT6, STM32H562AGI6, STM32H562AII6, STM32H562IGK6, STM32H562IGT6, STM32H562IIK6, STM32H562IIT6, STM32H562RGT6, STM32H562RGV6, STM32H562RIT6, STM32H562RIV6, STM32H562VGT6, STM32H562VIT6, STM32H562ZGT6, STM32H562ZIT6, STM32H563AGI6, STM32H563AII3Q, STM32H563AII6, STM32H563IGK6, STM32H563IGT6, STM32H563IIK3Q, STM32H563IIK6, STM32H563IIT3Q, STM32H563IIT6, STM32H563MIY3QTR, STM32H563RGT6, STM32H563RGV6, STM32H563RIT6, STM32H563RIV6, STM32H563VGT6, STM32H563VIT3Q, STM32H563VIT6, STM32H563ZGT6, STM32H563ZIT3Q, STM32H563ZIT6, STM32H573AII3Q, STM32H573AII6, STM32H573I-DK, STM32H573IIK3Q, STM32H573IIK6, STM32H573IIT3Q, STM32H573IIT6, STM32H573MIY3QTR, STM32H573RIT6, STM32H573RIV6, STM32H573VIT3Q, STM32H573VIT6, STM32H573ZIT3Q, STM32H573ZIT6, STM32L4R5QGI6STR, STM32MP131AAE3, STM32MP131AAF3, STM32MP131AAG3, STM32MP131CAE3, STM32MP131CAF3, STM32MP131CAG3, STM32MP131DAE7, STM32MP131DAF7, STM32MP131DAG7, STM32MP131FAE7, STM32MP131FAF7, STM32MP131FAG7, STM32MP133AAE3, STM32MP133AAF3, STM32MP133AAG3, STM32MP133CAE3, STM32MP133CAF3, STM32MP133CAG3, STM32MP133DAE7, STM32MP133DAF7, STM32MP133DAG7, STM32MP133FAE7, STM32MP133FAF7, STM32MP133FAG7, STM32MP135AAE3, STM32MP135AAF3, STM32MP135AAG3, STM32MP135CAE3, STM32MP135CAF3, STM32MP135CAG3, STM32MP135DAE7, STM32MP135DAF7, STM32MP135DAG7, STM32MP135F-DK, STM32MP135FAE7, STM32MP135FAF7, STM32MP135FAF7T, STM32MP135FAF7U, STM32MP135FAG7, STM32U535CBT6, STM32U535CBT6Q, STM32U535CBU6, STM32U535CBU6Q, STM32U535CCT6, STM32U535CCT6Q, STM32U535CCU6, STM32U535CCU6Q, STM32U535CET6, STM32U535CET6Q, STM32U535CEU6, STM32U535CEU6Q, STM32U535JEY6QTR, STM32U535NCY6QTR, STM32U535NEY6QTR, STM32U535RBI6, STM32U535RBI6Q, STM32U535RBT6, STM32U535RBT6Q, STM32U535RCI6, STM32U535RCI6Q, STM32U535RCT6, STM32U535RCT6Q, STM32U535REI6, STM32U535REI6Q, STM32U535RET6, STM32U535RET6Q, STM32U535VCI6, STM32U535VCI6Q, STM32U535VCT6, STM32U535VCT6Q, STM32U535VEI6, STM32U535VEI6Q, STM32U535VET6, STM32U535VET6Q, STM32U545CET6, STM32U545CET6Q, STM32U545CEU6, STM32U545CEU6Q, STM32U545JEY6QTR, STM32U545NEY6QTR, STM32U545REI6, STM32U545REI6Q, STM32U545RET6, STM32U545RET6Q, STM32U545VEI6, STM32U545VEI6Q, STM32U545VET6, STM32U545VET6Q, STM32U595AIH6, STM32U595AIH6Q, STM32U595AJH6, STM32U595AJH6Q, STM32U595QII6, STM32U595QII6Q, STM32U595QJI6, STM32U595QJI6Q, STM32U595RIT6, STM32U595RIT6Q, STM32U595RJT6, STM32U595RJT6Q, STM32U595VIT6, STM32U595VIT6Q, STM32U595VJT6, STM32U595VJT6Q, STM32U595ZIT6, STM32U595ZIT6Q, STM32U595ZIY6QTR, STM32U595ZJT6, STM32U595ZJT6Q, STM32U595ZJY6QTR, STM32U599BJY6QTR, STM32U599NIH6Q, STM32U599NJH6Q, STM32U599VIT6Q, STM32U599VJT6, STM32U599VJT6Q, STM32U599ZIT6Q, STM32U599ZIY6QTR, STM32U599ZJT6Q, STM32U599ZJY6QTR, STM32U5A5AJH6, STM32U5A5AJH6Q, STM32U5A5QJI6, STM32U5A5QJI6Q, STM32U5A5RJT6, STM32U5A5RJT6Q, STM32U5A5VJT6, STM32U5A5VJT6Q, STM32U5A5ZJT6, STM32U5A5ZJT6Q, STM32U5A5ZJY6QTR, STM32U5A9BJY6QTR, STM32U5A9J-DK, STM32U5A9NJH6Q, STM32U5A9VJT6Q, STM32U5A9ZJT6Q, STM32U5A9ZJY6QTR, STM32WB1MMCH6, STM32WBA52CEU6, STM32WBA52CEU6T, STM32WBA52CGU6, STM32WBA52CGU6T, STM32WL5MOCH6, STM32WL5MOCH6TR]
2025-10-22 15:04:02,169 [INFO] BoardInfo:880 - No configuration file found for board B-WBA5M-WPAN
2025-10-22 15:04:02,169 [INFO] DbBoards:157 - Board is not supported: B-WBA5M-WPAN
2025-10-22 15:04:02,171 [INFO] BoardInfo:880 - No configuration file found for board NUCLEO-C051C8
2025-10-22 15:04:02,171 [INFO] DbBoards:157 - Board is not supported: NUCLEO-C051C8
2025-10-22 15:04:02,171 [INFO] BoardInfo:880 - No configuration file found for board NUCLEO-C071RB
2025-10-22 15:04:02,171 [INFO] DbBoards:157 - Board is not supported: NUCLEO-C071RB
2025-10-22 15:04:02,172 [INFO] BoardInfo:880 - No configuration file found for board NUCLEO-C092RC
2025-10-22 15:04:02,172 [INFO] DbBoards:157 - Board is not supported: NUCLEO-C092RC
2025-10-22 15:04:02,188 [INFO] BoardInfo:880 - No configuration file found for board NUCLEO-H533RE
2025-10-22 15:04:02,188 [INFO] DbBoards:157 - Board is not supported: NUCLEO-H533RE
2025-10-22 15:04:02,191 [INFO] BoardInfo:880 - No configuration file found for board NUCLEO-H7S3L8
2025-10-22 15:04:02,191 [INFO] DbBoards:157 - Board is not supported: NUCLEO-H7S3L8
2025-10-22 15:04:02,199 [INFO] BoardInfo:880 - No configuration file found for board NUCLEO-N657X0-Q
2025-10-22 15:04:02,199 [INFO] DbBoards:157 - Board is not supported: NUCLEO-N657X0-Q
2025-10-22 15:04:02,199 [INFO] BoardInfo:880 - No configuration file found for board NUCLEO-U031R8
2025-10-22 15:04:02,199 [INFO] DbBoards:157 - Board is not supported: NUCLEO-U031R8
2025-10-22 15:04:02,200 [INFO] BoardInfo:880 - No configuration file found for board NUCLEO-U083RC
2025-10-22 15:04:02,200 [INFO] DbBoards:157 - Board is not supported: NUCLEO-U083RC
2025-10-22 15:04:02,200 [INFO] BoardInfo:880 - No configuration file found for board NUCLEO-U385RG-Q
2025-10-22 15:04:02,200 [INFO] DbBoards:157 - Board is not supported: NUCLEO-U385RG-Q
2025-10-22 15:04:02,202 [INFO] BoardInfo:880 - No configuration file found for board NUCLEO-WB05KZ
2025-10-22 15:04:02,202 [INFO] DbBoards:157 - Board is not supported: NUCLEO-WB05KZ
2025-10-22 15:04:02,202 [INFO] BoardInfo:880 - No configuration file found for board NUCLEO-WB07CC
2025-10-22 15:04:02,202 [INFO] DbBoards:157 - Board is not supported: NUCLEO-WB07CC
2025-10-22 15:04:02,202 [INFO] BoardInfo:880 - No configuration file found for board NUCLEO-WB09KE
2025-10-22 15:04:02,202 [INFO] DbBoards:157 - Board is not supported: NUCLEO-WB09KE
2025-10-22 15:04:02,204 [INFO] BoardInfo:880 - No configuration file found for board NUCLEO-WBA55CG
2025-10-22 15:04:02,204 [INFO] DbBoards:157 - Board is not supported: NUCLEO-WBA55CG
2025-10-22 15:04:02,204 [INFO] BoardInfo:880 - No configuration file found for board NUCLEO-WBA65RI
2025-10-22 15:04:02,204 [INFO] DbBoards:157 - Board is not supported: NUCLEO-WBA65RI
2025-10-22 15:04:02,205 [INFO] BoardInfo:880 - No configuration file found for board NUCLEO-WL33CC1
2025-10-22 15:04:02,205 [INFO] DbBoards:157 - Board is not supported: NUCLEO-WL33CC1
2025-10-22 15:04:02,205 [INFO] BoardInfo:880 - No configuration file found for board NUCLEO-WL33CC2
2025-10-22 15:04:02,205 [INFO] DbBoards:157 - Board is not supported: NUCLEO-WL33CC2
2025-10-22 15:04:02,207 [INFO] BoardInfo:880 - No configuration file found for board P-NUCLEO-WB55
2025-10-22 15:04:02,207 [INFO] DbBoards:157 - Kit is not supported: P-NUCLEO-WB55
2025-10-22 15:04:02,209 [INFO] BoardInfo:880 - No configuration file found for board STEVAL-BFA001V1B
2025-10-22 15:04:02,209 [INFO] DbBoards:157 - Kit is not supported: STEVAL-BFA001V1B
2025-10-22 15:04:02,209 [INFO] BoardInfo:880 - No configuration file found for board STEVAL-BFA001V2B
2025-10-22 15:04:02,209 [INFO] DbBoards:157 - Kit is not supported: STEVAL-BFA001V2B
2025-10-22 15:04:02,210 [INFO] BoardInfo:880 - No configuration file found for board STEVAL-MKBOXPRO
2025-10-22 15:04:02,210 [INFO] DbBoards:157 - Board is not supported: STEVAL-MKBOXPRO
2025-10-22 15:04:02,211 [INFO] BoardInfo:880 - No configuration file found for board STEVAL-SMARTAG2
2025-10-22 15:04:02,211 [INFO] DbBoards:157 - Board is not supported: STEVAL-SMARTAG2
2025-10-22 15:04:02,236 [INFO] BoardInfo:880 - No configuration file found for board STM32H7S78-DK
2025-10-22 15:04:02,236 [INFO] DbBoards:157 - Board is not supported: STM32H7S78-DK
2025-10-22 15:04:02,244 [INFO] BoardInfo:880 - No configuration file found for board STM32MP257F-DK
2025-10-22 15:04:02,244 [INFO] DbBoards:157 - Board is not supported: STM32MP257F-DK
2025-10-22 15:04:02,244 [INFO] BoardInfo:880 - No configuration file found for board STM32MP257F-EV1
2025-10-22 15:04:02,244 [INFO] DbBoards:157 - Board is not supported: STM32MP257F-EV1
2025-10-22 15:04:02,245 [INFO] BoardInfo:880 - No configuration file found for board STM32N6570-DK
2025-10-22 15:04:02,245 [INFO] DbBoards:157 - Board is not supported: STM32N6570-DK
2025-10-22 15:04:02,245 [INFO] BoardInfo:880 - No configuration file found for board STM32U083C-DK
2025-10-22 15:04:02,245 [INFO] DbBoards:157 - Board is not supported: STM32U083C-DK
2025-10-22 15:04:02,247 [INFO] BoardInfo:880 - No configuration file found for board STM32U5G9J-DK1
2025-10-22 15:04:02,247 [INFO] DbBoards:157 - Board is not supported: STM32U5G9J-DK1
2025-10-22 15:04:02,247 [INFO] BoardInfo:880 - No configuration file found for board STM32U5G9J-DK2
2025-10-22 15:04:02,247 [INFO] DbBoards:157 - Board is not supported: STM32U5G9J-DK2
2025-10-22 15:04:02,248 [INFO] BoardInfo:880 - No configuration file found for board STM32WBA55G-DK1
2025-10-22 15:04:02,248 [INFO] DbBoards:157 - Board is not supported: STM32WBA55G-DK1
2025-10-22 15:04:02,249 [INFO] BoardInfo:880 - No configuration file found for board STM32WBA65I-DK1
2025-10-22 15:04:02,249 [INFO] DbBoards:157 - Board is not supported: STM32WBA65I-DK1
2025-10-22 15:04:02,249 [INFO] DbBoards:161 - Found 211 boards, 180 are supported
2025-10-22 15:04:02,250 [INFO] ApiDb:423 - Load user favorites file /home/abanchio/.stm32cubeide/favorites.boards.txt: 1 item(s)
2025-10-22 15:04:02,250 [INFO] ApiDb:427 - User favorites Boards=[STM32F407G-DISC1]
2025-10-22 15:04:02,250 [INFO] DbBoards:190 - Set 1 / 1 favorites Boards
2025-10-22 15:04:02,252 [INFO] ApiDb:668 - CubeFinder database Data Model version=2.1
2025-10-22 15:04:02,252 [INFO] ApiDb:669 - CubeFinder database Configuration version=3.0.39
2025-10-22 15:04:02,252 [INFO] ApiDb:670 - CubeFinder database generation date=2025-08-25 (1756130511)
2025-10-22 15:04:02,252 [INFO] ApiDb:671 - CubeFinder database FW Pack versions=[FP-ATR-ASTRA1_V2.0.0, FP-SNS-FLIGHT1_V5.1.0, FP-SNS-MOTENV1_V5.0.0, FP-SNS-MOTENVWB1_V1.4.0, FP-SNS-SMARTAG2_V1.2.0, FP-SNS-STBOX1_V2.1.0, STM32Cube_FW_C0_V1.4.0, STM32Cube_FW_F4_V1.28.3, STM32Cube_FW_F7_V1.17.4, STM32Cube_FW_G0_V1.6.2, STM32Cube_FW_G4_V1.6.1, STM32Cube_FW_H5_V1.5.0, STM32Cube_FW_H7RS_V1.2.0, STM32Cube_FW_H7_V1.12.1, STM32Cube_FW_L0_V1.12.2, STM32Cube_FW_L4_V1.18.1, STM32Cube_FW_L5_V1.5.1, STM32Cube_FW_N6_V1.2.0, STM32Cube_FW_U0_V1.3.0, STM32Cube_FW_U3_V1.2.0, STM32Cube_FW_U5_V1.8.0, STM32Cube_FW_WB0_V1.3.0, STM32Cube_FW_WBA_V1.7.0, STM32Cube_FW_WB_V1.23.0, STM32Cube_FW_WL3_V1.2.0, STM32Cube_FW_WL_V1.3.1, X-CUBE-ALGOBUILD_V1.4.0, X-CUBE-ALS_V1.0.2, X-CUBE-AZRTOS-F4_V1.1.0, X-CUBE-AZRTOS-F7_V1.1.0, X-CUBE-AZRTOS-G0_V1.1.0, X-CUBE-AZRTOS-G4_V2.0.0, X-CUBE-AZRTOS-H7RS_V1.1.0, X-CUBE-AZRTOS-H7_V3.4.0, X-CUBE-AZRTOS-L4_V2.0.0, X-CUBE-AZRTOS-L5_V2.0.0, X-CUBE-AZRTOS-WB_V2.0.0, X-CUBE-AZRTOS-WL_V2.0.0, X-CUBE-BLE1_V7.1.0, X-CUBE-BLE2_V3.3.0, X-CUBE-BLEMGR_V4.1.0, X-CUBE-EEPRMA1_V5.2.0, X-CUBE-FREERTOS_V1.3.1, X-CUBE-GNSS1_V6.0.0, X-CUBE-MEMS1_V11.3.0, X-CUBE-NFC4_V3.0.0, X-CUBE-NFC7_V2.0.0, X-CUBE-SFXS2LP1_V4.0.0, X-CUBE-ST67W61_V1.0.0, X-CUBE-SUBG2_V5.0.0, X-CUBE-TOF1_V3.4.3]
2025-10-22 15:04:02,622 [ERROR] DbExamplesSqlite:418 - Missing JSON key: board_cpn
2025-10-22 15:04:02,622 [ERROR] DbExamplesSqlite:418 - Missing JSON key: board_cpn
2025-10-22 15:04:02,622 [ERROR] DbExamplesSqlite:418 - Missing JSON key: board_cpn
2025-10-22 15:04:02,622 [ERROR] DbExamplesSqlite:418 - Missing JSON key: board_cpn
2025-10-22 15:04:03,041 [ERROR] DbExamplesSqlite:418 - Missing JSON key: board_cpn
2025-10-22 15:04:03,041 [ERROR] DbExamplesSqlite:418 - Missing JSON key: board_cpn
2025-10-22 15:04:03,044 [INFO] DbExamplesSqlite:376 - Ignored 33 examples not supported by CubeIDE
2025-10-22 15:04:03,044 [INFO] DbExamplesSqlite:377 - Found 10871 examples active
2025-10-22 15:04:03,044 [INFO] DbExamplesSqlite:378 - Found 0 examples obsolete
2025-10-22 15:04:03,045 [INFO] DbExamplesSqlite:379 - Found 0 examples under development
2025-10-22 15:04:03,045 [INFO] DbExamplesSqlite:380 - Found 65 examples not building
2025-10-22 15:04:03,047 [INFO] DbExamples:125 - Found 10903 examples
2025-10-22 15:04:03,062 [INFO] DbExamples:222 - Found 134 boards with related examples
2025-10-22 15:04:03,063 [INFO] DbExamples:235 - Found 111 MCUs with related examples
2025-10-22 15:04:03,080 [INFO] ApiDb:414 - User favorites file not found: /home/abanchio/.stm32cubeide/favorites.examples.txt
2025-10-22 15:04:03,080 [INFO] DbExamples:250 - Set 0 / 0 favorites Examples
2025-10-22 15:04:03,165 [INFO] McuFinderGlobals:66 - Set McuFinderConnectedMode to true
2025-10-22 15:04:03,172 [INFO] MultiScanPanel:200 - Auto-refresh data requested => check proxy status ongoing
2025-10-22 15:04:03,175 [INFO] FinderPluginLoader:95 - Searching for filters in installed packs
2025-10-22 15:04:04,117 [INFO] LoadUrlFilesThread:185 - End of LoadServerUrlFiles without Thread
2025-10-22 15:04:04,131 [INFO] DetailPanel:341 - Set advertising image to /home/abanchio/STM32Cube/Repository//en.mcu-finder-stm32n6dk.jpg
2025-10-22 15:04:09,852 [INFO] McuFinderGlobals:66 - Set McuFinderConnectedMode to true
2025-10-22 15:04:11,606 [INFO] ApiDb:448 - Save user favorites file /home/abanchio/.stm32cubeide/favorites.mcus.txt: 0 item(s)
2025-10-22 15:04:11,606 [INFO] ApiDb:452 - User favorites MCUs=[]
2025-10-22 15:10:34,879 [INFO] MainUpdater:2854 - connection check result : 10
2025-10-22 15:10:34,963 [INFO] McuFinderGlobals:66 - Set McuFinderConnectedMode to true
2025-10-22 15:10:34,963 [INFO] MultiScanPanel:200 - Auto-refresh data requested => check proxy status ongoing
2025-10-22 15:10:34,963 [INFO] FinderPluginLoader:95 - Searching for filters in installed packs
2025-10-22 15:10:35,708 [INFO] LoadUrlFilesThread:185 - End of LoadServerUrlFiles without Thread
2025-10-22 15:10:35,708 [INFO] DetailPanel:341 - Set advertising image to /home/abanchio/STM32Cube/Repository//en.mcu-finder-stm32n6dk.jpg
2025-10-22 15:10:39,237 [INFO] MultiScanPanel:200 - Auto-refresh data requested => check proxy status ongoing
2025-10-22 15:10:39,338 [INFO] LoadUrlFilesThread:185 - End of LoadServerUrlFiles without Thread
2025-10-22 15:10:39,339 [INFO] DetailPanel:341 - Set advertising image to /home/abanchio/STM32Cube/Repository//en.mcu-finder-stm32n6dk.jpg
2025-10-22 15:10:41,118 [INFO] ApiDb:581 - Connected to CubeFinder SQLite database (/home/abanchio/.stmcufinder/plugins/mcufinder/mcu/cube-finder-db.db)
2025-10-22 15:11:35,197 [INFO] MainUpdater:2854 - connection check result : 10
2025-10-22 15:11:35,197 [INFO] MainUpdater:2854 - connection check result : 10
2025-10-22 15:11:35,209 [INFO] MicroXplorer:468 - Change Database Path : 
2025-10-22 15:11:35,209 [INFO] MicroXplorer:498 - Change Database Version : DB.6.0.80
2025-10-22 15:11:35,210 [WARN] ThirdParty:871 - waiting for thirdparty lock release [close project]
2025-10-22 15:11:35,210 [INFO] ThirdParty:873 - entering critical section [close project]
2025-10-22 15:11:35,211 [INFO] ThirdParty:883 - exiting critical section [close project]
2025-10-22 15:11:35,212 [INFO] PinOutPanel:1499 - setPackage(No Configuration,No Configuration)
2025-10-22 15:11:35,217 [INFO] UtilMem:75 - Begin LoadConfig() Used Memory: 229112784 Bytes (489684992)
2025-10-22 15:11:35,222 [INFO] OpenFileManager:308 - Change cursor
2025-10-22 15:11:35,251 [INFO] ProjectFactory:402 - No CPN specified for board STM32F407G-DISC1 => set CPN to STM32F407VGT6
2025-10-22 15:11:35,252 [INFO] Mcu:1937 - Initializing MCU STM32F407V(E-G)Tx STM32F407VGTx STM32F407VGT6
2025-10-22 15:11:36,294 [INFO] Context:659 - Trying to add GPIOservice into a context  which must be forbidden
2025-10-22 15:11:36,623 [INFO] Rule:228 - rule 117617 - U5Cobra4M][GTZC] default value MPCBB3 and MPCBB5 - Not Secured memory - MPCBB1 is applicable
2025-10-22 15:11:36,623 [INFO] Rule:228 - rule 117617 - U5Cobra4M][GTZC] default value MPCBB3 and MPCBB5 - Not Secured memory - MPCBB1 is applicable
2025-10-22 15:11:36,623 [INFO] Rule:228 - rule 117617 - U5Cobra4M][GTZC] default value MPCBB3 and MPCBB5 - Not Secured memory - MPCBB2 is applicable
2025-10-22 15:11:36,623 [INFO] Rule:228 - rule 117617 - U5Cobra4M][GTZC] default value MPCBB3 and MPCBB5 - Not Secured memory - MPCBB2 is applicable
2025-10-22 15:11:36,623 [INFO] Rule:228 - rule 117617 - U5Cobra4M][GTZC] default value MPCBB3 and MPCBB5 - Not Secured memory - MPCBB3 is applicable
2025-10-22 15:11:36,623 [INFO] Rule:228 - rule 117617 - U5Cobra4M][GTZC] default value MPCBB3 and MPCBB5 - Not Secured memory - MPCBB3 is applicable
2025-10-22 15:11:36,623 [INFO] Rule:228 - rule 117617 - U5Cobra4M][GTZC] default value MPCBB3 and MPCBB5 - Not Secured memory - MPCBB4 is applicable
2025-10-22 15:11:36,623 [INFO] Rule:228 - rule 117617 - U5Cobra4M][GTZC] default value MPCBB3 and MPCBB5 - Not Secured memory - MPCBB4 is applicable
2025-10-22 15:11:36,623 [INFO] Rule:228 - rule 117617 - U5Cobra4M][GTZC] default value MPCBB3 and MPCBB5 - Secured memory - MPCBB1 is applicable
2025-10-22 15:11:36,623 [INFO] Rule:228 - rule 117617 - U5Cobra4M][GTZC] default value MPCBB3 and MPCBB5 - Secured memory - MPCBB2 is applicable
2025-10-22 15:11:36,623 [INFO] Rule:228 - rule 117617 - U5Cobra4M][GTZC] default value MPCBB3 and MPCBB5 - Secured memory - MPCBB3 is applicable
2025-10-22 15:11:36,624 [INFO] Rule:228 - rule 117617 - U5Cobra4M][GTZC] default value MPCBB3 and MPCBB5 - Secured memory - MPCBB4 is applicable
2025-10-22 15:11:36,624 [INFO] Rule:228 - rule 117617 - U5Cobra4M][GTZC] default value MPCBB3 and MPCBB5 - Privileged memory - MPCBB1 is applicable
2025-10-22 15:11:36,624 [INFO] Rule:228 - rule 117617 - U5Cobra4M][GTZC] default value MPCBB3 and MPCBB5 - Privileged memory - MPCBB2 is applicable
2025-10-22 15:11:36,624 [INFO] Rule:228 - rule 117617 - U5Cobra4M][GTZC] default value MPCBB3 and MPCBB5 - Privileged memory - MPCBB3 is applicable
2025-10-22 15:11:36,624 [INFO] Rule:228 - rule 117617 - U5Cobra4M][GTZC] default value MPCBB3 and MPCBB5 - Privileged memory - MPCBB4 is applicable
2025-10-22 15:11:36,624 [INFO] Rule:228 - rule 117617 - U5Cobra4M][GTZC] default value MPCBB3 and MPCBB5 - Not Privileged memory - MPCBB1 is applicable
2025-10-22 15:11:36,624 [INFO] Rule:228 - rule 117617 - U5Cobra4M][GTZC] default value MPCBB3 and MPCBB5 - Not Privileged memory - MPCBB2 is applicable
2025-10-22 15:11:36,624 [INFO] Rule:228 - rule 117617 - U5Cobra4M][GTZC] default value MPCBB3 and MPCBB5 - Not Privileged memory - MPCBB3 is applicable
2025-10-22 15:11:36,624 [INFO] Rule:228 - rule 117617 - U5Cobra4M][GTZC] default value MPCBB3 and MPCBB5 - Not Privileged memory - MPCBB4 is applicable
2025-10-22 15:11:36,624 [INFO] Rule:228 - rule 117617 - U5Cobra4M][GTZC] default value MPCBB3 and MPCBB5 - Privileged memory - MPCBB1 is applicable
2025-10-22 15:11:36,624 [INFO] Rule:228 - rule 117617 - U5Cobra4M][GTZC] default value MPCBB3 and MPCBB5 - Privileged memory - MPCBB2 is applicable
2025-10-22 15:11:36,624 [INFO] Rule:228 - rule 117617 - U5Cobra4M][GTZC] default value MPCBB3 and MPCBB5 - Privileged memory - MPCBB3 is applicable
2025-10-22 15:11:36,624 [INFO] Rule:228 - rule 117617 - U5Cobra4M][GTZC] default value MPCBB3 and MPCBB5 - Privileged memory - MPCBB4 is applicable
2025-10-22 15:11:36,624 [INFO] Rule:228 - rule 117617 - U5Cobra4M][GTZC] default value MPCBB3 and MPCBB5 - Privileged memory - MPCBB1 is applicable
2025-10-22 15:11:36,624 [INFO] Rule:228 - rule 117617 - U5Cobra4M][GTZC] default value MPCBB3 and MPCBB5 - Privileged memory - MPCBB2 is applicable
2025-10-22 15:11:36,624 [INFO] Rule:228 - rule 117617 - U5Cobra4M][GTZC] default value MPCBB3 and MPCBB5 - Privileged memory - MPCBB3 is applicable
2025-10-22 15:11:36,624 [INFO] Rule:228 - rule 117617 - U5Cobra4M][GTZC] default value MPCBB3 and MPCBB5 - Privileged memory - MPCBB4 is applicable
2025-10-22 15:11:36,624 [INFO] Rule:228 - rule 117617 - U5Cobra4M][GTZC] default value MPCBB3 and MPCBB5 - Not Privileged memory - MPCBB1 is applicable
2025-10-22 15:11:36,624 [INFO] Rule:228 - rule 117617 - U5Cobra4M][GTZC] default value MPCBB3 and MPCBB5 - Not Privileged memory - MPCBB2 is applicable
2025-10-22 15:11:36,625 [INFO] Rule:228 - rule 117617 - U5Cobra4M][GTZC] default value MPCBB3 and MPCBB5 - Not Privileged memory - MPCBB3 is applicable
2025-10-22 15:11:36,625 [INFO] Rule:228 - rule 117617 - U5Cobra4M][GTZC] default value MPCBB3 and MPCBB5 - Not Privileged memory - MPCBB4 is applicable
2025-10-22 15:11:36,625 [INFO] Rule:228 - rule 117617 - U5Cobra4M][GTZC] default value MPCBB3 and MPCBB5 - Privileged memory - MPCBB1 is applicable
2025-10-22 15:11:36,625 [INFO] Rule:228 - rule 117617 - U5Cobra4M][GTZC] default value MPCBB3 and MPCBB5 - Privileged memory - MPCBB2 is applicable
2025-10-22 15:11:36,625 [INFO] Rule:228 - rule 117617 - U5Cobra4M][GTZC] default value MPCBB3 and MPCBB5 - Privileged memory - MPCBB3 is applicable
2025-10-22 15:11:36,625 [INFO] Rule:228 - rule 117617 - U5Cobra4M][GTZC] default value MPCBB3 and MPCBB5 - Privileged memory - MPCBB4 is applicable
2025-10-22 15:11:36,625 [INFO] Rule:228 - rule Rename SubGHz_Phy SUBGHZ_APPLICATION SUBGHZ_PINGPONG to SUBGHZ_ADV_APPLICATION is applicable
2025-10-22 15:11:36,625 [INFO] Rule:228 - rule Rename Enabled to IBEACON is applicable
2025-10-22 15:11:36,625 [INFO] Rule:228 - rule GTZC_S instance for project manager is applicable
2025-10-22 15:11:36,625 [INFO] Rule:228 - rule GTZC_S instance for context M33S is applicable
2025-10-22 15:11:36,625 [INFO] Rule:228 - rule GTZC_S instance value for IP GTZC is applicable
2025-10-22 15:11:36,625 [INFO] Rule:228 - rule GTZC_S instance for mcu.IP is applicable
2025-10-22 15:11:36,625 [INFO] Rule:228 - rule GTZC_S instance for VP is applicable
2025-10-22 15:11:36,625 [INFO] Rule:228 - rule GTZC_S instance for signal is applicable
2025-10-22 15:11:36,625 [INFO] Rule:228 - rule GTZC_S instance for mcu.Pin is applicable
2025-10-22 15:11:36,625 [INFO] Rule:228 - rule GTZC_S instance for VP is applicable
2025-10-22 15:11:36,625 [INFO] Rule:228 - rule GTZC_S instance for signal is applicable
2025-10-22 15:11:36,625 [INFO] Rule:228 - rule GTZC_S instance for mcu is applicable
2025-10-22 15:11:36,625 [INFO] Rule:228 - rule GTZC_S instance for mcu.Pin is applicable
2025-10-22 15:11:36,625 [INFO] Rule:228 - rule GTZC_S instance value for IP GTZC is applicable
2025-10-22 15:11:36,625 [INFO] Rule:228 - rule GTZC_S instance for project manager is applicable
2025-10-22 15:11:36,626 [INFO] Rule:228 - rule GTZC_S instance for context M33S is applicable
2025-10-22 15:11:36,626 [INFO] Rule:228 - rule GTZC_S instance for VP is applicable
2025-10-22 15:11:36,626 [INFO] Rule:228 - rule GTZC_S instance for signal is applicable
2025-10-22 15:11:36,626 [INFO] Rule:228 - rule SPDIFRX instance for mcu is applicable
2025-10-22 15:11:36,626 [INFO] Rule:228 - rule Rename Tracer Mode is applicable
2025-10-22 15:11:36,626 [INFO] Rule:228 - rule SPDIFRX instance value for IP SPDIFRX is applicable
2025-10-22 15:11:36,626 [INFO] Rule:228 - rule SPDIFRX instance for signal is applicable
2025-10-22 15:11:36,626 [INFO] Rule:228 - rule SPDIFRX instance for project manager is applicable
2025-10-22 15:11:36,626 [INFO] Rule:228 - rule SPDIFRX instance for project manager is applicable
2025-10-22 15:11:36,626 [INFO] Rule:228 - rule ADC Scan  fix with FW F7 is applicable
2025-10-22 15:11:36,626 [INFO] Rule:228 - rule ADC Scan  fix with FW F7 is applicable
2025-10-22 15:11:36,626 [INFO] Rule:228 - rule WakeUp0 Mode is applicable
2025-10-22 15:11:36,626 [INFO] Rule:228 - rule WakeUp0 SIGNAL is applicable
2025-10-22 15:11:36,626 [INFO] Rule:228 - rule WakeUp1 Mode is applicable
2025-10-22 15:11:36,626 [INFO] Rule:228 - rule WakeUp1 SIGNAL is applicable
2025-10-22 15:11:36,626 [INFO] Rule:228 - rule WakeUp2 Mode is applicable
2025-10-22 15:11:36,626 [INFO] Rule:228 - rule WakeUp2 SIGNAL is applicable
2025-10-22 15:11:36,626 [INFO] Rule:228 - rule WakeUp4 Mode is applicable
2025-10-22 15:11:36,627 [INFO] Rule:228 - rule WakeUp4 SIGNAL is applicable
2025-10-22 15:11:36,627 [INFO] Rule:228 - rule WakeUp5 Mode is applicable
2025-10-22 15:11:36,627 [INFO] Rule:228 - rule WakeUp5 SIGNAL is applicable
2025-10-22 15:11:36,627 [INFO] Rule:228 - rule Add RTC Activate Clock Source is applicable
2025-10-22 15:11:36,627 [INFO] Rule:228 - rule Add RTC Activate Calendar 1 is applicable
2025-10-22 15:11:36,627 [INFO] Rule:228 - rule Add RTC Activate Calendar 2 is applicable
2025-10-22 15:11:36,627 [INFO] Rule:228 - rule Add RTC Activate Calendar 3 is applicable
2025-10-22 15:11:36,627 [INFO] Rule:228 - rule UART/USART TX Mode is applicable
2025-10-22 15:11:36,627 [INFO] Rule:228 - rule UART/USART RX Mode is applicable
2025-10-22 15:11:36,627 [INFO] Rule:228 - rule UART/USART RX TX Mode is applicable
2025-10-22 15:11:36,627 [INFO] Rule:228 - rule UART/USART PARITY NONE is applicable
2025-10-22 15:11:36,627 [INFO] Rule:228 - rule UART/USART PARITY EVEN is applicable
2025-10-22 15:11:36,627 [INFO] Rule:228 - rule UART/USART PARITY ODD is applicable
2025-10-22 15:11:36,627 [INFO] Rule:228 - rule USART StopBits 1 is applicable
2025-10-22 15:11:36,628 [INFO] Rule:228 - rule USART StopBits 2 is applicable
2025-10-22 15:11:36,628 [INFO] Rule:228 - rule USART StopBits 1.5 is applicable
2025-10-22 15:11:36,628 [INFO] Rule:228 - rule USART StopBits 0.5 is applicable
2025-10-22 15:11:36,628 [INFO] Rule:228 - rule UART/USART WORD LENGTH 7 is applicable
2025-10-22 15:11:36,628 [INFO] Rule:228 - rule UART/USART WORD LENGTH 8 is applicable
2025-10-22 15:11:36,628 [INFO] Rule:228 - rule UART/USART WORD LENGTH 9 is applicable
2025-10-22 15:11:36,628 [INFO] Rule:228 - rule Rename FMC NAND NCE signal is applicable
2025-10-22 15:11:36,628 [INFO] Rule:228 - rule Rename FMC NAND INT signal is applicable
2025-10-22 15:11:36,628 [INFO] Rule:228 - rule Change Default Value for LSE Drive Capability for WB family is applicable
2025-10-22 15:11:36,628 [INFO] Rule:228 - rule Change Default Value for ADC Clock Prescaler G0 family is applicable
2025-10-22 15:11:36,628 [INFO] Rule:228 - rule Change Default Value for ADC ExternalTrigConv L4 family is applicable
2025-10-22 15:11:36,628 [INFO] Rule:228 - rule Change Default Value for ADC ExternalTrigInjecConv L4 family is applicable
2025-10-22 15:11:36,628 [INFO] Rule:228 - rule Change Default Value for ADC ExternalTrigConv F3 family is applicable
2025-10-22 15:11:36,628 [INFO] Rule:228 - rule Change Default Value for ADC ExternalTrigInjecConv F3 family is applicable
2025-10-22 15:11:36,628 [INFO] Rule:228 - rule Change Default Value for ADC ExternalTrigConv Goldfish serie is applicable
2025-10-22 15:11:36,628 [INFO] Rule:228 - rule Change Default Value for ADC ExternalTrigInjecConv Goldfish serie is applicable
2025-10-22 15:11:36,628 [INFO] Rule:228 - rule Change Default Value for ADC ExternalTrigConv L0 family is applicable
2025-10-22 15:11:36,628 [INFO] Rule:228 - rule Change Default Value for ADC ExternalTrigConv F0 family is applicable
2025-10-22 15:11:36,629 [INFO] Rule:228 - rule Change Default Value for ADC ExternalTrigConvn L1 family is applicable
2025-10-22 15:11:36,629 [INFO] Rule:228 - rule Change Default Value for ADC ExternalTrigInjecConv L1 family is applicable
2025-10-22 15:11:36,629 [INFO] Rule:228 - rule Change Default Value for ADC ExternalTrigConv F1 family is applicable
2025-10-22 15:11:36,629 [INFO] Rule:228 - rule Change Default Value for ADC ExternalTrigInjecConv F1 family is applicable
2025-10-22 15:11:36,629 [INFO] Rule:228 - rule Change Default Value for ADC ExternalTrigConv F7 family is applicable
2025-10-22 15:11:36,629 [INFO] Rule:228 - rule Change Default Value for ADC ExternalTrigInjecConv F7 family is applicable
2025-10-22 15:11:36,629 [INFO] Rule:228 - rule Change Default Value for ADC ExternalTrigConv F4 and F2 family is applicable
2025-10-22 15:11:36,629 [INFO] Rule:228 - rule Change Default Value for ADC ExternalTrigInjecConv F4 and F2 family is applicable
2025-10-22 15:11:36,629 [INFO] Rule:228 - rule ADC SamplingTime fix with FW L0  is applicable
2025-10-22 15:11:36,629 [INFO] Rule:228 - rule ADC SamplingTime fix with FW L0  is applicable
2025-10-22 15:11:36,629 [INFO] Rule:228 - rule ADC SamplingTime fix with FW L0 is applicable
2025-10-22 15:11:36,629 [INFO] Rule:228 - rule ADC SamplingTime fix with FW L0 is applicable
2025-10-22 15:11:36,629 [INFO] Rule:228 - rule ADC SamplingTime fix with FW L0  is applicable
2025-10-22 15:11:36,629 [INFO] Rule:228 - rule ADC SamplingTime fix with FW L0 is applicable
2025-10-22 15:11:36,629 [INFO] Rule:228 - rule Rename USB_OE Signal is applicable
2025-10-22 15:11:36,629 [INFO] Rule:228 - rule Rename Activate_OE Mode is applicable
2025-10-22 15:11:36,629 [INFO] Rule:228 - rule Rename DIE462/DIE415 pin PC14/OSC32_IN -> PC14-OSC32_IN (PC14) is applicable
2025-10-22 15:11:36,629 [INFO] Rule:228 - rule Rename DIE462/DIE415 pin PC15/OSC32_OUT -> PC15-OSC32_OUT (PC15) is applicable
2025-10-22 15:11:36,629 [INFO] Rule:228 - rule Rename DIE462/DIE415 pin PH0/OSC_IN -> PH0-OSC_IN (PH0) is applicable
2025-10-22 15:11:36,630 [INFO] Rule:228 - rule Rename DIE462/DIE415 pin PH1/OSC_OUT -> PH1-OSC_OUT (PH1) is applicable
2025-10-22 15:11:36,630 [INFO] Rule:228 - rule Rename DIE462 pin PA13 -> PA13 (JTMS/SWDIO) is applicable
2025-10-22 15:11:36,630 [INFO] Rule:228 - rule Rename DIE415 pin PA13 -> PA13 (JTMS/SWDIO) is applicable
2025-10-22 15:11:36,630 [INFO] Rule:228 - rule Rename DIE462 pin PA14 -> PA14 (JTCK/SWCLK) is applicable
2025-10-22 15:11:36,630 [INFO] Rule:228 - rule Rename DIE415 pin PA14 -> PA14 (JTCK/SWCLK) is applicable
2025-10-22 15:11:36,630 [INFO] Rule:228 - rule Rename DIE462/DIE415 pin PA15 -> PA15 (JTDI) is applicable
2025-10-22 15:11:36,630 [INFO] Rule:228 - rule Rename DIE462 pin PB3 -> PB3 (JTD0/TRACESWO) is applicable
2025-10-22 15:11:36,630 [INFO] Rule:228 - rule Rename DIE415 pin PB3 -> PB3 (JTD0-TRACESWO) is applicable
2025-10-22 15:11:36,630 [INFO] Rule:228 - rule Rename DIE462/DIE415 pin PB4 -> PB4 (NJTRST) is applicable
2025-10-22 15:11:36,630 [INFO] Rule:228 - rule Rename DIE462 pin PH3/BOOT0 -> PH3-BOOT0 (BOOT0) is applicable
2025-10-22 15:11:36,630 [INFO] Rule:228 - rule Rename CRYP DataEncryptionTypesList to Algorithm is applicable
2025-10-22 15:11:36,630 [INFO] Rule:228 - rule Rename AES DataEncryptionTypesList to Algorithm is applicable
2025-10-22 15:11:36,630 [INFO] Rule:228 - rule Rename TDESECB to CRYP_TDES_ECB is applicable
2025-10-22 15:11:36,630 [INFO] Rule:228 - rule Rename TDESCBC to CRYP_TDES_CBC is applicable
2025-10-22 15:11:36,630 [INFO] Rule:228 - rule Rename DESECB to CRYP_DES_ECB is applicable
2025-10-22 15:11:36,630 [INFO] Rule:228 - rule Rename DESCBC to CRYP_DES_CBC is applicable
2025-10-22 15:11:36,630 [INFO] Rule:228 - rule Rename AESECB to CRYP_AES_ECB is applicable
2025-10-22 15:11:36,630 [INFO] Rule:228 - rule Rename AESCBC to CRYP_AES_CBC is applicable
2025-10-22 15:11:36,630 [INFO] Rule:228 - rule Rename AESCTR to CRYP_AES_CTR is applicable
2025-10-22 15:11:36,630 [INFO] Rule:228 - rule Rename AESGCM to CRYP_AES_GCM is applicable
2025-10-22 15:11:36,630 [INFO] Rule:228 - rule Rename AESCCM to CRYP_AES_CCM is applicable
2025-10-22 15:11:36,631 [INFO] Rule:228 - rule Rename CAN TimeSeg1 to BS1 is applicable
2025-10-22 15:11:36,631 [INFO] Rule:228 - rule Rename CAN TimeSeg2 to BS2 is applicable
2025-10-22 15:11:36,631 [INFO] Rule:228 - rule Rename CAN SyncJumpWidth to SJW is applicable
2025-10-22 15:11:36,631 [INFO] Rule:228 - rule TimeTriggeredMode to TTCM is applicable
2025-10-22 15:11:36,631 [INFO] Rule:228 - rule Rename CAN AutoBusOff to ABOM is applicable
2025-10-22 15:11:36,631 [INFO] Rule:228 - rule Rename CAN AutoWakeUp to AWUM is applicable
2025-10-22 15:11:36,631 [INFO] Rule:228 - rule Rename CAN AutoRetransmission to NART is applicable
2025-10-22 15:11:36,631 [INFO] Rule:228 - rule Rename CAN ReceiveFifoLocked to RFLM is applicable
2025-10-22 15:11:36,631 [INFO] Rule:228 - rule Rename CAN TransmitFifoPriority to TXFP is applicable
2025-10-22 15:11:36,631 [INFO] Rule:228 - rule Rename HRTIMER HRTIM_OUTPUTFAULTLEVEL_HIGH in HRTIMER HRTIM_OUTPUTFAULTLEVEL_HIGHZ is applicable
2025-10-22 15:11:36,631 [INFO] Rule:228 - rule Rename TIMER TIM_CLEARINPUTSOURCE_OCREFCLR in  TIMER TIM_CLEARINPUTSOURCE_NONE for F7 family is applicable
2025-10-22 15:11:36,631 [INFO] Rule:228 - rule FDCAN_R1 - Rename FDCAN mode Master into Classic is applicable
2025-10-22 15:11:36,631 [INFO] Rule:228 - rule FDCAN_R2 - Rename FDCAN mode Slave into Classic is applicable
2025-10-22 15:11:36,631 [INFO] Rule:228 - rule FDCAN1_R3 - if PA10.Mode=FullDuplex, add Pin PA12 is applicable
2025-10-22 15:11:36,631 [INFO] Rule:228 - rule FDCAN1_R3 - if PA9.Mode=FullDuplex, add Pin PA11 is applicable
2025-10-22 15:11:36,631 [INFO] Rule:228 - rule FDCAN1_R3 - Alternatepin_1 - if PE1.Mode=FullDuplex, add Pin PB9 is applicable
2025-10-22 15:11:36,631 [INFO] Rule:228 - rule FDCAN1_R3 - Alternatepin_1 - if PE0.Mode=FullDuplex, add Pin PB8 is applicable
2025-10-22 15:11:36,631 [INFO] Rule:228 - rule FDCAN1_R3 - Alternatepin_2 - if PD5.Mode=FullDuplex, add Pin PD1 is applicable
2025-10-22 15:11:36,631 [INFO] Rule:228 - rule FDCAN1_R3 - Alternatepin_2 - if PD4.Mode=FullDuplex, add Pin PD0 is applicable
2025-10-22 15:11:36,631 [INFO] Rule:228 - rule FDCAN1_R4 - Rename Mode FullDuplex into Enable FDCAN_TXFD for pin PA10 is applicable
2025-10-22 15:11:36,631 [INFO] Rule:228 - rule FDCAN1_R4 - Rename Mode FullDuplex into Enable FDCAN_TXFD for pin PA9 is applicable
2025-10-22 15:11:36,632 [INFO] Rule:228 - rule FDCAN1_R4 - Alternatepin_1 - Rename Mode FullDuplex into Enable FDCAN_TXFD for pin PE1 is applicable
2025-10-22 15:11:36,632 [INFO] Rule:228 - rule FDCAN1_R4 - Alternatepin_1 - Rename Mode FullDuplex into Enable FDCAN_TXFD for pin PE0 is applicable
2025-10-22 15:11:36,632 [INFO] Rule:228 - rule FDCAN1_R4 - Alternatepin_2 - Rename Mode FullDuplex into Enable FDCAN_TXFD for pin PD5 is applicable
2025-10-22 15:11:36,632 [INFO] Rule:228 - rule FDCAN1_R4 - Alternatepin_2 - Rename Mode FullDuplex into Enable FDCAN_TXFD for pin PD4 is applicable
2025-10-22 15:11:36,632 [INFO] Rule:228 - rule FDCAN2_R3 - if PD10.Mode=FullDuplex, add Pin PB13 is applicable
2025-10-22 15:11:36,632 [INFO] Rule:228 - rule FDCAN2_R3 - if PD9.Mode=FullDuplex, add Pin PB12 is applicable
2025-10-22 15:11:36,632 [INFO] Rule:228 - rule FDCAN2_R3 - Alternatepin_1 - if PB7.Mode=FullDuplex, add Pin PB6 is applicable
2025-10-22 15:11:36,632 [INFO] Rule:228 - rule FDCAN2_R3 - Alternatepin_1 - if PD9.Mode=FullDuplex, add Pin PB12 is applicable
2025-10-22 15:11:36,632 [INFO] Rule:228 - rule FDCAN2_R4 - Rename Mode FullDuplex into Enable FDCAN_TXFD for pin PD10 is applicable
2025-10-22 15:11:36,632 [INFO] Rule:228 - rule FDCAN2_R4 - Rename Mode FullDuplex into Enable FDCAN_TXFD for pin PD9 is applicable
2025-10-22 15:11:36,632 [INFO] Rule:228 - rule FDCAN2_R4 - Alternatepin_1 - Rename Mode FullDuplex into Enable FDCAN_TXFD for pin PB7 is applicable
2025-10-22 15:11:36,632 [INFO] Rule:228 - rule FDCAN2_R4 - Alternatepin_1 - Rename Mode FullDuplex into Enable FDCAN_TXFD for pin PD6 is applicable
2025-10-22 15:11:36,632 [INFO] Rule:228 - rule USART TxPinLevelInvertParam Mode is applicable
2025-10-22 15:11:36,632 [INFO] Rule:228 - rule USART RxPinLevelInvertParam Mode is applicable
2025-10-22 15:11:36,632 [INFO] Rule:228 - rule USART DataInvertParam Mode is applicable
2025-10-22 15:11:36,632 [INFO] Rule:228 - rule USART SwapParam Mode is applicable
2025-10-22 15:11:36,632 [INFO] Rule:228 - rule USART OverrunDisableParam Mode is applicable
2025-10-22 15:11:36,632 [INFO] Rule:228 - rule USART DMADisableonRxErrorParam Mode is applicable
2025-10-22 15:11:36,632 [INFO] Rule:228 - rule USART MSBFirstParam Mode is applicable
2025-10-22 15:11:36,632 [INFO] Rule:228 - rule Update MwName for USB_DEVICE is applicable
2025-10-22 15:11:36,632 [INFO] Rule:228 - rule Change PWR_Regulator_Voltage_Scale Default Value for RCC  H7 family is applicable
2025-10-22 15:11:36,632 [INFO] Rule:228 - rule UART/USART IPParameter rename Prescaler parameter to ClockPrescaler is applicable
2025-10-22 15:11:36,633 [INFO] Rule:228 - rule UART/USART Prescaler rename Prescaler parameter to ClockPrescaler is applicable
2025-10-22 15:11:36,633 [INFO] Rule:228 - rule TIM1CLockSelection is applicable
2025-10-22 15:11:36,633 [INFO] Rule:228 - rule TIM15CLockSelection is applicable
2025-10-22 15:11:36,633 [INFO] Rule:228 - rule align RCC SDMMC3CLockSelection default value on MP1 is applicable
2025-10-22 15:11:36,633 [INFO] Rule:228 - rule align RCC SDMMC12CLockSelection default value on MP1 is applicable
2025-10-22 15:11:36,633 [INFO] Rule:228 - rule align RCC QSPICLockSelection default value on MP1 is applicable
2025-10-22 15:11:36,633 [INFO] Rule:228 - rule align RCC QSPICLockSelection default value on MP1 is applicable
2025-10-22 15:11:36,633 [INFO] Rule:228 - rule align RCC SPI6CLockSelection default value on MP1 is applicable
2025-10-22 15:11:36,633 [INFO] Rule:228 - rule align RCC LPTIM23CLockSelection default value on MP1 is applicable
2025-10-22 15:11:36,633 [INFO] Rule:228 - rule align RCC LPTIM1CLockSelection default value on MP1 is applicable
2025-10-22 15:11:36,633 [INFO] Rule:228 - rule align RCC USART1CLockSelection default value on MP1 is applicable
2025-10-22 15:11:36,633 [INFO] Rule:228 - rule align RCC USART24CLockSelection default value on MP1 is applicable
2025-10-22 15:11:36,633 [INFO] Rule:228 - rule align RCC USART6CLockSelection default value on MP1 is applicable
2025-10-22 15:11:36,633 [INFO] Rule:228 - rule align RCC UART78CLockSelection default value on MP1 is applicable
2025-10-22 15:11:36,633 [INFO] Rule:228 - rule align RCC USART35CLockSelection default value on MP1 is applicable
2025-10-22 15:11:36,633 [INFO] Rule:228 - rule align RCC SPI45CLockSelection default value on MP1 is applicable
2025-10-22 15:11:36,633 [INFO] Rule:228 - rule align RCC I2C46CLockSelection BCLK value on MP1 is applicable
2025-10-22 15:11:36,633 [INFO] Rule:228 - rule align RCC SPI45CLockSelection default value on MP1 is applicable
2025-10-22 15:11:36,633 [INFO] Rule:228 - rule align RCC I2C12CLockSelection default value on MP1 is applicable
2025-10-22 15:11:36,633 [INFO] Rule:228 - rule align RCC I2C35CLockSelection default value on MP1 is applicable
2025-10-22 15:11:36,633 [INFO] Rule:228 - rule align RCC LPTIM45CLockSelection default value on MP1 is applicable
2025-10-22 15:11:36,634 [INFO] Rule:228 - rule Rename DCMI PIXCK signal is applicable
2025-10-22 15:11:36,634 [INFO] Rule:228 - rule Change Default Value for I2C46CLockSelection MP1 family is applicable
2025-10-22 15:11:36,634 [INFO] Rule:228 - rule Change Default Value for UART for G4, G0 and WB families is applicable
2025-10-22 15:11:36,634 [INFO] Rule:228 - rule Change Default Value for USART for G4, G0 and WB families is applicable
2025-10-22 15:11:36,634 [INFO] Rule:228 - rule Change Default Value for USART for G4 family is applicable
2025-10-22 15:11:36,634 [INFO] Rule:228 - rule Change USART1CLockSelection refparam name for MP1 is applicable
2025-10-22 15:11:36,634 [INFO] Rule:228 - rule Change USART2CLockSelection refparam name for MP1 is applicable
2025-10-22 15:11:36,634 [INFO] Rule:228 - rule Change USART3CLockSelection refparam name for MP1 is applicable
2025-10-22 15:11:36,634 [INFO] Rule:228 - rule Change UART4CLockSelection refparam name for MP1 is applicable
2025-10-22 15:11:36,634 [INFO] Rule:228 - rule Change UART5CLockSelection refparam name for MP1 is applicable
2025-10-22 15:11:36,634 [INFO] Rule:228 - rule Change LPUART1CLockSelection refparam name for MP1 is applicable
2025-10-22 15:11:36,634 [INFO] Rule:228 - rule Change LPTIM1CLockSelection refparam name for MP1 is applicable
2025-10-22 15:11:36,634 [INFO] Rule:228 - rule Change LPTIM2CLockSelection refparam name for MP1 is applicable
2025-10-22 15:11:36,634 [INFO] Rule:228 - rule Change RCC_MCO1Source refparam name for MP1 is applicable
2025-10-22 15:11:36,634 [INFO] Rule:228 - rule Change LSCOSource1 refparam name for MP1 is applicable
2025-10-22 15:11:36,634 [INFO] Rule:228 - rule Change SMPSCLockSelection refparam name for MP1 is applicable
2025-10-22 15:11:36,634 [INFO] Rule:228 - rule Change LPTIM3CLockSelection refparam name for MP1 is applicable
2025-10-22 15:11:36,634 [INFO] Rule:228 - rule Change MPCBB* Default Template Mode to Parameters is applicable
2025-10-22 15:11:36,634 [INFO] Rule:228 - rule Change MPCWM* or MPCBB* Secure Mode to Parameters is applicable
2025-10-22 15:11:36,635 [INFO] Rule:228 - rule Change MPCWM* or MPCBB* No Secure Mode to Parameters is applicable
2025-10-22 15:11:36,635 [INFO] Rule:228 - rule Change TZSC IP Secure Mode to Parameters is applicable
2025-10-22 15:11:36,635 [INFO] Rule:228 - rule Change TZSC IP No Secure Mode to Parameters is applicable
2025-10-22 15:11:36,635 [INFO] Rule:228 - rule Change TZSC IP Privilege Mode to Parameters is applicable
2025-10-22 15:11:36,635 [INFO] Rule:228 - rule Change TZSC IP No Privilege Mode to Parameters is applicable
2025-10-22 15:11:36,635 [INFO] Rule:228 - rule Change TZIC IT Secure Mode to Parameters is applicable
2025-10-22 15:11:36,635 [INFO] Rule:228 - rule Change TZIC IT No Secure Mode to Parameters is applicable
2025-10-22 15:11:36,635 [INFO] Rule:228 - rule Add MPCBB1_NonSecureArea_Start_Address value with referenced to MPCBB1_NonSecureArea_Start value is applicable
2025-10-22 15:11:36,635 [INFO] Rule:228 - rule Add MPCBB2_NonSecureArea_Start_Address value with referenced to MPCBB2_NonSecureArea_Start value is applicable
2025-10-22 15:11:36,635 [INFO] Rule:228 - rule Add MPCWM1_NonSecureArea*_Start_Address value with referenced to MPCWM1_NonSecureArea*_Start value is applicable
2025-10-22 15:11:36,635 [INFO] Rule:228 - rule Add MPCWM2_NonSecureArea*_Start_Address value with referenced to MPCWM2_NonSecureArea*_Start value is applicable
2025-10-22 15:11:36,635 [INFO] Rule:228 - rule Add MPCWM3_NonSecureArea_Start_Address value with referenced to MPCWM3_NonSecureArea_Start value is applicable
2025-10-22 15:11:36,635 [INFO] Rule:228 - rule Change Default Value for PLL1UserDefinedConfig is applicable
2025-10-22 15:11:36,635 [INFO] Rule:228 - rule Change GPIO_PuPd Default Value for USART in async mode is applicable
2025-10-22 15:11:36,635 [INFO] Rule:228 - rule Change SMPSDivider Default Value is applicable
2025-10-22 15:11:36,635 [INFO] Rule:228 - rule OPAMP is applicable
2025-10-22 15:11:36,636 [INFO] Rule:228 - rule LPUART IPParameter rename Prescaler parameter to ClockPrescaler for STM32H7 is applicable
2025-10-22 15:11:36,636 [INFO] Rule:228 - rule LPUART IPParameter rename Prescaler parameter to ClockPrescaler for STM32H7 is applicable
2025-10-22 15:11:36,636 [INFO] Rule:228 - rule LPUART IPParameter rename Prescaler parameter to ClockPrescaler for STM32WB is applicable
2025-10-22 15:11:36,636 [INFO] Rule:228 - rule LPUART IPParameter rename Prescaler parameter to ClockPrescaler for STM32WB is applicable
2025-10-22 15:11:36,636 [INFO] Rule:228 - rule LPUART IPParameter rename Prescaler parameter to ClockPrescaler for STM32G4 is applicable
2025-10-22 15:11:36,636 [INFO] Rule:228 - rule LPUART IPParameter rename Prescaler parameter to ClockPrescaler for STM32G4 is applicable
2025-10-22 15:11:36,636 [INFO] Rule:228 - rule LPUART IPParameter rename Prescaler parameter to ClockPrescaler for STM32L5 is applicable
2025-10-22 15:11:36,636 [INFO] Rule:228 - rule LPUART IPParameter rename Prescaler parameter to ClockPrescaler for STM32L5 is applicable
2025-10-22 15:11:36,636 [INFO] Rule:228 - rule LPUART IPParameter rename Prescaler parameter to ClockPrescaler for STM32G4 is applicable
2025-10-22 15:11:36,636 [INFO] Rule:228 - rule LPUART IPParameter rename Prescaler parameter to ClockPrescaler for STM32G4 is applicable
2025-10-22 15:11:36,636 [INFO] Rule:228 - rule USB device lib V2.5.3 for L0 rename USBD_SUPPORT_USER_STRING parameter to USBD_SUPPORT_USER_STRING_DESC4 is applicable
2025-10-22 15:11:36,636 [INFO] Rule:228 - rule I2SCLockSelection clock entry align is applicable
2025-10-22 15:11:36,636 [INFO] Rule:228 - rule Assign TIMx context if used as SYS timebase is applicable
2025-10-22 15:11:36,636 [INFO] Rule:228 - rule Change GPIO_Pu Default Value for I2C is applicable
2025-10-22 15:11:36,636 [INFO] Rule:228 - rule Change GPIO_Pu Default Value for SMBus is applicable
2025-10-22 15:11:36,636 [INFO] Rule:228 - rule change FDCAN default value is applicable
2025-10-22 15:11:36,636 [INFO] Rule:228 - rule Change mode sai is applicable
2025-10-22 15:11:36,637 [INFO] Rule:228 - rule **Change sai mode is applicable
2025-10-22 15:11:36,654 [INFO] DbConfProperties:307 - Apply Compatibility (50/258 Rules)
2025-10-22 15:11:36,669 [INFO] ImportTextPane:194 - (OptionalMessage_ERROR) Unable to find key (Mcu.ThirdPartyNb) in loaded IOC file
2025-10-22 15:11:36,730 [INFO] RtosManager:555 - Registered RTOS mode: class=CMSIS, group=RTOS, mode=CMSIS_V1, owner=FREERTOS
2025-10-22 15:11:36,730 [INFO] RtosManager:555 - Registered RTOS mode: class=CMSIS, group=RTOS2, mode=CMSIS_V2, owner=FREERTOS
2025-10-22 15:11:36,730 [INFO] RtosManager:555 - Registered RTOS mode: class=RTOS, group=Core, mode=CMSIS_V1, owner=FREERTOS
2025-10-22 15:11:36,730 [INFO] RtosManager:555 - Registered RTOS mode: class=RTOS, group=Core, mode=CMSIS_V2, owner=FREERTOS
2025-10-22 15:11:36,730 [WARN] ModelIntegratedComponent:184 - Missing modes for component STMicroelectronics:FreeRTOS:0.0.1:STMicroelectronics:RTOS:FreeRTOS:Core:::10.2.0:
2025-10-22 15:11:36,738 [WARN] ModelIntegratedComponent:63 - No mode defined for component null
2025-10-22 15:11:36,738 [WARN] ModelIntegratedComponent:63 - No mode defined for component null
2025-10-22 15:11:36,738 [WARN] ModelIntegratedComponent:63 - No mode defined for component null
2025-10-22 15:11:36,738 [WARN] ModelIntegratedComponent:63 - No mode defined for component null
2025-10-22 15:11:36,738 [WARN] ModelIntegratedComponent:63 - No mode defined for component null
2025-10-22 15:11:36,738 [WARN] ModelIntegratedComponent:63 - No mode defined for component null
2025-10-22 15:11:36,738 [WARN] ModelIntegratedComponent:63 - No mode defined for component null
2025-10-22 15:11:36,738 [WARN] ModelIntegratedComponent:63 - No mode defined for component null
2025-10-22 15:11:36,738 [WARN] ModelIntegratedComponent:63 - No mode defined for component null
2025-10-22 15:11:36,738 [WARN] ModelIntegratedComponent:63 - No mode defined for component null
2025-10-22 15:11:36,738 [WARN] ModelIntegratedComponent:63 - No mode defined for component null
2025-10-22 15:11:36,738 [WARN] ModelIntegratedComponent:63 - No mode defined for component null
2025-10-22 15:11:36,738 [WARN] ModelIntegratedComponent:63 - No mode defined for component null
2025-10-22 15:11:36,738 [WARN] ModelIntegratedComponent:63 - No mode defined for component null
2025-10-22 15:11:36,738 [WARN] ModelIntegratedComponent:63 - No mode defined for component null
2025-10-22 15:11:36,738 [WARN] ModelIntegratedComponent:63 - No mode defined for component null
2025-10-22 15:11:36,738 [WARN] ModelIntegratedComponent:63 - No mode defined for component null
2025-10-22 15:11:36,738 [WARN] ModelIntegratedComponent:63 - No mode defined for component null
2025-10-22 15:11:36,738 [WARN] ModelIntegratedComponent:63 - No mode defined for component null
2025-10-22 15:11:36,738 [WARN] ModelIntegratedComponent:63 - No mode defined for component null
2025-10-22 15:11:36,738 [WARN] ModelIntegratedComponent:63 - No mode defined for component null
2025-10-22 15:11:36,738 [WARN] ModelIntegratedComponent:63 - No mode defined for component null
2025-10-22 15:11:36,738 [WARN] ModelIntegratedComponent:63 - No mode defined for component null
2025-10-22 15:11:36,738 [WARN] ModelIntegratedComponent:63 - No mode defined for component null
2025-10-22 15:11:36,738 [WARN] ModelIntegratedComponent:63 - No mode defined for component null
2025-10-22 15:11:36,738 [WARN] ModelIntegratedComponent:63 - No mode defined for component null
2025-10-22 15:11:36,738 [WARN] ModelIntegratedComponent:63 - No mode defined for component null
2025-10-22 15:11:36,738 [WARN] ModelIntegratedComponent:63 - No mode defined for component null
2025-10-22 15:11:36,738 [WARN] ModelIntegratedComponent:63 - No mode defined for component null
2025-10-22 15:11:36,738 [WARN] ModelIntegratedComponent:63 - No mode defined for component null
2025-10-22 15:11:36,738 [WARN] ModelIntegratedComponent:63 - No mode defined for component null
2025-10-22 15:11:36,738 [WARN] ModelIntegratedComponent:63 - No mode defined for component null
2025-10-22 15:11:36,738 [WARN] ModelIntegratedComponent:63 - No mode defined for component null
2025-10-22 15:11:36,842 [INFO] ThirdPartyModel:298 - Start build external matchings
2025-10-22 15:11:37,080 [INFO] ThirdPartyModel:316 - End build external matchings
2025-10-22 15:11:37,090 [INFO] ImportTextPane:194 - (OptionalMessage_ERROR) IP (RCC) : Parameter (RTCHSEDivFreq_Value) has invalid value (4000000)
2025-10-22 15:11:37,472 [INFO] UtilMem:75 - End LoadConfig() Used Memory: 244633048 Bytes (489684992)
2025-10-22 15:11:37,566 [WARN] ThirdParty:833 - waiting for thirdparty lock release [change project]
2025-10-22 15:11:37,566 [INFO] ThirdParty:835 - entering critical section [change project]
2025-10-22 15:11:37,567 [INFO] ThirdParty:1030 - CMSIS Pack Vendor :STMicroelectronics X-CUBE-PM33A1 1.0.0
2025-10-22 15:11:37,567 [INFO] ThirdParty:1030 - CMSIS Pack Vendor :STMicroelectronics X-CUBE-NFC9 1.0.0
2025-10-22 15:11:37,567 [INFO] ThirdParty:1030 - CMSIS Pack Vendor :STMicroelectronics USB_HOST 2.0.0
2025-10-22 15:11:37,567 [INFO] ThirdParty:1030 - CMSIS Pack Vendor :STMicroelectronics FP-SNS-MOTENVWB1 1.4.0
2025-10-22 15:11:37,567 [INFO] ThirdParty:1030 - CMSIS Pack Vendor :STMicroelectronics X-CUBE-AZRTOS-F4 1.1.0
2025-10-22 15:11:37,567 [INFO] ThirdParty:1030 - CMSIS Pack Vendor :STMicroelectronics LIBJPEG 8.0.0
2025-10-22 15:11:37,567 [INFO] ThirdParty:1030 - CMSIS Pack Vendor :STMicroelectronics FP-ATR-ASTRA1 2.0.2
2025-10-22 15:11:37,567 [INFO] ThirdParty:1030 - CMSIS Pack Vendor :wolfSSL I-CUBE-wolfSSL 5.8.2
2025-10-22 15:11:37,567 [INFO] ThirdParty:1030 - CMSIS Pack Vendor :STMicroelectronics X-CUBE-BLE1 7.1.0
2025-10-22 15:11:37,567 [INFO] ThirdParty:1030 - CMSIS Pack Vendor :STMicroelectronics X-CUBE-SMBUS 2.1.0
2025-10-22 15:11:37,567 [INFO] ThirdParty:1030 - CMSIS Pack Vendor :wolfSSL I-CUBE-wolfMQTT 1.19.2
2025-10-22 15:11:37,567 [INFO] ThirdParty:1030 - CMSIS Pack Vendor :STMicroelectronics USB_DEVICE 3.0.0
2025-10-22 15:11:37,567 [INFO] ThirdParty:1030 - CMSIS Pack Vendor :STMicroelectronics X-CUBE-ISPU 2.1.0
2025-10-22 15:11:37,567 [INFO] ThirdParty:1030 - CMSIS Pack Vendor :STMicroelectronics X-CUBE-EEPRMA1 5.2.0
2025-10-22 15:11:37,567 [INFO] ThirdParty:1030 - CMSIS Pack Vendor :STMicroelectronics X-CUBE-AZRTOS-WB 2.0.0
2025-10-22 15:11:37,567 [INFO] ThirdParty:1030 - CMSIS Pack Vendor :STMicroelectronics X-CUBE-GNSS1 7.0.1
2025-10-22 15:11:37,567 [INFO] ThirdParty:1030 - CMSIS Pack Vendor :STMicroelectronics X-CUBE-NFC12 1.0.0
2025-10-22 15:11:37,567 [INFO] ThirdParty:1030 - CMSIS Pack Vendor :STMicroelectronics X-CUBE-AZRTOS-F7 1.1.0
2025-10-22 15:11:37,567 [INFO] ThirdParty:1030 - CMSIS Pack Vendor :STMicroelectronics X-CUBE-AZRTOS-L5 2.0.0
2025-10-22 15:11:37,567 [INFO] ThirdParty:1030 - CMSIS Pack Vendor :STMicroelectronics USB_DEVICE 2.0.0
2025-10-22 15:11:37,568 [INFO] ThirdParty:1030 - CMSIS Pack Vendor :STMicroelectronics X-CUBE-NFC6 3.1.0
2025-10-22 15:11:37,568 [INFO] ThirdParty:1030 - CMSIS Pack Vendor :STMicroelectronics FreeRTOS 0.0.1
2025-10-22 15:11:37,568 [INFO] ThirdParty:1030 - CMSIS Pack Vendor :STMicroelectronics X-CUBE-AZRTOS-G0 1.1.0
2025-10-22 15:11:37,568 [INFO] ThirdParty:1030 - CMSIS Pack Vendor :STMicroelectronics X-CUBE-SAFEA1 1.2.2
2025-10-22 15:11:37,568 [INFO] ThirdParty:1030 - CMSIS Pack Vendor :STMicroelectronics X-CUBE-NFC4 3.0.0
2025-10-22 15:11:37,568 [INFO] ThirdParty:1030 - CMSIS Pack Vendor :STMicroelectronics X-CUBE-SUBG2 5.0.0
2025-10-22 15:11:37,568 [INFO] ThirdParty:1030 - CMSIS Pack Vendor :STMicroelectronics X-CUBE-AZRTOS-H7RS 1.1.0
2025-10-22 15:11:37,568 [INFO] ThirdParty:1030 - CMSIS Pack Vendor :STMicroelectronics STM32_WPAN 1.0.0
2025-10-22 15:11:37,568 [INFO] ThirdParty:1030 - CMSIS Pack Vendor :STMicroelectronics lwIP 2.0.3
2025-10-22 15:11:37,568 [INFO] ThirdParty:1030 - CMSIS Pack Vendor :STMicroelectronics USB_HOST 1.0.0
2025-10-22 15:11:37,568 [INFO] ThirdParty:1030 - CMSIS Pack Vendor :STMicroelectronics X-CUBE-AZRTOS-G4 2.0.0
2025-10-22 15:11:37,568 [INFO] ThirdParty:1030 - CMSIS Pack Vendor :STMicroelectronics X-CUBE-WB05N 2.0.0
2025-10-22 15:11:37,568 [INFO] ThirdParty:1030 - CMSIS Pack Vendor :STMicroelectronics PDM2PCM 3.1.0
2025-10-22 15:11:37,568 [INFO] ThirdParty:1030 - CMSIS Pack Vendor :STMicroelectronics PDM2PCM 3.3.0
2025-10-22 15:11:37,568 [INFO] ThirdParty:1030 - CMSIS Pack Vendor :wolfSSL I-CUBE-wolfTPM 3.8.0
2025-10-22 15:11:37,568 [INFO] ThirdParty:1030 - CMSIS Pack Vendor :STMicroelectronics X-CUBE-AZRTOS-H7 3.4.0
2025-10-22 15:11:37,568 [INFO] ThirdParty:1030 - CMSIS Pack Vendor :STMicroelectronics X-CUBE-DISPLAY 3.0.0
2025-10-22 15:11:37,568 [INFO] ThirdParty:1030 - CMSIS Pack Vendor :wolfSSL I-CUBE-wolfSSH 1.4.20
2025-10-22 15:11:37,568 [INFO] ThirdParty:1030 - CMSIS Pack Vendor :STMicroelectronics X-CUBE-NFC7 2.0.0
2025-10-22 15:11:37,568 [INFO] ThirdParty:1030 - CMSIS Pack Vendor :STMicroelectronics FP-ATR-SIGFOX1 3.2.0
2025-10-22 15:11:37,568 [INFO] ThirdParty:1030 - CMSIS Pack Vendor :STMicroelectronics X-CUBE-NFC10 1.0.0
2025-10-22 15:11:37,568 [INFO] ThirdParty:1030 - CMSIS Pack Vendor :STMicroelectronics X-CUBE-FREERTOS 1.3.1
2025-10-22 15:11:37,568 [INFO] ThirdParty:1030 - CMSIS Pack Vendor :STMicroelectronics HAL Drivers 0.0.0
2025-10-22 15:11:37,569 [INFO] ThirdParty:1030 - CMSIS Pack Vendor :STMicroelectronics MBEDTLS 2.16.2
2025-10-22 15:11:37,569 [INFO] ThirdParty:1030 - CMSIS Pack Vendor :STMicroelectronics X-CUBE-ALS 1.0.2
2025-10-22 15:11:37,569 [INFO] ThirdParty:1030 - CMSIS Pack Vendor :emotas I-CUBE-CANOPEN 1.3.0
2025-10-22 15:11:37,569 [INFO] ThirdParty:1030 - CMSIS Pack Vendor :STMicroelectronics MBEDTLS 2.14.1
2025-10-22 15:11:37,569 [INFO] ThirdParty:1030 - CMSIS Pack Vendor :ITTIA_DB I-CUBE-ITTIADB 8.9.0
2025-10-22 15:11:37,569 [INFO] ThirdParty:1030 - CMSIS Pack Vendor :STMicroelectronics X-CUBE-TOUCHGFX 4.26.0
2025-10-22 15:11:37,569 [INFO] ThirdParty:1030 - CMSIS Pack Vendor :STMicroelectronics X-CUBE-STSE01 1.0.0
2025-10-22 15:11:37,569 [INFO] ThirdParty:1030 - CMSIS Pack Vendor :STMicroelectronics X-CUBE-AI 10.2.0
2025-10-22 15:11:37,569 [INFO] ThirdParty:1030 - CMSIS Pack Vendor :STMicroelectronics ThreadX 1.0.0
2025-10-22 15:11:37,569 [INFO] ThirdParty:1030 - CMSIS Pack Vendor :STMicroelectronics FP-SNS-SMARTAG2 1.2.0
2025-10-22 15:11:37,569 [INFO] ThirdParty:1030 - CMSIS Pack Vendor :STMicroelectronics X-CUBE-AZRTOS-WL 2.0.0
2025-10-22 15:11:37,569 [INFO] ThirdParty:1030 - CMSIS Pack Vendor :SEGGER I-CUBE-embOS 1.3.1
2025-10-22 15:11:37,569 [INFO] ThirdParty:1030 - CMSIS Pack Vendor :STMicroelectronics X-CUBE-ALGOBUILD 1.4.0
2025-10-22 15:11:37,569 [INFO] ThirdParty:1030 - CMSIS Pack Vendor :STMicroelectronics X-CUBE-MEMS1 11.3.0
2025-10-22 15:11:37,569 [INFO] ThirdParty:1030 - CMSIS Pack Vendor :STMicroelectronics FP-SNS-MOTENV1 5.0.0
2025-10-22 15:11:37,569 [INFO] ThirdParty:1030 - CMSIS Pack Vendor :STMicroelectronics USB_DEVICE 1.0.0
2025-10-22 15:11:37,569 [INFO] ThirdParty:1030 - CMSIS Pack Vendor :STMicroelectronics X-CUBE-AZRTOS-L4 2.0.0
2025-10-22 15:11:37,569 [INFO] ThirdParty:1030 - CMSIS Pack Vendor :STMicroelectronics ThreadX 0.0.2
2025-10-22 15:11:37,569 [INFO] ThirdParty:1030 - CMSIS Pack Vendor :STMicroelectronics lwIP 2.1.2
2025-10-22 15:11:37,569 [INFO] ThirdParty:1030 - CMSIS Pack Vendor :STMicroelectronics X-CUBE-SFXS2LP1 4.0.0
2025-10-22 15:11:37,569 [INFO] ThirdParty:1030 - CMSIS Pack Vendor :STMicroelectronics X-CUBE-BLE2 3.3.0
2025-10-22 15:11:37,569 [INFO] ThirdParty:1030 - CMSIS Pack Vendor :STMicroelectronics PDM2PCM 3.2.0
2025-10-22 15:11:37,569 [INFO] ThirdParty:841 - exiting critical section [change project]
2025-10-22 15:11:37,856 [INFO] PinOutPanel:1499 - setPackage(No Configuration,No Configuration)
2025-10-22 15:11:37,857 [INFO] PinOutPanel:1499 - setPackage(STM32F407VGTx,LQFP100)
2025-10-22 15:11:38,462 [INFO] UtilMem:75 - Before build in PCC Used Memory: 328861728 Bytes (489684992)
2025-10-22 15:11:38,935 [INFO] UtilMem:75 - After build in PCC Used Memory: 321764432 Bytes (489684992)
2025-10-22 15:11:38,982 [INFO] ApiDbMcu:507 - Load IP Config File for USB_HOST
2025-10-22 15:11:38,983 [WARN] BspModel:443 - BSP dependency skipped because of component: name='IOExpander', api='Unknown'
2025-10-22 15:11:39,013 [INFO] IPUIPlugin:80 - create IPUIPlugin
2025-10-22 15:11:39,013 [INFO] IPUIPlugin:80 - create IPUIPlugin
2025-10-22 15:11:39,013 [INFO] IPUIPlugin:80 - create IPUIPlugin
2025-10-22 15:11:39,013 [INFO] IPUIPlugin:80 - create IPUIPlugin
2025-10-22 15:11:39,014 [INFO] IPUIPlugin:80 - create IPUIPlugin
2025-10-22 15:11:39,014 [INFO] IPUIPlugin:80 - create IPUIPlugin
2025-10-22 15:11:39,014 [INFO] IPUIPlugin:80 - create IPUIPlugin
2025-10-22 15:11:39,014 [INFO] IPUIPlugin:80 - create IPUIPlugin
2025-10-22 15:11:39,014 [INFO] IPUIPlugin:80 - create IPUIPlugin
2025-10-22 15:11:39,014 [INFO] IPUIPlugin:80 - create IPUIPlugin
2025-10-22 15:11:39,015 [INFO] IPUIPlugin:80 - create IPUIPlugin
2025-10-22 15:11:39,015 [INFO] IPUIPlugin:80 - create IPUIPlugin
2025-10-22 15:11:39,015 [INFO] IPUIPlugin:80 - create IPUIPlugin
2025-10-22 15:11:39,015 [INFO] IPUIPlugin:80 - create IPUIPlugin
2025-10-22 15:11:39,015 [INFO] IPUIPlugin:80 - create IPUIPlugin
2025-10-22 15:11:39,015 [INFO] IPUIPlugin:80 - create IPUIPlugin
2025-10-22 15:11:39,015 [INFO] IPUIPlugin:80 - create IPUIPlugin
2025-10-22 15:11:39,015 [INFO] IPUIPlugin:80 - create IPUIPlugin
2025-10-22 15:11:39,015 [INFO] IPUIPlugin:80 - create IPUIPlugin
2025-10-22 15:11:39,015 [INFO] IPUIPlugin:80 - create IPUIPlugin
2025-10-22 15:11:39,016 [INFO] IPUIPlugin:80 - create IPUIPlugin
2025-10-22 15:11:39,016 [INFO] IPUIPlugin:80 - create IPUIPlugin
2025-10-22 15:11:39,016 [INFO] IPUIPlugin:80 - create IPUIPlugin
2025-10-22 15:11:39,016 [INFO] IPUIPlugin:80 - create IPUIPlugin
2025-10-22 15:11:39,016 [INFO] IPUIPlugin:80 - create IPUIPlugin
2025-10-22 15:11:39,016 [INFO] IPUIPlugin:80 - create IPUIPlugin
2025-10-22 15:11:39,016 [INFO] IPUIPlugin:80 - create IPUIPlugin
2025-10-22 15:11:39,017 [INFO] IPUIPlugin:80 - create IPUIPlugin
2025-10-22 15:11:39,017 [INFO] IPUIPlugin:80 - create IPUIPlugin
2025-10-22 15:11:39,017 [INFO] IPUIPlugin:80 - create IPUIPlugin
2025-10-22 15:11:39,017 [INFO] IPUIPlugin:80 - create IPUIPlugin
2025-10-22 15:11:39,017 [INFO] IPUIPlugin:80 - create IPUIPlugin
2025-10-22 15:11:39,017 [INFO] IPUIPlugin:80 - create IPUIPlugin
2025-10-22 15:11:39,018 [INFO] IPUIPlugin:80 - create IPUIPlugin
2025-10-22 15:11:39,018 [INFO] IPUIPlugin:80 - create IPUIPlugin
2025-10-22 15:11:39,018 [INFO] IPUIPlugin:80 - create IPUIPlugin
2025-10-22 15:11:39,018 [INFO] IPUIPlugin:80 - create IPUIPlugin
2025-10-22 15:11:39,018 [INFO] IPUIPlugin:80 - create IPUIPlugin
2025-10-22 15:11:39,019 [INFO] IPUIPlugin:80 - create IPUIPlugin
2025-10-22 15:11:39,019 [INFO] IPUIPlugin:80 - create IPUIPlugin
2025-10-22 15:11:39,019 [INFO] IPUIPlugin:80 - create IPUIPlugin
2025-10-22 15:11:39,019 [INFO] IPUIPlugin:80 - create IPUIPlugin
2025-10-22 15:11:39,019 [INFO] IPUIPlugin:80 - create IPUIPlugin
2025-10-22 15:11:39,019 [INFO] IPUIPlugin:80 - create IPUIPlugin
2025-10-22 15:11:39,020 [INFO] IPUIPlugin:80 - create IPUIPlugin
2025-10-22 15:11:39,020 [INFO] IPUIPlugin:80 - create IPUIPlugin
2025-10-22 15:11:39,020 [INFO] IPUIPlugin:80 - create IPUIPlugin
2025-10-22 15:11:39,020 [INFO] IPUIPlugin:80 - create IPUIPlugin
2025-10-22 15:11:39,021 [INFO] IPUIPlugin:80 - create IPUIPlugin
2025-10-22 15:11:39,021 [INFO] IPUIPlugin:80 - create IPUIPlugin
2025-10-22 15:11:39,021 [INFO] IPUIPlugin:80 - create IPUIPlugin
2025-10-22 15:11:39,021 [INFO] IPUIPlugin:80 - create IPUIPlugin
2025-10-22 15:11:39,022 [INFO] IPUIPlugin:80 - create IPUIPlugin
2025-10-22 15:11:39,022 [INFO] IPUIPlugin:80 - create IPUIPlugin
2025-10-22 15:11:39,023 [INFO] IPUIPlugin:80 - create IPUIPlugin
2025-10-22 15:11:39,023 [INFO] IPUIPlugin:80 - create IPUIPlugin
2025-10-22 15:11:39,023 [INFO] IPUIPlugin:80 - create IPUIPlugin
2025-10-22 15:11:39,023 [INFO] IPUIPlugin:80 - create IPUIPlugin
2025-10-22 15:11:39,029 [INFO] ApiDbMcu:507 - Load IP Config File for PDM2PCM
2025-10-22 15:11:39,037 [WARN] IP:2113 - I2C_Coeff_DF not found: check if there is a RefParameter without a condition.
2025-10-22 15:11:39,037 [WARN] IP:2113 - Analog_Filter not found: check if there is a RefParameter without a condition.
2025-10-22 15:11:39,047 [INFO] I2sManager:658 - 9.6E7
2025-10-22 15:11:39,048 [INFO] I2sManager:195 - I2S Clock Value : 9.6E7
2025-10-22 15:11:39,050 [INFO] I2sManager:553 - AudioClock : 93750Divider : 2Odd : 0
2025-10-22 15:11:39,250 [INFO] CADModel:165 - CPN selected for project levelSTM32F407VGT6
2025-10-22 15:11:39,250 [INFO] CADModel:114 - Register for checkConnection events
2025-10-22 15:11:39,288 [INFO] OpenFileManager:328 - Restore cursor
2025-10-22 15:11:39,446 [WARN] IP:2113 - I2C_Coeff_DF not found: check if there is a RefParameter without a condition.
2025-10-22 15:11:39,446 [WARN] IP:2113 - Analog_Filter not found: check if there is a RefParameter without a condition.
2025-10-22 15:11:39,446 [WARN] IP:2113 - I2C_Coeff_DF not found: check if there is a RefParameter without a condition.
2025-10-22 15:11:39,446 [WARN] IP:2113 - Analog_Filter not found: check if there is a RefParameter without a condition.
2025-10-22 15:11:39,678 [INFO] UtilMem:75 - End SaveConfig() Used Memory: 347527624 Bytes (489684992)
2025-10-22 15:11:39,753 [INFO] UtilMem:75 - End SaveConfig() Used Memory: 370745752 Bytes (489684992)
2025-10-22 15:11:40,137 [INFO] BlockDiagram:2759 - set Specific Code input for plugin: SPI
2025-10-22 15:11:40,137 [INFO] BlockDiagram:2759 - set Specific Code input for plugin: I2S
2025-10-22 15:11:40,137 [INFO] BlockDiagram:2759 - set Specific Code input for plugin: SYS
2025-10-22 15:11:40,137 [INFO] BlockDiagram:2759 - set Specific Code input for plugin: RCC
2025-10-22 15:11:40,137 [INFO] BlockDiagram:2759 - set Specific Code input for plugin: I2C
2025-10-22 15:11:40,137 [INFO] BlockDiagram:2759 - set Specific Code input for plugin: USB_OTG_FS
2025-10-22 15:11:40,137 [INFO] BlockDiagram:2759 - set Specific Code input for plugin: NVIC
2025-10-22 15:11:40,137 [INFO] BlockDiagram:2759 - set Specific Code input for plugin: USB_HOST
2025-10-22 15:11:40,138 [INFO] BlockDiagram:2759 - set Specific Code input for plugin: GPIO
2025-10-22 15:11:40,138 [INFO] CodeGenerator:793 - code generatio: config db path: /app/stm32cubeide/plugins/com.st.stm32cube.common.mx_6.8.0.202302231600//db/
2025-10-22 15:11:40,144 [WARN] IP:2113 - I2C_Coeff_DF not found: check if there is a RefParameter without a condition.
2025-10-22 15:11:40,144 [WARN] IP:2113 - Analog_Filter not found: check if there is a RefParameter without a condition.
2025-10-22 15:11:40,362 [INFO] CodeEngine:255 - oldGeneratedFile, /home/abanchio/Documents/Famaf/5to/microcontroladores/2_proximity_sensor/MXTmpFiles/license.tmp_save
2025-10-22 15:11:40,601 [INFO] CodeEngine:279 - Generated code: /home/abanchio/Documents/Famaf/5to/microcontroladores/2_proximity_sensor/MXTmpFiles/license.tmp
2025-10-22 15:11:40,670 [INFO] CodeEngine:255 - oldGeneratedFile, /home/abanchio/Documents/Famaf/5to/microcontroladores/2_proximity_sensor/MXTmpFiles/gpio.tmp_save
2025-10-22 15:11:40,817 [INFO] CodeEngine:279 - Generated code: /home/abanchio/Documents/Famaf/5to/microcontroladores/2_proximity_sensor/MXTmpFiles/gpio.tmp
2025-10-22 15:11:40,910 [WARN] IPConfigManager:2937 - Warning: the RefConfig PWREx_EnableUSBVoltageDetector is not available in your config.xml file
2025-10-22 15:11:40,914 [INFO] CodeEngine:255 - oldGeneratedFile, /home/abanchio/Documents/Famaf/5to/microcontroladores/2_proximity_sensor/MXTmpFiles/usb_otg_fs_vars.tmp_save
2025-10-22 15:11:40,983 [INFO] CodeEngine:279 - Generated code: /home/abanchio/Documents/Famaf/5to/microcontroladores/2_proximity_sensor/MXTmpFiles/usb_otg_fs_vars.tmp
2025-10-22 15:11:40,984 [INFO] CodeEngine:255 - oldGeneratedFile, /home/abanchio/Documents/Famaf/5to/microcontroladores/2_proximity_sensor/MXTmpFiles/usb_otg_fs_inc.tmp_save
2025-10-22 15:11:41,051 [INFO] CodeEngine:279 - Generated code: /home/abanchio/Documents/Famaf/5to/microcontroladores/2_proximity_sensor/MXTmpFiles/usb_otg_fs_inc.tmp
2025-10-22 15:11:41,054 [INFO] CodeEngine:255 - oldGeneratedFile, /home/abanchio/Documents/Famaf/5to/microcontroladores/2_proximity_sensor/MXTmpFiles/usb_otg_fs_HalInit.tmp_save
2025-10-22 15:11:41,112 [INFO] CodeEngine:279 - Generated code: /home/abanchio/Documents/Famaf/5to/microcontroladores/2_proximity_sensor/MXTmpFiles/usb_otg_fs_HalInit.tmp
2025-10-22 15:11:41,113 [INFO] CodeEngine:255 - oldGeneratedFile, /home/abanchio/Documents/Famaf/5to/microcontroladores/2_proximity_sensor/MXTmpFiles/usb_otg_fs_Msp.tmp_save
2025-10-22 15:11:41,191 [INFO] CodeEngine:279 - Generated code: /home/abanchio/Documents/Famaf/5to/microcontroladores/2_proximity_sensor/MXTmpFiles/usb_otg_fs_Msp.tmp
2025-10-22 15:11:41,397 [INFO] CodeEngine:255 - oldGeneratedFile, /home/abanchio/Documents/Famaf/5to/microcontroladores/2_proximity_sensor/USB_HOST/App/usb_host.c_save
2025-10-22 15:11:41,498 [INFO] CodeEngine:279 - Generated code: /home/abanchio/Documents/Famaf/5to/microcontroladores/2_proximity_sensor/USB_HOST/App/usb_host.c
2025-10-22 15:11:41,500 [INFO] CodeEngine:255 - oldGeneratedFile, /home/abanchio/Documents/Famaf/5to/microcontroladores/2_proximity_sensor/USB_HOST/App/usb_host.h_save
2025-10-22 15:11:41,558 [INFO] CodeEngine:279 - Generated code: /home/abanchio/Documents/Famaf/5to/microcontroladores/2_proximity_sensor/USB_HOST/App/usb_host.h
2025-10-22 15:11:41,559 [INFO] CodeEngine:255 - oldGeneratedFile, /home/abanchio/Documents/Famaf/5to/microcontroladores/2_proximity_sensor/USB_HOST/Target/usbh_conf.h_save
2025-10-22 15:11:41,617 [INFO] CodeEngine:279 - Generated code: /home/abanchio/Documents/Famaf/5to/microcontroladores/2_proximity_sensor/USB_HOST/Target/usbh_conf.h
2025-10-22 15:11:41,619 [INFO] CodeEngine:255 - oldGeneratedFile, /home/abanchio/Documents/Famaf/5to/microcontroladores/2_proximity_sensor/USB_HOST/Target/usbh_conf.c_save
2025-10-22 15:11:41,667 [INFO] CodeEngine:279 - Generated code: /home/abanchio/Documents/Famaf/5to/microcontroladores/2_proximity_sensor/USB_HOST/Target/usbh_conf.c
2025-10-22 15:11:41,669 [INFO] CodeEngine:255 - oldGeneratedFile, /home/abanchio/Documents/Famaf/5to/microcontroladores/2_proximity_sensor/USB_HOST/Target/usbh_platform.c_save
2025-10-22 15:11:41,726 [INFO] CodeEngine:279 - Generated code: /home/abanchio/Documents/Famaf/5to/microcontroladores/2_proximity_sensor/USB_HOST/Target/usbh_platform.c
2025-10-22 15:11:41,727 [INFO] CodeEngine:255 - oldGeneratedFile, /home/abanchio/Documents/Famaf/5to/microcontroladores/2_proximity_sensor/USB_HOST/Target/usbh_platform.h_save
2025-10-22 15:11:41,776 [INFO] CodeEngine:279 - Generated code: /home/abanchio/Documents/Famaf/5to/microcontroladores/2_proximity_sensor/USB_HOST/Target/usbh_platform.h
2025-10-22 15:11:41,781 [INFO] CodeEngine:255 - oldGeneratedFile, /home/abanchio/Documents/Famaf/5to/microcontroladores/2_proximity_sensor/Core/Src/stm32f4xx_it.c_save
2025-10-22 15:11:41,833 [INFO] CodeEngine:279 - Generated code: /home/abanchio/Documents/Famaf/5to/microcontroladores/2_proximity_sensor/Core/Src/stm32f4xx_it.c
2025-10-22 15:11:41,834 [INFO] CodeEngine:255 - oldGeneratedFile, /home/abanchio/Documents/Famaf/5to/microcontroladores/2_proximity_sensor/Core/Inc/stm32f4xx_it.h_save
2025-10-22 15:11:41,876 [INFO] CodeEngine:279 - Generated code: /home/abanchio/Documents/Famaf/5to/microcontroladores/2_proximity_sensor/Core/Inc/stm32f4xx_it.h
2025-10-22 15:11:41,883 [INFO] CodeEngine:255 - oldGeneratedFile, /home/abanchio/Documents/Famaf/5to/microcontroladores/2_proximity_sensor/Core/Src/stm32f4xx_hal_msp.c_save
2025-10-22 15:11:41,990 [INFO] CodeEngine:279 - Generated code: /home/abanchio/Documents/Famaf/5to/microcontroladores/2_proximity_sensor/Core/Src/stm32f4xx_hal_msp.c
2025-10-22 15:11:41,991 [INFO] CodeEngine:255 - oldGeneratedFile, /home/abanchio/Documents/Famaf/5to/microcontroladores/2_proximity_sensor/MXTmpFiles/system.tmp_save
2025-10-22 15:11:42,039 [INFO] CodeEngine:279 - Generated code: /home/abanchio/Documents/Famaf/5to/microcontroladores/2_proximity_sensor/MXTmpFiles/system.tmp
2025-10-22 15:11:42,041 [INFO] CodeEngine:311 - oldGeneratedFile, /home/abanchio/Documents/Famaf/5to/microcontroladores/2_proximity_sensor/Core/Inc/stm32f4xx_hal_conf.h_save
2025-10-22 15:11:42,121 [INFO] CodeEngine:335 - Generated code: /home/abanchio/Documents/Famaf/5to/microcontroladores/2_proximity_sensor/Core/Inc/stm32f4xx_hal_conf.h
2025-10-22 15:11:42,157 [INFO] CodeEngine:255 - oldGeneratedFile, /home/abanchio/Documents/Famaf/5to/microcontroladores/2_proximity_sensor/Core/Inc/main.h_save
2025-10-22 15:11:42,232 [INFO] CodeEngine:279 - Generated code: /home/abanchio/Documents/Famaf/5to/microcontroladores/2_proximity_sensor/Core/Inc/main.h
2025-10-22 15:11:42,234 [INFO] CodeEngine:255 - oldGeneratedFile, /home/abanchio/Documents/Famaf/5to/microcontroladores/2_proximity_sensor/Core/Src/main.c_save
2025-10-22 15:11:42,322 [INFO] CodeEngine:279 - Generated code: /home/abanchio/Documents/Famaf/5to/microcontroladores/2_proximity_sensor/Core/Src/main.c
2025-10-22 15:11:42,861 [INFO] ProjectBuilder:2996 - Time for Copy HAL[2] : 0mS.
2025-10-22 15:11:42,903 [INFO] ProjectBuilder:4304 - Project Generator version: 3.19.2
2025-10-22 15:11:43,139 [INFO] ConfigFileManager:1483 - The Die is : DIE413
2025-10-22 15:11:43,142 [INFO] ApiDbMcu:507 - Load IP Config File for FATFS
2025-10-22 15:11:43,146 [INFO] ApiDbMcu:507 - Load IP Config File for FREERTOS
2025-10-22 15:11:43,148 [INFO] ApiDbMcu:507 - Load IP Config File for LIBJPEG
2025-10-22 15:11:43,152 [INFO] ApiDbMcu:507 - Load IP Config File for LWIP
2025-10-22 15:11:43,173 [INFO] ApiDbMcu:507 - Load IP Config File for MBEDTLS
2025-10-22 15:11:43,180 [INFO] ApiDbMcu:507 - Load IP Config File for USB_DEVICE
2025-10-22 15:11:43,832 [INFO] LogOutputStream:77 - [STDOUT_REDIRECT] 
2025-10-22 15:11:45,450 [INFO] ProjectBuilder:4505 - Time for Generating toolchain IDE Files: 2547mS.
2025-10-22 15:11:45,450 [INFO] ProjectBuilder:2867 - Time for Copy CMSIS : 0mS.
2025-10-22 15:11:45,451 [INFO] ProjectBuilder:2867 - Time for Copy CMSIS : 0mS.
2025-10-22 15:11:45,950 [INFO] McuFinderGlobals:66 - Set McuFinderConnectedMode to true
2025-10-22 15:11:45,952 [INFO] ApiDb:448 - Save user favorites file /home/abanchio/.stm32cubeide/favorites.mcus.txt: 0 item(s)
2025-10-22 15:11:45,952 [INFO] ApiDb:452 - User favorites MCUs=[]
2025-10-22 15:11:45,952 [INFO] ApiDb:448 - Save user favorites file /home/abanchio/.stm32cubeide/favorites.boards.txt: 1 item(s)
2025-10-22 15:11:45,952 [INFO] ApiDb:452 - User favorites Boards=[STM32F407G-DISC1]
2025-10-22 15:12:37,416 [WARN] BspModel:443 - BSP dependency skipped because of component: name='IOExpander', api='Unknown'
2025-10-22 15:12:43,957 [INFO] I2sManager:658 - 9.6E7
2025-10-22 15:12:43,958 [INFO] I2sManager:195 - I2S Clock Value : 9.6E7
2025-10-22 15:12:43,958 [INFO] I2sManager:553 - AudioClock : 93750Divider : 2Odd : 0
2025-10-22 15:12:44,019 [WARN] IP:2113 - I2C_Coeff_DF not found: check if there is a RefParameter without a condition.
2025-10-22 15:12:44,019 [WARN] IP:2113 - Analog_Filter not found: check if there is a RefParameter without a condition.
2025-10-22 15:12:44,019 [WARN] IP:2113 - I2C_Coeff_DF not found: check if there is a RefParameter without a condition.
2025-10-22 15:12:44,019 [WARN] IP:2113 - Analog_Filter not found: check if there is a RefParameter without a condition.
2025-10-22 15:13:27,764 [INFO] I2sManager:658 - 9.6E7
2025-10-22 15:13:27,764 [INFO] I2sManager:195 - I2S Clock Value : 9.6E7
2025-10-22 15:13:27,765 [INFO] I2sManager:553 - AudioClock : 93750Divider : 2Odd : 0
2025-10-22 15:15:34,564 [INFO] MainUpdater:2854 - connection check result : 10
2025-10-22 15:15:34,630 [INFO] McuFinderGlobals:66 - Set McuFinderConnectedMode to true
2025-10-22 15:15:34,630 [INFO] MultiScanPanel:200 - Auto-refresh data requested => check proxy status ongoing
2025-10-22 15:15:34,631 [INFO] FinderPluginLoader:95 - Searching for filters in installed packs
2025-10-22 15:15:35,150 [INFO] LoadUrlFilesThread:185 - End of LoadServerUrlFiles without Thread
2025-10-22 15:15:35,150 [INFO] DetailPanel:341 - Set advertising image to /home/abanchio/STM32Cube/Repository//en.mcu-finder-stm32n6dk.jpg
2025-10-22 15:15:39,816 [INFO] MultiScanPanel:200 - Auto-refresh data requested => check proxy status ongoing
2025-10-22 15:15:39,860 [INFO] LoadUrlFilesThread:185 - End of LoadServerUrlFiles without Thread
2025-10-22 15:15:39,860 [INFO] DetailPanel:341 - Set advertising image to /home/abanchio/STM32Cube/Repository//en.mcu-finder-stm32n6dk.jpg
2025-10-22 15:18:05,799 [INFO] BoardResultTable:719 - Mark Board STM32F411E-DISCO as favorite
2025-10-22 15:19:15,558 [INFO] MainUpdater:2854 - connection check result : 10
2025-10-22 15:19:15,558 [INFO] MainUpdater:2854 - connection check result : 10
2025-10-22 15:19:16,833 [INFO] I2sManager:658 - 9.6E7
2025-10-22 15:19:16,834 [INFO] I2sManager:195 - I2S Clock Value : 9.6E7
2025-10-22 15:19:16,834 [INFO] I2sManager:553 - AudioClock : 93750Divider : 2Odd : 0
2025-10-22 15:19:16,838 [INFO] MicroXplorer:468 - Change Database Path : 
2025-10-22 15:19:16,838 [INFO] MicroXplorer:498 - Change Database Version : DB.6.0.80
2025-10-22 15:19:16,851 [WARN] ThirdParty:871 - waiting for thirdparty lock release [close project]
2025-10-22 15:19:16,851 [INFO] ThirdParty:873 - entering critical section [close project]
2025-10-22 15:19:16,851 [INFO] ThirdParty:883 - exiting critical section [close project]
2025-10-22 15:19:16,852 [INFO] PinOutPanel:1499 - setPackage(No Configuration,No Configuration)
2025-10-22 15:19:16,854 [WARN] IpParametersView:150 - Warning: This peripheral hasn't parameters
2025-10-22 15:19:16,856 [WARN] MainPanel:257 - <html><b><center>Warning: This peripheral has no parameters to be configured<br></b></html>
2025-10-22 15:19:16,861 [INFO] UtilMem:75 - Begin LoadConfig() Used Memory: 447132856 Bytes (735051776)
2025-10-22 15:19:16,862 [INFO] OpenFileManager:308 - Change cursor
2025-10-22 15:19:16,871 [INFO] RulesReader:64 - Compatibility file has been processed (293 Rules)
2025-10-22 15:19:16,874 [INFO] ProjectFactory:402 - No CPN specified for board STM32F411E-DISCO => set CPN to STM32F411VET6
2025-10-22 15:19:16,875 [INFO] Mcu:1937 - Initializing MCU STM32F411V(C-E)Tx STM32F411VETx STM32F411VET6
2025-10-22 15:19:17,335 [INFO] Context:659 - Trying to add GPIOservice into a context  which must be forbidden
2025-10-22 15:19:17,488 [INFO] Rule:228 - rule 117617 - U5Cobra4M][GTZC] default value MPCBB3 and MPCBB5 - Not Secured memory - MPCBB1 is applicable
2025-10-22 15:19:17,488 [INFO] Rule:228 - rule 117617 - U5Cobra4M][GTZC] default value MPCBB3 and MPCBB5 - Not Secured memory - MPCBB1 is applicable
2025-10-22 15:19:17,488 [INFO] Rule:228 - rule 117617 - U5Cobra4M][GTZC] default value MPCBB3 and MPCBB5 - Not Secured memory - MPCBB2 is applicable
2025-10-22 15:19:17,488 [INFO] Rule:228 - rule 117617 - U5Cobra4M][GTZC] default value MPCBB3 and MPCBB5 - Not Secured memory - MPCBB2 is applicable
2025-10-22 15:19:17,488 [INFO] Rule:228 - rule 117617 - U5Cobra4M][GTZC] default value MPCBB3 and MPCBB5 - Not Secured memory - MPCBB3 is applicable
2025-10-22 15:19:17,488 [INFO] Rule:228 - rule 117617 - U5Cobra4M][GTZC] default value MPCBB3 and MPCBB5 - Not Secured memory - MPCBB3 is applicable
2025-10-22 15:19:17,488 [INFO] Rule:228 - rule 117617 - U5Cobra4M][GTZC] default value MPCBB3 and MPCBB5 - Not Secured memory - MPCBB4 is applicable
2025-10-22 15:19:17,488 [INFO] Rule:228 - rule 117617 - U5Cobra4M][GTZC] default value MPCBB3 and MPCBB5 - Not Secured memory - MPCBB4 is applicable
2025-10-22 15:19:17,488 [INFO] Rule:228 - rule 117617 - U5Cobra4M][GTZC] default value MPCBB3 and MPCBB5 - Secured memory - MPCBB1 is applicable
2025-10-22 15:19:17,488 [INFO] Rule:228 - rule 117617 - U5Cobra4M][GTZC] default value MPCBB3 and MPCBB5 - Secured memory - MPCBB2 is applicable
2025-10-22 15:19:17,488 [INFO] Rule:228 - rule 117617 - U5Cobra4M][GTZC] default value MPCBB3 and MPCBB5 - Secured memory - MPCBB3 is applicable
2025-10-22 15:19:17,488 [INFO] Rule:228 - rule 117617 - U5Cobra4M][GTZC] default value MPCBB3 and MPCBB5 - Secured memory - MPCBB4 is applicable
2025-10-22 15:19:17,488 [INFO] Rule:228 - rule 117617 - U5Cobra4M][GTZC] default value MPCBB3 and MPCBB5 - Privileged memory - MPCBB1 is applicable
2025-10-22 15:19:17,488 [INFO] Rule:228 - rule 117617 - U5Cobra4M][GTZC] default value MPCBB3 and MPCBB5 - Privileged memory - MPCBB2 is applicable
2025-10-22 15:19:17,488 [INFO] Rule:228 - rule 117617 - U5Cobra4M][GTZC] default value MPCBB3 and MPCBB5 - Privileged memory - MPCBB3 is applicable
2025-10-22 15:19:17,488 [INFO] Rule:228 - rule 117617 - U5Cobra4M][GTZC] default value MPCBB3 and MPCBB5 - Privileged memory - MPCBB4 is applicable
2025-10-22 15:19:17,488 [INFO] Rule:228 - rule 117617 - U5Cobra4M][GTZC] default value MPCBB3 and MPCBB5 - Not Privileged memory - MPCBB1 is applicable
2025-10-22 15:19:17,488 [INFO] Rule:228 - rule 117617 - U5Cobra4M][GTZC] default value MPCBB3 and MPCBB5 - Not Privileged memory - MPCBB2 is applicable
2025-10-22 15:19:17,488 [INFO] Rule:228 - rule 117617 - U5Cobra4M][GTZC] default value MPCBB3 and MPCBB5 - Not Privileged memory - MPCBB3 is applicable
2025-10-22 15:19:17,488 [INFO] Rule:228 - rule 117617 - U5Cobra4M][GTZC] default value MPCBB3 and MPCBB5 - Not Privileged memory - MPCBB4 is applicable
2025-10-22 15:19:17,488 [INFO] Rule:228 - rule 117617 - U5Cobra4M][GTZC] default value MPCBB3 and MPCBB5 - Privileged memory - MPCBB1 is applicable
2025-10-22 15:19:17,488 [INFO] Rule:228 - rule 117617 - U5Cobra4M][GTZC] default value MPCBB3 and MPCBB5 - Privileged memory - MPCBB2 is applicable
2025-10-22 15:19:17,488 [INFO] Rule:228 - rule 117617 - U5Cobra4M][GTZC] default value MPCBB3 and MPCBB5 - Privileged memory - MPCBB3 is applicable
2025-10-22 15:19:17,488 [INFO] Rule:228 - rule 117617 - U5Cobra4M][GTZC] default value MPCBB3 and MPCBB5 - Privileged memory - MPCBB4 is applicable
2025-10-22 15:19:17,488 [INFO] Rule:228 - rule 117617 - U5Cobra4M][GTZC] default value MPCBB3 and MPCBB5 - Privileged memory - MPCBB1 is applicable
2025-10-22 15:19:17,488 [INFO] Rule:228 - rule 117617 - U5Cobra4M][GTZC] default value MPCBB3 and MPCBB5 - Privileged memory - MPCBB2 is applicable
2025-10-22 15:19:17,488 [INFO] Rule:228 - rule 117617 - U5Cobra4M][GTZC] default value MPCBB3 and MPCBB5 - Privileged memory - MPCBB3 is applicable
2025-10-22 15:19:17,488 [INFO] Rule:228 - rule 117617 - U5Cobra4M][GTZC] default value MPCBB3 and MPCBB5 - Privileged memory - MPCBB4 is applicable
2025-10-22 15:19:17,488 [INFO] Rule:228 - rule 117617 - U5Cobra4M][GTZC] default value MPCBB3 and MPCBB5 - Not Privileged memory - MPCBB1 is applicable
2025-10-22 15:19:17,488 [INFO] Rule:228 - rule 117617 - U5Cobra4M][GTZC] default value MPCBB3 and MPCBB5 - Not Privileged memory - MPCBB2 is applicable
2025-10-22 15:19:17,488 [INFO] Rule:228 - rule 117617 - U5Cobra4M][GTZC] default value MPCBB3 and MPCBB5 - Not Privileged memory - MPCBB3 is applicable
2025-10-22 15:19:17,488 [INFO] Rule:228 - rule 117617 - U5Cobra4M][GTZC] default value MPCBB3 and MPCBB5 - Not Privileged memory - MPCBB4 is applicable
2025-10-22 15:19:17,488 [INFO] Rule:228 - rule 117617 - U5Cobra4M][GTZC] default value MPCBB3 and MPCBB5 - Privileged memory - MPCBB1 is applicable
2025-10-22 15:19:17,488 [INFO] Rule:228 - rule 117617 - U5Cobra4M][GTZC] default value MPCBB3 and MPCBB5 - Privileged memory - MPCBB2 is applicable
2025-10-22 15:19:17,488 [INFO] Rule:228 - rule 117617 - U5Cobra4M][GTZC] default value MPCBB3 and MPCBB5 - Privileged memory - MPCBB3 is applicable
2025-10-22 15:19:17,488 [INFO] Rule:228 - rule 117617 - U5Cobra4M][GTZC] default value MPCBB3 and MPCBB5 - Privileged memory - MPCBB4 is applicable
2025-10-22 15:19:17,488 [INFO] Rule:228 - rule Rename SubGHz_Phy SUBGHZ_APPLICATION SUBGHZ_PINGPONG to SUBGHZ_ADV_APPLICATION is applicable
2025-10-22 15:19:17,488 [INFO] Rule:228 - rule Rename Enabled to IBEACON is applicable
2025-10-22 15:19:17,488 [INFO] Rule:228 - rule GTZC_S instance for project manager is applicable
2025-10-22 15:19:17,488 [INFO] Rule:228 - rule GTZC_S instance for context M33S is applicable
2025-10-22 15:19:17,488 [INFO] Rule:228 - rule GTZC_S instance value for IP GTZC is applicable
2025-10-22 15:19:17,488 [INFO] Rule:228 - rule GTZC_S instance for mcu.IP is applicable
2025-10-22 15:19:17,488 [INFO] Rule:228 - rule GTZC_S instance for VP is applicable
2025-10-22 15:19:17,488 [INFO] Rule:228 - rule GTZC_S instance for signal is applicable
2025-10-22 15:19:17,488 [INFO] Rule:228 - rule GTZC_S instance for mcu.Pin is applicable
2025-10-22 15:19:17,488 [INFO] Rule:228 - rule GTZC_S instance for VP is applicable
2025-10-22 15:19:17,488 [INFO] Rule:228 - rule GTZC_S instance for signal is applicable
2025-10-22 15:19:17,488 [INFO] Rule:228 - rule GTZC_S instance for mcu is applicable
2025-10-22 15:19:17,488 [INFO] Rule:228 - rule GTZC_S instance for mcu.Pin is applicable
2025-10-22 15:19:17,488 [INFO] Rule:228 - rule GTZC_S instance value for IP GTZC is applicable
2025-10-22 15:19:17,488 [INFO] Rule:228 - rule GTZC_S instance for project manager is applicable
2025-10-22 15:19:17,489 [INFO] Rule:228 - rule GTZC_S instance for context M33S is applicable
2025-10-22 15:19:17,489 [INFO] Rule:228 - rule GTZC_S instance for VP is applicable
2025-10-22 15:19:17,489 [INFO] Rule:228 - rule GTZC_S instance for signal is applicable
2025-10-22 15:19:17,489 [INFO] Rule:228 - rule SPDIFRX instance for mcu is applicable
2025-10-22 15:19:17,489 [INFO] Rule:228 - rule Rename Tracer Mode is applicable
2025-10-22 15:19:17,489 [INFO] Rule:228 - rule SPDIFRX instance value for IP SPDIFRX is applicable
2025-10-22 15:19:17,489 [INFO] Rule:228 - rule SPDIFRX instance for signal is applicable
2025-10-22 15:19:17,489 [INFO] Rule:228 - rule SPDIFRX instance for project manager is applicable
2025-10-22 15:19:17,489 [INFO] Rule:228 - rule SPDIFRX instance for project manager is applicable
2025-10-22 15:19:17,489 [INFO] Rule:228 - rule ADC Scan  fix with FW F7 is applicable
2025-10-22 15:19:17,489 [INFO] Rule:228 - rule ADC Scan  fix with FW F7 is applicable
2025-10-22 15:19:17,489 [INFO] Rule:228 - rule WakeUp0 Mode is applicable
2025-10-22 15:19:17,489 [INFO] Rule:228 - rule WakeUp0 SIGNAL is applicable
2025-10-22 15:19:17,489 [INFO] Rule:228 - rule WakeUp1 Mode is applicable
2025-10-22 15:19:17,489 [INFO] Rule:228 - rule WakeUp1 SIGNAL is applicable
2025-10-22 15:19:17,489 [INFO] Rule:228 - rule WakeUp2 Mode is applicable
2025-10-22 15:19:17,489 [INFO] Rule:228 - rule WakeUp2 SIGNAL is applicable
2025-10-22 15:19:17,489 [INFO] Rule:228 - rule WakeUp4 Mode is applicable
2025-10-22 15:19:17,489 [INFO] Rule:228 - rule WakeUp4 SIGNAL is applicable
2025-10-22 15:19:17,489 [INFO] Rule:228 - rule WakeUp5 Mode is applicable
2025-10-22 15:19:17,489 [INFO] Rule:228 - rule WakeUp5 SIGNAL is applicable
2025-10-22 15:19:17,489 [INFO] Rule:228 - rule UART/USART WORD LENGTH 7 is applicable
2025-10-22 15:19:17,489 [INFO] Rule:228 - rule UART/USART WORD LENGTH 8 is applicable
2025-10-22 15:19:17,489 [INFO] Rule:228 - rule UART/USART WORD LENGTH 9 is applicable
2025-10-22 15:19:17,489 [INFO] Rule:228 - rule Change Default Value for LSE Drive Capability for WB family is applicable
2025-10-22 15:19:17,489 [INFO] Rule:228 - rule Change Default Value for ADC Clock Prescaler G0 family is applicable
2025-10-22 15:19:17,489 [INFO] Rule:228 - rule ADC SamplingTime fix with FW L0  is applicable
2025-10-22 15:19:17,489 [INFO] Rule:228 - rule ADC SamplingTime fix with FW L0  is applicable
2025-10-22 15:19:17,489 [INFO] Rule:228 - rule ADC SamplingTime fix with FW L0 is applicable
2025-10-22 15:19:17,489 [INFO] Rule:228 - rule ADC SamplingTime fix with FW L0 is applicable
2025-10-22 15:19:17,489 [INFO] Rule:228 - rule ADC SamplingTime fix with FW L0  is applicable
2025-10-22 15:19:17,489 [INFO] Rule:228 - rule ADC SamplingTime fix with FW L0 is applicable
2025-10-22 15:19:17,489 [INFO] Rule:228 - rule Rename USB_OE Signal is applicable
2025-10-22 15:19:17,489 [INFO] Rule:228 - rule Rename Activate_OE Mode is applicable
2025-10-22 15:19:17,489 [INFO] Rule:228 - rule Rename DIE462/DIE415 pin PC14/OSC32_IN -> PC14-OSC32_IN (PC14) is applicable
2025-10-22 15:19:17,489 [INFO] Rule:228 - rule Rename DIE462/DIE415 pin PC15/OSC32_OUT -> PC15-OSC32_OUT (PC15) is applicable
2025-10-22 15:19:17,489 [INFO] Rule:228 - rule Rename DIE462/DIE415 pin PH0/OSC_IN -> PH0-OSC_IN (PH0) is applicable
2025-10-22 15:19:17,489 [INFO] Rule:228 - rule Rename DIE462/DIE415 pin PH1/OSC_OUT -> PH1-OSC_OUT (PH1) is applicable
2025-10-22 15:19:17,489 [INFO] Rule:228 - rule Rename DIE462 pin PA13 -> PA13 (JTMS/SWDIO) is applicable
2025-10-22 15:19:17,489 [INFO] Rule:228 - rule Rename DIE415 pin PA13 -> PA13 (JTMS/SWDIO) is applicable
2025-10-22 15:19:17,489 [INFO] Rule:228 - rule Rename DIE462 pin PA14 -> PA14 (JTCK/SWCLK) is applicable
2025-10-22 15:19:17,489 [INFO] Rule:228 - rule Rename DIE415 pin PA14 -> PA14 (JTCK/SWCLK) is applicable
2025-10-22 15:19:17,489 [INFO] Rule:228 - rule Rename DIE462/DIE415 pin PA15 -> PA15 (JTDI) is applicable
2025-10-22 15:19:17,489 [INFO] Rule:228 - rule Rename DIE462 pin PB3 -> PB3 (JTD0/TRACESWO) is applicable
2025-10-22 15:19:17,489 [INFO] Rule:228 - rule Rename DIE415 pin PB3 -> PB3 (JTD0-TRACESWO) is applicable
2025-10-22 15:19:17,490 [INFO] Rule:228 - rule Rename DIE462/DIE415 pin PB4 -> PB4 (NJTRST) is applicable
2025-10-22 15:19:17,490 [INFO] Rule:228 - rule Rename DIE462 pin PH3/BOOT0 -> PH3-BOOT0 (BOOT0) is applicable
2025-10-22 15:19:17,490 [INFO] Rule:228 - rule Rename CRYP DataEncryptionTypesList to Algorithm is applicable
2025-10-22 15:19:17,490 [INFO] Rule:228 - rule Rename AES DataEncryptionTypesList to Algorithm is applicable
2025-10-22 15:19:17,490 [INFO] Rule:228 - rule Rename TDESECB to CRYP_TDES_ECB is applicable
2025-10-22 15:19:17,490 [INFO] Rule:228 - rule Rename TDESCBC to CRYP_TDES_CBC is applicable
2025-10-22 15:19:17,490 [INFO] Rule:228 - rule Rename DESECB to CRYP_DES_ECB is applicable
2025-10-22 15:19:17,490 [INFO] Rule:228 - rule Rename DESCBC to CRYP_DES_CBC is applicable
2025-10-22 15:19:17,490 [INFO] Rule:228 - rule Rename AESECB to CRYP_AES_ECB is applicable
2025-10-22 15:19:17,490 [INFO] Rule:228 - rule Rename AESCBC to CRYP_AES_CBC is applicable
2025-10-22 15:19:17,490 [INFO] Rule:228 - rule Rename AESCTR to CRYP_AES_CTR is applicable
2025-10-22 15:19:17,490 [INFO] Rule:228 - rule Rename AESGCM to CRYP_AES_GCM is applicable
2025-10-22 15:19:17,490 [INFO] Rule:228 - rule Rename AESCCM to CRYP_AES_CCM is applicable
2025-10-22 15:19:17,490 [INFO] Rule:228 - rule Rename CAN TimeSeg1 to BS1 is applicable
2025-10-22 15:19:17,490 [INFO] Rule:228 - rule Rename CAN TimeSeg2 to BS2 is applicable
2025-10-22 15:19:17,490 [INFO] Rule:228 - rule Rename CAN SyncJumpWidth to SJW is applicable
2025-10-22 15:19:17,490 [INFO] Rule:228 - rule TimeTriggeredMode to TTCM is applicable
2025-10-22 15:19:17,490 [INFO] Rule:228 - rule Rename CAN AutoBusOff to ABOM is applicable
2025-10-22 15:19:17,490 [INFO] Rule:228 - rule Rename CAN AutoWakeUp to AWUM is applicable
2025-10-22 15:19:17,490 [INFO] Rule:228 - rule Rename CAN AutoRetransmission to NART is applicable
2025-10-22 15:19:17,490 [INFO] Rule:228 - rule Rename CAN ReceiveFifoLocked to RFLM is applicable
2025-10-22 15:19:17,490 [INFO] Rule:228 - rule Rename CAN TransmitFifoPriority to TXFP is applicable
2025-10-22 15:19:17,490 [INFO] Rule:228 - rule Rename HRTIMER HRTIM_OUTPUTFAULTLEVEL_HIGH in HRTIMER HRTIM_OUTPUTFAULTLEVEL_HIGHZ is applicable
2025-10-22 15:19:17,490 [INFO] Rule:228 - rule Rename TIMER TIM_CLEARINPUTSOURCE_OCREFCLR in  TIMER TIM_CLEARINPUTSOURCE_NONE for F7 family is applicable
2025-10-22 15:19:17,490 [INFO] Rule:228 - rule FDCAN_R1 - Rename FDCAN mode Master into Classic is applicable
2025-10-22 15:19:17,490 [INFO] Rule:228 - rule FDCAN_R2 - Rename FDCAN mode Slave into Classic is applicable
2025-10-22 15:19:17,490 [INFO] Rule:228 - rule FDCAN1_R3 - if PA10.Mode=FullDuplex, add Pin PA12 is applicable
2025-10-22 15:19:17,490 [INFO] Rule:228 - rule FDCAN1_R3 - if PA9.Mode=FullDuplex, add Pin PA11 is applicable
2025-10-22 15:19:17,490 [INFO] Rule:228 - rule FDCAN1_R3 - Alternatepin_1 - if PE1.Mode=FullDuplex, add Pin PB9 is applicable
2025-10-22 15:19:17,490 [INFO] Rule:228 - rule FDCAN1_R3 - Alternatepin_1 - if PE0.Mode=FullDuplex, add Pin PB8 is applicable
2025-10-22 15:19:17,490 [INFO] Rule:228 - rule FDCAN1_R3 - Alternatepin_2 - if PD5.Mode=FullDuplex, add Pin PD1 is applicable
2025-10-22 15:19:17,490 [INFO] Rule:228 - rule FDCAN1_R3 - Alternatepin_2 - if PD4.Mode=FullDuplex, add Pin PD0 is applicable
2025-10-22 15:19:17,490 [INFO] Rule:228 - rule FDCAN1_R4 - Rename Mode FullDuplex into Enable FDCAN_TXFD for pin PA10 is applicable
2025-10-22 15:19:17,490 [INFO] Rule:228 - rule FDCAN1_R4 - Rename Mode FullDuplex into Enable FDCAN_TXFD for pin PA9 is applicable
2025-10-22 15:19:17,490 [INFO] Rule:228 - rule FDCAN1_R4 - Alternatepin_1 - Rename Mode FullDuplex into Enable FDCAN_TXFD for pin PE1 is applicable
2025-10-22 15:19:17,490 [INFO] Rule:228 - rule FDCAN1_R4 - Alternatepin_1 - Rename Mode FullDuplex into Enable FDCAN_TXFD for pin PE0 is applicable
2025-10-22 15:19:17,490 [INFO] Rule:228 - rule FDCAN1_R4 - Alternatepin_2 - Rename Mode FullDuplex into Enable FDCAN_TXFD for pin PD5 is applicable
2025-10-22 15:19:17,490 [INFO] Rule:228 - rule FDCAN1_R4 - Alternatepin_2 - Rename Mode FullDuplex into Enable FDCAN_TXFD for pin PD4 is applicable
2025-10-22 15:19:17,490 [INFO] Rule:228 - rule FDCAN2_R3 - if PD10.Mode=FullDuplex, add Pin PB13 is applicable
2025-10-22 15:19:17,490 [INFO] Rule:228 - rule FDCAN2_R3 - if PD9.Mode=FullDuplex, add Pin PB12 is applicable
2025-10-22 15:19:17,490 [INFO] Rule:228 - rule FDCAN2_R3 - Alternatepin_1 - if PB7.Mode=FullDuplex, add Pin PB6 is applicable
2025-10-22 15:19:17,490 [INFO] Rule:228 - rule FDCAN2_R3 - Alternatepin_1 - if PD9.Mode=FullDuplex, add Pin PB12 is applicable
2025-10-22 15:19:17,490 [INFO] Rule:228 - rule FDCAN2_R4 - Rename Mode FullDuplex into Enable FDCAN_TXFD for pin PD10 is applicable
2025-10-22 15:19:17,490 [INFO] Rule:228 - rule FDCAN2_R4 - Rename Mode FullDuplex into Enable FDCAN_TXFD for pin PD9 is applicable
2025-10-22 15:19:17,490 [INFO] Rule:228 - rule FDCAN2_R4 - Alternatepin_1 - Rename Mode FullDuplex into Enable FDCAN_TXFD for pin PB7 is applicable
2025-10-22 15:19:17,490 [INFO] Rule:228 - rule FDCAN2_R4 - Alternatepin_1 - Rename Mode FullDuplex into Enable FDCAN_TXFD for pin PD6 is applicable
2025-10-22 15:19:17,490 [INFO] Rule:228 - rule USART TxPinLevelInvertParam Mode is applicable
2025-10-22 15:19:17,490 [INFO] Rule:228 - rule USART RxPinLevelInvertParam Mode is applicable
2025-10-22 15:19:17,490 [INFO] Rule:228 - rule USART DataInvertParam Mode is applicable
2025-10-22 15:19:17,490 [INFO] Rule:228 - rule USART SwapParam Mode is applicable
2025-10-22 15:19:17,490 [INFO] Rule:228 - rule USART OverrunDisableParam Mode is applicable
2025-10-22 15:19:17,490 [INFO] Rule:228 - rule USART DMADisableonRxErrorParam Mode is applicable
2025-10-22 15:19:17,490 [INFO] Rule:228 - rule USART MSBFirstParam Mode is applicable
2025-10-22 15:19:17,490 [INFO] Rule:228 - rule Update MwName for USB_DEVICE is applicable
2025-10-22 15:19:17,490 [INFO] Rule:228 - rule Change PWR_Regulator_Voltage_Scale Default Value for RCC  H7 family is applicable
2025-10-22 15:19:17,490 [INFO] Rule:228 - rule UART/USART IPParameter rename Prescaler parameter to ClockPrescaler is applicable
2025-10-22 15:19:17,490 [INFO] Rule:228 - rule UART/USART Prescaler rename Prescaler parameter to ClockPrescaler is applicable
2025-10-22 15:19:17,490 [INFO] Rule:228 - rule TIM1CLockSelection is applicable
2025-10-22 15:19:17,490 [INFO] Rule:228 - rule TIM15CLockSelection is applicable
2025-10-22 15:19:17,490 [INFO] Rule:228 - rule align RCC SDMMC3CLockSelection default value on MP1 is applicable
2025-10-22 15:19:17,490 [INFO] Rule:228 - rule align RCC SDMMC12CLockSelection default value on MP1 is applicable
2025-10-22 15:19:17,490 [INFO] Rule:228 - rule align RCC QSPICLockSelection default value on MP1 is applicable
2025-10-22 15:19:17,490 [INFO] Rule:228 - rule align RCC QSPICLockSelection default value on MP1 is applicable
2025-10-22 15:19:17,490 [INFO] Rule:228 - rule align RCC SPI6CLockSelection default value on MP1 is applicable
2025-10-22 15:19:17,490 [INFO] Rule:228 - rule align RCC LPTIM23CLockSelection default value on MP1 is applicable
2025-10-22 15:19:17,490 [INFO] Rule:228 - rule align RCC LPTIM1CLockSelection default value on MP1 is applicable
2025-10-22 15:19:17,490 [INFO] Rule:228 - rule align RCC USART1CLockSelection default value on MP1 is applicable
2025-10-22 15:19:17,490 [INFO] Rule:228 - rule align RCC USART24CLockSelection default value on MP1 is applicable
2025-10-22 15:19:17,490 [INFO] Rule:228 - rule align RCC USART6CLockSelection default value on MP1 is applicable
2025-10-22 15:19:17,490 [INFO] Rule:228 - rule align RCC UART78CLockSelection default value on MP1 is applicable
2025-10-22 15:19:17,491 [INFO] Rule:228 - rule align RCC USART35CLockSelection default value on MP1 is applicable
2025-10-22 15:19:17,491 [INFO] Rule:228 - rule align RCC SPI45CLockSelection default value on MP1 is applicable
2025-10-22 15:19:17,491 [INFO] Rule:228 - rule align RCC I2C46CLockSelection BCLK value on MP1 is applicable
2025-10-22 15:19:17,491 [INFO] Rule:228 - rule align RCC SPI45CLockSelection default value on MP1 is applicable
2025-10-22 15:19:17,491 [INFO] Rule:228 - rule align RCC I2C12CLockSelection default value on MP1 is applicable
2025-10-22 15:19:17,491 [INFO] Rule:228 - rule align RCC I2C35CLockSelection default value on MP1 is applicable
2025-10-22 15:19:17,491 [INFO] Rule:228 - rule align RCC LPTIM45CLockSelection default value on MP1 is applicable
2025-10-22 15:19:17,491 [INFO] Rule:228 - rule Rename DCMI PIXCK signal is applicable
2025-10-22 15:19:17,491 [INFO] Rule:228 - rule Change Default Value for I2C46CLockSelection MP1 family is applicable
2025-10-22 15:19:17,491 [INFO] Rule:228 - rule Change Default Value for UART for G4, G0 and WB families is applicable
2025-10-22 15:19:17,491 [INFO] Rule:228 - rule Change Default Value for USART for G4, G0 and WB families is applicable
2025-10-22 15:19:17,491 [INFO] Rule:228 - rule Change Default Value for USART for G4 family is applicable
2025-10-22 15:19:17,491 [INFO] Rule:228 - rule Change USART1CLockSelection refparam name for MP1 is applicable
2025-10-22 15:19:17,491 [INFO] Rule:228 - rule Change USART2CLockSelection refparam name for MP1 is applicable
2025-10-22 15:19:17,491 [INFO] Rule:228 - rule Change USART3CLockSelection refparam name for MP1 is applicable
2025-10-22 15:19:17,491 [INFO] Rule:228 - rule Change UART4CLockSelection refparam name for MP1 is applicable
2025-10-22 15:19:17,491 [INFO] Rule:228 - rule Change UART5CLockSelection refparam name for MP1 is applicable
2025-10-22 15:19:17,491 [INFO] Rule:228 - rule Change LPUART1CLockSelection refparam name for MP1 is applicable
2025-10-22 15:19:17,491 [INFO] Rule:228 - rule Change LPTIM1CLockSelection refparam name for MP1 is applicable
2025-10-22 15:19:17,491 [INFO] Rule:228 - rule Change LPTIM2CLockSelection refparam name for MP1 is applicable
2025-10-22 15:19:17,491 [INFO] Rule:228 - rule Change RCC_MCO1Source refparam name for MP1 is applicable
2025-10-22 15:19:17,491 [INFO] Rule:228 - rule Change LSCOSource1 refparam name for MP1 is applicable
2025-10-22 15:19:17,491 [INFO] Rule:228 - rule Change SMPSCLockSelection refparam name for MP1 is applicable
2025-10-22 15:19:17,491 [INFO] Rule:228 - rule Change LPTIM3CLockSelection refparam name for MP1 is applicable
2025-10-22 15:19:17,491 [INFO] Rule:228 - rule Change MPCBB* Default Template Mode to Parameters is applicable
2025-10-22 15:19:17,491 [INFO] Rule:228 - rule Change MPCWM* or MPCBB* Secure Mode to Parameters is applicable
2025-10-22 15:19:17,491 [INFO] Rule:228 - rule Change MPCWM* or MPCBB* No Secure Mode to Parameters is applicable
2025-10-22 15:19:17,491 [INFO] Rule:228 - rule Change TZSC IP Secure Mode to Parameters is applicable
2025-10-22 15:19:17,491 [INFO] Rule:228 - rule Change TZSC IP No Secure Mode to Parameters is applicable
2025-10-22 15:19:17,491 [INFO] Rule:228 - rule Change TZSC IP Privilege Mode to Parameters is applicable
2025-10-22 15:19:17,491 [INFO] Rule:228 - rule Change TZSC IP No Privilege Mode to Parameters is applicable
2025-10-22 15:19:17,491 [INFO] Rule:228 - rule Change TZIC IT Secure Mode to Parameters is applicable
2025-10-22 15:19:17,491 [INFO] Rule:228 - rule Change TZIC IT No Secure Mode to Parameters is applicable
2025-10-22 15:19:17,491 [INFO] Rule:228 - rule Add MPCBB1_NonSecureArea_Start_Address value with referenced to MPCBB1_NonSecureArea_Start value is applicable
2025-10-22 15:19:17,491 [INFO] Rule:228 - rule Add MPCBB2_NonSecureArea_Start_Address value with referenced to MPCBB2_NonSecureArea_Start value is applicable
2025-10-22 15:19:17,491 [INFO] Rule:228 - rule Add MPCWM1_NonSecureArea*_Start_Address value with referenced to MPCWM1_NonSecureArea*_Start value is applicable
2025-10-22 15:19:17,491 [INFO] Rule:228 - rule Add MPCWM2_NonSecureArea*_Start_Address value with referenced to MPCWM2_NonSecureArea*_Start value is applicable
2025-10-22 15:19:17,491 [INFO] Rule:228 - rule Add MPCWM3_NonSecureArea_Start_Address value with referenced to MPCWM3_NonSecureArea_Start value is applicable
2025-10-22 15:19:17,491 [INFO] Rule:228 - rule Change Default Value for PLL1UserDefinedConfig is applicable
2025-10-22 15:19:17,491 [INFO] Rule:228 - rule Change GPIO_PuPd Default Value for USART in async mode is applicable
2025-10-22 15:19:17,491 [INFO] Rule:228 - rule Change SMPSDivider Default Value is applicable
2025-10-22 15:19:17,491 [INFO] Rule:228 - rule OPAMP is applicable
2025-10-22 15:19:17,491 [INFO] Rule:228 - rule LPUART IPParameter rename Prescaler parameter to ClockPrescaler for STM32H7 is applicable
2025-10-22 15:19:17,491 [INFO] Rule:228 - rule LPUART IPParameter rename Prescaler parameter to ClockPrescaler for STM32H7 is applicable
2025-10-22 15:19:17,491 [INFO] Rule:228 - rule LPUART IPParameter rename Prescaler parameter to ClockPrescaler for STM32WB is applicable
2025-10-22 15:19:17,491 [INFO] Rule:228 - rule LPUART IPParameter rename Prescaler parameter to ClockPrescaler for STM32WB is applicable
2025-10-22 15:19:17,491 [INFO] Rule:228 - rule LPUART IPParameter rename Prescaler parameter to ClockPrescaler for STM32G4 is applicable
2025-10-22 15:19:17,491 [INFO] Rule:228 - rule LPUART IPParameter rename Prescaler parameter to ClockPrescaler for STM32G4 is applicable
2025-10-22 15:19:17,491 [INFO] Rule:228 - rule LPUART IPParameter rename Prescaler parameter to ClockPrescaler for STM32L5 is applicable
2025-10-22 15:19:17,491 [INFO] Rule:228 - rule LPUART IPParameter rename Prescaler parameter to ClockPrescaler for STM32L5 is applicable
2025-10-22 15:19:17,491 [INFO] Rule:228 - rule LPUART IPParameter rename Prescaler parameter to ClockPrescaler for STM32G4 is applicable
2025-10-22 15:19:17,491 [INFO] Rule:228 - rule LPUART IPParameter rename Prescaler parameter to ClockPrescaler for STM32G4 is applicable
2025-10-22 15:19:17,491 [INFO] Rule:228 - rule USB device lib V2.5.3 for L0 rename USBD_SUPPORT_USER_STRING parameter to USBD_SUPPORT_USER_STRING_DESC4 is applicable
2025-10-22 15:19:17,491 [INFO] Rule:228 - rule I2SCLockSelection clock entry align is applicable
2025-10-22 15:19:17,491 [INFO] Rule:228 - rule Assign TIMx context if used as SYS timebase is applicable
2025-10-22 15:19:17,491 [INFO] Rule:228 - rule Change GPIO_Pu Default Value for I2C is applicable
2025-10-22 15:19:17,491 [INFO] Rule:228 - rule Change GPIO_Pu Default Value for SMBus is applicable
2025-10-22 15:19:17,491 [INFO] Rule:228 - rule change FDCAN default value is applicable
2025-10-22 15:19:17,491 [INFO] Rule:228 - rule Change mode sai is applicable
2025-10-22 15:19:17,491 [INFO] Rule:228 - rule **Change sai mode is applicable
2025-10-22 15:19:17,499 [INFO] DbConfProperties:307 - Apply Compatibility (33/226 Rules)
2025-10-22 15:19:17,509 [INFO] ImportTextPane:194 - (OptionalMessage_ERROR) Unable to find key (Mcu.ThirdPartyNb) in loaded IOC file
2025-10-22 15:19:17,529 [INFO] RtosManager:555 - Registered RTOS mode: class=CMSIS, group=RTOS, mode=CMSIS_V1, owner=FREERTOS
2025-10-22 15:19:17,529 [INFO] RtosManager:555 - Registered RTOS mode: class=CMSIS, group=RTOS2, mode=CMSIS_V2, owner=FREERTOS
2025-10-22 15:19:17,529 [INFO] RtosManager:555 - Registered RTOS mode: class=RTOS, group=Core, mode=CMSIS_V1, owner=FREERTOS
2025-10-22 15:19:17,529 [INFO] RtosManager:555 - Registered RTOS mode: class=RTOS, group=Core, mode=CMSIS_V2, owner=FREERTOS
2025-10-22 15:19:17,529 [WARN] ModelIntegratedComponent:184 - Missing modes for component STMicroelectronics:FreeRTOS:0.0.1:STMicroelectronics:RTOS:FreeRTOS:Core:::10.2.0:
2025-10-22 15:19:17,532 [WARN] ModelIntegratedComponent:182 - Modes not found for component STMicroelectronics:USB_HOST:1.0.0:STMicroelectronics:USB::USB Host:Audio HS::1.0:USB_HOST_1_0_RESTRICTED_HS
2025-10-22 15:19:17,532 [WARN] ModelIntegratedComponent:188 - Modes not found for component STMicroelectronics:USB_HOST:1.0.0:STMicroelectronics:USB::USB Host:Audio HS::1.0:USB_HOST_1_0_RESTRICTED_HS
2025-10-22 15:19:17,532 [WARN] ModelIntegratedComponent:182 - Modes not found for component STMicroelectronics:USB_HOST:1.0.0:STMicroelectronics:USB::USB Host:CDC HS::1.0:USB_HOST_1_0_RESTRICTED_HS
2025-10-22 15:19:17,532 [WARN] ModelIntegratedComponent:188 - Modes not found for component STMicroelectronics:USB_HOST:1.0.0:STMicroelectronics:USB::USB Host:CDC HS::1.0:USB_HOST_1_0_RESTRICTED_HS
2025-10-22 15:19:17,532 [WARN] ModelIntegratedComponent:182 - Modes not found for component STMicroelectronics:USB_HOST:1.0.0:STMicroelectronics:USB::USB Host:MSC HS::1.0:USB_HOST_1_0_RESTRICTED_HS
2025-10-22 15:19:17,532 [WARN] ModelIntegratedComponent:188 - Modes not found for component STMicroelectronics:USB_HOST:1.0.0:STMicroelectronics:USB::USB Host:MSC HS::1.0:USB_HOST_1_0_RESTRICTED_HS
2025-10-22 15:19:17,532 [WARN] ModelIntegratedComponent:182 - Modes not found for component STMicroelectronics:USB_HOST:1.0.0:STMicroelectronics:USB::USB Host:HID HS::1.0:USB_HOST_1_0_RESTRICTED_HS
2025-10-22 15:19:17,532 [WARN] ModelIntegratedComponent:188 - Modes not found for component STMicroelectronics:USB_HOST:1.0.0:STMicroelectronics:USB::USB Host:HID HS::1.0:USB_HOST_1_0_RESTRICTED_HS
2025-10-22 15:19:17,533 [WARN] ModelIntegratedComponent:182 - Modes not found for component STMicroelectronics:USB_HOST:1.0.0:STMicroelectronics:USB::USB Host:MTP HS::1.0:USB_HOST_1_0_RESTRICTED_HS
2025-10-22 15:19:17,533 [WARN] ModelIntegratedComponent:188 - Modes not found for component STMicroelectronics:USB_HOST:1.0.0:STMicroelectronics:USB::USB Host:MTP HS::1.0:USB_HOST_1_0_RESTRICTED_HS
2025-10-22 15:19:17,536 [WARN] ModelIntegratedComponent:63 - No mode defined for component null
2025-10-22 15:19:17,536 [WARN] ModelIntegratedComponent:63 - No mode defined for component null
2025-10-22 15:19:17,536 [WARN] ModelIntegratedComponent:63 - No mode defined for component null
2025-10-22 15:19:17,536 [WARN] ModelIntegratedComponent:63 - No mode defined for component null
2025-10-22 15:19:17,536 [WARN] ModelIntegratedComponent:63 - No mode defined for component null
2025-10-22 15:19:17,536 [WARN] ModelIntegratedComponent:63 - No mode defined for component null
2025-10-22 15:19:17,536 [WARN] ModelIntegratedComponent:63 - No mode defined for component null
2025-10-22 15:19:17,536 [WARN] ModelIntegratedComponent:63 - No mode defined for component null
2025-10-22 15:19:17,536 [WARN] ModelIntegratedComponent:63 - No mode defined for component null
2025-10-22 15:19:17,536 [WARN] ModelIntegratedComponent:63 - No mode defined for component null
2025-10-22 15:19:17,536 [WARN] ModelIntegratedComponent:63 - No mode defined for component null
2025-10-22 15:19:17,536 [WARN] ModelIntegratedComponent:63 - No mode defined for component null
2025-10-22 15:19:17,536 [WARN] ModelIntegratedComponent:63 - No mode defined for component null
2025-10-22 15:19:17,536 [WARN] ModelIntegratedComponent:63 - No mode defined for component null
2025-10-22 15:19:17,536 [WARN] ModelIntegratedComponent:63 - No mode defined for component null
2025-10-22 15:19:17,536 [WARN] ModelIntegratedComponent:63 - No mode defined for component null
2025-10-22 15:19:17,536 [WARN] ModelIntegratedComponent:63 - No mode defined for component null
2025-10-22 15:19:17,536 [WARN] ModelIntegratedComponent:63 - No mode defined for component null
2025-10-22 15:19:17,536 [WARN] ModelIntegratedComponent:63 - No mode defined for component null
2025-10-22 15:19:17,536 [WARN] ModelIntegratedComponent:63 - No mode defined for component null
2025-10-22 15:19:17,536 [WARN] ModelIntegratedComponent:63 - No mode defined for component null
2025-10-22 15:19:17,536 [WARN] ModelIntegratedComponent:63 - No mode defined for component null
2025-10-22 15:19:17,536 [WARN] ModelIntegratedComponent:63 - No mode defined for component null
2025-10-22 15:19:17,536 [WARN] ModelIntegratedComponent:63 - No mode defined for component null
2025-10-22 15:19:17,536 [WARN] ModelIntegratedComponent:63 - No mode defined for component null
2025-10-22 15:19:17,536 [WARN] ModelIntegratedComponent:63 - No mode defined for component null
2025-10-22 15:19:17,537 [WARN] ModelIntegratedComponent:63 - No mode defined for component null
2025-10-22 15:19:17,537 [WARN] ModelIntegratedComponent:63 - No mode defined for component null
2025-10-22 15:19:17,537 [WARN] ModelIntegratedComponent:63 - No mode defined for component null
2025-10-22 15:19:17,537 [WARN] ModelIntegratedComponent:63 - No mode defined for component null
2025-10-22 15:19:17,537 [WARN] ModelIntegratedComponent:63 - No mode defined for component null
2025-10-22 15:19:17,537 [WARN] ModelIntegratedComponent:63 - No mode defined for component null
2025-10-22 15:19:17,537 [WARN] ModelIntegratedComponent:63 - No mode defined for component null
2025-10-22 15:19:17,605 [WARN] ModelIntegratedComponent:182 - Modes not found for component STMicroelectronics:USB_DEVICE:1.0.0:STMicroelectronics:USB::USB Device:Audio HS::1.0:USB_DEVICE_1_0_RESTRICTED_HS
2025-10-22 15:19:17,605 [WARN] ModelIntegratedComponent:188 - Modes not found for component STMicroelectronics:USB_DEVICE:1.0.0:STMicroelectronics:USB::USB Device:Audio HS::1.0:USB_DEVICE_1_0_RESTRICTED_HS
2025-10-22 15:19:17,605 [WARN] ModelIntegratedComponent:182 - Modes not found for component STMicroelectronics:USB_DEVICE:1.0.0:STMicroelectronics:USB::USB Device:CDC HS::1.0:USB_DEVICE_1_0_RESTRICTED_HS
2025-10-22 15:19:17,605 [WARN] ModelIntegratedComponent:188 - Modes not found for component STMicroelectronics:USB_DEVICE:1.0.0:STMicroelectronics:USB::USB Device:CDC HS::1.0:USB_DEVICE_1_0_RESTRICTED_HS
2025-10-22 15:19:17,605 [WARN] ModelIntegratedComponent:182 - Modes not found for component STMicroelectronics:USB_DEVICE:1.0.0:STMicroelectronics:USB::USB Device:DFU HS::1.0:USB_DEVICE_1_0_RESTRICTED_HS
2025-10-22 15:19:17,605 [WARN] ModelIntegratedComponent:188 - Modes not found for component STMicroelectronics:USB_DEVICE:1.0.0:STMicroelectronics:USB::USB Device:DFU HS::1.0:USB_DEVICE_1_0_RESTRICTED_HS
2025-10-22 15:19:17,605 [WARN] ModelIntegratedComponent:182 - Modes not found for component STMicroelectronics:USB_DEVICE:1.0.0:STMicroelectronics:USB::USB Device:HID HS::1.0:USB_DEVICE_1_0_RESTRICTED_HS
2025-10-22 15:19:17,605 [WARN] ModelIntegratedComponent:188 - Modes not found for component STMicroelectronics:USB_DEVICE:1.0.0:STMicroelectronics:USB::USB Device:HID HS::1.0:USB_DEVICE_1_0_RESTRICTED_HS
2025-10-22 15:19:17,605 [WARN] ModelIntegratedComponent:182 - Modes not found for component STMicroelectronics:USB_DEVICE:1.0.0:STMicroelectronics:USB::USB Device:Custom HID HS::1.0:USB_DEVICE_1_0_RESTRICTED_HS
2025-10-22 15:19:17,605 [WARN] ModelIntegratedComponent:188 - Modes not found for component STMicroelectronics:USB_DEVICE:1.0.0:STMicroelectronics:USB::USB Device:Custom HID HS::1.0:USB_DEVICE_1_0_RESTRICTED_HS
2025-10-22 15:19:17,605 [WARN] ModelIntegratedComponent:182 - Modes not found for component STMicroelectronics:USB_DEVICE:1.0.0:STMicroelectronics:USB::USB Device:MSC HS::1.0:USB_DEVICE_1_0_RESTRICTED_HS
2025-10-22 15:19:17,605 [WARN] ModelIntegratedComponent:188 - Modes not found for component STMicroelectronics:USB_DEVICE:1.0.0:STMicroelectronics:USB::USB Device:MSC HS::1.0:USB_DEVICE_1_0_RESTRICTED_HS
2025-10-22 15:19:17,609 [INFO] ThirdPartyModel:298 - Start build external matchings
2025-10-22 15:19:17,757 [INFO] ThirdPartyModel:316 - End build external matchings
2025-10-22 15:19:17,764 [INFO] ImportTextPane:194 - (OptionalMessage_ERROR) IP (RCC) : Parameter (RTCHSEDivFreq_Value) has invalid value (4000000)
2025-10-22 15:19:17,866 [INFO] UtilMem:75 - End LoadConfig() Used Memory: 461919304 Bytes (735051776)
2025-10-22 15:19:17,989 [WARN] ThirdParty:833 - waiting for thirdparty lock release [change project]
2025-10-22 15:19:17,989 [INFO] ThirdParty:835 - entering critical section [change project]
2025-10-22 15:19:17,989 [INFO] ThirdParty:1030 - CMSIS Pack Vendor :STMicroelectronics X-CUBE-PM33A1 1.0.0
2025-10-22 15:19:17,989 [INFO] ThirdParty:1030 - CMSIS Pack Vendor :STMicroelectronics X-CUBE-NFC9 1.0.0
2025-10-22 15:19:17,989 [INFO] ThirdParty:1030 - CMSIS Pack Vendor :STMicroelectronics USB_HOST 2.0.0
2025-10-22 15:19:17,989 [INFO] ThirdParty:1030 - CMSIS Pack Vendor :STMicroelectronics FP-SNS-MOTENVWB1 1.4.0
2025-10-22 15:19:17,989 [INFO] ThirdParty:1030 - CMSIS Pack Vendor :STMicroelectronics X-CUBE-AZRTOS-F4 1.1.0
2025-10-22 15:19:17,989 [INFO] ThirdParty:1030 - CMSIS Pack Vendor :STMicroelectronics LIBJPEG 8.0.0
2025-10-22 15:19:17,989 [INFO] ThirdParty:1030 - CMSIS Pack Vendor :STMicroelectronics FP-ATR-ASTRA1 2.0.2
2025-10-22 15:19:17,989 [INFO] ThirdParty:1030 - CMSIS Pack Vendor :wolfSSL I-CUBE-wolfSSL 5.8.2
2025-10-22 15:19:17,989 [INFO] ThirdParty:1030 - CMSIS Pack Vendor :STMicroelectronics X-CUBE-BLE1 7.1.0
2025-10-22 15:19:17,989 [INFO] ThirdParty:1030 - CMSIS Pack Vendor :STMicroelectronics X-CUBE-SMBUS 2.1.0
2025-10-22 15:19:17,989 [INFO] ThirdParty:1030 - CMSIS Pack Vendor :wolfSSL I-CUBE-wolfMQTT 1.19.2
2025-10-22 15:19:17,989 [INFO] ThirdParty:1030 - CMSIS Pack Vendor :STMicroelectronics USB_DEVICE 3.0.0
2025-10-22 15:19:17,989 [INFO] ThirdParty:1030 - CMSIS Pack Vendor :STMicroelectronics X-CUBE-ISPU 2.1.0
2025-10-22 15:19:17,989 [INFO] ThirdParty:1030 - CMSIS Pack Vendor :STMicroelectronics X-CUBE-EEPRMA1 5.2.0
2025-10-22 15:19:17,989 [INFO] ThirdParty:1030 - CMSIS Pack Vendor :STMicroelectronics X-CUBE-AZRTOS-WB 2.0.0
2025-10-22 15:19:17,989 [INFO] ThirdParty:1030 - CMSIS Pack Vendor :STMicroelectronics X-CUBE-GNSS1 7.0.1
2025-10-22 15:19:17,989 [INFO] ThirdParty:1030 - CMSIS Pack Vendor :STMicroelectronics X-CUBE-NFC12 1.0.0
2025-10-22 15:19:17,989 [INFO] ThirdParty:1030 - CMSIS Pack Vendor :STMicroelectronics X-CUBE-AZRTOS-F7 1.1.0
2025-10-22 15:19:17,989 [INFO] ThirdParty:1030 - CMSIS Pack Vendor :STMicroelectronics X-CUBE-AZRTOS-L5 2.0.0
2025-10-22 15:19:17,989 [INFO] ThirdParty:1030 - CMSIS Pack Vendor :STMicroelectronics USB_DEVICE 2.0.0
2025-10-22 15:19:17,989 [INFO] ThirdParty:1030 - CMSIS Pack Vendor :STMicroelectronics X-CUBE-NFC6 3.1.0
2025-10-22 15:19:17,989 [INFO] ThirdParty:1030 - CMSIS Pack Vendor :STMicroelectronics FreeRTOS 0.0.1
2025-10-22 15:19:17,990 [INFO] ThirdParty:1030 - CMSIS Pack Vendor :STMicroelectronics X-CUBE-AZRTOS-G0 1.1.0
2025-10-22 15:19:17,990 [INFO] ThirdParty:1030 - CMSIS Pack Vendor :STMicroelectronics X-CUBE-SAFEA1 1.2.2
2025-10-22 15:19:17,990 [INFO] ThirdParty:1030 - CMSIS Pack Vendor :STMicroelectronics X-CUBE-NFC4 3.0.0
2025-10-22 15:19:17,990 [INFO] ThirdParty:1030 - CMSIS Pack Vendor :STMicroelectronics X-CUBE-SUBG2 5.0.0
2025-10-22 15:19:17,990 [INFO] ThirdParty:1030 - CMSIS Pack Vendor :STMicroelectronics X-CUBE-AZRTOS-H7RS 1.1.0
2025-10-22 15:19:17,990 [INFO] ThirdParty:1030 - CMSIS Pack Vendor :STMicroelectronics STM32_WPAN 1.0.0
2025-10-22 15:19:17,990 [INFO] ThirdParty:1030 - CMSIS Pack Vendor :STMicroelectronics lwIP 2.0.3
2025-10-22 15:19:17,990 [INFO] ThirdParty:1030 - CMSIS Pack Vendor :STMicroelectronics USB_HOST 1.0.0
2025-10-22 15:19:17,990 [INFO] ThirdParty:1030 - CMSIS Pack Vendor :STMicroelectronics X-CUBE-AZRTOS-G4 2.0.0
2025-10-22 15:19:17,990 [INFO] ThirdParty:1030 - CMSIS Pack Vendor :STMicroelectronics X-CUBE-WB05N 2.0.0
2025-10-22 15:19:17,990 [INFO] ThirdParty:1030 - CMSIS Pack Vendor :STMicroelectronics PDM2PCM 3.1.0
2025-10-22 15:19:17,990 [INFO] ThirdParty:1030 - CMSIS Pack Vendor :STMicroelectronics PDM2PCM 3.3.0
2025-10-22 15:19:17,990 [INFO] ThirdParty:1030 - CMSIS Pack Vendor :wolfSSL I-CUBE-wolfTPM 3.8.0
2025-10-22 15:19:17,990 [INFO] ThirdParty:1030 - CMSIS Pack Vendor :STMicroelectronics X-CUBE-AZRTOS-H7 3.4.0
2025-10-22 15:19:17,990 [INFO] ThirdParty:1030 - CMSIS Pack Vendor :STMicroelectronics X-CUBE-DISPLAY 3.0.0
2025-10-22 15:19:17,990 [INFO] ThirdParty:1030 - CMSIS Pack Vendor :wolfSSL I-CUBE-wolfSSH 1.4.20
2025-10-22 15:19:17,990 [INFO] ThirdParty:1030 - CMSIS Pack Vendor :STMicroelectronics X-CUBE-NFC7 2.0.0
2025-10-22 15:19:17,990 [INFO] ThirdParty:1030 - CMSIS Pack Vendor :STMicroelectronics FP-ATR-SIGFOX1 3.2.0
2025-10-22 15:19:17,990 [INFO] ThirdParty:1030 - CMSIS Pack Vendor :STMicroelectronics X-CUBE-NFC10 1.0.0
2025-10-22 15:19:17,990 [INFO] ThirdParty:1030 - CMSIS Pack Vendor :STMicroelectronics X-CUBE-FREERTOS 1.3.1
2025-10-22 15:19:17,990 [INFO] ThirdParty:1030 - CMSIS Pack Vendor :STMicroelectronics HAL Drivers 0.0.0
2025-10-22 15:19:17,990 [INFO] ThirdParty:1030 - CMSIS Pack Vendor :STMicroelectronics MBEDTLS 2.16.2
2025-10-22 15:19:17,990 [INFO] ThirdParty:1030 - CMSIS Pack Vendor :STMicroelectronics X-CUBE-ALS 1.0.2
2025-10-22 15:19:17,990 [INFO] ThirdParty:1030 - CMSIS Pack Vendor :emotas I-CUBE-CANOPEN 1.3.0
2025-10-22 15:19:17,990 [INFO] ThirdParty:1030 - CMSIS Pack Vendor :STMicroelectronics MBEDTLS 2.14.1
2025-10-22 15:19:17,990 [INFO] ThirdParty:1030 - CMSIS Pack Vendor :ITTIA_DB I-CUBE-ITTIADB 8.9.0
2025-10-22 15:19:17,990 [INFO] ThirdParty:1030 - CMSIS Pack Vendor :STMicroelectronics X-CUBE-TOUCHGFX 4.26.0
2025-10-22 15:19:17,990 [INFO] ThirdParty:1030 - CMSIS Pack Vendor :STMicroelectronics X-CUBE-STSE01 1.0.0
2025-10-22 15:19:17,990 [INFO] ThirdParty:1030 - CMSIS Pack Vendor :STMicroelectronics X-CUBE-AI 10.2.0
2025-10-22 15:19:17,990 [INFO] ThirdParty:1030 - CMSIS Pack Vendor :STMicroelectronics ThreadX 1.0.0
2025-10-22 15:19:17,990 [INFO] ThirdParty:1030 - CMSIS Pack Vendor :STMicroelectronics FP-SNS-SMARTAG2 1.2.0
2025-10-22 15:19:17,990 [INFO] ThirdParty:1030 - CMSIS Pack Vendor :STMicroelectronics X-CUBE-AZRTOS-WL 2.0.0
2025-10-22 15:19:17,990 [INFO] ThirdParty:1030 - CMSIS Pack Vendor :SEGGER I-CUBE-embOS 1.3.1
2025-10-22 15:19:17,990 [INFO] ThirdParty:1030 - CMSIS Pack Vendor :STMicroelectronics X-CUBE-ALGOBUILD 1.4.0
2025-10-22 15:19:17,990 [INFO] ThirdParty:1030 - CMSIS Pack Vendor :STMicroelectronics X-CUBE-MEMS1 11.3.0
2025-10-22 15:19:17,990 [INFO] ThirdParty:1030 - CMSIS Pack Vendor :STMicroelectronics FP-SNS-MOTENV1 5.0.0
2025-10-22 15:19:17,990 [INFO] ThirdParty:1030 - CMSIS Pack Vendor :STMicroelectronics USB_DEVICE 1.0.0
2025-10-22 15:19:17,990 [INFO] ThirdParty:1030 - CMSIS Pack Vendor :STMicroelectronics X-CUBE-AZRTOS-L4 2.0.0
2025-10-22 15:19:17,990 [INFO] ThirdParty:1030 - CMSIS Pack Vendor :STMicroelectronics ThreadX 0.0.2
2025-10-22 15:19:17,990 [INFO] ThirdParty:1030 - CMSIS Pack Vendor :STMicroelectronics lwIP 2.1.2
2025-10-22 15:19:17,990 [INFO] ThirdParty:1030 - CMSIS Pack Vendor :STMicroelectronics X-CUBE-SFXS2LP1 4.0.0
2025-10-22 15:19:17,990 [INFO] ThirdParty:1030 - CMSIS Pack Vendor :STMicroelectronics X-CUBE-BLE2 3.3.0
2025-10-22 15:19:17,990 [INFO] ThirdParty:1030 - CMSIS Pack Vendor :STMicroelectronics PDM2PCM 3.2.0
2025-10-22 15:19:17,990 [INFO] ThirdParty:841 - exiting critical section [change project]
2025-10-22 15:19:18,064 [INFO] PinOutPanel:1499 - setPackage(No Configuration,No Configuration)
2025-10-22 15:19:18,065 [INFO] PinOutPanel:1499 - setPackage(STM32F411VETx,LQFP100)
2025-10-22 15:19:18,197 [INFO] UtilMem:75 - Before build in PCC Used Memory: 612375736 Bytes (735051776)
2025-10-22 15:19:18,351 [INFO] UtilMem:75 - After build in PCC Used Memory: 332497208 Bytes (735051776)
2025-10-22 15:19:18,354 [INFO] ApiDbMcu:507 - Load IP Config File for USB_HOST
2025-10-22 15:19:18,355 [WARN] BspModel:443 - BSP dependency skipped because of component: name='IOExpander', api='Unknown'
2025-10-22 15:19:18,379 [INFO] IPUIPlugin:80 - create IPUIPlugin
2025-10-22 15:19:18,379 [INFO] IPUIPlugin:80 - create IPUIPlugin
2025-10-22 15:19:18,379 [INFO] IPUIPlugin:80 - create IPUIPlugin
2025-10-22 15:19:18,379 [INFO] IPUIPlugin:80 - create IPUIPlugin
2025-10-22 15:19:18,379 [INFO] IPUIPlugin:80 - create IPUIPlugin
2025-10-22 15:19:18,379 [INFO] IPUIPlugin:80 - create IPUIPlugin
2025-10-22 15:19:18,379 [INFO] IPUIPlugin:80 - create IPUIPlugin
2025-10-22 15:19:18,379 [INFO] IPUIPlugin:80 - create IPUIPlugin
2025-10-22 15:19:18,379 [INFO] IPUIPlugin:80 - create IPUIPlugin
2025-10-22 15:19:18,379 [INFO] IPUIPlugin:80 - create IPUIPlugin
2025-10-22 15:19:18,379 [INFO] IPUIPlugin:80 - create IPUIPlugin
2025-10-22 15:19:18,379 [INFO] IPUIPlugin:80 - create IPUIPlugin
2025-10-22 15:19:18,380 [INFO] IPUIPlugin:80 - create IPUIPlugin
2025-10-22 15:19:18,380 [INFO] IPUIPlugin:80 - create IPUIPlugin
2025-10-22 15:19:18,380 [INFO] IPUIPlugin:80 - create IPUIPlugin
2025-10-22 15:19:18,380 [INFO] IPUIPlugin:80 - create IPUIPlugin
2025-10-22 15:19:18,380 [INFO] IPUIPlugin:80 - create IPUIPlugin
2025-10-22 15:19:18,380 [INFO] IPUIPlugin:80 - create IPUIPlugin
2025-10-22 15:19:18,380 [INFO] IPUIPlugin:80 - create IPUIPlugin
2025-10-22 15:19:18,380 [INFO] IPUIPlugin:80 - create IPUIPlugin
2025-10-22 15:19:18,380 [INFO] IPUIPlugin:80 - create IPUIPlugin
2025-10-22 15:19:18,380 [INFO] IPUIPlugin:80 - create IPUIPlugin
2025-10-22 15:19:18,381 [INFO] IPUIPlugin:80 - create IPUIPlugin
2025-10-22 15:19:18,381 [INFO] IPUIPlugin:80 - create IPUIPlugin
2025-10-22 15:19:18,381 [INFO] IPUIPlugin:80 - create IPUIPlugin
2025-10-22 15:19:18,381 [INFO] IPUIPlugin:80 - create IPUIPlugin
2025-10-22 15:19:18,381 [INFO] IPUIPlugin:80 - create IPUIPlugin
2025-10-22 15:19:18,381 [INFO] IPUIPlugin:80 - create IPUIPlugin
2025-10-22 15:19:18,382 [INFO] IPUIPlugin:80 - create IPUIPlugin
2025-10-22 15:19:18,382 [INFO] IPUIPlugin:80 - create IPUIPlugin
2025-10-22 15:19:18,382 [INFO] IPUIPlugin:80 - create IPUIPlugin
2025-10-22 15:19:18,382 [INFO] IPUIPlugin:80 - create IPUIPlugin
2025-10-22 15:19:18,382 [INFO] IPUIPlugin:80 - create IPUIPlugin
2025-10-22 15:19:18,383 [INFO] IPUIPlugin:80 - create IPUIPlugin
2025-10-22 15:19:18,383 [INFO] IPUIPlugin:80 - create IPUIPlugin
2025-10-22 15:19:18,383 [INFO] IPUIPlugin:80 - create IPUIPlugin
2025-10-22 15:19:18,383 [INFO] IPUIPlugin:80 - create IPUIPlugin
2025-10-22 15:19:18,383 [INFO] IPUIPlugin:80 - create IPUIPlugin
2025-10-22 15:19:18,383 [INFO] IPUIPlugin:80 - create IPUIPlugin
2025-10-22 15:19:18,384 [INFO] IPUIPlugin:80 - create IPUIPlugin
2025-10-22 15:19:18,384 [INFO] IPUIPlugin:80 - create IPUIPlugin
2025-10-22 15:19:18,384 [INFO] IPUIPlugin:80 - create IPUIPlugin
2025-10-22 15:19:18,384 [INFO] IPUIPlugin:80 - create IPUIPlugin
2025-10-22 15:19:18,386 [INFO] ApiDbMcu:507 - Load IP Config File for PDM2PCM
2025-10-22 15:19:18,386 [WARN] IP:2113 - I2C_Coeff_DF not found: check if there is a RefParameter without a condition.
2025-10-22 15:19:18,386 [WARN] IP:2113 - Analog_Filter not found: check if there is a RefParameter without a condition.
2025-10-22 15:19:18,388 [INFO] I2sManager:658 - 1.6E8
2025-10-22 15:19:18,388 [INFO] I2sManager:195 - I2S Clock Value : 1.6E8
2025-10-22 15:19:18,388 [INFO] I2sManager:553 - AudioClock : 96153Divider : 26Odd : 0
2025-10-22 15:19:18,389 [INFO] I2sManager:658 - 1.6E8
2025-10-22 15:19:18,389 [INFO] I2sManager:195 - I2S Clock Value : 1.6E8
2025-10-22 15:19:18,389 [INFO] I2sManager:553 - AudioClock : 89285Divider : 3Odd : 1
2025-10-22 15:19:18,410 [INFO] CADModel:165 - CPN selected for project levelSTM32F411VET6
2025-10-22 15:19:18,410 [INFO] CADModel:114 - Register for checkConnection events
2025-10-22 15:19:18,448 [INFO] OpenFileManager:328 - Restore cursor
2025-10-22 15:19:18,547 [WARN] IP:2113 - I2C_Coeff_DF not found: check if there is a RefParameter without a condition.
2025-10-22 15:19:18,547 [WARN] IP:2113 - Analog_Filter not found: check if there is a RefParameter without a condition.
2025-10-22 15:19:18,548 [WARN] IP:2113 - I2C_Coeff_DF not found: check if there is a RefParameter without a condition.
2025-10-22 15:19:18,548 [WARN] IP:2113 - Analog_Filter not found: check if there is a RefParameter without a condition.
2025-10-22 15:19:18,688 [INFO] UtilMem:75 - End SaveConfig() Used Memory: 401083088 Bytes (735051776)
2025-10-22 15:19:18,748 [INFO] UtilMem:75 - End SaveConfig() Used Memory: 419564312 Bytes (735051776)
2025-10-22 15:19:19,118 [INFO] BlockDiagram:2759 - set Specific Code input for plugin: SPI
2025-10-22 15:19:19,118 [INFO] BlockDiagram:2759 - set Specific Code input for plugin: I2S
2025-10-22 15:19:19,118 [INFO] BlockDiagram:2759 - set Specific Code input for plugin: I2S
2025-10-22 15:19:19,118 [INFO] BlockDiagram:2759 - set Specific Code input for plugin: SYS
2025-10-22 15:19:19,118 [INFO] BlockDiagram:2759 - set Specific Code input for plugin: RCC
2025-10-22 15:19:19,118 [INFO] BlockDiagram:2759 - set Specific Code input for plugin: I2C
2025-10-22 15:19:19,118 [INFO] BlockDiagram:2759 - set Specific Code input for plugin: USB_OTG_FS
2025-10-22 15:19:19,118 [INFO] BlockDiagram:2759 - set Specific Code input for plugin: NVIC
2025-10-22 15:19:19,118 [INFO] BlockDiagram:2759 - set Specific Code input for plugin: USB_HOST
2025-10-22 15:19:19,119 [INFO] BlockDiagram:2759 - set Specific Code input for plugin: GPIO
2025-10-22 15:19:19,119 [INFO] CodeGenerator:793 - code generatio: config db path: /app/stm32cubeide/plugins/com.st.stm32cube.common.mx_6.8.0.202302231600//db/
2025-10-22 15:19:19,120 [WARN] IP:2113 - I2C_Coeff_DF not found: check if there is a RefParameter without a condition.
2025-10-22 15:19:19,120 [WARN] IP:2113 - Analog_Filter not found: check if there is a RefParameter without a condition.
2025-10-22 15:19:19,317 [INFO] CodeEngine:255 - oldGeneratedFile, /home/abanchio/Documents/Famaf/5to/microcontroladores/2_proximity_sensor/MXTmpFiles/license.tmp_save
2025-10-22 15:19:19,362 [INFO] CodeEngine:279 - Generated code: /home/abanchio/Documents/Famaf/5to/microcontroladores/2_proximity_sensor/MXTmpFiles/license.tmp
2025-10-22 15:19:19,382 [INFO] CodeEngine:255 - oldGeneratedFile, /home/abanchio/Documents/Famaf/5to/microcontroladores/2_proximity_sensor/MXTmpFiles/gpio.tmp_save
2025-10-22 15:19:19,421 [INFO] CodeEngine:279 - Generated code: /home/abanchio/Documents/Famaf/5to/microcontroladores/2_proximity_sensor/MXTmpFiles/gpio.tmp
2025-10-22 15:19:19,463 [WARN] IPConfigManager:2937 - Warning: the RefConfig PWREx_EnableUSBVoltageDetector is not available in your config.xml file
2025-10-22 15:19:19,464 [INFO] CodeEngine:255 - oldGeneratedFile, /home/abanchio/Documents/Famaf/5to/microcontroladores/2_proximity_sensor/MXTmpFiles/usb_otg_fs_vars.tmp_save
2025-10-22 15:19:19,499 [INFO] CodeEngine:279 - Generated code: /home/abanchio/Documents/Famaf/5to/microcontroladores/2_proximity_sensor/MXTmpFiles/usb_otg_fs_vars.tmp
2025-10-22 15:19:19,500 [INFO] CodeEngine:255 - oldGeneratedFile, /home/abanchio/Documents/Famaf/5to/microcontroladores/2_proximity_sensor/MXTmpFiles/usb_otg_fs_inc.tmp_save
2025-10-22 15:19:19,534 [INFO] CodeEngine:279 - Generated code: /home/abanchio/Documents/Famaf/5to/microcontroladores/2_proximity_sensor/MXTmpFiles/usb_otg_fs_inc.tmp
2025-10-22 15:19:19,535 [INFO] CodeEngine:255 - oldGeneratedFile, /home/abanchio/Documents/Famaf/5to/microcontroladores/2_proximity_sensor/MXTmpFiles/usb_otg_fs_HalInit.tmp_save
2025-10-22 15:19:19,576 [INFO] CodeEngine:279 - Generated code: /home/abanchio/Documents/Famaf/5to/microcontroladores/2_proximity_sensor/MXTmpFiles/usb_otg_fs_HalInit.tmp
2025-10-22 15:19:19,577 [INFO] CodeEngine:255 - oldGeneratedFile, /home/abanchio/Documents/Famaf/5to/microcontroladores/2_proximity_sensor/MXTmpFiles/usb_otg_fs_Msp.tmp_save
2025-10-22 15:19:19,624 [INFO] CodeEngine:279 - Generated code: /home/abanchio/Documents/Famaf/5to/microcontroladores/2_proximity_sensor/MXTmpFiles/usb_otg_fs_Msp.tmp
2025-10-22 15:19:19,774 [INFO] CodeEngine:255 - oldGeneratedFile, /home/abanchio/Documents/Famaf/5to/microcontroladores/2_proximity_sensor/USB_HOST/App/usb_host.c_save
2025-10-22 15:19:19,816 [INFO] CodeEngine:279 - Generated code: /home/abanchio/Documents/Famaf/5to/microcontroladores/2_proximity_sensor/USB_HOST/App/usb_host.c
2025-10-22 15:19:19,817 [INFO] CodeEngine:255 - oldGeneratedFile, /home/abanchio/Documents/Famaf/5to/microcontroladores/2_proximity_sensor/USB_HOST/App/usb_host.h_save
2025-10-22 15:19:19,852 [INFO] CodeEngine:279 - Generated code: /home/abanchio/Documents/Famaf/5to/microcontroladores/2_proximity_sensor/USB_HOST/App/usb_host.h
2025-10-22 15:19:19,852 [INFO] CodeEngine:255 - oldGeneratedFile, /home/abanchio/Documents/Famaf/5to/microcontroladores/2_proximity_sensor/USB_HOST/Target/usbh_conf.h_save
2025-10-22 15:19:19,895 [INFO] CodeEngine:279 - Generated code: /home/abanchio/Documents/Famaf/5to/microcontroladores/2_proximity_sensor/USB_HOST/Target/usbh_conf.h
2025-10-22 15:19:19,896 [INFO] CodeEngine:255 - oldGeneratedFile, /home/abanchio/Documents/Famaf/5to/microcontroladores/2_proximity_sensor/USB_HOST/Target/usbh_conf.c_save
2025-10-22 15:19:19,943 [INFO] CodeEngine:279 - Generated code: /home/abanchio/Documents/Famaf/5to/microcontroladores/2_proximity_sensor/USB_HOST/Target/usbh_conf.c
2025-10-22 15:19:19,944 [INFO] CodeEngine:255 - oldGeneratedFile, /home/abanchio/Documents/Famaf/5to/microcontroladores/2_proximity_sensor/USB_HOST/Target/usbh_platform.c_save
2025-10-22 15:19:19,995 [INFO] CodeEngine:279 - Generated code: /home/abanchio/Documents/Famaf/5to/microcontroladores/2_proximity_sensor/USB_HOST/Target/usbh_platform.c
2025-10-22 15:19:19,996 [INFO] CodeEngine:255 - oldGeneratedFile, /home/abanchio/Documents/Famaf/5to/microcontroladores/2_proximity_sensor/USB_HOST/Target/usbh_platform.h_save
2025-10-22 15:19:20,042 [INFO] CodeEngine:279 - Generated code: /home/abanchio/Documents/Famaf/5to/microcontroladores/2_proximity_sensor/USB_HOST/Target/usbh_platform.h
2025-10-22 15:19:20,044 [INFO] CodeEngine:255 - oldGeneratedFile, /home/abanchio/Documents/Famaf/5to/microcontroladores/2_proximity_sensor/Core/Src/stm32f4xx_it.c_save
2025-10-22 15:19:20,084 [INFO] CodeEngine:279 - Generated code: /home/abanchio/Documents/Famaf/5to/microcontroladores/2_proximity_sensor/Core/Src/stm32f4xx_it.c
2025-10-22 15:19:20,084 [INFO] CodeEngine:255 - oldGeneratedFile, /home/abanchio/Documents/Famaf/5to/microcontroladores/2_proximity_sensor/Core/Inc/stm32f4xx_it.h_save
2025-10-22 15:19:20,117 [INFO] CodeEngine:279 - Generated code: /home/abanchio/Documents/Famaf/5to/microcontroladores/2_proximity_sensor/Core/Inc/stm32f4xx_it.h
2025-10-22 15:19:20,120 [INFO] CodeEngine:255 - oldGeneratedFile, /home/abanchio/Documents/Famaf/5to/microcontroladores/2_proximity_sensor/Core/Src/stm32f4xx_hal_msp.c_save
2025-10-22 15:19:20,167 [INFO] CodeEngine:279 - Generated code: /home/abanchio/Documents/Famaf/5to/microcontroladores/2_proximity_sensor/Core/Src/stm32f4xx_hal_msp.c
2025-10-22 15:19:20,168 [INFO] CodeEngine:255 - oldGeneratedFile, /home/abanchio/Documents/Famaf/5to/microcontroladores/2_proximity_sensor/MXTmpFiles/system.tmp_save
2025-10-22 15:19:20,200 [INFO] CodeEngine:279 - Generated code: /home/abanchio/Documents/Famaf/5to/microcontroladores/2_proximity_sensor/MXTmpFiles/system.tmp
2025-10-22 15:19:20,201 [INFO] CodeEngine:311 - oldGeneratedFile, /home/abanchio/Documents/Famaf/5to/microcontroladores/2_proximity_sensor/Core/Inc/stm32f4xx_hal_conf.h_save
2025-10-22 15:19:20,236 [INFO] CodeEngine:335 - Generated code: /home/abanchio/Documents/Famaf/5to/microcontroladores/2_proximity_sensor/Core/Inc/stm32f4xx_hal_conf.h
2025-10-22 15:19:20,245 [INFO] CodeEngine:255 - oldGeneratedFile, /home/abanchio/Documents/Famaf/5to/microcontroladores/2_proximity_sensor/Core/Inc/main.h_save
2025-10-22 15:19:20,279 [INFO] CodeEngine:279 - Generated code: /home/abanchio/Documents/Famaf/5to/microcontroladores/2_proximity_sensor/Core/Inc/main.h
2025-10-22 15:19:20,279 [INFO] CodeEngine:255 - oldGeneratedFile, /home/abanchio/Documents/Famaf/5to/microcontroladores/2_proximity_sensor/Core/Src/main.c_save
2025-10-22 15:19:20,327 [INFO] CodeEngine:279 - Generated code: /home/abanchio/Documents/Famaf/5to/microcontroladores/2_proximity_sensor/Core/Src/main.c
2025-10-22 15:19:20,594 [INFO] ProjectBuilder:2996 - Time for Copy HAL[1] : 35mS.
2025-10-22 15:19:20,596 [INFO] ProjectBuilder:4304 - Project Generator version: 3.19.2
2025-10-22 15:19:20,704 [INFO] ConfigFileManager:1483 - The Die is : DIE431
2025-10-22 15:19:20,707 [INFO] ApiDbMcu:507 - Load IP Config File for FATFS
2025-10-22 15:19:20,708 [INFO] ApiDbMcu:507 - Load IP Config File for FREERTOS
2025-10-22 15:19:20,709 [INFO] ApiDbMcu:507 - Load IP Config File for LIBJPEG
2025-10-22 15:19:20,711 [INFO] ApiDbMcu:507 - Load IP Config File for MBEDTLS
2025-10-22 15:19:20,714 [INFO] ApiDbMcu:507 - Load IP Config File for USB_DEVICE
2025-10-22 15:19:22,503 [INFO] ProjectBuilder:4505 - Time for Generating toolchain IDE Files: 1907mS.
2025-10-22 15:19:22,504 [INFO] ProjectBuilder:2867 - Time for Copy CMSIS : 0mS.
2025-10-22 15:19:22,505 [INFO] ProjectBuilder:2867 - Time for Copy CMSIS : 0mS.
2025-10-22 15:19:22,860 [INFO] McuFinderGlobals:66 - Set McuFinderConnectedMode to true
2025-10-22 15:19:22,862 [INFO] ApiDb:448 - Save user favorites file /home/abanchio/.stm32cubeide/favorites.mcus.txt: 0 item(s)
2025-10-22 15:19:22,862 [INFO] ApiDb:452 - User favorites MCUs=[]
2025-10-22 15:19:22,862 [INFO] ApiDb:448 - Save user favorites file /home/abanchio/.stm32cubeide/favorites.boards.txt: 2 item(s)
2025-10-22 15:19:22,862 [INFO] ApiDb:452 - User favorites Boards=[STM32F407G-DISC1, STM32F411E-DISCO]
2025-10-22 15:20:39,684 [WARN] BspModel:443 - BSP dependency skipped because of component: name='IOExpander', api='Unknown'
2025-10-22 15:20:39,713 [WARN] IP:2113 - I2C_Coeff_DF not found: check if there is a RefParameter without a condition.
2025-10-22 15:20:39,713 [WARN] IP:2113 - Analog_Filter not found: check if there is a RefParameter without a condition.
2025-10-22 15:20:39,714 [WARN] IP:2113 - I2C_Coeff_DF not found: check if there is a RefParameter without a condition.
2025-10-22 15:20:39,714 [WARN] IP:2113 - Analog_Filter not found: check if there is a RefParameter without a condition.
2025-10-22 15:20:39,730 [WARN] IP:2113 - I2C_Coeff_DF not found: check if there is a RefParameter without a condition.
2025-10-22 15:20:39,730 [WARN] IP:2113 - Analog_Filter not found: check if there is a RefParameter without a condition.
2025-10-22 15:20:39,748 [WARN] IP:2113 - I2C_Coeff_DF not found: check if there is a RefParameter without a condition.
2025-10-22 15:20:39,748 [WARN] IP:2113 - Analog_Filter not found: check if there is a RefParameter without a condition.
2025-10-22 15:21:26,761 [WARN] BspModel:443 - BSP dependency skipped because of component: name='IOExpander', api='Unknown'
2025-10-22 15:21:26,797 [WARN] IP:2113 - I2C_Coeff_DF not found: check if there is a RefParameter without a condition.
2025-10-22 15:21:26,797 [WARN] IP:2113 - Analog_Filter not found: check if there is a RefParameter without a condition.
2025-10-22 15:21:26,797 [WARN] IP:2113 - I2C_Coeff_DF not found: check if there is a RefParameter without a condition.
2025-10-22 15:21:26,797 [WARN] IP:2113 - Analog_Filter not found: check if there is a RefParameter without a condition.
2025-10-22 15:21:26,815 [WARN] IP:2113 - I2C_Coeff_DF not found: check if there is a RefParameter without a condition.
2025-10-22 15:21:26,815 [WARN] IP:2113 - Analog_Filter not found: check if there is a RefParameter without a condition.
2025-10-22 15:21:26,831 [WARN] IP:2113 - I2C_Coeff_DF not found: check if there is a RefParameter without a condition.
2025-10-22 15:21:26,831 [WARN] IP:2113 - Analog_Filter not found: check if there is a RefParameter without a condition.
2025-10-22 15:22:29,168 [INFO] UtilMem:75 - End SaveConfig() Used Memory: 260162432 Bytes (757071872)
2025-10-22 15:22:31,256 [INFO] UtilMem:75 - End SaveConfig() Used Memory: 300534656 Bytes (757071872)
2025-10-22 15:22:33,925 [INFO] UtilMem:75 - End SaveConfig() Used Memory: 380226432 Bytes (757071872)
2025-10-22 15:22:34,081 [INFO] BlockDiagram:2759 - set Specific Code input for plugin: SPI
2025-10-22 15:22:34,082 [INFO] BlockDiagram:2759 - set Specific Code input for plugin: I2S
2025-10-22 15:22:34,082 [INFO] BlockDiagram:2759 - set Specific Code input for plugin: I2S
2025-10-22 15:22:34,082 [INFO] BlockDiagram:2759 - set Specific Code input for plugin: SYS
2025-10-22 15:22:34,082 [INFO] BlockDiagram:2759 - set Specific Code input for plugin: RCC
2025-10-22 15:22:34,082 [INFO] BlockDiagram:2759 - set Specific Code input for plugin: I2C
2025-10-22 15:22:34,082 [INFO] BlockDiagram:2759 - set Specific Code input for plugin: USB_OTG_FS
2025-10-22 15:22:34,082 [INFO] BlockDiagram:2759 - set Specific Code input for plugin: NVIC
2025-10-22 15:22:34,082 [INFO] BlockDiagram:2759 - set Specific Code input for plugin: USB_HOST
2025-10-22 15:22:34,082 [INFO] BlockDiagram:2759 - set Specific Code input for plugin: GPIO
2025-10-22 15:22:34,082 [INFO] CodeGenerator:793 - code generatio: config db path: /app/stm32cubeide/plugins/com.st.stm32cube.common.mx_6.8.0.202302231600//db/
2025-10-22 15:22:34,083 [WARN] IP:2113 - I2C_Coeff_DF not found: check if there is a RefParameter without a condition.
2025-10-22 15:22:34,084 [WARN] IP:2113 - Analog_Filter not found: check if there is a RefParameter without a condition.
2025-10-22 15:22:34,211 [INFO] CodeEngine:255 - oldGeneratedFile, /home/abanchio/Documents/Famaf/5to/microcontroladores/2_proximity_sensor/MXTmpFiles/license.tmp_save
2025-10-22 15:22:34,275 [INFO] CodeEngine:279 - Generated code: /home/abanchio/Documents/Famaf/5to/microcontroladores/2_proximity_sensor/MXTmpFiles/license.tmp
2025-10-22 15:22:34,305 [INFO] CodeEngine:255 - oldGeneratedFile, /home/abanchio/Documents/Famaf/5to/microcontroladores/2_proximity_sensor/MXTmpFiles/gpio.tmp_save
2025-10-22 15:22:34,360 [INFO] CodeEngine:279 - Generated code: /home/abanchio/Documents/Famaf/5to/microcontroladores/2_proximity_sensor/MXTmpFiles/gpio.tmp
2025-10-22 15:22:34,414 [WARN] IPConfigManager:2937 - Warning: the RefConfig PWREx_EnableUSBVoltageDetector is not available in your config.xml file
2025-10-22 15:22:34,416 [INFO] CodeEngine:255 - oldGeneratedFile, /home/abanchio/Documents/Famaf/5to/microcontroladores/2_proximity_sensor/MXTmpFiles/usb_otg_fs_vars.tmp_save
2025-10-22 15:22:34,465 [INFO] CodeEngine:279 - Generated code: /home/abanchio/Documents/Famaf/5to/microcontroladores/2_proximity_sensor/MXTmpFiles/usb_otg_fs_vars.tmp
2025-10-22 15:22:34,466 [INFO] CodeEngine:255 - oldGeneratedFile, /home/abanchio/Documents/Famaf/5to/microcontroladores/2_proximity_sensor/MXTmpFiles/usb_otg_fs_inc.tmp_save
2025-10-22 15:22:34,511 [INFO] CodeEngine:279 - Generated code: /home/abanchio/Documents/Famaf/5to/microcontroladores/2_proximity_sensor/MXTmpFiles/usb_otg_fs_inc.tmp
2025-10-22 15:22:34,511 [INFO] CodeEngine:255 - oldGeneratedFile, /home/abanchio/Documents/Famaf/5to/microcontroladores/2_proximity_sensor/MXTmpFiles/usb_otg_fs_HalInit.tmp_save
2025-10-22 15:22:34,553 [INFO] CodeEngine:279 - Generated code: /home/abanchio/Documents/Famaf/5to/microcontroladores/2_proximity_sensor/MXTmpFiles/usb_otg_fs_HalInit.tmp
2025-10-22 15:22:34,554 [INFO] CodeEngine:255 - oldGeneratedFile, /home/abanchio/Documents/Famaf/5to/microcontroladores/2_proximity_sensor/MXTmpFiles/usb_otg_fs_Msp.tmp_save
2025-10-22 15:22:34,603 [INFO] CodeEngine:279 - Generated code: /home/abanchio/Documents/Famaf/5to/microcontroladores/2_proximity_sensor/MXTmpFiles/usb_otg_fs_Msp.tmp
2025-10-22 15:22:34,747 [INFO] CodeEngine:255 - oldGeneratedFile, /home/abanchio/Documents/Famaf/5to/microcontroladores/2_proximity_sensor/USB_HOST/App/usb_host.c_save
2025-10-22 15:22:34,792 [INFO] CodeEngine:279 - Generated code: /home/abanchio/Documents/Famaf/5to/microcontroladores/2_proximity_sensor/USB_HOST/App/usb_host.c
2025-10-22 15:22:34,793 [INFO] CodeEngine:255 - oldGeneratedFile, /home/abanchio/Documents/Famaf/5to/microcontroladores/2_proximity_sensor/USB_HOST/App/usb_host.h_save
2025-10-22 15:22:34,846 [INFO] CodeEngine:279 - Generated code: /home/abanchio/Documents/Famaf/5to/microcontroladores/2_proximity_sensor/USB_HOST/App/usb_host.h
2025-10-22 15:22:34,847 [INFO] CodeEngine:255 - oldGeneratedFile, /home/abanchio/Documents/Famaf/5to/microcontroladores/2_proximity_sensor/USB_HOST/Target/usbh_conf.h_save
2025-10-22 15:22:34,897 [INFO] CodeEngine:279 - Generated code: /home/abanchio/Documents/Famaf/5to/microcontroladores/2_proximity_sensor/USB_HOST/Target/usbh_conf.h
2025-10-22 15:22:34,898 [INFO] CodeEngine:255 - oldGeneratedFile, /home/abanchio/Documents/Famaf/5to/microcontroladores/2_proximity_sensor/USB_HOST/Target/usbh_conf.c_save
2025-10-22 15:22:34,939 [INFO] CodeEngine:279 - Generated code: /home/abanchio/Documents/Famaf/5to/microcontroladores/2_proximity_sensor/USB_HOST/Target/usbh_conf.c
2025-10-22 15:22:34,940 [INFO] CodeEngine:255 - oldGeneratedFile, /home/abanchio/Documents/Famaf/5to/microcontroladores/2_proximity_sensor/USB_HOST/Target/usbh_platform.c_save
2025-10-22 15:22:34,974 [INFO] CodeEngine:279 - Generated code: /home/abanchio/Documents/Famaf/5to/microcontroladores/2_proximity_sensor/USB_HOST/Target/usbh_platform.c
2025-10-22 15:22:34,974 [INFO] CodeEngine:255 - oldGeneratedFile, /home/abanchio/Documents/Famaf/5to/microcontroladores/2_proximity_sensor/USB_HOST/Target/usbh_platform.h_save
2025-10-22 15:22:35,006 [INFO] CodeEngine:279 - Generated code: /home/abanchio/Documents/Famaf/5to/microcontroladores/2_proximity_sensor/USB_HOST/Target/usbh_platform.h
2025-10-22 15:22:35,009 [INFO] CodeEngine:255 - oldGeneratedFile, /home/abanchio/Documents/Famaf/5to/microcontroladores/2_proximity_sensor/Core/Src/stm32f4xx_it.c_save
2025-10-22 15:22:35,043 [INFO] CodeEngine:279 - Generated code: /home/abanchio/Documents/Famaf/5to/microcontroladores/2_proximity_sensor/Core/Src/stm32f4xx_it.c
2025-10-22 15:22:35,044 [INFO] CodeEngine:255 - oldGeneratedFile, /home/abanchio/Documents/Famaf/5to/microcontroladores/2_proximity_sensor/Core/Inc/stm32f4xx_it.h_save
2025-10-22 15:22:35,075 [INFO] CodeEngine:279 - Generated code: /home/abanchio/Documents/Famaf/5to/microcontroladores/2_proximity_sensor/Core/Inc/stm32f4xx_it.h
2025-10-22 15:22:35,077 [INFO] CodeEngine:255 - oldGeneratedFile, /home/abanchio/Documents/Famaf/5to/microcontroladores/2_proximity_sensor/Core/Src/stm32f4xx_hal_msp.c_save
2025-10-22 15:22:35,122 [INFO] CodeEngine:279 - Generated code: /home/abanchio/Documents/Famaf/5to/microcontroladores/2_proximity_sensor/Core/Src/stm32f4xx_hal_msp.c
2025-10-22 15:22:35,123 [INFO] CodeEngine:255 - oldGeneratedFile, /home/abanchio/Documents/Famaf/5to/microcontroladores/2_proximity_sensor/MXTmpFiles/system.tmp_save
2025-10-22 15:22:35,153 [INFO] CodeEngine:279 - Generated code: /home/abanchio/Documents/Famaf/5to/microcontroladores/2_proximity_sensor/MXTmpFiles/system.tmp
2025-10-22 15:22:35,154 [INFO] CodeEngine:311 - oldGeneratedFile, /home/abanchio/Documents/Famaf/5to/microcontroladores/2_proximity_sensor/Core/Inc/stm32f4xx_hal_conf.h_save
2025-10-22 15:22:35,189 [INFO] CodeEngine:335 - Generated code: /home/abanchio/Documents/Famaf/5to/microcontroladores/2_proximity_sensor/Core/Inc/stm32f4xx_hal_conf.h
2025-10-22 15:22:35,198 [INFO] CodeEngine:255 - oldGeneratedFile, /home/abanchio/Documents/Famaf/5to/microcontroladores/2_proximity_sensor/Core/Inc/main.h_save
2025-10-22 15:22:35,231 [INFO] CodeEngine:279 - Generated code: /home/abanchio/Documents/Famaf/5to/microcontroladores/2_proximity_sensor/Core/Inc/main.h
2025-10-22 15:22:35,231 [INFO] CodeEngine:255 - oldGeneratedFile, /home/abanchio/Documents/Famaf/5to/microcontroladores/2_proximity_sensor/Core/Src/main.c_save
2025-10-22 15:22:35,282 [INFO] CodeEngine:279 - Generated code: /home/abanchio/Documents/Famaf/5to/microcontroladores/2_proximity_sensor/Core/Src/main.c
2025-10-22 15:22:35,556 [INFO] ProjectBuilder:2996 - Time for Copy HAL[1] : 13mS.
2025-10-22 15:22:35,558 [INFO] ProjectBuilder:4304 - Project Generator version: 3.19.2
2025-10-22 15:22:35,674 [INFO] ConfigFileManager:1483 - The Die is : DIE431
2025-10-22 15:22:36,760 [INFO] ProjectBuilder:4505 - Time for Generating toolchain IDE Files: 1202mS.
2025-10-22 15:22:36,760 [INFO] ProjectBuilder:2867 - Time for Copy CMSIS : 0mS.
2025-10-22 15:22:36,761 [INFO] ProjectBuilder:2867 - Time for Copy CMSIS : 0mS.
2025-10-22 15:22:37,008 [INFO] MainUpdater:2854 - connection check result : 10
2025-10-22 15:22:37,009 [INFO] MainUpdater:2854 - connection check result : 10
2025-10-22 15:22:37,022 [INFO] I2sManager:658 - 1.6E8
2025-10-22 15:22:37,022 [INFO] I2sManager:195 - I2S Clock Value : 1.6E8
2025-10-22 15:22:37,022 [INFO] I2sManager:553 - AudioClock : 96153Divider : 26Odd : 0
2025-10-22 15:22:37,023 [INFO] I2sManager:658 - 1.6E8
2025-10-22 15:22:37,023 [INFO] I2sManager:195 - I2S Clock Value : 1.6E8
2025-10-22 15:22:37,023 [INFO] I2sManager:553 - AudioClock : 89285Divider : 3Odd : 1
2025-10-22 15:22:37,024 [INFO] MicroXplorer:468 - Change Database Path : 
2025-10-22 15:22:37,024 [INFO] MicroXplorer:498 - Change Database Version : DB.6.0.80
2025-10-22 15:22:37,038 [WARN] ThirdParty:871 - waiting for thirdparty lock release [close project]
2025-10-22 15:22:37,038 [INFO] ThirdParty:873 - entering critical section [close project]
2025-10-22 15:22:37,039 [INFO] ThirdParty:883 - exiting critical section [close project]
2025-10-22 15:22:37,039 [INFO] PinOutPanel:1499 - setPackage(No Configuration,No Configuration)
2025-10-22 15:22:37,045 [WARN] IpParametersView:150 - Warning: This peripheral hasn't parameters
2025-10-22 15:22:37,047 [WARN] MainPanel:257 - <html><b><center>Warning: This peripheral has no parameters to be configured<br></b></html>
2025-10-22 15:22:37,049 [INFO] UtilMem:75 - Begin LoadConfig() Used Memory: 328619824 Bytes (762314752)
2025-10-22 15:22:37,050 [INFO] MicroXplorer:468 - Change Database Path : 
2025-10-22 15:22:37,050 [INFO] MicroXplorer:498 - Change Database Version : DB.6.0.80
2025-10-22 15:22:37,050 [INFO] OpenFileManager:308 - Change cursor
2025-10-22 15:22:37,057 [INFO] RulesReader:64 - Compatibility file has been processed (293 Rules)
2025-10-22 15:22:37,060 [INFO] Mcu:1937 - Initializing MCU STM32F407V(E-G)Tx STM32F407VGTx STM32F407VGT6
2025-10-22 15:22:37,774 [INFO] Context:659 - Trying to add GPIOservice into a context  which must be forbidden
2025-10-22 15:22:37,951 [INFO] RtosManager:555 - Registered RTOS mode: class=CMSIS, group=RTOS, mode=CMSIS_V1, owner=FREERTOS
2025-10-22 15:22:37,951 [INFO] RtosManager:555 - Registered RTOS mode: class=CMSIS, group=RTOS2, mode=CMSIS_V2, owner=FREERTOS
2025-10-22 15:22:37,951 [INFO] RtosManager:555 - Registered RTOS mode: class=RTOS, group=Core, mode=CMSIS_V1, owner=FREERTOS
2025-10-22 15:22:37,951 [INFO] RtosManager:555 - Registered RTOS mode: class=RTOS, group=Core, mode=CMSIS_V2, owner=FREERTOS
2025-10-22 15:22:37,951 [WARN] ModelIntegratedComponent:184 - Missing modes for component STMicroelectronics:FreeRTOS:0.0.1:STMicroelectronics:RTOS:FreeRTOS:Core:::10.2.0:
2025-10-22 15:22:37,954 [WARN] ModelIntegratedComponent:63 - No mode defined for component null
2025-10-22 15:22:37,955 [WARN] ModelIntegratedComponent:63 - No mode defined for component null
2025-10-22 15:22:37,955 [WARN] ModelIntegratedComponent:63 - No mode defined for component null
2025-10-22 15:22:37,955 [WARN] ModelIntegratedComponent:63 - No mode defined for component null
2025-10-22 15:22:37,955 [WARN] ModelIntegratedComponent:63 - No mode defined for component null
2025-10-22 15:22:37,955 [WARN] ModelIntegratedComponent:63 - No mode defined for component null
2025-10-22 15:22:37,955 [WARN] ModelIntegratedComponent:63 - No mode defined for component null
2025-10-22 15:22:37,955 [WARN] ModelIntegratedComponent:63 - No mode defined for component null
2025-10-22 15:22:37,955 [WARN] ModelIntegratedComponent:63 - No mode defined for component null
2025-10-22 15:22:37,955 [WARN] ModelIntegratedComponent:63 - No mode defined for component null
2025-10-22 15:22:37,955 [WARN] ModelIntegratedComponent:63 - No mode defined for component null
2025-10-22 15:22:37,955 [WARN] ModelIntegratedComponent:63 - No mode defined for component null
2025-10-22 15:22:37,955 [WARN] ModelIntegratedComponent:63 - No mode defined for component null
2025-10-22 15:22:37,955 [WARN] ModelIntegratedComponent:63 - No mode defined for component null
2025-10-22 15:22:37,955 [WARN] ModelIntegratedComponent:63 - No mode defined for component null
2025-10-22 15:22:37,955 [WARN] ModelIntegratedComponent:63 - No mode defined for component null
2025-10-22 15:22:37,955 [WARN] ModelIntegratedComponent:63 - No mode defined for component null
2025-10-22 15:22:37,955 [WARN] ModelIntegratedComponent:63 - No mode defined for component null
2025-10-22 15:22:37,955 [WARN] ModelIntegratedComponent:63 - No mode defined for component null
2025-10-22 15:22:37,955 [WARN] ModelIntegratedComponent:63 - No mode defined for component null
2025-10-22 15:22:37,955 [WARN] ModelIntegratedComponent:63 - No mode defined for component null
2025-10-22 15:22:37,955 [WARN] ModelIntegratedComponent:63 - No mode defined for component null
2025-10-22 15:22:37,955 [WARN] ModelIntegratedComponent:63 - No mode defined for component null
2025-10-22 15:22:37,955 [WARN] ModelIntegratedComponent:63 - No mode defined for component null
2025-10-22 15:22:37,955 [WARN] ModelIntegratedComponent:63 - No mode defined for component null
2025-10-22 15:22:37,955 [WARN] ModelIntegratedComponent:63 - No mode defined for component null
2025-10-22 15:22:37,955 [WARN] ModelIntegratedComponent:63 - No mode defined for component null
2025-10-22 15:22:37,955 [WARN] ModelIntegratedComponent:63 - No mode defined for component null
2025-10-22 15:22:37,955 [WARN] ModelIntegratedComponent:63 - No mode defined for component null
2025-10-22 15:22:37,955 [WARN] ModelIntegratedComponent:63 - No mode defined for component null
2025-10-22 15:22:37,955 [WARN] ModelIntegratedComponent:63 - No mode defined for component null
2025-10-22 15:22:37,955 [WARN] ModelIntegratedComponent:63 - No mode defined for component null
2025-10-22 15:22:37,955 [WARN] ModelIntegratedComponent:63 - No mode defined for component null
2025-10-22 15:22:38,001 [INFO] ThirdPartyModel:298 - Start build external matchings
2025-10-22 15:22:38,251 [INFO] ThirdPartyModel:316 - End build external matchings
2025-10-22 15:22:38,258 [INFO] ImportTextPane:194 - (OptionalMessage_ERROR) IP (RCC) : Parameter (RTCHSEDivFreq_Value) has invalid value (4000000)
2025-10-22 15:22:38,363 [INFO] UtilMem:75 - End LoadConfig() Used Memory: 290216472 Bytes (762314752)
2025-10-22 15:22:38,369 [WARN] ThirdParty:833 - waiting for thirdparty lock release [change project]
2025-10-22 15:22:38,369 [INFO] ThirdParty:835 - entering critical section [change project]
2025-10-22 15:22:38,369 [INFO] ThirdParty:1030 - CMSIS Pack Vendor :STMicroelectronics X-CUBE-PM33A1 1.0.0
2025-10-22 15:22:38,369 [INFO] ThirdParty:1030 - CMSIS Pack Vendor :STMicroelectronics X-CUBE-NFC9 1.0.0
2025-10-22 15:22:38,369 [INFO] ThirdParty:1030 - CMSIS Pack Vendor :STMicroelectronics USB_HOST 2.0.0
2025-10-22 15:22:38,369 [INFO] ThirdParty:1030 - CMSIS Pack Vendor :STMicroelectronics FP-SNS-MOTENVWB1 1.4.0
2025-10-22 15:22:38,369 [INFO] ThirdParty:1030 - CMSIS Pack Vendor :STMicroelectronics X-CUBE-AZRTOS-F4 1.1.0
2025-10-22 15:22:38,369 [INFO] ThirdParty:1030 - CMSIS Pack Vendor :STMicroelectronics LIBJPEG 8.0.0
2025-10-22 15:22:38,369 [INFO] ThirdParty:1030 - CMSIS Pack Vendor :STMicroelectronics FP-ATR-ASTRA1 2.0.2
2025-10-22 15:22:38,369 [INFO] ThirdParty:1030 - CMSIS Pack Vendor :wolfSSL I-CUBE-wolfSSL 5.8.2
2025-10-22 15:22:38,369 [INFO] ThirdParty:1030 - CMSIS Pack Vendor :STMicroelectronics X-CUBE-BLE1 7.1.0
2025-10-22 15:22:38,369 [INFO] ThirdParty:1030 - CMSIS Pack Vendor :STMicroelectronics X-CUBE-SMBUS 2.1.0
2025-10-22 15:22:38,369 [INFO] ThirdParty:1030 - CMSIS Pack Vendor :wolfSSL I-CUBE-wolfMQTT 1.19.2
2025-10-22 15:22:38,369 [INFO] ThirdParty:1030 - CMSIS Pack Vendor :STMicroelectronics USB_DEVICE 3.0.0
2025-10-22 15:22:38,369 [INFO] ThirdParty:1030 - CMSIS Pack Vendor :STMicroelectronics X-CUBE-ISPU 2.1.0
2025-10-22 15:22:38,369 [INFO] ThirdParty:1030 - CMSIS Pack Vendor :STMicroelectronics X-CUBE-EEPRMA1 5.2.0
2025-10-22 15:22:38,369 [INFO] ThirdParty:1030 - CMSIS Pack Vendor :STMicroelectronics X-CUBE-AZRTOS-WB 2.0.0
2025-10-22 15:22:38,369 [INFO] ThirdParty:1030 - CMSIS Pack Vendor :STMicroelectronics X-CUBE-GNSS1 7.0.1
2025-10-22 15:22:38,369 [INFO] ThirdParty:1030 - CMSIS Pack Vendor :STMicroelectronics X-CUBE-NFC12 1.0.0
2025-10-22 15:22:38,369 [INFO] ThirdParty:1030 - CMSIS Pack Vendor :STMicroelectronics X-CUBE-AZRTOS-F7 1.1.0
2025-10-22 15:22:38,369 [INFO] ThirdParty:1030 - CMSIS Pack Vendor :STMicroelectronics X-CUBE-AZRTOS-L5 2.0.0
2025-10-22 15:22:38,369 [INFO] ThirdParty:1030 - CMSIS Pack Vendor :STMicroelectronics USB_DEVICE 2.0.0
2025-10-22 15:22:38,369 [INFO] ThirdParty:1030 - CMSIS Pack Vendor :STMicroelectronics X-CUBE-NFC6 3.1.0
2025-10-22 15:22:38,369 [INFO] ThirdParty:1030 - CMSIS Pack Vendor :STMicroelectronics FreeRTOS 0.0.1
2025-10-22 15:22:38,369 [INFO] ThirdParty:1030 - CMSIS Pack Vendor :STMicroelectronics X-CUBE-AZRTOS-G0 1.1.0
2025-10-22 15:22:38,370 [INFO] ThirdParty:1030 - CMSIS Pack Vendor :STMicroelectronics X-CUBE-SAFEA1 1.2.2
2025-10-22 15:22:38,370 [INFO] ThirdParty:1030 - CMSIS Pack Vendor :STMicroelectronics X-CUBE-NFC4 3.0.0
2025-10-22 15:22:38,370 [INFO] ThirdParty:1030 - CMSIS Pack Vendor :STMicroelectronics X-CUBE-SUBG2 5.0.0
2025-10-22 15:22:38,370 [INFO] ThirdParty:1030 - CMSIS Pack Vendor :STMicroelectronics X-CUBE-AZRTOS-H7RS 1.1.0
2025-10-22 15:22:38,370 [INFO] ThirdParty:1030 - CMSIS Pack Vendor :STMicroelectronics STM32_WPAN 1.0.0
2025-10-22 15:22:38,370 [INFO] ThirdParty:1030 - CMSIS Pack Vendor :STMicroelectronics lwIP 2.0.3
2025-10-22 15:22:38,370 [INFO] ThirdParty:1030 - CMSIS Pack Vendor :STMicroelectronics USB_HOST 1.0.0
2025-10-22 15:22:38,370 [INFO] ThirdParty:1030 - CMSIS Pack Vendor :STMicroelectronics X-CUBE-AZRTOS-G4 2.0.0
2025-10-22 15:22:38,370 [INFO] ThirdParty:1030 - CMSIS Pack Vendor :STMicroelectronics X-CUBE-WB05N 2.0.0
2025-10-22 15:22:38,370 [INFO] ThirdParty:1030 - CMSIS Pack Vendor :STMicroelectronics PDM2PCM 3.1.0
2025-10-22 15:22:38,370 [INFO] ThirdParty:1030 - CMSIS Pack Vendor :STMicroelectronics PDM2PCM 3.3.0
2025-10-22 15:22:38,370 [INFO] ThirdParty:1030 - CMSIS Pack Vendor :wolfSSL I-CUBE-wolfTPM 3.8.0
2025-10-22 15:22:38,370 [INFO] ThirdParty:1030 - CMSIS Pack Vendor :STMicroelectronics X-CUBE-AZRTOS-H7 3.4.0
2025-10-22 15:22:38,370 [INFO] ThirdParty:1030 - CMSIS Pack Vendor :STMicroelectronics X-CUBE-DISPLAY 3.0.0
2025-10-22 15:22:38,370 [INFO] ThirdParty:1030 - CMSIS Pack Vendor :wolfSSL I-CUBE-wolfSSH 1.4.20
2025-10-22 15:22:38,370 [INFO] ThirdParty:1030 - CMSIS Pack Vendor :STMicroelectronics X-CUBE-NFC7 2.0.0
2025-10-22 15:22:38,370 [INFO] ThirdParty:1030 - CMSIS Pack Vendor :STMicroelectronics FP-ATR-SIGFOX1 3.2.0
2025-10-22 15:22:38,370 [INFO] ThirdParty:1030 - CMSIS Pack Vendor :STMicroelectronics X-CUBE-NFC10 1.0.0
2025-10-22 15:22:38,370 [INFO] ThirdParty:1030 - CMSIS Pack Vendor :STMicroelectronics X-CUBE-FREERTOS 1.3.1
2025-10-22 15:22:38,370 [INFO] ThirdParty:1030 - CMSIS Pack Vendor :STMicroelectronics HAL Drivers 0.0.0
2025-10-22 15:22:38,370 [INFO] ThirdParty:1030 - CMSIS Pack Vendor :STMicroelectronics MBEDTLS 2.16.2
2025-10-22 15:22:38,370 [INFO] ThirdParty:1030 - CMSIS Pack Vendor :STMicroelectronics X-CUBE-ALS 1.0.2
2025-10-22 15:22:38,370 [INFO] ThirdParty:1030 - CMSIS Pack Vendor :emotas I-CUBE-CANOPEN 1.3.0
2025-10-22 15:22:38,370 [INFO] ThirdParty:1030 - CMSIS Pack Vendor :STMicroelectronics MBEDTLS 2.14.1
2025-10-22 15:22:38,370 [INFO] ThirdParty:1030 - CMSIS Pack Vendor :ITTIA_DB I-CUBE-ITTIADB 8.9.0
2025-10-22 15:22:38,370 [INFO] ThirdParty:1030 - CMSIS Pack Vendor :STMicroelectronics X-CUBE-TOUCHGFX 4.26.0
2025-10-22 15:22:38,370 [INFO] ThirdParty:1030 - CMSIS Pack Vendor :STMicroelectronics X-CUBE-STSE01 1.0.0
2025-10-22 15:22:38,370 [INFO] ThirdParty:1030 - CMSIS Pack Vendor :STMicroelectronics X-CUBE-AI 10.2.0
2025-10-22 15:22:38,370 [INFO] ThirdParty:1030 - CMSIS Pack Vendor :STMicroelectronics ThreadX 1.0.0
2025-10-22 15:22:38,370 [INFO] ThirdParty:1030 - CMSIS Pack Vendor :STMicroelectronics FP-SNS-SMARTAG2 1.2.0
2025-10-22 15:22:38,370 [INFO] ThirdParty:1030 - CMSIS Pack Vendor :STMicroelectronics X-CUBE-AZRTOS-WL 2.0.0
2025-10-22 15:22:38,370 [INFO] ThirdParty:1030 - CMSIS Pack Vendor :SEGGER I-CUBE-embOS 1.3.1
2025-10-22 15:22:38,370 [INFO] ThirdParty:1030 - CMSIS Pack Vendor :STMicroelectronics X-CUBE-ALGOBUILD 1.4.0
2025-10-22 15:22:38,370 [INFO] ThirdParty:1030 - CMSIS Pack Vendor :STMicroelectronics X-CUBE-MEMS1 11.3.0
2025-10-22 15:22:38,370 [INFO] ThirdParty:1030 - CMSIS Pack Vendor :STMicroelectronics FP-SNS-MOTENV1 5.0.0
2025-10-22 15:22:38,370 [INFO] ThirdParty:1030 - CMSIS Pack Vendor :STMicroelectronics USB_DEVICE 1.0.0
2025-10-22 15:22:38,370 [INFO] ThirdParty:1030 - CMSIS Pack Vendor :STMicroelectronics X-CUBE-AZRTOS-L4 2.0.0
2025-10-22 15:22:38,370 [INFO] ThirdParty:1030 - CMSIS Pack Vendor :STMicroelectronics ThreadX 0.0.2
2025-10-22 15:22:38,370 [INFO] ThirdParty:1030 - CMSIS Pack Vendor :STMicroelectronics lwIP 2.1.2
2025-10-22 15:22:38,370 [INFO] ThirdParty:1030 - CMSIS Pack Vendor :STMicroelectronics X-CUBE-SFXS2LP1 4.0.0
2025-10-22 15:22:38,370 [INFO] ThirdParty:1030 - CMSIS Pack Vendor :STMicroelectronics X-CUBE-BLE2 3.3.0
2025-10-22 15:22:38,370 [INFO] ThirdParty:1030 - CMSIS Pack Vendor :STMicroelectronics PDM2PCM 3.2.0
2025-10-22 15:22:38,370 [INFO] ThirdParty:841 - exiting critical section [change project]
2025-10-22 15:22:38,532 [INFO] PinOutPanel:1499 - setPackage(No Configuration,No Configuration)
2025-10-22 15:22:38,532 [INFO] PinOutPanel:1499 - setPackage(STM32F407VGTx,LQFP100)
2025-10-22 15:22:38,734 [INFO] UtilMem:75 - Before build in PCC Used Memory: 322833752 Bytes (762314752)
2025-10-22 15:22:38,839 [INFO] UtilMem:75 - After build in PCC Used Memory: 367922520 Bytes (762314752)
2025-10-22 15:22:38,842 [INFO] ApiDbMcu:507 - Load IP Config File for USB_HOST
2025-10-22 15:22:38,842 [WARN] BspModel:443 - BSP dependency skipped because of component: name='IOExpander', api='Unknown'
2025-10-22 15:22:38,860 [INFO] IPUIPlugin:80 - create IPUIPlugin
2025-10-22 15:22:38,860 [INFO] IPUIPlugin:80 - create IPUIPlugin
2025-10-22 15:22:38,860 [INFO] IPUIPlugin:80 - create IPUIPlugin
2025-10-22 15:22:38,860 [INFO] IPUIPlugin:80 - create IPUIPlugin
2025-10-22 15:22:38,860 [INFO] IPUIPlugin:80 - create IPUIPlugin
2025-10-22 15:22:38,860 [INFO] IPUIPlugin:80 - create IPUIPlugin
2025-10-22 15:22:38,861 [INFO] IPUIPlugin:80 - create IPUIPlugin
2025-10-22 15:22:38,861 [INFO] IPUIPlugin:80 - create IPUIPlugin
2025-10-22 15:22:38,861 [INFO] IPUIPlugin:80 - create IPUIPlugin
2025-10-22 15:22:38,861 [INFO] IPUIPlugin:80 - create IPUIPlugin
2025-10-22 15:22:38,861 [INFO] IPUIPlugin:80 - create IPUIPlugin
2025-10-22 15:22:38,861 [INFO] IPUIPlugin:80 - create IPUIPlugin
2025-10-22 15:22:38,861 [INFO] IPUIPlugin:80 - create IPUIPlugin
2025-10-22 15:22:38,861 [INFO] IPUIPlugin:80 - create IPUIPlugin
2025-10-22 15:22:38,861 [INFO] IPUIPlugin:80 - create IPUIPlugin
2025-10-22 15:22:38,861 [INFO] IPUIPlugin:80 - create IPUIPlugin
2025-10-22 15:22:38,861 [INFO] IPUIPlugin:80 - create IPUIPlugin
2025-10-22 15:22:38,861 [INFO] IPUIPlugin:80 - create IPUIPlugin
2025-10-22 15:22:38,861 [INFO] IPUIPlugin:80 - create IPUIPlugin
2025-10-22 15:22:38,861 [INFO] IPUIPlugin:80 - create IPUIPlugin
2025-10-22 15:22:38,862 [INFO] IPUIPlugin:80 - create IPUIPlugin
2025-10-22 15:22:38,862 [INFO] IPUIPlugin:80 - create IPUIPlugin
2025-10-22 15:22:38,862 [INFO] IPUIPlugin:80 - create IPUIPlugin
2025-10-22 15:22:38,862 [INFO] IPUIPlugin:80 - create IPUIPlugin
2025-10-22 15:22:38,862 [INFO] IPUIPlugin:80 - create IPUIPlugin
2025-10-22 15:22:38,862 [INFO] IPUIPlugin:80 - create IPUIPlugin
2025-10-22 15:22:38,862 [INFO] IPUIPlugin:80 - create IPUIPlugin
2025-10-22 15:22:38,863 [INFO] IPUIPlugin:80 - create IPUIPlugin
2025-10-22 15:22:38,863 [INFO] IPUIPlugin:80 - create IPUIPlugin
2025-10-22 15:22:38,863 [INFO] IPUIPlugin:80 - create IPUIPlugin
2025-10-22 15:22:38,863 [INFO] IPUIPlugin:80 - create IPUIPlugin
2025-10-22 15:22:38,863 [INFO] IPUIPlugin:80 - create IPUIPlugin
2025-10-22 15:22:38,863 [INFO] IPUIPlugin:80 - create IPUIPlugin
2025-10-22 15:22:38,863 [INFO] IPUIPlugin:80 - create IPUIPlugin
2025-10-22 15:22:38,864 [INFO] IPUIPlugin:80 - create IPUIPlugin
2025-10-22 15:22:38,864 [INFO] IPUIPlugin:80 - create IPUIPlugin
2025-10-22 15:22:38,864 [INFO] IPUIPlugin:80 - create IPUIPlugin
2025-10-22 15:22:38,864 [INFO] IPUIPlugin:80 - create IPUIPlugin
2025-10-22 15:22:38,864 [INFO] IPUIPlugin:80 - create IPUIPlugin
2025-10-22 15:22:38,864 [INFO] IPUIPlugin:80 - create IPUIPlugin
2025-10-22 15:22:38,865 [INFO] IPUIPlugin:80 - create IPUIPlugin
2025-10-22 15:22:38,865 [INFO] IPUIPlugin:80 - create IPUIPlugin
2025-10-22 15:22:38,865 [INFO] IPUIPlugin:80 - create IPUIPlugin
2025-10-22 15:22:38,865 [INFO] IPUIPlugin:80 - create IPUIPlugin
2025-10-22 15:22:38,865 [INFO] IPUIPlugin:80 - create IPUIPlugin
2025-10-22 15:22:38,865 [INFO] IPUIPlugin:80 - create IPUIPlugin
2025-10-22 15:22:38,866 [INFO] IPUIPlugin:80 - create IPUIPlugin
2025-10-22 15:22:38,866 [INFO] IPUIPlugin:80 - create IPUIPlugin
2025-10-22 15:22:38,866 [INFO] IPUIPlugin:80 - create IPUIPlugin
2025-10-22 15:22:38,866 [INFO] IPUIPlugin:80 - create IPUIPlugin
2025-10-22 15:22:38,867 [INFO] IPUIPlugin:80 - create IPUIPlugin
2025-10-22 15:22:38,867 [INFO] IPUIPlugin:80 - create IPUIPlugin
2025-10-22 15:22:38,868 [INFO] IPUIPlugin:80 - create IPUIPlugin
2025-10-22 15:22:38,868 [INFO] IPUIPlugin:80 - create IPUIPlugin
2025-10-22 15:22:38,868 [INFO] IPUIPlugin:80 - create IPUIPlugin
2025-10-22 15:22:38,868 [INFO] IPUIPlugin:80 - create IPUIPlugin
2025-10-22 15:22:38,869 [INFO] IPUIPlugin:80 - create IPUIPlugin
2025-10-22 15:22:38,869 [INFO] IPUIPlugin:80 - create IPUIPlugin
2025-10-22 15:22:38,870 [INFO] ApiDbMcu:507 - Load IP Config File for PDM2PCM
2025-10-22 15:22:38,871 [WARN] IP:2113 - I2C_Coeff_DF not found: check if there is a RefParameter without a condition.
2025-10-22 15:22:38,871 [WARN] IP:2113 - Analog_Filter not found: check if there is a RefParameter without a condition.
2025-10-22 15:22:38,873 [INFO] I2sManager:658 - 9.6E7
2025-10-22 15:22:38,873 [INFO] I2sManager:195 - I2S Clock Value : 9.6E7
2025-10-22 15:22:38,873 [INFO] I2sManager:553 - AudioClock : 93750Divider : 2Odd : 0
2025-10-22 15:22:38,912 [INFO] CADModel:165 - CPN selected for project levelSTM32F407VGT6
2025-10-22 15:22:38,912 [INFO] CADModel:114 - Register for checkConnection events
2025-10-22 15:22:38,949 [INFO] OpenFileManager:328 - Restore cursor
2025-10-22 15:22:39,060 [WARN] IP:2113 - I2C_Coeff_DF not found: check if there is a RefParameter without a condition.
2025-10-22 15:22:39,060 [WARN] IP:2113 - Analog_Filter not found: check if there is a RefParameter without a condition.
2025-10-22 15:22:39,061 [WARN] IP:2113 - I2C_Coeff_DF not found: check if there is a RefParameter without a condition.
2025-10-22 15:22:39,061 [WARN] IP:2113 - Analog_Filter not found: check if there is a RefParameter without a condition.
2025-10-22 15:22:59,785 [INFO] MainUpdater:2854 - connection check result : 10
2025-10-22 15:22:59,785 [INFO] MainUpdater:2854 - connection check result : 10
2025-10-22 15:23:00,877 [INFO] I2sManager:658 - 9.6E7
2025-10-22 15:23:00,877 [INFO] I2sManager:195 - I2S Clock Value : 9.6E7
2025-10-22 15:23:00,878 [INFO] I2sManager:553 - AudioClock : 93750Divider : 2Odd : 0
2025-10-22 15:23:00,881 [INFO] MicroXplorer:468 - Change Database Path : 
2025-10-22 15:23:00,881 [INFO] MicroXplorer:498 - Change Database Version : DB.6.0.80
2025-10-22 15:23:00,894 [WARN] ThirdParty:871 - waiting for thirdparty lock release [close project]
2025-10-22 15:23:00,894 [INFO] ThirdParty:873 - entering critical section [close project]
2025-10-22 15:23:00,894 [INFO] ThirdParty:883 - exiting critical section [close project]
2025-10-22 15:23:00,895 [INFO] PinOutPanel:1499 - setPackage(No Configuration,No Configuration)
2025-10-22 15:23:00,898 [WARN] IpParametersView:150 - Warning: This peripheral hasn't parameters
2025-10-22 15:23:00,899 [WARN] MainPanel:257 - <html><b><center>Warning: This peripheral has no parameters to be configured<br></b></html>
2025-10-22 15:23:00,900 [INFO] UtilMem:75 - Begin LoadConfig() Used Memory: 346513184 Bytes (762314752)
2025-10-22 15:23:00,901 [INFO] MicroXplorer:468 - Change Database Path : 
2025-10-22 15:23:00,901 [INFO] MicroXplorer:498 - Change Database Version : DB.6.0.80
2025-10-22 15:23:00,901 [INFO] OpenFileManager:308 - Change cursor
2025-10-22 15:23:00,905 [INFO] Mcu:1937 - Initializing MCU STM32F411V(C-E)Tx STM32F411VETx STM32F411VET6
2025-10-22 15:23:01,269 [INFO] Context:659 - Trying to add GPIOservice into a context  which must be forbidden
2025-10-22 15:23:01,379 [INFO] RtosManager:555 - Registered RTOS mode: class=CMSIS, group=RTOS, mode=CMSIS_V1, owner=FREERTOS
2025-10-22 15:23:01,379 [INFO] RtosManager:555 - Registered RTOS mode: class=CMSIS, group=RTOS2, mode=CMSIS_V2, owner=FREERTOS
2025-10-22 15:23:01,379 [INFO] RtosManager:555 - Registered RTOS mode: class=RTOS, group=Core, mode=CMSIS_V1, owner=FREERTOS
2025-10-22 15:23:01,379 [INFO] RtosManager:555 - Registered RTOS mode: class=RTOS, group=Core, mode=CMSIS_V2, owner=FREERTOS
2025-10-22 15:23:01,379 [WARN] ModelIntegratedComponent:184 - Missing modes for component STMicroelectronics:FreeRTOS:0.0.1:STMicroelectronics:RTOS:FreeRTOS:Core:::10.2.0:
2025-10-22 15:23:01,382 [WARN] ModelIntegratedComponent:182 - Modes not found for component STMicroelectronics:USB_HOST:1.0.0:STMicroelectronics:USB::USB Host:Audio HS::1.0:USB_HOST_1_0_RESTRICTED_HS
2025-10-22 15:23:01,383 [WARN] ModelIntegratedComponent:188 - Modes not found for component STMicroelectronics:USB_HOST:1.0.0:STMicroelectronics:USB::USB Host:Audio HS::1.0:USB_HOST_1_0_RESTRICTED_HS
2025-10-22 15:23:01,383 [WARN] ModelIntegratedComponent:182 - Modes not found for component STMicroelectronics:USB_HOST:1.0.0:STMicroelectronics:USB::USB Host:CDC HS::1.0:USB_HOST_1_0_RESTRICTED_HS
2025-10-22 15:23:01,383 [WARN] ModelIntegratedComponent:188 - Modes not found for component STMicroelectronics:USB_HOST:1.0.0:STMicroelectronics:USB::USB Host:CDC HS::1.0:USB_HOST_1_0_RESTRICTED_HS
2025-10-22 15:23:01,383 [WARN] ModelIntegratedComponent:182 - Modes not found for component STMicroelectronics:USB_HOST:1.0.0:STMicroelectronics:USB::USB Host:MSC HS::1.0:USB_HOST_1_0_RESTRICTED_HS
2025-10-22 15:23:01,383 [WARN] ModelIntegratedComponent:188 - Modes not found for component STMicroelectronics:USB_HOST:1.0.0:STMicroelectronics:USB::USB Host:MSC HS::1.0:USB_HOST_1_0_RESTRICTED_HS
2025-10-22 15:23:01,383 [WARN] ModelIntegratedComponent:182 - Modes not found for component STMicroelectronics:USB_HOST:1.0.0:STMicroelectronics:USB::USB Host:HID HS::1.0:USB_HOST_1_0_RESTRICTED_HS
2025-10-22 15:23:01,383 [WARN] ModelIntegratedComponent:188 - Modes not found for component STMicroelectronics:USB_HOST:1.0.0:STMicroelectronics:USB::USB Host:HID HS::1.0:USB_HOST_1_0_RESTRICTED_HS
2025-10-22 15:23:01,383 [WARN] ModelIntegratedComponent:182 - Modes not found for component STMicroelectronics:USB_HOST:1.0.0:STMicroelectronics:USB::USB Host:MTP HS::1.0:USB_HOST_1_0_RESTRICTED_HS
2025-10-22 15:23:01,383 [WARN] ModelIntegratedComponent:188 - Modes not found for component STMicroelectronics:USB_HOST:1.0.0:STMicroelectronics:USB::USB Host:MTP HS::1.0:USB_HOST_1_0_RESTRICTED_HS
2025-10-22 15:23:01,388 [WARN] ModelIntegratedComponent:63 - No mode defined for component null
2025-10-22 15:23:01,388 [WARN] ModelIntegratedComponent:63 - No mode defined for component null
2025-10-22 15:23:01,388 [WARN] ModelIntegratedComponent:63 - No mode defined for component null
2025-10-22 15:23:01,388 [WARN] ModelIntegratedComponent:63 - No mode defined for component null
2025-10-22 15:23:01,388 [WARN] ModelIntegratedComponent:63 - No mode defined for component null
2025-10-22 15:23:01,388 [WARN] ModelIntegratedComponent:63 - No mode defined for component null
2025-10-22 15:23:01,388 [WARN] ModelIntegratedComponent:63 - No mode defined for component null
2025-10-22 15:23:01,388 [WARN] ModelIntegratedComponent:63 - No mode defined for component null
2025-10-22 15:23:01,388 [WARN] ModelIntegratedComponent:63 - No mode defined for component null
2025-10-22 15:23:01,388 [WARN] ModelIntegratedComponent:63 - No mode defined for component null
2025-10-22 15:23:01,388 [WARN] ModelIntegratedComponent:63 - No mode defined for component null
2025-10-22 15:23:01,388 [WARN] ModelIntegratedComponent:63 - No mode defined for component null
2025-10-22 15:23:01,388 [WARN] ModelIntegratedComponent:63 - No mode defined for component null
2025-10-22 15:23:01,388 [WARN] ModelIntegratedComponent:63 - No mode defined for component null
2025-10-22 15:23:01,388 [WARN] ModelIntegratedComponent:63 - No mode defined for component null
2025-10-22 15:23:01,389 [WARN] ModelIntegratedComponent:63 - No mode defined for component null
2025-10-22 15:23:01,389 [WARN] ModelIntegratedComponent:63 - No mode defined for component null
2025-10-22 15:23:01,389 [WARN] ModelIntegratedComponent:63 - No mode defined for component null
2025-10-22 15:23:01,389 [WARN] ModelIntegratedComponent:63 - No mode defined for component null
2025-10-22 15:23:01,389 [WARN] ModelIntegratedComponent:63 - No mode defined for component null
2025-10-22 15:23:01,389 [WARN] ModelIntegratedComponent:63 - No mode defined for component null
2025-10-22 15:23:01,389 [WARN] ModelIntegratedComponent:63 - No mode defined for component null
2025-10-22 15:23:01,389 [WARN] ModelIntegratedComponent:63 - No mode defined for component null
2025-10-22 15:23:01,389 [WARN] ModelIntegratedComponent:63 - No mode defined for component null
2025-10-22 15:23:01,389 [WARN] ModelIntegratedComponent:63 - No mode defined for component null
2025-10-22 15:23:01,389 [WARN] ModelIntegratedComponent:63 - No mode defined for component null
2025-10-22 15:23:01,389 [WARN] ModelIntegratedComponent:63 - No mode defined for component null
2025-10-22 15:23:01,389 [WARN] ModelIntegratedComponent:63 - No mode defined for component null
2025-10-22 15:23:01,389 [WARN] ModelIntegratedComponent:63 - No mode defined for component null
2025-10-22 15:23:01,389 [WARN] ModelIntegratedComponent:63 - No mode defined for component null
2025-10-22 15:23:01,389 [WARN] ModelIntegratedComponent:63 - No mode defined for component null
2025-10-22 15:23:01,389 [WARN] ModelIntegratedComponent:63 - No mode defined for component null
2025-10-22 15:23:01,389 [WARN] ModelIntegratedComponent:63 - No mode defined for component null
2025-10-22 15:23:01,513 [WARN] ModelIntegratedComponent:182 - Modes not found for component STMicroelectronics:USB_DEVICE:1.0.0:STMicroelectronics:USB::USB Device:Audio HS::1.0:USB_DEVICE_1_0_RESTRICTED_HS
2025-10-22 15:23:01,513 [WARN] ModelIntegratedComponent:188 - Modes not found for component STMicroelectronics:USB_DEVICE:1.0.0:STMicroelectronics:USB::USB Device:Audio HS::1.0:USB_DEVICE_1_0_RESTRICTED_HS
2025-10-22 15:23:01,513 [WARN] ModelIntegratedComponent:182 - Modes not found for component STMicroelectronics:USB_DEVICE:1.0.0:STMicroelectronics:USB::USB Device:CDC HS::1.0:USB_DEVICE_1_0_RESTRICTED_HS
2025-10-22 15:23:01,513 [WARN] ModelIntegratedComponent:188 - Modes not found for component STMicroelectronics:USB_DEVICE:1.0.0:STMicroelectronics:USB::USB Device:CDC HS::1.0:USB_DEVICE_1_0_RESTRICTED_HS
2025-10-22 15:23:01,513 [WARN] ModelIntegratedComponent:182 - Modes not found for component STMicroelectronics:USB_DEVICE:1.0.0:STMicroelectronics:USB::USB Device:DFU HS::1.0:USB_DEVICE_1_0_RESTRICTED_HS
2025-10-22 15:23:01,513 [WARN] ModelIntegratedComponent:188 - Modes not found for component STMicroelectronics:USB_DEVICE:1.0.0:STMicroelectronics:USB::USB Device:DFU HS::1.0:USB_DEVICE_1_0_RESTRICTED_HS
2025-10-22 15:23:01,513 [WARN] ModelIntegratedComponent:182 - Modes not found for component STMicroelectronics:USB_DEVICE:1.0.0:STMicroelectronics:USB::USB Device:HID HS::1.0:USB_DEVICE_1_0_RESTRICTED_HS
2025-10-22 15:23:01,513 [WARN] ModelIntegratedComponent:188 - Modes not found for component STMicroelectronics:USB_DEVICE:1.0.0:STMicroelectronics:USB::USB Device:HID HS::1.0:USB_DEVICE_1_0_RESTRICTED_HS
2025-10-22 15:23:01,513 [WARN] ModelIntegratedComponent:182 - Modes not found for component STMicroelectronics:USB_DEVICE:1.0.0:STMicroelectronics:USB::USB Device:Custom HID HS::1.0:USB_DEVICE_1_0_RESTRICTED_HS
2025-10-22 15:23:01,513 [WARN] ModelIntegratedComponent:188 - Modes not found for component STMicroelectronics:USB_DEVICE:1.0.0:STMicroelectronics:USB::USB Device:Custom HID HS::1.0:USB_DEVICE_1_0_RESTRICTED_HS
2025-10-22 15:23:01,513 [WARN] ModelIntegratedComponent:182 - Modes not found for component STMicroelectronics:USB_DEVICE:1.0.0:STMicroelectronics:USB::USB Device:MSC HS::1.0:USB_DEVICE_1_0_RESTRICTED_HS
2025-10-22 15:23:01,513 [WARN] ModelIntegratedComponent:188 - Modes not found for component STMicroelectronics:USB_DEVICE:1.0.0:STMicroelectronics:USB::USB Device:MSC HS::1.0:USB_DEVICE_1_0_RESTRICTED_HS
2025-10-22 15:23:01,519 [INFO] ThirdPartyModel:298 - Start build external matchings
2025-10-22 15:23:01,688 [INFO] ThirdPartyModel:316 - End build external matchings
2025-10-22 15:23:01,695 [INFO] ImportTextPane:194 - (OptionalMessage_ERROR) IP (RCC) : Parameter (RTCHSEDivFreq_Value) has invalid value (4000000)
2025-10-22 15:23:01,791 [INFO] UtilMem:75 - End LoadConfig() Used Memory: 457515216 Bytes (762314752)
2025-10-22 15:23:01,800 [WARN] ThirdParty:833 - waiting for thirdparty lock release [change project]
2025-10-22 15:23:01,800 [INFO] ThirdParty:835 - entering critical section [change project]
2025-10-22 15:23:01,801 [INFO] ThirdParty:1030 - CMSIS Pack Vendor :STMicroelectronics X-CUBE-PM33A1 1.0.0
2025-10-22 15:23:01,801 [INFO] ThirdParty:1030 - CMSIS Pack Vendor :STMicroelectronics X-CUBE-NFC9 1.0.0
2025-10-22 15:23:01,801 [INFO] ThirdParty:1030 - CMSIS Pack Vendor :STMicroelectronics USB_HOST 2.0.0
2025-10-22 15:23:01,801 [INFO] ThirdParty:1030 - CMSIS Pack Vendor :STMicroelectronics FP-SNS-MOTENVWB1 1.4.0
2025-10-22 15:23:01,801 [INFO] ThirdParty:1030 - CMSIS Pack Vendor :STMicroelectronics X-CUBE-AZRTOS-F4 1.1.0
2025-10-22 15:23:01,801 [INFO] ThirdParty:1030 - CMSIS Pack Vendor :STMicroelectronics LIBJPEG 8.0.0
2025-10-22 15:23:01,801 [INFO] ThirdParty:1030 - CMSIS Pack Vendor :STMicroelectronics FP-ATR-ASTRA1 2.0.2
2025-10-22 15:23:01,801 [INFO] ThirdParty:1030 - CMSIS Pack Vendor :wolfSSL I-CUBE-wolfSSL 5.8.2
2025-10-22 15:23:01,801 [INFO] ThirdParty:1030 - CMSIS Pack Vendor :STMicroelectronics X-CUBE-BLE1 7.1.0
2025-10-22 15:23:01,801 [INFO] ThirdParty:1030 - CMSIS Pack Vendor :STMicroelectronics X-CUBE-SMBUS 2.1.0
2025-10-22 15:23:01,801 [INFO] ThirdParty:1030 - CMSIS Pack Vendor :wolfSSL I-CUBE-wolfMQTT 1.19.2
2025-10-22 15:23:01,801 [INFO] ThirdParty:1030 - CMSIS Pack Vendor :STMicroelectronics USB_DEVICE 3.0.0
2025-10-22 15:23:01,801 [INFO] ThirdParty:1030 - CMSIS Pack Vendor :STMicroelectronics X-CUBE-ISPU 2.1.0
2025-10-22 15:23:01,801 [INFO] ThirdParty:1030 - CMSIS Pack Vendor :STMicroelectronics X-CUBE-EEPRMA1 5.2.0
2025-10-22 15:23:01,801 [INFO] ThirdParty:1030 - CMSIS Pack Vendor :STMicroelectronics X-CUBE-AZRTOS-WB 2.0.0
2025-10-22 15:23:01,801 [INFO] ThirdParty:1030 - CMSIS Pack Vendor :STMicroelectronics X-CUBE-GNSS1 7.0.1
2025-10-22 15:23:01,801 [INFO] ThirdParty:1030 - CMSIS Pack Vendor :STMicroelectronics X-CUBE-NFC12 1.0.0
2025-10-22 15:23:01,801 [INFO] ThirdParty:1030 - CMSIS Pack Vendor :STMicroelectronics X-CUBE-AZRTOS-F7 1.1.0
2025-10-22 15:23:01,801 [INFO] ThirdParty:1030 - CMSIS Pack Vendor :STMicroelectronics X-CUBE-AZRTOS-L5 2.0.0
2025-10-22 15:23:01,801 [INFO] ThirdParty:1030 - CMSIS Pack Vendor :STMicroelectronics USB_DEVICE 2.0.0
2025-10-22 15:23:01,802 [INFO] ThirdParty:1030 - CMSIS Pack Vendor :STMicroelectronics X-CUBE-NFC6 3.1.0
2025-10-22 15:23:01,802 [INFO] ThirdParty:1030 - CMSIS Pack Vendor :STMicroelectronics FreeRTOS 0.0.1
2025-10-22 15:23:01,802 [INFO] ThirdParty:1030 - CMSIS Pack Vendor :STMicroelectronics X-CUBE-AZRTOS-G0 1.1.0
2025-10-22 15:23:01,802 [INFO] ThirdParty:1030 - CMSIS Pack Vendor :STMicroelectronics X-CUBE-SAFEA1 1.2.2
2025-10-22 15:23:01,802 [INFO] ThirdParty:1030 - CMSIS Pack Vendor :STMicroelectronics X-CUBE-NFC4 3.0.0
2025-10-22 15:23:01,802 [INFO] ThirdParty:1030 - CMSIS Pack Vendor :STMicroelectronics X-CUBE-SUBG2 5.0.0
2025-10-22 15:23:01,802 [INFO] ThirdParty:1030 - CMSIS Pack Vendor :STMicroelectronics X-CUBE-AZRTOS-H7RS 1.1.0
2025-10-22 15:23:01,802 [INFO] ThirdParty:1030 - CMSIS Pack Vendor :STMicroelectronics STM32_WPAN 1.0.0
2025-10-22 15:23:01,802 [INFO] ThirdParty:1030 - CMSIS Pack Vendor :STMicroelectronics lwIP 2.0.3
2025-10-22 15:23:01,802 [INFO] ThirdParty:1030 - CMSIS Pack Vendor :STMicroelectronics USB_HOST 1.0.0
2025-10-22 15:23:01,802 [INFO] ThirdParty:1030 - CMSIS Pack Vendor :STMicroelectronics X-CUBE-AZRTOS-G4 2.0.0
2025-10-22 15:23:01,802 [INFO] ThirdParty:1030 - CMSIS Pack Vendor :STMicroelectronics X-CUBE-WB05N 2.0.0
2025-10-22 15:23:01,802 [INFO] ThirdParty:1030 - CMSIS Pack Vendor :STMicroelectronics PDM2PCM 3.1.0
2025-10-22 15:23:01,802 [INFO] ThirdParty:1030 - CMSIS Pack Vendor :STMicroelectronics PDM2PCM 3.3.0
2025-10-22 15:23:01,802 [INFO] ThirdParty:1030 - CMSIS Pack Vendor :wolfSSL I-CUBE-wolfTPM 3.8.0
2025-10-22 15:23:01,802 [INFO] ThirdParty:1030 - CMSIS Pack Vendor :STMicroelectronics X-CUBE-AZRTOS-H7 3.4.0
2025-10-22 15:23:01,802 [INFO] ThirdParty:1030 - CMSIS Pack Vendor :STMicroelectronics X-CUBE-DISPLAY 3.0.0
2025-10-22 15:23:01,802 [INFO] ThirdParty:1030 - CMSIS Pack Vendor :wolfSSL I-CUBE-wolfSSH 1.4.20
2025-10-22 15:23:01,802 [INFO] ThirdParty:1030 - CMSIS Pack Vendor :STMicroelectronics X-CUBE-NFC7 2.0.0
2025-10-22 15:23:01,802 [INFO] ThirdParty:1030 - CMSIS Pack Vendor :STMicroelectronics FP-ATR-SIGFOX1 3.2.0
2025-10-22 15:23:01,802 [INFO] ThirdParty:1030 - CMSIS Pack Vendor :STMicroelectronics X-CUBE-NFC10 1.0.0
2025-10-22 15:23:01,802 [INFO] ThirdParty:1030 - CMSIS Pack Vendor :STMicroelectronics X-CUBE-FREERTOS 1.3.1
2025-10-22 15:23:01,802 [INFO] ThirdParty:1030 - CMSIS Pack Vendor :STMicroelectronics HAL Drivers 0.0.0
2025-10-22 15:23:01,802 [INFO] ThirdParty:1030 - CMSIS Pack Vendor :STMicroelectronics MBEDTLS 2.16.2
2025-10-22 15:23:01,802 [INFO] ThirdParty:1030 - CMSIS Pack Vendor :STMicroelectronics X-CUBE-ALS 1.0.2
2025-10-22 15:23:01,802 [INFO] ThirdParty:1030 - CMSIS Pack Vendor :emotas I-CUBE-CANOPEN 1.3.0
2025-10-22 15:23:01,803 [INFO] ThirdParty:1030 - CMSIS Pack Vendor :STMicroelectronics MBEDTLS 2.14.1
2025-10-22 15:23:01,803 [INFO] ThirdParty:1030 - CMSIS Pack Vendor :ITTIA_DB I-CUBE-ITTIADB 8.9.0
2025-10-22 15:23:01,803 [INFO] ThirdParty:1030 - CMSIS Pack Vendor :STMicroelectronics X-CUBE-TOUCHGFX 4.26.0
2025-10-22 15:23:01,803 [INFO] ThirdParty:1030 - CMSIS Pack Vendor :STMicroelectronics X-CUBE-STSE01 1.0.0
2025-10-22 15:23:01,803 [INFO] ThirdParty:1030 - CMSIS Pack Vendor :STMicroelectronics X-CUBE-AI 10.2.0
2025-10-22 15:23:01,803 [INFO] ThirdParty:1030 - CMSIS Pack Vendor :STMicroelectronics ThreadX 1.0.0
2025-10-22 15:23:01,803 [INFO] ThirdParty:1030 - CMSIS Pack Vendor :STMicroelectronics FP-SNS-SMARTAG2 1.2.0
2025-10-22 15:23:01,803 [INFO] ThirdParty:1030 - CMSIS Pack Vendor :STMicroelectronics X-CUBE-AZRTOS-WL 2.0.0
2025-10-22 15:23:01,803 [INFO] ThirdParty:1030 - CMSIS Pack Vendor :SEGGER I-CUBE-embOS 1.3.1
2025-10-22 15:23:01,803 [INFO] ThirdParty:1030 - CMSIS Pack Vendor :STMicroelectronics X-CUBE-ALGOBUILD 1.4.0
2025-10-22 15:23:01,803 [INFO] ThirdParty:1030 - CMSIS Pack Vendor :STMicroelectronics X-CUBE-MEMS1 11.3.0
2025-10-22 15:23:01,803 [INFO] ThirdParty:1030 - CMSIS Pack Vendor :STMicroelectronics FP-SNS-MOTENV1 5.0.0
2025-10-22 15:23:01,803 [INFO] ThirdParty:1030 - CMSIS Pack Vendor :STMicroelectronics USB_DEVICE 1.0.0
2025-10-22 15:23:01,803 [INFO] ThirdParty:1030 - CMSIS Pack Vendor :STMicroelectronics X-CUBE-AZRTOS-L4 2.0.0
2025-10-22 15:23:01,803 [INFO] ThirdParty:1030 - CMSIS Pack Vendor :STMicroelectronics ThreadX 0.0.2
2025-10-22 15:23:01,803 [INFO] ThirdParty:1030 - CMSIS Pack Vendor :STMicroelectronics lwIP 2.1.2
2025-10-22 15:23:01,803 [INFO] ThirdParty:1030 - CMSIS Pack Vendor :STMicroelectronics X-CUBE-SFXS2LP1 4.0.0
2025-10-22 15:23:01,803 [INFO] ThirdParty:1030 - CMSIS Pack Vendor :STMicroelectronics X-CUBE-BLE2 3.3.0
2025-10-22 15:23:01,803 [INFO] ThirdParty:1030 - CMSIS Pack Vendor :STMicroelectronics PDM2PCM 3.2.0
2025-10-22 15:23:01,803 [INFO] ThirdParty:841 - exiting critical section [change project]
2025-10-22 15:23:01,879 [INFO] PinOutPanel:1499 - setPackage(No Configuration,No Configuration)
2025-10-22 15:23:01,879 [INFO] PinOutPanel:1499 - setPackage(STM32F411VETx,LQFP100)
2025-10-22 15:23:02,066 [INFO] UtilMem:75 - Before build in PCC Used Memory: 318608728 Bytes (762314752)
2025-10-22 15:23:02,167 [INFO] UtilMem:75 - After build in PCC Used Memory: 361074008 Bytes (762314752)
2025-10-22 15:23:02,169 [INFO] ApiDbMcu:507 - Load IP Config File for USB_HOST
2025-10-22 15:23:02,169 [WARN] BspModel:443 - BSP dependency skipped because of component: name='IOExpander', api='Unknown'
2025-10-22 15:23:02,179 [INFO] IPUIPlugin:80 - create IPUIPlugin
2025-10-22 15:23:02,179 [INFO] IPUIPlugin:80 - create IPUIPlugin
2025-10-22 15:23:02,179 [INFO] IPUIPlugin:80 - create IPUIPlugin
2025-10-22 15:23:02,180 [INFO] IPUIPlugin:80 - create IPUIPlugin
2025-10-22 15:23:02,180 [INFO] IPUIPlugin:80 - create IPUIPlugin
2025-10-22 15:23:02,180 [INFO] IPUIPlugin:80 - create IPUIPlugin
2025-10-22 15:23:02,180 [INFO] IPUIPlugin:80 - create IPUIPlugin
2025-10-22 15:23:02,180 [INFO] IPUIPlugin:80 - create IPUIPlugin
2025-10-22 15:23:02,180 [INFO] IPUIPlugin:80 - create IPUIPlugin
2025-10-22 15:23:02,180 [INFO] IPUIPlugin:80 - create IPUIPlugin
2025-10-22 15:23:02,180 [INFO] IPUIPlugin:80 - create IPUIPlugin
2025-10-22 15:23:02,180 [INFO] IPUIPlugin:80 - create IPUIPlugin
2025-10-22 15:23:02,180 [INFO] IPUIPlugin:80 - create IPUIPlugin
2025-10-22 15:23:02,180 [INFO] IPUIPlugin:80 - create IPUIPlugin
2025-10-22 15:23:02,180 [INFO] IPUIPlugin:80 - create IPUIPlugin
2025-10-22 15:23:02,180 [INFO] IPUIPlugin:80 - create IPUIPlugin
2025-10-22 15:23:02,180 [INFO] IPUIPlugin:80 - create IPUIPlugin
2025-10-22 15:23:02,180 [INFO] IPUIPlugin:80 - create IPUIPlugin
2025-10-22 15:23:02,180 [INFO] IPUIPlugin:80 - create IPUIPlugin
2025-10-22 15:23:02,180 [INFO] IPUIPlugin:80 - create IPUIPlugin
2025-10-22 15:23:02,181 [INFO] IPUIPlugin:80 - create IPUIPlugin
2025-10-22 15:23:02,181 [INFO] IPUIPlugin:80 - create IPUIPlugin
2025-10-22 15:23:02,181 [INFO] IPUIPlugin:80 - create IPUIPlugin
2025-10-22 15:23:02,181 [INFO] IPUIPlugin:80 - create IPUIPlugin
2025-10-22 15:23:02,181 [INFO] IPUIPlugin:80 - create IPUIPlugin
2025-10-22 15:23:02,182 [INFO] IPUIPlugin:80 - create IPUIPlugin
2025-10-22 15:23:02,182 [INFO] IPUIPlugin:80 - create IPUIPlugin
2025-10-22 15:23:02,182 [INFO] IPUIPlugin:80 - create IPUIPlugin
2025-10-22 15:23:02,182 [INFO] IPUIPlugin:80 - create IPUIPlugin
2025-10-22 15:23:02,182 [INFO] IPUIPlugin:80 - create IPUIPlugin
2025-10-22 15:23:02,182 [INFO] IPUIPlugin:80 - create IPUIPlugin
2025-10-22 15:23:02,182 [INFO] IPUIPlugin:80 - create IPUIPlugin
2025-10-22 15:23:02,182 [INFO] IPUIPlugin:80 - create IPUIPlugin
2025-10-22 15:23:02,182 [INFO] IPUIPlugin:80 - create IPUIPlugin
2025-10-22 15:23:02,183 [INFO] IPUIPlugin:80 - create IPUIPlugin
2025-10-22 15:23:02,183 [INFO] IPUIPlugin:80 - create IPUIPlugin
2025-10-22 15:23:02,183 [INFO] IPUIPlugin:80 - create IPUIPlugin
2025-10-22 15:23:02,183 [INFO] IPUIPlugin:80 - create IPUIPlugin
2025-10-22 15:23:02,183 [INFO] IPUIPlugin:80 - create IPUIPlugin
2025-10-22 15:23:02,183 [INFO] IPUIPlugin:80 - create IPUIPlugin
2025-10-22 15:23:02,183 [INFO] IPUIPlugin:80 - create IPUIPlugin
2025-10-22 15:23:02,184 [INFO] IPUIPlugin:80 - create IPUIPlugin
2025-10-22 15:23:02,184 [INFO] IPUIPlugin:80 - create IPUIPlugin
2025-10-22 15:23:02,185 [INFO] ApiDbMcu:507 - Load IP Config File for PDM2PCM
2025-10-22 15:23:02,186 [WARN] IP:2113 - I2C_Coeff_DF not found: check if there is a RefParameter without a condition.
2025-10-22 15:23:02,186 [WARN] IP:2113 - Analog_Filter not found: check if there is a RefParameter without a condition.
2025-10-22 15:23:02,188 [INFO] I2sManager:658 - 1.6E8
2025-10-22 15:23:02,188 [INFO] I2sManager:195 - I2S Clock Value : 1.6E8
2025-10-22 15:23:02,188 [INFO] I2sManager:553 - AudioClock : 96153Divider : 26Odd : 0
2025-10-22 15:23:02,189 [INFO] I2sManager:658 - 1.6E8
2025-10-22 15:23:02,189 [INFO] I2sManager:195 - I2S Clock Value : 1.6E8
2025-10-22 15:23:02,189 [INFO] I2sManager:553 - AudioClock : 89285Divider : 3Odd : 1
2025-10-22 15:23:02,219 [INFO] CADModel:165 - CPN selected for project levelSTM32F411VET6
2025-10-22 15:23:02,220 [INFO] CADModel:114 - Register for checkConnection events
2025-10-22 15:23:02,255 [INFO] OpenFileManager:328 - Restore cursor
2025-10-22 15:23:02,293 [WARN] IP:2113 - I2C_Coeff_DF not found: check if there is a RefParameter without a condition.
2025-10-22 15:23:02,293 [WARN] IP:2113 - Analog_Filter not found: check if there is a RefParameter without a condition.
2025-10-22 15:23:02,293 [WARN] IP:2113 - I2C_Coeff_DF not found: check if there is a RefParameter without a condition.
2025-10-22 15:23:02,293 [WARN] IP:2113 - Analog_Filter not found: check if there is a RefParameter without a condition.
2025-10-22 15:25:00,398 [WARN] BspModel:443 - BSP dependency skipped because of component: name='IOExpander', api='Unknown'
2025-10-22 15:25:00,445 [WARN] IP:2113 - I2C_Coeff_DF not found: check if there is a RefParameter without a condition.
2025-10-22 15:25:00,445 [WARN] IP:2113 - Analog_Filter not found: check if there is a RefParameter without a condition.
2025-10-22 15:25:00,445 [WARN] IP:2113 - I2C_Coeff_DF not found: check if there is a RefParameter without a condition.
2025-10-22 15:25:00,445 [WARN] IP:2113 - Analog_Filter not found: check if there is a RefParameter without a condition.
2025-10-22 15:25:00,457 [WARN] IP:2113 - I2C_Coeff_DF not found: check if there is a RefParameter without a condition.
2025-10-22 15:25:00,457 [WARN] IP:2113 - Analog_Filter not found: check if there is a RefParameter without a condition.
2025-10-22 15:25:00,469 [WARN] IP:2113 - I2C_Coeff_DF not found: check if there is a RefParameter without a condition.
2025-10-22 15:25:00,469 [WARN] IP:2113 - Analog_Filter not found: check if there is a RefParameter without a condition.
2025-10-22 15:25:02,874 [WARN] BspModel:443 - BSP dependency skipped because of component: name='IOExpander', api='Unknown'
2025-10-22 15:25:02,908 [WARN] IP:2113 - I2C_Coeff_DF not found: check if there is a RefParameter without a condition.
2025-10-22 15:25:02,908 [WARN] IP:2113 - Analog_Filter not found: check if there is a RefParameter without a condition.
2025-10-22 15:25:02,908 [WARN] IP:2113 - I2C_Coeff_DF not found: check if there is a RefParameter without a condition.
2025-10-22 15:25:02,908 [WARN] IP:2113 - Analog_Filter not found: check if there is a RefParameter without a condition.
2025-10-22 15:25:02,927 [WARN] IP:2113 - I2C_Coeff_DF not found: check if there is a RefParameter without a condition.
2025-10-22 15:25:02,927 [WARN] IP:2113 - Analog_Filter not found: check if there is a RefParameter without a condition.
2025-10-22 15:25:02,939 [WARN] IP:2113 - I2C_Coeff_DF not found: check if there is a RefParameter without a condition.
2025-10-22 15:25:02,939 [WARN] IP:2113 - Analog_Filter not found: check if there is a RefParameter without a condition.
2025-10-22 15:25:16,058 [INFO] UtilMem:75 - End SaveConfig() Used Memory: 447667472 Bytes (762314752)
2025-10-22 15:25:17,994 [INFO] UtilMem:75 - End SaveConfig() Used Memory: 369727544 Bytes (762314752)
2025-10-22 15:25:20,756 [INFO] UtilMem:75 - End SaveConfig() Used Memory: 350520072 Bytes (762314752)
2025-10-22 15:25:20,921 [INFO] BlockDiagram:2759 - set Specific Code input for plugin: SPI
2025-10-22 15:25:20,921 [INFO] BlockDiagram:2759 - set Specific Code input for plugin: I2S
2025-10-22 15:25:20,921 [INFO] BlockDiagram:2759 - set Specific Code input for plugin: I2S
2025-10-22 15:25:20,921 [INFO] BlockDiagram:2759 - set Specific Code input for plugin: SYS
2025-10-22 15:25:20,921 [INFO] BlockDiagram:2759 - set Specific Code input for plugin: RCC
2025-10-22 15:25:20,921 [INFO] BlockDiagram:2759 - set Specific Code input for plugin: I2C
2025-10-22 15:25:20,921 [INFO] BlockDiagram:2759 - set Specific Code input for plugin: USB_OTG_FS
2025-10-22 15:25:20,921 [INFO] BlockDiagram:2759 - set Specific Code input for plugin: NVIC
2025-10-22 15:25:20,921 [INFO] BlockDiagram:2759 - set Specific Code input for plugin: USB_HOST
2025-10-22 15:25:20,921 [INFO] BlockDiagram:2759 - set Specific Code input for plugin: GPIO
2025-10-22 15:25:20,922 [INFO] CodeGenerator:793 - code generatio: config db path: /app/stm32cubeide/plugins/com.st.stm32cube.common.mx_6.8.0.202302231600//db/
2025-10-22 15:25:20,923 [WARN] IP:2113 - I2C_Coeff_DF not found: check if there is a RefParameter without a condition.
2025-10-22 15:25:20,924 [WARN] IP:2113 - Analog_Filter not found: check if there is a RefParameter without a condition.
2025-10-22 15:25:21,057 [INFO] CodeEngine:255 - oldGeneratedFile, /home/abanchio/Documents/Famaf/5to/microcontroladores/2_proximity_sensor/MXTmpFiles/license.tmp_save
2025-10-22 15:25:21,101 [INFO] CodeEngine:279 - Generated code: /home/abanchio/Documents/Famaf/5to/microcontroladores/2_proximity_sensor/MXTmpFiles/license.tmp
2025-10-22 15:25:21,137 [INFO] CodeEngine:255 - oldGeneratedFile, /home/abanchio/Documents/Famaf/5to/microcontroladores/2_proximity_sensor/MXTmpFiles/gpio.tmp_save
2025-10-22 15:25:21,177 [INFO] CodeEngine:279 - Generated code: /home/abanchio/Documents/Famaf/5to/microcontroladores/2_proximity_sensor/MXTmpFiles/gpio.tmp
2025-10-22 15:25:21,204 [WARN] IPConfigManager:2937 - Warning: the RefConfig PWREx_EnableUSBVoltageDetector is not available in your config.xml file
2025-10-22 15:25:21,206 [INFO] CodeEngine:255 - oldGeneratedFile, /home/abanchio/Documents/Famaf/5to/microcontroladores/2_proximity_sensor/MXTmpFiles/usb_otg_fs_vars.tmp_save
2025-10-22 15:25:21,238 [INFO] CodeEngine:279 - Generated code: /home/abanchio/Documents/Famaf/5to/microcontroladores/2_proximity_sensor/MXTmpFiles/usb_otg_fs_vars.tmp
2025-10-22 15:25:21,239 [INFO] CodeEngine:255 - oldGeneratedFile, /home/abanchio/Documents/Famaf/5to/microcontroladores/2_proximity_sensor/MXTmpFiles/usb_otg_fs_inc.tmp_save
2025-10-22 15:25:21,269 [INFO] CodeEngine:279 - Generated code: /home/abanchio/Documents/Famaf/5to/microcontroladores/2_proximity_sensor/MXTmpFiles/usb_otg_fs_inc.tmp
2025-10-22 15:25:21,270 [INFO] CodeEngine:255 - oldGeneratedFile, /home/abanchio/Documents/Famaf/5to/microcontroladores/2_proximity_sensor/MXTmpFiles/usb_otg_fs_HalInit.tmp_save
2025-10-22 15:25:21,304 [INFO] CodeEngine:279 - Generated code: /home/abanchio/Documents/Famaf/5to/microcontroladores/2_proximity_sensor/MXTmpFiles/usb_otg_fs_HalInit.tmp
2025-10-22 15:25:21,305 [INFO] CodeEngine:255 - oldGeneratedFile, /home/abanchio/Documents/Famaf/5to/microcontroladores/2_proximity_sensor/MXTmpFiles/usb_otg_fs_Msp.tmp_save
2025-10-22 15:25:21,351 [INFO] CodeEngine:279 - Generated code: /home/abanchio/Documents/Famaf/5to/microcontroladores/2_proximity_sensor/MXTmpFiles/usb_otg_fs_Msp.tmp
2025-10-22 15:25:21,502 [INFO] CodeEngine:255 - oldGeneratedFile, /home/abanchio/Documents/Famaf/5to/microcontroladores/2_proximity_sensor/USB_HOST/App/usb_host.c_save
2025-10-22 15:25:21,540 [INFO] CodeEngine:279 - Generated code: /home/abanchio/Documents/Famaf/5to/microcontroladores/2_proximity_sensor/USB_HOST/App/usb_host.c
2025-10-22 15:25:21,541 [INFO] CodeEngine:255 - oldGeneratedFile, /home/abanchio/Documents/Famaf/5to/microcontroladores/2_proximity_sensor/USB_HOST/App/usb_host.h_save
2025-10-22 15:25:21,579 [INFO] CodeEngine:279 - Generated code: /home/abanchio/Documents/Famaf/5to/microcontroladores/2_proximity_sensor/USB_HOST/App/usb_host.h
2025-10-22 15:25:21,580 [INFO] CodeEngine:255 - oldGeneratedFile, /home/abanchio/Documents/Famaf/5to/microcontroladores/2_proximity_sensor/USB_HOST/Target/usbh_conf.h_save
2025-10-22 15:25:21,616 [INFO] CodeEngine:279 - Generated code: /home/abanchio/Documents/Famaf/5to/microcontroladores/2_proximity_sensor/USB_HOST/Target/usbh_conf.h
2025-10-22 15:25:21,619 [INFO] CodeEngine:255 - oldGeneratedFile, /home/abanchio/Documents/Famaf/5to/microcontroladores/2_proximity_sensor/USB_HOST/Target/usbh_conf.c_save
2025-10-22 15:25:21,656 [INFO] CodeEngine:279 - Generated code: /home/abanchio/Documents/Famaf/5to/microcontroladores/2_proximity_sensor/USB_HOST/Target/usbh_conf.c
2025-10-22 15:25:21,657 [INFO] CodeEngine:255 - oldGeneratedFile, /home/abanchio/Documents/Famaf/5to/microcontroladores/2_proximity_sensor/USB_HOST/Target/usbh_platform.c_save
2025-10-22 15:25:21,689 [INFO] CodeEngine:279 - Generated code: /home/abanchio/Documents/Famaf/5to/microcontroladores/2_proximity_sensor/USB_HOST/Target/usbh_platform.c
2025-10-22 15:25:21,690 [INFO] CodeEngine:255 - oldGeneratedFile, /home/abanchio/Documents/Famaf/5to/microcontroladores/2_proximity_sensor/USB_HOST/Target/usbh_platform.h_save
2025-10-22 15:25:21,720 [INFO] CodeEngine:279 - Generated code: /home/abanchio/Documents/Famaf/5to/microcontroladores/2_proximity_sensor/USB_HOST/Target/usbh_platform.h
2025-10-22 15:25:21,723 [INFO] CodeEngine:255 - oldGeneratedFile, /home/abanchio/Documents/Famaf/5to/microcontroladores/2_proximity_sensor/Core/Src/stm32f4xx_it.c_save
2025-10-22 15:25:21,757 [INFO] CodeEngine:279 - Generated code: /home/abanchio/Documents/Famaf/5to/microcontroladores/2_proximity_sensor/Core/Src/stm32f4xx_it.c
2025-10-22 15:25:21,758 [INFO] CodeEngine:255 - oldGeneratedFile, /home/abanchio/Documents/Famaf/5to/microcontroladores/2_proximity_sensor/Core/Inc/stm32f4xx_it.h_save
2025-10-22 15:25:21,789 [INFO] CodeEngine:279 - Generated code: /home/abanchio/Documents/Famaf/5to/microcontroladores/2_proximity_sensor/Core/Inc/stm32f4xx_it.h
2025-10-22 15:25:21,791 [INFO] CodeEngine:255 - oldGeneratedFile, /home/abanchio/Documents/Famaf/5to/microcontroladores/2_proximity_sensor/Core/Src/stm32f4xx_hal_msp.c_save
2025-10-22 15:25:21,836 [INFO] CodeEngine:279 - Generated code: /home/abanchio/Documents/Famaf/5to/microcontroladores/2_proximity_sensor/Core/Src/stm32f4xx_hal_msp.c
2025-10-22 15:25:21,836 [INFO] CodeEngine:255 - oldGeneratedFile, /home/abanchio/Documents/Famaf/5to/microcontroladores/2_proximity_sensor/MXTmpFiles/system.tmp_save
2025-10-22 15:25:21,867 [INFO] CodeEngine:279 - Generated code: /home/abanchio/Documents/Famaf/5to/microcontroladores/2_proximity_sensor/MXTmpFiles/system.tmp
2025-10-22 15:25:21,869 [INFO] CodeEngine:311 - oldGeneratedFile, /home/abanchio/Documents/Famaf/5to/microcontroladores/2_proximity_sensor/Core/Inc/stm32f4xx_hal_conf.h_save
2025-10-22 15:25:21,903 [INFO] CodeEngine:335 - Generated code: /home/abanchio/Documents/Famaf/5to/microcontroladores/2_proximity_sensor/Core/Inc/stm32f4xx_hal_conf.h
2025-10-22 15:25:21,912 [INFO] CodeEngine:255 - oldGeneratedFile, /home/abanchio/Documents/Famaf/5to/microcontroladores/2_proximity_sensor/Core/Inc/main.h_save
2025-10-22 15:25:21,945 [INFO] CodeEngine:279 - Generated code: /home/abanchio/Documents/Famaf/5to/microcontroladores/2_proximity_sensor/Core/Inc/main.h
2025-10-22 15:25:21,946 [INFO] CodeEngine:255 - oldGeneratedFile, /home/abanchio/Documents/Famaf/5to/microcontroladores/2_proximity_sensor/Core/Src/main.c_save
2025-10-22 15:25:21,996 [INFO] CodeEngine:279 - Generated code: /home/abanchio/Documents/Famaf/5to/microcontroladores/2_proximity_sensor/Core/Src/main.c
2025-10-22 15:25:22,319 [INFO] ProjectBuilder:2996 - Time for Copy HAL[1] : 72mS.
2025-10-22 15:25:22,321 [INFO] ProjectBuilder:4304 - Project Generator version: 3.19.2
2025-10-22 15:25:22,437 [INFO] ConfigFileManager:1483 - The Die is : DIE431
2025-10-22 15:25:22,439 [INFO] ApiDbMcu:507 - Load IP Config File for FATFS
2025-10-22 15:25:22,441 [INFO] ApiDbMcu:507 - Load IP Config File for FREERTOS
2025-10-22 15:25:22,443 [INFO] ApiDbMcu:507 - Load IP Config File for LIBJPEG
2025-10-22 15:25:22,447 [INFO] ApiDbMcu:507 - Load IP Config File for MBEDTLS
2025-10-22 15:25:22,452 [INFO] ApiDbMcu:507 - Load IP Config File for USB_DEVICE
2025-10-22 15:25:23,651 [INFO] ProjectBuilder:4505 - Time for Generating toolchain IDE Files: 1331mS.
2025-10-22 15:25:23,651 [INFO] ProjectBuilder:2867 - Time for Copy CMSIS : 0mS.
2025-10-22 15:25:23,652 [INFO] ProjectBuilder:2867 - Time for Copy CMSIS : 0mS.
2025-10-22 15:32:24,651 [ERROR] LogOutputStream:75 - [STDERR_REDIRECT] Oct 22, 2025 3:32:24 PM java.util.prefs.FileSystemPreferences$6 run
2025-10-22 15:32:24,652 [ERROR] LogOutputStream:75 - [STDERR_REDIRECT] WARNING: Invalid preferences format in /home/abanchio/.java/.userPrefs/com/st/library/analyticscore/prefs.xml
2025-10-22 15:32:24,652 [ERROR] LogOutputStream:75 - [STDERR_REDIRECT] 
2025-10-22 15:32:54,632 [ERROR] LogOutputStream:75 - [STDERR_REDIRECT] Oct 22, 2025 3:32:54 PM java.util.prefs.FileSystemPreferences$6 run
2025-10-22 15:32:54,633 [ERROR] LogOutputStream:75 - [STDERR_REDIRECT] WARNING: Prefs file removed in background /home/abanchio/.java/.userPrefs/com/st/library/analyticscore/prefs.xml
2025-10-22 15:32:54,633 [ERROR] LogOutputStream:75 - [STDERR_REDIRECT] 
2025-10-22 15:33:54,630 [ERROR] LogOutputStream:75 - [STDERR_REDIRECT] Oct 22, 2025 3:33:54 PM java.util.prefs.FileSystemPreferences$6 run
2025-10-22 15:33:54,631 [ERROR] LogOutputStream:75 - [STDERR_REDIRECT] WARNING: Invalid preferences format in /home/abanchio/.java/.userPrefs/com/st/library/analyticscore/prefs.xml
2025-10-22 15:33:54,631 [ERROR] LogOutputStream:75 - [STDERR_REDIRECT] 
2025-10-22 15:34:24,630 [ERROR] LogOutputStream:75 - [STDERR_REDIRECT] Oct 22, 2025 3:34:24 PM java.util.prefs.FileSystemPreferences$6 run
2025-10-22 15:34:24,630 [ERROR] LogOutputStream:75 - [STDERR_REDIRECT] WARNING: Invalid preferences format in /home/abanchio/.java/.userPrefs/com/st/library/analyticscore/prefs.xml
2025-10-22 15:34:24,630 [ERROR] LogOutputStream:75 - [STDERR_REDIRECT] 
2025-10-22 15:34:54,630 [ERROR] LogOutputStream:75 - [STDERR_REDIRECT] Oct 22, 2025 3:34:54 PM java.util.prefs.FileSystemPreferences$6 run
2025-10-22 15:34:54,631 [ERROR] LogOutputStream:75 - [STDERR_REDIRECT] WARNING: Invalid preferences format in /home/abanchio/.java/.userPrefs/com/st/library/analyticscore/prefs.xml
2025-10-22 15:34:54,631 [ERROR] LogOutputStream:75 - [STDERR_REDIRECT] 
2025-10-22 15:35:24,633 [ERROR] LogOutputStream:75 - [STDERR_REDIRECT] Oct 22, 2025 3:35:24 PM java.util.prefs.FileSystemPreferences$6 run
2025-10-22 15:35:24,633 [ERROR] LogOutputStream:75 - [STDERR_REDIRECT] WARNING: Invalid preferences format in /home/abanchio/.java/.userPrefs/com/st/library/analyticscore/prefs.xml
2025-10-22 15:35:24,634 [ERROR] LogOutputStream:75 - [STDERR_REDIRECT] 
2025-10-22 15:35:54,632 [ERROR] LogOutputStream:75 - [STDERR_REDIRECT] Oct 22, 2025 3:35:54 PM java.util.prefs.FileSystemPreferences$6 run
2025-10-22 15:35:54,632 [ERROR] LogOutputStream:75 - [STDERR_REDIRECT] WARNING: Prefs file removed in background /home/abanchio/.java/.userPrefs/com/st/library/analyticscore/prefs.xml
2025-10-22 15:35:54,632 [ERROR] LogOutputStream:75 - [STDERR_REDIRECT] 
2025-10-22 15:37:24,633 [ERROR] LogOutputStream:75 - [STDERR_REDIRECT] Oct 22, 2025 3:37:24 PM java.util.prefs.FileSystemPreferences$6 run
2025-10-22 15:37:24,634 [ERROR] LogOutputStream:75 - [STDERR_REDIRECT] WARNING: Invalid preferences format in /home/abanchio/.java/.userPrefs/com/st/library/analyticscore/prefs.xml
2025-10-22 15:37:24,635 [ERROR] LogOutputStream:75 - [STDERR_REDIRECT] 
2025-10-22 15:37:54,632 [ERROR] LogOutputStream:75 - [STDERR_REDIRECT] Oct 22, 2025 3:37:54 PM java.util.prefs.FileSystemPreferences$6 run
2025-10-22 15:37:54,632 [ERROR] LogOutputStream:75 - [STDERR_REDIRECT] WARNING: Prefs file removed in background /home/abanchio/.java/.userPrefs/com/st/library/analyticscore/prefs.xml
2025-10-22 15:37:54,633 [ERROR] LogOutputStream:75 - [STDERR_REDIRECT] 
2025-10-22 15:53:53,798 [WARN] BspModel:443 - BSP dependency skipped because of component: name='IOExpander', api='Unknown'
2025-10-22 15:53:53,846 [WARN] IP:2113 - I2C_Coeff_DF not found: check if there is a RefParameter without a condition.
2025-10-22 15:53:53,846 [WARN] IP:2113 - Analog_Filter not found: check if there is a RefParameter without a condition.
2025-10-22 15:53:53,846 [WARN] IP:2113 - I2C_Coeff_DF not found: check if there is a RefParameter without a condition.
2025-10-22 15:53:53,846 [WARN] IP:2113 - Analog_Filter not found: check if there is a RefParameter without a condition.
2025-10-22 15:53:53,863 [WARN] IP:2113 - I2C_Coeff_DF not found: check if there is a RefParameter without a condition.
2025-10-22 15:53:53,863 [WARN] IP:2113 - Analog_Filter not found: check if there is a RefParameter without a condition.
2025-10-22 15:53:53,874 [WARN] IP:2113 - I2C_Coeff_DF not found: check if there is a RefParameter without a condition.
2025-10-22 15:53:53,874 [WARN] IP:2113 - Analog_Filter not found: check if there is a RefParameter without a condition.
2025-10-22 15:54:03,150 [WARN] BspModel:443 - BSP dependency skipped because of component: name='IOExpander', api='Unknown'
2025-10-22 15:54:03,174 [WARN] IP:2113 - I2C_Coeff_DF not found: check if there is a RefParameter without a condition.
2025-10-22 15:54:03,174 [WARN] IP:2113 - Analog_Filter not found: check if there is a RefParameter without a condition.
2025-10-22 15:54:03,174 [WARN] IP:2113 - I2C_Coeff_DF not found: check if there is a RefParameter without a condition.
2025-10-22 15:54:03,174 [WARN] IP:2113 - Analog_Filter not found: check if there is a RefParameter without a condition.
2025-10-22 15:54:03,186 [WARN] IP:2113 - I2C_Coeff_DF not found: check if there is a RefParameter without a condition.
2025-10-22 15:54:03,186 [WARN] IP:2113 - Analog_Filter not found: check if there is a RefParameter without a condition.
2025-10-22 15:54:03,198 [WARN] IP:2113 - I2C_Coeff_DF not found: check if there is a RefParameter without a condition.
2025-10-22 15:54:03,198 [WARN] IP:2113 - Analog_Filter not found: check if there is a RefParameter without a condition.
2025-10-22 15:54:05,930 [WARN] BspModel:443 - BSP dependency skipped because of component: name='IOExpander', api='Unknown'
2025-10-22 15:54:05,962 [WARN] IP:2113 - I2C_Coeff_DF not found: check if there is a RefParameter without a condition.
2025-10-22 15:54:05,962 [WARN] IP:2113 - Analog_Filter not found: check if there is a RefParameter without a condition.
2025-10-22 15:54:05,962 [WARN] IP:2113 - I2C_Coeff_DF not found: check if there is a RefParameter without a condition.
2025-10-22 15:54:05,962 [WARN] IP:2113 - Analog_Filter not found: check if there is a RefParameter without a condition.
2025-10-22 15:54:05,973 [WARN] IP:2113 - I2C_Coeff_DF not found: check if there is a RefParameter without a condition.
2025-10-22 15:54:05,973 [WARN] IP:2113 - Analog_Filter not found: check if there is a RefParameter without a condition.
2025-10-22 15:54:05,984 [WARN] IP:2113 - I2C_Coeff_DF not found: check if there is a RefParameter without a condition.
2025-10-22 15:54:05,984 [WARN] IP:2113 - Analog_Filter not found: check if there is a RefParameter without a condition.
2025-10-22 15:57:04,628 [INFO] I2sManager:658 - 1.6E8
2025-10-22 15:57:04,628 [INFO] I2sManager:195 - I2S Clock Value : 1.6E8
2025-10-22 15:57:04,629 [INFO] I2sManager:553 - AudioClock : 96153Divider : 26Odd : 0
2025-10-22 15:57:04,629 [INFO] I2sManager:658 - 1.6E8
2025-10-22 15:57:04,629 [INFO] I2sManager:195 - I2S Clock Value : 1.6E8
2025-10-22 15:57:04,629 [INFO] I2sManager:553 - AudioClock : 89285Divider : 3Odd : 1
2025-10-22 15:57:04,654 [WARN] IP:2113 - I2C_Coeff_DF not found: check if there is a RefParameter without a condition.
2025-10-22 15:57:04,654 [WARN] IP:2113 - Analog_Filter not found: check if there is a RefParameter without a condition.
2025-10-22 15:57:04,654 [WARN] IP:2113 - I2C_Coeff_DF not found: check if there is a RefParameter without a condition.
2025-10-22 15:57:04,654 [WARN] IP:2113 - Analog_Filter not found: check if there is a RefParameter without a condition.
2025-10-22 15:57:30,460 [INFO] I2sManager:658 - 1.6E8
2025-10-22 15:57:30,460 [INFO] I2sManager:195 - I2S Clock Value : 1.6E8
2025-10-22 15:57:30,461 [INFO] I2sManager:553 - AudioClock : 96153Divider : 26Odd : 0
2025-10-22 15:57:30,461 [INFO] I2sManager:658 - 1.6E8
2025-10-22 15:57:30,461 [INFO] I2sManager:195 - I2S Clock Value : 1.6E8
2025-10-22 15:57:30,461 [INFO] I2sManager:553 - AudioClock : 89285Divider : 3Odd : 1
2025-10-22 15:57:30,490 [WARN] IP:2113 - I2C_Coeff_DF not found: check if there is a RefParameter without a condition.
2025-10-22 15:57:30,490 [WARN] IP:2113 - Analog_Filter not found: check if there is a RefParameter without a condition.
2025-10-22 15:57:30,490 [WARN] IP:2113 - I2C_Coeff_DF not found: check if there is a RefParameter without a condition.
2025-10-22 15:57:30,490 [WARN] IP:2113 - Analog_Filter not found: check if there is a RefParameter without a condition.
2025-10-22 15:57:35,718 [INFO] I2sManager:658 - 1.6E8
2025-10-22 15:57:35,718 [INFO] I2sManager:195 - I2S Clock Value : 1.6E8
2025-10-22 15:57:35,718 [INFO] I2sManager:553 - AudioClock : 96153Divider : 26Odd : 0
2025-10-22 15:57:35,719 [INFO] I2sManager:658 - 1.6E8
2025-10-22 15:57:35,719 [INFO] I2sManager:195 - I2S Clock Value : 1.6E8
2025-10-22 15:57:35,719 [INFO] I2sManager:553 - AudioClock : 89285Divider : 3Odd : 1
2025-10-22 15:57:35,750 [WARN] IP:2113 - I2C_Coeff_DF not found: check if there is a RefParameter without a condition.
2025-10-22 15:57:35,750 [WARN] IP:2113 - Analog_Filter not found: check if there is a RefParameter without a condition.
2025-10-22 15:57:35,750 [WARN] IP:2113 - I2C_Coeff_DF not found: check if there is a RefParameter without a condition.
2025-10-22 15:57:35,750 [WARN] IP:2113 - Analog_Filter not found: check if there is a RefParameter without a condition.
2025-10-22 15:57:53,338 [INFO] I2sManager:658 - 1.6E8
2025-10-22 15:57:53,338 [INFO] I2sManager:195 - I2S Clock Value : 1.6E8
2025-10-22 15:57:53,338 [INFO] I2sManager:553 - AudioClock : 96153Divider : 26Odd : 0
2025-10-22 15:57:53,339 [INFO] I2sManager:658 - 1.6E8
2025-10-22 15:57:53,339 [INFO] I2sManager:195 - I2S Clock Value : 1.6E8
2025-10-22 15:57:53,339 [INFO] I2sManager:553 - AudioClock : 89285Divider : 3Odd : 1
2025-10-22 15:58:23,314 [WARN] BspModel:443 - BSP dependency skipped because of component: name='IOExpander', api='Unknown'
2025-10-22 15:58:26,869 [INFO] NvicIntPanel:101 - NVIC parent = com.st.microxplorer.plugins.ip.nvic.MultiNvicIntPanel[,0,0,517x261,layout=javax.swing.BoxLayout,alignmentX=0.0,alignmentY=0.0,border=,flags=9,maximumSize=,minimumSize=,preferredSize=]
2025-10-22 15:58:30,377 [INFO] NvicIntPanel:101 - NVIC parent = com.st.microxplorer.plugins.ip.nvic.MultiNvicIntPanel[,0,0,0x0,invalid,layout=javax.swing.BoxLayout,alignmentX=0.0,alignmentY=0.0,border=,flags=9,maximumSize=,minimumSize=,preferredSize=]
2025-10-22 15:58:52,055 [INFO] NvicIntPanel:101 - NVIC parent = com.st.microxplorer.plugins.ip.nvic.MultiNvicIntPanel[,0,0,0x0,invalid,layout=javax.swing.BoxLayout,alignmentX=0.0,alignmentY=0.0,border=,flags=9,maximumSize=,minimumSize=,preferredSize=]
2025-10-22 16:00:16,786 [INFO] UtilMem:75 - End SaveConfig() Used Memory: 270793120 Bytes (762314752)
2025-10-22 16:00:16,848 [INFO] UtilMem:75 - End SaveConfig() Used Memory: 285995424 Bytes (762314752)
2025-10-22 16:00:17,068 [INFO] UtilMem:75 - End SaveConfig() Used Memory: 342096288 Bytes (762314752)
2025-10-22 16:00:17,223 [INFO] BlockDiagram:2759 - set Specific Code input for plugin: SPI
2025-10-22 16:00:17,223 [INFO] BlockDiagram:2759 - set Specific Code input for plugin: TIM1_8
2025-10-22 16:00:17,223 [INFO] BlockDiagram:2759 - set Specific Code input for plugin: I2S
2025-10-22 16:00:17,223 [INFO] BlockDiagram:2759 - set Specific Code input for plugin: I2S
2025-10-22 16:00:17,223 [INFO] BlockDiagram:2759 - set Specific Code input for plugin: SYS
2025-10-22 16:00:17,223 [INFO] BlockDiagram:2759 - set Specific Code input for plugin: RCC
2025-10-22 16:00:17,223 [INFO] BlockDiagram:2759 - set Specific Code input for plugin: I2C
2025-10-22 16:00:17,223 [INFO] BlockDiagram:2759 - set Specific Code input for plugin: USB_OTG_FS
2025-10-22 16:00:17,223 [INFO] BlockDiagram:2759 - set Specific Code input for plugin: NVIC
2025-10-22 16:00:17,223 [INFO] BlockDiagram:2759 - set Specific Code input for plugin: USB_HOST
2025-10-22 16:00:17,223 [INFO] BlockDiagram:2759 - set Specific Code input for plugin: GPIO
2025-10-22 16:00:17,224 [INFO] CodeGenerator:793 - code generatio: config db path: /app/stm32cubeide/plugins/com.st.stm32cube.common.mx_6.8.0.202302231600//db/
2025-10-22 16:00:17,226 [WARN] IP:2113 - I2C_Coeff_DF not found: check if there is a RefParameter without a condition.
2025-10-22 16:00:17,226 [WARN] IP:2113 - Analog_Filter not found: check if there is a RefParameter without a condition.
2025-10-22 16:00:17,351 [INFO] CodeEngine:255 - oldGeneratedFile, /home/abanchio/Documents/Famaf/5to/microcontroladores/2_proximity_sensor/MXTmpFiles/license.tmp_save
2025-10-22 16:00:17,447 [INFO] CodeEngine:279 - Generated code: /home/abanchio/Documents/Famaf/5to/microcontroladores/2_proximity_sensor/MXTmpFiles/license.tmp
2025-10-22 16:00:17,478 [INFO] CodeEngine:255 - oldGeneratedFile, /home/abanchio/Documents/Famaf/5to/microcontroladores/2_proximity_sensor/MXTmpFiles/gpio.tmp_save
2025-10-22 16:00:17,553 [INFO] CodeEngine:279 - Generated code: /home/abanchio/Documents/Famaf/5to/microcontroladores/2_proximity_sensor/MXTmpFiles/gpio.tmp
2025-10-22 16:00:17,611 [WARN] IPConfigManager:2937 - Warning: the RefConfig PWREx_EnableUSBVoltageDetector is not available in your config.xml file
2025-10-22 16:00:17,614 [INFO] CodeEngine:255 - oldGeneratedFile, /home/abanchio/Documents/Famaf/5to/microcontroladores/2_proximity_sensor/MXTmpFiles/usb_otg_fs_vars.tmp_save
2025-10-22 16:00:17,665 [INFO] CodeEngine:279 - Generated code: /home/abanchio/Documents/Famaf/5to/microcontroladores/2_proximity_sensor/MXTmpFiles/usb_otg_fs_vars.tmp
2025-10-22 16:00:17,666 [INFO] CodeEngine:255 - oldGeneratedFile, /home/abanchio/Documents/Famaf/5to/microcontroladores/2_proximity_sensor/MXTmpFiles/usb_otg_fs_inc.tmp_save
2025-10-22 16:00:17,699 [INFO] CodeEngine:279 - Generated code: /home/abanchio/Documents/Famaf/5to/microcontroladores/2_proximity_sensor/MXTmpFiles/usb_otg_fs_inc.tmp
2025-10-22 16:00:17,700 [INFO] CodeEngine:255 - oldGeneratedFile, /home/abanchio/Documents/Famaf/5to/microcontroladores/2_proximity_sensor/MXTmpFiles/usb_otg_fs_HalInit.tmp_save
2025-10-22 16:00:17,747 [INFO] CodeEngine:279 - Generated code: /home/abanchio/Documents/Famaf/5to/microcontroladores/2_proximity_sensor/MXTmpFiles/usb_otg_fs_HalInit.tmp
2025-10-22 16:00:17,748 [INFO] CodeEngine:255 - oldGeneratedFile, /home/abanchio/Documents/Famaf/5to/microcontroladores/2_proximity_sensor/MXTmpFiles/usb_otg_fs_Msp.tmp_save
2025-10-22 16:00:17,787 [INFO] CodeEngine:279 - Generated code: /home/abanchio/Documents/Famaf/5to/microcontroladores/2_proximity_sensor/MXTmpFiles/usb_otg_fs_Msp.tmp
2025-10-22 16:00:17,949 [INFO] CodeEngine:255 - oldGeneratedFile, /home/abanchio/Documents/Famaf/5to/microcontroladores/2_proximity_sensor/USB_HOST/App/usb_host.c_save
2025-10-22 16:00:17,992 [INFO] CodeEngine:279 - Generated code: /home/abanchio/Documents/Famaf/5to/microcontroladores/2_proximity_sensor/USB_HOST/App/usb_host.c
2025-10-22 16:00:17,993 [INFO] CodeEngine:255 - oldGeneratedFile, /home/abanchio/Documents/Famaf/5to/microcontroladores/2_proximity_sensor/USB_HOST/App/usb_host.h_save
2025-10-22 16:00:18,025 [INFO] CodeEngine:279 - Generated code: /home/abanchio/Documents/Famaf/5to/microcontroladores/2_proximity_sensor/USB_HOST/App/usb_host.h
2025-10-22 16:00:18,026 [INFO] CodeEngine:255 - oldGeneratedFile, /home/abanchio/Documents/Famaf/5to/microcontroladores/2_proximity_sensor/USB_HOST/Target/usbh_conf.h_save
2025-10-22 16:00:18,073 [INFO] CodeEngine:279 - Generated code: /home/abanchio/Documents/Famaf/5to/microcontroladores/2_proximity_sensor/USB_HOST/Target/usbh_conf.h
2025-10-22 16:00:18,074 [INFO] CodeEngine:255 - oldGeneratedFile, /home/abanchio/Documents/Famaf/5to/microcontroladores/2_proximity_sensor/USB_HOST/Target/usbh_conf.c_save
2025-10-22 16:00:18,107 [INFO] CodeEngine:279 - Generated code: /home/abanchio/Documents/Famaf/5to/microcontroladores/2_proximity_sensor/USB_HOST/Target/usbh_conf.c
2025-10-22 16:00:18,108 [INFO] CodeEngine:255 - oldGeneratedFile, /home/abanchio/Documents/Famaf/5to/microcontroladores/2_proximity_sensor/USB_HOST/Target/usbh_platform.c_save
2025-10-22 16:00:18,139 [INFO] CodeEngine:279 - Generated code: /home/abanchio/Documents/Famaf/5to/microcontroladores/2_proximity_sensor/USB_HOST/Target/usbh_platform.c
2025-10-22 16:00:18,139 [INFO] CodeEngine:255 - oldGeneratedFile, /home/abanchio/Documents/Famaf/5to/microcontroladores/2_proximity_sensor/USB_HOST/Target/usbh_platform.h_save
2025-10-22 16:00:18,169 [INFO] CodeEngine:279 - Generated code: /home/abanchio/Documents/Famaf/5to/microcontroladores/2_proximity_sensor/USB_HOST/Target/usbh_platform.h
2025-10-22 16:00:18,173 [INFO] CodeEngine:255 - oldGeneratedFile, /home/abanchio/Documents/Famaf/5to/microcontroladores/2_proximity_sensor/Core/Src/stm32f4xx_it.c_save
2025-10-22 16:00:18,264 [INFO] CodeEngine:279 - Generated code: /home/abanchio/Documents/Famaf/5to/microcontroladores/2_proximity_sensor/Core/Src/stm32f4xx_it.c
2025-10-22 16:00:18,265 [INFO] CodeEngine:255 - oldGeneratedFile, /home/abanchio/Documents/Famaf/5to/microcontroladores/2_proximity_sensor/Core/Inc/stm32f4xx_it.h_save
2025-10-22 16:00:18,300 [INFO] CodeEngine:279 - Generated code: /home/abanchio/Documents/Famaf/5to/microcontroladores/2_proximity_sensor/Core/Inc/stm32f4xx_it.h
2025-10-22 16:00:18,304 [INFO] CodeEngine:255 - oldGeneratedFile, /home/abanchio/Documents/Famaf/5to/microcontroladores/2_proximity_sensor/Core/Src/stm32f4xx_hal_msp.c_save
2025-10-22 16:00:18,377 [INFO] CodeEngine:279 - Generated code: /home/abanchio/Documents/Famaf/5to/microcontroladores/2_proximity_sensor/Core/Src/stm32f4xx_hal_msp.c
2025-10-22 16:00:18,378 [INFO] CodeEngine:255 - oldGeneratedFile, /home/abanchio/Documents/Famaf/5to/microcontroladores/2_proximity_sensor/MXTmpFiles/system.tmp_save
2025-10-22 16:00:18,409 [INFO] CodeEngine:279 - Generated code: /home/abanchio/Documents/Famaf/5to/microcontroladores/2_proximity_sensor/MXTmpFiles/system.tmp
2025-10-22 16:00:18,411 [INFO] CodeEngine:311 - oldGeneratedFile, /home/abanchio/Documents/Famaf/5to/microcontroladores/2_proximity_sensor/Core/Inc/stm32f4xx_hal_conf.h_save
2025-10-22 16:00:18,446 [INFO] CodeEngine:335 - Generated code: /home/abanchio/Documents/Famaf/5to/microcontroladores/2_proximity_sensor/Core/Inc/stm32f4xx_hal_conf.h
2025-10-22 16:00:18,453 [WARN] IPConfigManager:3431 - IP not found : TIM
2025-10-22 16:00:18,454 [WARN] CodeGenerator:3754 - IP not found : null
2025-10-22 16:00:18,455 [INFO] CodeEngine:255 - oldGeneratedFile, /home/abanchio/Documents/Famaf/5to/microcontroladores/2_proximity_sensor/Core/Inc/main.h_save
2025-10-22 16:00:18,494 [INFO] CodeEngine:279 - Generated code: /home/abanchio/Documents/Famaf/5to/microcontroladores/2_proximity_sensor/Core/Inc/main.h
2025-10-22 16:00:18,495 [INFO] CodeEngine:255 - oldGeneratedFile, /home/abanchio/Documents/Famaf/5to/microcontroladores/2_proximity_sensor/Core/Src/main.c_save
2025-10-22 16:00:18,548 [INFO] CodeEngine:279 - Generated code: /home/abanchio/Documents/Famaf/5to/microcontroladores/2_proximity_sensor/Core/Src/main.c
2025-10-22 16:00:18,861 [INFO] ProjectBuilder:2996 - Time for Copy HAL[1] : 78mS.
2025-10-22 16:00:18,864 [INFO] ProjectBuilder:4304 - Project Generator version: 3.19.2
2025-10-22 16:00:18,994 [INFO] ConfigFileManager:1483 - The Die is : DIE431
2025-10-22 16:00:20,014 [INFO] ProjectBuilder:4505 - Time for Generating toolchain IDE Files: 1149mS.
2025-10-22 16:00:20,014 [INFO] ProjectBuilder:2867 - Time for Copy CMSIS : 0mS.
2025-10-22 16:00:20,015 [INFO] ProjectBuilder:2867 - Time for Copy CMSIS : 0mS.
2025-10-22 16:03:28,895 [INFO] I2sManager:658 - 1.6E8
2025-10-22 16:03:28,895 [INFO] I2sManager:195 - I2S Clock Value : 1.6E8
2025-10-22 16:03:28,895 [INFO] I2sManager:553 - AudioClock : 96153Divider : 26Odd : 0
2025-10-22 16:03:28,895 [INFO] I2sManager:658 - 1.6E8
2025-10-22 16:03:28,895 [INFO] I2sManager:195 - I2S Clock Value : 1.6E8
2025-10-22 16:03:28,895 [INFO] I2sManager:553 - AudioClock : 89285Divider : 3Odd : 1
2025-10-22 16:31:23,504 [INFO] UtilMem:75 - End SaveConfig() Used Memory: 385861688 Bytes (783286272)
2025-10-22 16:31:23,567 [INFO] UtilMem:75 - End SaveConfig() Used Memory: 402250688 Bytes (783286272)
2025-10-22 16:31:23,924 [INFO] UtilMem:75 - End SaveConfig() Used Memory: 489277648 Bytes (783286272)
2025-10-22 16:31:24,187 [INFO] BlockDiagram:2759 - set Specific Code input for plugin: SPI
2025-10-22 16:31:24,187 [INFO] BlockDiagram:2759 - set Specific Code input for plugin: TIM1_8
2025-10-22 16:31:24,188 [INFO] BlockDiagram:2759 - set Specific Code input for plugin: I2S
2025-10-22 16:31:24,188 [INFO] BlockDiagram:2759 - set Specific Code input for plugin: I2S
2025-10-22 16:31:24,188 [INFO] BlockDiagram:2759 - set Specific Code input for plugin: SYS
2025-10-22 16:31:24,188 [INFO] BlockDiagram:2759 - set Specific Code input for plugin: RCC
2025-10-22 16:31:24,188 [INFO] BlockDiagram:2759 - set Specific Code input for plugin: I2C
2025-10-22 16:31:24,188 [INFO] BlockDiagram:2759 - set Specific Code input for plugin: USB_OTG_FS
2025-10-22 16:31:24,188 [INFO] BlockDiagram:2759 - set Specific Code input for plugin: NVIC
2025-10-22 16:31:24,188 [INFO] BlockDiagram:2759 - set Specific Code input for plugin: USB_HOST
2025-10-22 16:31:24,189 [INFO] BlockDiagram:2759 - set Specific Code input for plugin: GPIO
2025-10-22 16:31:24,190 [INFO] CodeGenerator:793 - code generatio: config db path: /app/stm32cubeide/plugins/com.st.stm32cube.common.mx_6.8.0.202302231600//db/
2025-10-22 16:31:24,193 [WARN] IP:2113 - I2C_Coeff_DF not found: check if there is a RefParameter without a condition.
2025-10-22 16:31:24,194 [WARN] IP:2113 - Analog_Filter not found: check if there is a RefParameter without a condition.
2025-10-22 16:31:24,408 [INFO] CodeEngine:255 - oldGeneratedFile, /home/abanchio/Documents/Famaf/5to/microcontroladores/2_proximity_sensor/MXTmpFiles/license.tmp_save
2025-10-22 16:31:24,494 [INFO] CodeEngine:279 - Generated code: /home/abanchio/Documents/Famaf/5to/microcontroladores/2_proximity_sensor/MXTmpFiles/license.tmp
2025-10-22 16:31:24,532 [INFO] CodeEngine:255 - oldGeneratedFile, /home/abanchio/Documents/Famaf/5to/microcontroladores/2_proximity_sensor/MXTmpFiles/gpio.tmp_save
2025-10-22 16:31:24,600 [INFO] CodeEngine:279 - Generated code: /home/abanchio/Documents/Famaf/5to/microcontroladores/2_proximity_sensor/MXTmpFiles/gpio.tmp
2025-10-22 16:31:24,650 [WARN] IPConfigManager:2937 - Warning: the RefConfig PWREx_EnableUSBVoltageDetector is not available in your config.xml file
2025-10-22 16:31:24,652 [INFO] CodeEngine:255 - oldGeneratedFile, /home/abanchio/Documents/Famaf/5to/microcontroladores/2_proximity_sensor/MXTmpFiles/usb_otg_fs_vars.tmp_save
2025-10-22 16:31:24,691 [INFO] CodeEngine:279 - Generated code: /home/abanchio/Documents/Famaf/5to/microcontroladores/2_proximity_sensor/MXTmpFiles/usb_otg_fs_vars.tmp
2025-10-22 16:31:24,692 [INFO] CodeEngine:255 - oldGeneratedFile, /home/abanchio/Documents/Famaf/5to/microcontroladores/2_proximity_sensor/MXTmpFiles/usb_otg_fs_inc.tmp_save
2025-10-22 16:31:24,725 [INFO] CodeEngine:279 - Generated code: /home/abanchio/Documents/Famaf/5to/microcontroladores/2_proximity_sensor/MXTmpFiles/usb_otg_fs_inc.tmp
2025-10-22 16:31:24,726 [INFO] CodeEngine:255 - oldGeneratedFile, /home/abanchio/Documents/Famaf/5to/microcontroladores/2_proximity_sensor/MXTmpFiles/usb_otg_fs_HalInit.tmp_save
2025-10-22 16:31:24,794 [INFO] CodeEngine:279 - Generated code: /home/abanchio/Documents/Famaf/5to/microcontroladores/2_proximity_sensor/MXTmpFiles/usb_otg_fs_HalInit.tmp
2025-10-22 16:31:24,795 [INFO] CodeEngine:255 - oldGeneratedFile, /home/abanchio/Documents/Famaf/5to/microcontroladores/2_proximity_sensor/MXTmpFiles/usb_otg_fs_Msp.tmp_save
2025-10-22 16:31:24,839 [INFO] CodeEngine:279 - Generated code: /home/abanchio/Documents/Famaf/5to/microcontroladores/2_proximity_sensor/MXTmpFiles/usb_otg_fs_Msp.tmp
2025-10-22 16:31:25,043 [INFO] CodeEngine:255 - oldGeneratedFile, /home/abanchio/Documents/Famaf/5to/microcontroladores/2_proximity_sensor/USB_HOST/App/usb_host.c_save
2025-10-22 16:31:25,084 [INFO] CodeEngine:279 - Generated code: /home/abanchio/Documents/Famaf/5to/microcontroladores/2_proximity_sensor/USB_HOST/App/usb_host.c
2025-10-22 16:31:25,087 [INFO] CodeEngine:255 - oldGeneratedFile, /home/abanchio/Documents/Famaf/5to/microcontroladores/2_proximity_sensor/USB_HOST/App/usb_host.h_save
2025-10-22 16:31:25,136 [INFO] CodeEngine:279 - Generated code: /home/abanchio/Documents/Famaf/5to/microcontroladores/2_proximity_sensor/USB_HOST/App/usb_host.h
2025-10-22 16:31:25,137 [INFO] CodeEngine:255 - oldGeneratedFile, /home/abanchio/Documents/Famaf/5to/microcontroladores/2_proximity_sensor/USB_HOST/Target/usbh_conf.h_save
2025-10-22 16:31:25,173 [INFO] CodeEngine:279 - Generated code: /home/abanchio/Documents/Famaf/5to/microcontroladores/2_proximity_sensor/USB_HOST/Target/usbh_conf.h
2025-10-22 16:31:25,173 [INFO] CodeEngine:255 - oldGeneratedFile, /home/abanchio/Documents/Famaf/5to/microcontroladores/2_proximity_sensor/USB_HOST/Target/usbh_conf.c_save
2025-10-22 16:31:25,212 [INFO] CodeEngine:279 - Generated code: /home/abanchio/Documents/Famaf/5to/microcontroladores/2_proximity_sensor/USB_HOST/Target/usbh_conf.c
2025-10-22 16:31:25,212 [INFO] CodeEngine:255 - oldGeneratedFile, /home/abanchio/Documents/Famaf/5to/microcontroladores/2_proximity_sensor/USB_HOST/Target/usbh_platform.c_save
2025-10-22 16:31:25,248 [INFO] CodeEngine:279 - Generated code: /home/abanchio/Documents/Famaf/5to/microcontroladores/2_proximity_sensor/USB_HOST/Target/usbh_platform.c
2025-10-22 16:31:25,248 [INFO] CodeEngine:255 - oldGeneratedFile, /home/abanchio/Documents/Famaf/5to/microcontroladores/2_proximity_sensor/USB_HOST/Target/usbh_platform.h_save
2025-10-22 16:31:25,283 [INFO] CodeEngine:279 - Generated code: /home/abanchio/Documents/Famaf/5to/microcontroladores/2_proximity_sensor/USB_HOST/Target/usbh_platform.h
2025-10-22 16:31:25,287 [INFO] CodeEngine:255 - oldGeneratedFile, /home/abanchio/Documents/Famaf/5to/microcontroladores/2_proximity_sensor/Core/Src/stm32f4xx_it.c_save
2025-10-22 16:31:25,382 [INFO] CodeEngine:279 - Generated code: /home/abanchio/Documents/Famaf/5to/microcontroladores/2_proximity_sensor/Core/Src/stm32f4xx_it.c
2025-10-22 16:31:25,383 [INFO] CodeEngine:255 - oldGeneratedFile, /home/abanchio/Documents/Famaf/5to/microcontroladores/2_proximity_sensor/Core/Inc/stm32f4xx_it.h_save
2025-10-22 16:31:25,416 [INFO] CodeEngine:279 - Generated code: /home/abanchio/Documents/Famaf/5to/microcontroladores/2_proximity_sensor/Core/Inc/stm32f4xx_it.h
2025-10-22 16:31:25,419 [INFO] CodeEngine:255 - oldGeneratedFile, /home/abanchio/Documents/Famaf/5to/microcontroladores/2_proximity_sensor/Core/Src/stm32f4xx_hal_msp.c_save
2025-10-22 16:31:25,470 [INFO] CodeEngine:279 - Generated code: /home/abanchio/Documents/Famaf/5to/microcontroladores/2_proximity_sensor/Core/Src/stm32f4xx_hal_msp.c
2025-10-22 16:31:25,471 [INFO] CodeEngine:255 - oldGeneratedFile, /home/abanchio/Documents/Famaf/5to/microcontroladores/2_proximity_sensor/MXTmpFiles/system.tmp_save
2025-10-22 16:31:25,504 [INFO] CodeEngine:279 - Generated code: /home/abanchio/Documents/Famaf/5to/microcontroladores/2_proximity_sensor/MXTmpFiles/system.tmp
2025-10-22 16:31:25,506 [INFO] CodeEngine:311 - oldGeneratedFile, /home/abanchio/Documents/Famaf/5to/microcontroladores/2_proximity_sensor/Core/Inc/stm32f4xx_hal_conf.h_save
2025-10-22 16:31:25,542 [INFO] CodeEngine:335 - Generated code: /home/abanchio/Documents/Famaf/5to/microcontroladores/2_proximity_sensor/Core/Inc/stm32f4xx_hal_conf.h
2025-10-22 16:31:25,549 [WARN] IPConfigManager:3431 - IP not found : TIM
2025-10-22 16:31:25,549 [WARN] CodeGenerator:3754 - IP not found : null
2025-10-22 16:31:25,550 [INFO] CodeEngine:255 - oldGeneratedFile, /home/abanchio/Documents/Famaf/5to/microcontroladores/2_proximity_sensor/Core/Inc/main.h_save
2025-10-22 16:31:25,588 [INFO] CodeEngine:279 - Generated code: /home/abanchio/Documents/Famaf/5to/microcontroladores/2_proximity_sensor/Core/Inc/main.h
2025-10-22 16:31:25,589 [INFO] CodeEngine:255 - oldGeneratedFile, /home/abanchio/Documents/Famaf/5to/microcontroladores/2_proximity_sensor/Core/Src/main.c_save
2025-10-22 16:31:25,649 [INFO] CodeEngine:279 - Generated code: /home/abanchio/Documents/Famaf/5to/microcontroladores/2_proximity_sensor/Core/Src/main.c
2025-10-22 16:31:25,894 [INFO] ProjectBuilder:2996 - Time for Copy HAL[1] : 15mS.
2025-10-22 16:31:25,896 [INFO] ProjectBuilder:4304 - Project Generator version: 3.19.2
2025-10-22 16:31:26,010 [INFO] ConfigFileManager:1483 - The Die is : DIE431
2025-10-22 16:31:26,774 [INFO] ProjectBuilder:4505 - Time for Generating toolchain IDE Files: 879mS.
2025-10-22 16:31:26,775 [INFO] ProjectBuilder:2867 - Time for Copy CMSIS : 0mS.
2025-10-22 16:31:26,776 [INFO] ProjectBuilder:2867 - Time for Copy CMSIS : 0mS.
2025-10-22 16:34:05,324 [INFO] UtilMem:75 - End SaveConfig() Used Memory: 651773880 Bytes (846200832)
2025-10-22 16:34:05,396 [INFO] UtilMem:75 - End SaveConfig() Used Memory: 301081024 Bytes (846200832)
2025-10-22 16:34:05,634 [INFO] UtilMem:75 - End SaveConfig() Used Memory: 333252160 Bytes (846200832)
2025-10-22 16:34:05,736 [INFO] BlockDiagram:2759 - set Specific Code input for plugin: SPI
2025-10-22 16:34:05,736 [INFO] BlockDiagram:2759 - set Specific Code input for plugin: TIM1_8
2025-10-22 16:34:05,736 [INFO] BlockDiagram:2759 - set Specific Code input for plugin: I2S
2025-10-22 16:34:05,736 [INFO] BlockDiagram:2759 - set Specific Code input for plugin: I2S
2025-10-22 16:34:05,736 [INFO] BlockDiagram:2759 - set Specific Code input for plugin: SYS
2025-10-22 16:34:05,736 [INFO] BlockDiagram:2759 - set Specific Code input for plugin: RCC
2025-10-22 16:34:05,736 [INFO] BlockDiagram:2759 - set Specific Code input for plugin: I2C
2025-10-22 16:34:05,736 [INFO] BlockDiagram:2759 - set Specific Code input for plugin: USB_OTG_FS
2025-10-22 16:34:05,736 [INFO] BlockDiagram:2759 - set Specific Code input for plugin: NVIC
2025-10-22 16:34:05,736 [INFO] BlockDiagram:2759 - set Specific Code input for plugin: USB_HOST
2025-10-22 16:34:05,736 [INFO] BlockDiagram:2759 - set Specific Code input for plugin: GPIO
2025-10-22 16:34:05,736 [INFO] CodeGenerator:793 - code generatio: config db path: /app/stm32cubeide/plugins/com.st.stm32cube.common.mx_6.8.0.202302231600//db/
2025-10-22 16:34:05,737 [WARN] IP:2113 - I2C_Coeff_DF not found: check if there is a RefParameter without a condition.
2025-10-22 16:34:05,737 [WARN] IP:2113 - Analog_Filter not found: check if there is a RefParameter without a condition.
2025-10-22 16:34:05,811 [INFO] CodeEngine:255 - oldGeneratedFile, /home/abanchio/Documents/Famaf/5to/microcontroladores/2_proximity_sensor/MXTmpFiles/license.tmp_save
2025-10-22 16:34:05,844 [INFO] CodeEngine:279 - Generated code: /home/abanchio/Documents/Famaf/5to/microcontroladores/2_proximity_sensor/MXTmpFiles/license.tmp
2025-10-22 16:34:05,857 [INFO] CodeEngine:255 - oldGeneratedFile, /home/abanchio/Documents/Famaf/5to/microcontroladores/2_proximity_sensor/MXTmpFiles/gpio.tmp_save
2025-10-22 16:34:05,891 [INFO] CodeEngine:279 - Generated code: /home/abanchio/Documents/Famaf/5to/microcontroladores/2_proximity_sensor/MXTmpFiles/gpio.tmp
2025-10-22 16:34:05,917 [WARN] IPConfigManager:2937 - Warning: the RefConfig PWREx_EnableUSBVoltageDetector is not available in your config.xml file
2025-10-22 16:34:05,918 [INFO] CodeEngine:255 - oldGeneratedFile, /home/abanchio/Documents/Famaf/5to/microcontroladores/2_proximity_sensor/MXTmpFiles/usb_otg_fs_vars.tmp_save
2025-10-22 16:34:05,952 [INFO] CodeEngine:279 - Generated code: /home/abanchio/Documents/Famaf/5to/microcontroladores/2_proximity_sensor/MXTmpFiles/usb_otg_fs_vars.tmp
2025-10-22 16:34:05,952 [INFO] CodeEngine:255 - oldGeneratedFile, /home/abanchio/Documents/Famaf/5to/microcontroladores/2_proximity_sensor/MXTmpFiles/usb_otg_fs_inc.tmp_save
2025-10-22 16:34:05,986 [INFO] CodeEngine:279 - Generated code: /home/abanchio/Documents/Famaf/5to/microcontroladores/2_proximity_sensor/MXTmpFiles/usb_otg_fs_inc.tmp
2025-10-22 16:34:05,986 [INFO] CodeEngine:255 - oldGeneratedFile, /home/abanchio/Documents/Famaf/5to/microcontroladores/2_proximity_sensor/MXTmpFiles/usb_otg_fs_HalInit.tmp_save
2025-10-22 16:34:06,024 [INFO] CodeEngine:279 - Generated code: /home/abanchio/Documents/Famaf/5to/microcontroladores/2_proximity_sensor/MXTmpFiles/usb_otg_fs_HalInit.tmp
2025-10-22 16:34:06,024 [INFO] CodeEngine:255 - oldGeneratedFile, /home/abanchio/Documents/Famaf/5to/microcontroladores/2_proximity_sensor/MXTmpFiles/usb_otg_fs_Msp.tmp_save
2025-10-22 16:34:06,065 [INFO] CodeEngine:279 - Generated code: /home/abanchio/Documents/Famaf/5to/microcontroladores/2_proximity_sensor/MXTmpFiles/usb_otg_fs_Msp.tmp
2025-10-22 16:34:06,216 [INFO] CodeEngine:255 - oldGeneratedFile, /home/abanchio/Documents/Famaf/5to/microcontroladores/2_proximity_sensor/USB_HOST/App/usb_host.c_save
2025-10-22 16:34:06,254 [INFO] CodeEngine:279 - Generated code: /home/abanchio/Documents/Famaf/5to/microcontroladores/2_proximity_sensor/USB_HOST/App/usb_host.c
2025-10-22 16:34:06,255 [INFO] CodeEngine:255 - oldGeneratedFile, /home/abanchio/Documents/Famaf/5to/microcontroladores/2_proximity_sensor/USB_HOST/App/usb_host.h_save
2025-10-22 16:34:06,288 [INFO] CodeEngine:279 - Generated code: /home/abanchio/Documents/Famaf/5to/microcontroladores/2_proximity_sensor/USB_HOST/App/usb_host.h
2025-10-22 16:34:06,289 [INFO] CodeEngine:255 - oldGeneratedFile, /home/abanchio/Documents/Famaf/5to/microcontroladores/2_proximity_sensor/USB_HOST/Target/usbh_conf.h_save
2025-10-22 16:34:06,321 [INFO] CodeEngine:279 - Generated code: /home/abanchio/Documents/Famaf/5to/microcontroladores/2_proximity_sensor/USB_HOST/Target/usbh_conf.h
2025-10-22 16:34:06,321 [INFO] CodeEngine:255 - oldGeneratedFile, /home/abanchio/Documents/Famaf/5to/microcontroladores/2_proximity_sensor/USB_HOST/Target/usbh_conf.c_save
2025-10-22 16:34:06,354 [INFO] CodeEngine:279 - Generated code: /home/abanchio/Documents/Famaf/5to/microcontroladores/2_proximity_sensor/USB_HOST/Target/usbh_conf.c
2025-10-22 16:34:06,355 [INFO] CodeEngine:255 - oldGeneratedFile, /home/abanchio/Documents/Famaf/5to/microcontroladores/2_proximity_sensor/USB_HOST/Target/usbh_platform.c_save
2025-10-22 16:34:06,386 [INFO] CodeEngine:279 - Generated code: /home/abanchio/Documents/Famaf/5to/microcontroladores/2_proximity_sensor/USB_HOST/Target/usbh_platform.c
2025-10-22 16:34:06,387 [INFO] CodeEngine:255 - oldGeneratedFile, /home/abanchio/Documents/Famaf/5to/microcontroladores/2_proximity_sensor/USB_HOST/Target/usbh_platform.h_save
2025-10-22 16:34:06,417 [INFO] CodeEngine:279 - Generated code: /home/abanchio/Documents/Famaf/5to/microcontroladores/2_proximity_sensor/USB_HOST/Target/usbh_platform.h
2025-10-22 16:34:06,419 [INFO] CodeEngine:255 - oldGeneratedFile, /home/abanchio/Documents/Famaf/5to/microcontroladores/2_proximity_sensor/Core/Src/stm32f4xx_it.c_save
2025-10-22 16:34:06,460 [INFO] CodeEngine:279 - Generated code: /home/abanchio/Documents/Famaf/5to/microcontroladores/2_proximity_sensor/Core/Src/stm32f4xx_it.c
2025-10-22 16:34:06,461 [INFO] CodeEngine:255 - oldGeneratedFile, /home/abanchio/Documents/Famaf/5to/microcontroladores/2_proximity_sensor/Core/Inc/stm32f4xx_it.h_save
2025-10-22 16:34:06,494 [INFO] CodeEngine:279 - Generated code: /home/abanchio/Documents/Famaf/5to/microcontroladores/2_proximity_sensor/Core/Inc/stm32f4xx_it.h
2025-10-22 16:34:06,496 [INFO] CodeEngine:255 - oldGeneratedFile, /home/abanchio/Documents/Famaf/5to/microcontroladores/2_proximity_sensor/Core/Src/stm32f4xx_hal_msp.c_save
2025-10-22 16:34:06,545 [INFO] CodeEngine:279 - Generated code: /home/abanchio/Documents/Famaf/5to/microcontroladores/2_proximity_sensor/Core/Src/stm32f4xx_hal_msp.c
2025-10-22 16:34:06,546 [INFO] CodeEngine:255 - oldGeneratedFile, /home/abanchio/Documents/Famaf/5to/microcontroladores/2_proximity_sensor/MXTmpFiles/system.tmp_save
2025-10-22 16:34:06,587 [INFO] CodeEngine:279 - Generated code: /home/abanchio/Documents/Famaf/5to/microcontroladores/2_proximity_sensor/MXTmpFiles/system.tmp
2025-10-22 16:34:06,589 [INFO] CodeEngine:311 - oldGeneratedFile, /home/abanchio/Documents/Famaf/5to/microcontroladores/2_proximity_sensor/Core/Inc/stm32f4xx_hal_conf.h_save
2025-10-22 16:34:06,624 [INFO] CodeEngine:335 - Generated code: /home/abanchio/Documents/Famaf/5to/microcontroladores/2_proximity_sensor/Core/Inc/stm32f4xx_hal_conf.h
2025-10-22 16:34:06,632 [WARN] IPConfigManager:3431 - IP not found : TIM
2025-10-22 16:34:06,632 [WARN] CodeGenerator:3754 - IP not found : null
2025-10-22 16:34:06,633 [INFO] CodeEngine:255 - oldGeneratedFile, /home/abanchio/Documents/Famaf/5to/microcontroladores/2_proximity_sensor/Core/Inc/main.h_save
2025-10-22 16:34:06,667 [INFO] CodeEngine:279 - Generated code: /home/abanchio/Documents/Famaf/5to/microcontroladores/2_proximity_sensor/Core/Inc/main.h
2025-10-22 16:34:06,668 [INFO] CodeEngine:255 - oldGeneratedFile, /home/abanchio/Documents/Famaf/5to/microcontroladores/2_proximity_sensor/Core/Src/main.c_save
2025-10-22 16:34:06,720 [INFO] CodeEngine:279 - Generated code: /home/abanchio/Documents/Famaf/5to/microcontroladores/2_proximity_sensor/Core/Src/main.c
2025-10-22 16:34:07,000 [INFO] ProjectBuilder:2996 - Time for Copy HAL[1] : 13mS.
2025-10-22 16:34:07,001 [INFO] ProjectBuilder:4304 - Project Generator version: 3.19.2
2025-10-22 16:34:07,115 [INFO] ConfigFileManager:1483 - The Die is : DIE431
2025-10-22 16:34:07,884 [INFO] ProjectBuilder:4505 - Time for Generating toolchain IDE Files: 883mS.
2025-10-22 16:34:07,884 [INFO] ProjectBuilder:2867 - Time for Copy CMSIS : 0mS.
2025-10-22 16:34:07,885 [INFO] ProjectBuilder:2867 - Time for Copy CMSIS : 0mS.
2025-10-22 16:37:10,240 [INFO] UtilMem:75 - End SaveConfig() Used Memory: 578718800 Bytes (846200832)
2025-10-22 16:37:10,298 [INFO] UtilMem:75 - End SaveConfig() Used Memory: 594518536 Bytes (846200832)
2025-10-22 16:37:10,511 [INFO] UtilMem:75 - End SaveConfig() Used Memory: 627737696 Bytes (846200832)
2025-10-22 16:37:10,640 [INFO] BlockDiagram:2759 - set Specific Code input for plugin: SPI
2025-10-22 16:37:10,640 [INFO] BlockDiagram:2759 - set Specific Code input for plugin: TIM1_8
2025-10-22 16:37:10,640 [INFO] BlockDiagram:2759 - set Specific Code input for plugin: I2S
2025-10-22 16:37:10,640 [INFO] BlockDiagram:2759 - set Specific Code input for plugin: I2S
2025-10-22 16:37:10,640 [INFO] BlockDiagram:2759 - set Specific Code input for plugin: SYS
2025-10-22 16:37:10,640 [INFO] BlockDiagram:2759 - set Specific Code input for plugin: RCC
2025-10-22 16:37:10,640 [INFO] BlockDiagram:2759 - set Specific Code input for plugin: I2C
2025-10-22 16:37:10,640 [INFO] BlockDiagram:2759 - set Specific Code input for plugin: USB_OTG_FS
2025-10-22 16:37:10,640 [INFO] BlockDiagram:2759 - set Specific Code input for plugin: NVIC
2025-10-22 16:37:10,640 [INFO] BlockDiagram:2759 - set Specific Code input for plugin: USB_HOST
2025-10-22 16:37:10,640 [INFO] BlockDiagram:2759 - set Specific Code input for plugin: GPIO
2025-10-22 16:37:10,640 [INFO] CodeGenerator:793 - code generatio: config db path: /app/stm32cubeide/plugins/com.st.stm32cube.common.mx_6.8.0.202302231600//db/
2025-10-22 16:37:10,642 [WARN] IP:2113 - I2C_Coeff_DF not found: check if there is a RefParameter without a condition.
2025-10-22 16:37:10,642 [WARN] IP:2113 - Analog_Filter not found: check if there is a RefParameter without a condition.
2025-10-22 16:37:10,771 [INFO] CodeEngine:255 - oldGeneratedFile, /home/abanchio/Documents/Famaf/5to/microcontroladores/2_proximity_sensor/MXTmpFiles/license.tmp_save
2025-10-22 16:37:10,807 [INFO] CodeEngine:279 - Generated code: /home/abanchio/Documents/Famaf/5to/microcontroladores/2_proximity_sensor/MXTmpFiles/license.tmp
2025-10-22 16:37:10,819 [INFO] CodeEngine:255 - oldGeneratedFile, /home/abanchio/Documents/Famaf/5to/microcontroladores/2_proximity_sensor/MXTmpFiles/gpio.tmp_save
2025-10-22 16:37:10,854 [INFO] CodeEngine:279 - Generated code: /home/abanchio/Documents/Famaf/5to/microcontroladores/2_proximity_sensor/MXTmpFiles/gpio.tmp
2025-10-22 16:37:10,880 [WARN] IPConfigManager:2937 - Warning: the RefConfig PWREx_EnableUSBVoltageDetector is not available in your config.xml file
2025-10-22 16:37:10,881 [INFO] CodeEngine:255 - oldGeneratedFile, /home/abanchio/Documents/Famaf/5to/microcontroladores/2_proximity_sensor/MXTmpFiles/usb_otg_fs_vars.tmp_save
2025-10-22 16:37:10,922 [INFO] CodeEngine:279 - Generated code: /home/abanchio/Documents/Famaf/5to/microcontroladores/2_proximity_sensor/MXTmpFiles/usb_otg_fs_vars.tmp
2025-10-22 16:37:10,922 [INFO] CodeEngine:255 - oldGeneratedFile, /home/abanchio/Documents/Famaf/5to/microcontroladores/2_proximity_sensor/MXTmpFiles/usb_otg_fs_inc.tmp_save
2025-10-22 16:37:10,963 [INFO] CodeEngine:279 - Generated code: /home/abanchio/Documents/Famaf/5to/microcontroladores/2_proximity_sensor/MXTmpFiles/usb_otg_fs_inc.tmp
2025-10-22 16:37:10,964 [INFO] CodeEngine:255 - oldGeneratedFile, /home/abanchio/Documents/Famaf/5to/microcontroladores/2_proximity_sensor/MXTmpFiles/usb_otg_fs_HalInit.tmp_save
2025-10-22 16:37:11,000 [INFO] CodeEngine:279 - Generated code: /home/abanchio/Documents/Famaf/5to/microcontroladores/2_proximity_sensor/MXTmpFiles/usb_otg_fs_HalInit.tmp
2025-10-22 16:37:11,000 [INFO] CodeEngine:255 - oldGeneratedFile, /home/abanchio/Documents/Famaf/5to/microcontroladores/2_proximity_sensor/MXTmpFiles/usb_otg_fs_Msp.tmp_save
2025-10-22 16:37:11,040 [INFO] CodeEngine:279 - Generated code: /home/abanchio/Documents/Famaf/5to/microcontroladores/2_proximity_sensor/MXTmpFiles/usb_otg_fs_Msp.tmp
2025-10-22 16:37:11,200 [INFO] CodeEngine:255 - oldGeneratedFile, /home/abanchio/Documents/Famaf/5to/microcontroladores/2_proximity_sensor/USB_HOST/App/usb_host.c_save
2025-10-22 16:37:11,237 [INFO] CodeEngine:279 - Generated code: /home/abanchio/Documents/Famaf/5to/microcontroladores/2_proximity_sensor/USB_HOST/App/usb_host.c
2025-10-22 16:37:11,237 [INFO] CodeEngine:255 - oldGeneratedFile, /home/abanchio/Documents/Famaf/5to/microcontroladores/2_proximity_sensor/USB_HOST/App/usb_host.h_save
2025-10-22 16:37:11,268 [INFO] CodeEngine:279 - Generated code: /home/abanchio/Documents/Famaf/5to/microcontroladores/2_proximity_sensor/USB_HOST/App/usb_host.h
2025-10-22 16:37:11,268 [INFO] CodeEngine:255 - oldGeneratedFile, /home/abanchio/Documents/Famaf/5to/microcontroladores/2_proximity_sensor/USB_HOST/Target/usbh_conf.h_save
2025-10-22 16:37:11,301 [INFO] CodeEngine:279 - Generated code: /home/abanchio/Documents/Famaf/5to/microcontroladores/2_proximity_sensor/USB_HOST/Target/usbh_conf.h
2025-10-22 16:37:11,302 [INFO] CodeEngine:255 - oldGeneratedFile, /home/abanchio/Documents/Famaf/5to/microcontroladores/2_proximity_sensor/USB_HOST/Target/usbh_conf.c_save
2025-10-22 16:37:11,340 [INFO] CodeEngine:279 - Generated code: /home/abanchio/Documents/Famaf/5to/microcontroladores/2_proximity_sensor/USB_HOST/Target/usbh_conf.c
2025-10-22 16:37:11,340 [INFO] CodeEngine:255 - oldGeneratedFile, /home/abanchio/Documents/Famaf/5to/microcontroladores/2_proximity_sensor/USB_HOST/Target/usbh_platform.c_save
2025-10-22 16:37:11,373 [INFO] CodeEngine:279 - Generated code: /home/abanchio/Documents/Famaf/5to/microcontroladores/2_proximity_sensor/USB_HOST/Target/usbh_platform.c
2025-10-22 16:37:11,374 [INFO] CodeEngine:255 - oldGeneratedFile, /home/abanchio/Documents/Famaf/5to/microcontroladores/2_proximity_sensor/USB_HOST/Target/usbh_platform.h_save
2025-10-22 16:37:11,405 [INFO] CodeEngine:279 - Generated code: /home/abanchio/Documents/Famaf/5to/microcontroladores/2_proximity_sensor/USB_HOST/Target/usbh_platform.h
2025-10-22 16:37:11,408 [INFO] CodeEngine:255 - oldGeneratedFile, /home/abanchio/Documents/Famaf/5to/microcontroladores/2_proximity_sensor/Core/Src/stm32f4xx_it.c_save
2025-10-22 16:37:11,447 [INFO] CodeEngine:279 - Generated code: /home/abanchio/Documents/Famaf/5to/microcontroladores/2_proximity_sensor/Core/Src/stm32f4xx_it.c
2025-10-22 16:37:11,448 [INFO] CodeEngine:255 - oldGeneratedFile, /home/abanchio/Documents/Famaf/5to/microcontroladores/2_proximity_sensor/Core/Inc/stm32f4xx_it.h_save
2025-10-22 16:37:11,483 [INFO] CodeEngine:279 - Generated code: /home/abanchio/Documents/Famaf/5to/microcontroladores/2_proximity_sensor/Core/Inc/stm32f4xx_it.h
2025-10-22 16:37:11,486 [INFO] CodeEngine:255 - oldGeneratedFile, /home/abanchio/Documents/Famaf/5to/microcontroladores/2_proximity_sensor/Core/Src/stm32f4xx_hal_msp.c_save
2025-10-22 16:37:11,535 [INFO] CodeEngine:279 - Generated code: /home/abanchio/Documents/Famaf/5to/microcontroladores/2_proximity_sensor/Core/Src/stm32f4xx_hal_msp.c
2025-10-22 16:37:11,536 [INFO] CodeEngine:255 - oldGeneratedFile, /home/abanchio/Documents/Famaf/5to/microcontroladores/2_proximity_sensor/MXTmpFiles/system.tmp_save
2025-10-22 16:37:11,574 [INFO] CodeEngine:279 - Generated code: /home/abanchio/Documents/Famaf/5to/microcontroladores/2_proximity_sensor/MXTmpFiles/system.tmp
2025-10-22 16:37:11,576 [INFO] CodeEngine:311 - oldGeneratedFile, /home/abanchio/Documents/Famaf/5to/microcontroladores/2_proximity_sensor/Core/Inc/stm32f4xx_hal_conf.h_save
2025-10-22 16:37:11,618 [INFO] CodeEngine:335 - Generated code: /home/abanchio/Documents/Famaf/5to/microcontroladores/2_proximity_sensor/Core/Inc/stm32f4xx_hal_conf.h
2025-10-22 16:37:11,625 [WARN] IPConfigManager:3431 - IP not found : TIM
2025-10-22 16:37:11,625 [WARN] CodeGenerator:3754 - IP not found : null
2025-10-22 16:37:11,626 [INFO] CodeEngine:255 - oldGeneratedFile, /home/abanchio/Documents/Famaf/5to/microcontroladores/2_proximity_sensor/Core/Inc/main.h_save
2025-10-22 16:37:11,661 [INFO] CodeEngine:279 - Generated code: /home/abanchio/Documents/Famaf/5to/microcontroladores/2_proximity_sensor/Core/Inc/main.h
2025-10-22 16:37:11,662 [INFO] CodeEngine:255 - oldGeneratedFile, /home/abanchio/Documents/Famaf/5to/microcontroladores/2_proximity_sensor/Core/Src/main.c_save
2025-10-22 16:37:11,713 [INFO] CodeEngine:279 - Generated code: /home/abanchio/Documents/Famaf/5to/microcontroladores/2_proximity_sensor/Core/Src/main.c
2025-10-22 16:37:11,971 [INFO] ProjectBuilder:2996 - Time for Copy HAL[1] : 13mS.
2025-10-22 16:37:11,972 [INFO] ProjectBuilder:4304 - Project Generator version: 3.19.2
2025-10-22 16:37:12,088 [INFO] ConfigFileManager:1483 - The Die is : DIE431
2025-10-22 16:37:12,703 [INFO] ProjectBuilder:4505 - Time for Generating toolchain IDE Files: 730mS.
2025-10-22 16:37:12,703 [INFO] ProjectBuilder:2867 - Time for Copy CMSIS : 0mS.
2025-10-22 16:37:12,703 [INFO] ProjectBuilder:2867 - Time for Copy CMSIS : 0mS.
2025-10-22 16:37:59,743 [INFO] UtilMem:75 - End SaveConfig() Used Memory: 468222296 Bytes (867172352)
2025-10-22 16:37:59,799 [INFO] UtilMem:75 - End SaveConfig() Used Memory: 484999512 Bytes (867172352)
2025-10-22 16:38:00,019 [INFO] UtilMem:75 - End SaveConfig() Used Memory: 546865496 Bytes (867172352)
2025-10-22 16:38:00,144 [INFO] BlockDiagram:2759 - set Specific Code input for plugin: SPI
2025-10-22 16:38:00,144 [INFO] BlockDiagram:2759 - set Specific Code input for plugin: TIM1_8
2025-10-22 16:38:00,144 [INFO] BlockDiagram:2759 - set Specific Code input for plugin: I2S
2025-10-22 16:38:00,144 [INFO] BlockDiagram:2759 - set Specific Code input for plugin: I2S
2025-10-22 16:38:00,144 [INFO] BlockDiagram:2759 - set Specific Code input for plugin: SYS
2025-10-22 16:38:00,144 [INFO] BlockDiagram:2759 - set Specific Code input for plugin: RCC
2025-10-22 16:38:00,144 [INFO] BlockDiagram:2759 - set Specific Code input for plugin: I2C
2025-10-22 16:38:00,144 [INFO] BlockDiagram:2759 - set Specific Code input for plugin: USB_OTG_FS
2025-10-22 16:38:00,144 [INFO] BlockDiagram:2759 - set Specific Code input for plugin: NVIC
2025-10-22 16:38:00,144 [INFO] BlockDiagram:2759 - set Specific Code input for plugin: USB_HOST
2025-10-22 16:38:00,144 [INFO] BlockDiagram:2759 - set Specific Code input for plugin: GPIO
2025-10-22 16:38:00,145 [INFO] CodeGenerator:793 - code generatio: config db path: /app/stm32cubeide/plugins/com.st.stm32cube.common.mx_6.8.0.202302231600//db/
2025-10-22 16:38:00,146 [WARN] IP:2113 - I2C_Coeff_DF not found: check if there is a RefParameter without a condition.
2025-10-22 16:38:00,147 [WARN] IP:2113 - Analog_Filter not found: check if there is a RefParameter without a condition.
2025-10-22 16:38:00,270 [INFO] CodeEngine:255 - oldGeneratedFile, /home/abanchio/Documents/Famaf/5to/microcontroladores/2_proximity_sensor/MXTmpFiles/license.tmp_save
2025-10-22 16:38:00,317 [INFO] CodeEngine:279 - Generated code: /home/abanchio/Documents/Famaf/5to/microcontroladores/2_proximity_sensor/MXTmpFiles/license.tmp
2025-10-22 16:38:00,330 [INFO] CodeEngine:255 - oldGeneratedFile, /home/abanchio/Documents/Famaf/5to/microcontroladores/2_proximity_sensor/MXTmpFiles/gpio.tmp_save
2025-10-22 16:38:00,364 [INFO] CodeEngine:279 - Generated code: /home/abanchio/Documents/Famaf/5to/microcontroladores/2_proximity_sensor/MXTmpFiles/gpio.tmp
2025-10-22 16:38:00,390 [WARN] IPConfigManager:2937 - Warning: the RefConfig PWREx_EnableUSBVoltageDetector is not available in your config.xml file
2025-10-22 16:38:00,391 [INFO] CodeEngine:255 - oldGeneratedFile, /home/abanchio/Documents/Famaf/5to/microcontroladores/2_proximity_sensor/MXTmpFiles/usb_otg_fs_vars.tmp_save
2025-10-22 16:38:00,422 [INFO] CodeEngine:279 - Generated code: /home/abanchio/Documents/Famaf/5to/microcontroladores/2_proximity_sensor/MXTmpFiles/usb_otg_fs_vars.tmp
2025-10-22 16:38:00,422 [INFO] CodeEngine:255 - oldGeneratedFile, /home/abanchio/Documents/Famaf/5to/microcontroladores/2_proximity_sensor/MXTmpFiles/usb_otg_fs_inc.tmp_save
2025-10-22 16:38:00,452 [INFO] CodeEngine:279 - Generated code: /home/abanchio/Documents/Famaf/5to/microcontroladores/2_proximity_sensor/MXTmpFiles/usb_otg_fs_inc.tmp
2025-10-22 16:38:00,453 [INFO] CodeEngine:255 - oldGeneratedFile, /home/abanchio/Documents/Famaf/5to/microcontroladores/2_proximity_sensor/MXTmpFiles/usb_otg_fs_HalInit.tmp_save
2025-10-22 16:38:00,488 [INFO] CodeEngine:279 - Generated code: /home/abanchio/Documents/Famaf/5to/microcontroladores/2_proximity_sensor/MXTmpFiles/usb_otg_fs_HalInit.tmp
2025-10-22 16:38:00,488 [INFO] CodeEngine:255 - oldGeneratedFile, /home/abanchio/Documents/Famaf/5to/microcontroladores/2_proximity_sensor/MXTmpFiles/usb_otg_fs_Msp.tmp_save
2025-10-22 16:38:00,526 [INFO] CodeEngine:279 - Generated code: /home/abanchio/Documents/Famaf/5to/microcontroladores/2_proximity_sensor/MXTmpFiles/usb_otg_fs_Msp.tmp
2025-10-22 16:38:00,630 [INFO] CodeEngine:255 - oldGeneratedFile, /home/abanchio/Documents/Famaf/5to/microcontroladores/2_proximity_sensor/USB_HOST/App/usb_host.c_save
2025-10-22 16:38:00,666 [INFO] CodeEngine:279 - Generated code: /home/abanchio/Documents/Famaf/5to/microcontroladores/2_proximity_sensor/USB_HOST/App/usb_host.c
2025-10-22 16:38:00,667 [INFO] CodeEngine:255 - oldGeneratedFile, /home/abanchio/Documents/Famaf/5to/microcontroladores/2_proximity_sensor/USB_HOST/App/usb_host.h_save
2025-10-22 16:38:00,699 [INFO] CodeEngine:279 - Generated code: /home/abanchio/Documents/Famaf/5to/microcontroladores/2_proximity_sensor/USB_HOST/App/usb_host.h
2025-10-22 16:38:00,700 [INFO] CodeEngine:255 - oldGeneratedFile, /home/abanchio/Documents/Famaf/5to/microcontroladores/2_proximity_sensor/USB_HOST/Target/usbh_conf.h_save
2025-10-22 16:38:00,731 [INFO] CodeEngine:279 - Generated code: /home/abanchio/Documents/Famaf/5to/microcontroladores/2_proximity_sensor/USB_HOST/Target/usbh_conf.h
2025-10-22 16:38:00,732 [INFO] CodeEngine:255 - oldGeneratedFile, /home/abanchio/Documents/Famaf/5to/microcontroladores/2_proximity_sensor/USB_HOST/Target/usbh_conf.c_save
2025-10-22 16:38:00,765 [INFO] CodeEngine:279 - Generated code: /home/abanchio/Documents/Famaf/5to/microcontroladores/2_proximity_sensor/USB_HOST/Target/usbh_conf.c
2025-10-22 16:38:00,766 [INFO] CodeEngine:255 - oldGeneratedFile, /home/abanchio/Documents/Famaf/5to/microcontroladores/2_proximity_sensor/USB_HOST/Target/usbh_platform.c_save
2025-10-22 16:38:00,797 [INFO] CodeEngine:279 - Generated code: /home/abanchio/Documents/Famaf/5to/microcontroladores/2_proximity_sensor/USB_HOST/Target/usbh_platform.c
2025-10-22 16:38:00,797 [INFO] CodeEngine:255 - oldGeneratedFile, /home/abanchio/Documents/Famaf/5to/microcontroladores/2_proximity_sensor/USB_HOST/Target/usbh_platform.h_save
2025-10-22 16:38:00,828 [INFO] CodeEngine:279 - Generated code: /home/abanchio/Documents/Famaf/5to/microcontroladores/2_proximity_sensor/USB_HOST/Target/usbh_platform.h
2025-10-22 16:38:00,850 [INFO] CodeEngine:255 - oldGeneratedFile, /home/abanchio/Documents/Famaf/5to/microcontroladores/2_proximity_sensor/Core/Src/stm32f4xx_it.c_save
2025-10-22 16:38:00,902 [INFO] CodeEngine:279 - Generated code: /home/abanchio/Documents/Famaf/5to/microcontroladores/2_proximity_sensor/Core/Src/stm32f4xx_it.c
2025-10-22 16:38:00,902 [INFO] CodeEngine:255 - oldGeneratedFile, /home/abanchio/Documents/Famaf/5to/microcontroladores/2_proximity_sensor/Core/Inc/stm32f4xx_it.h_save
2025-10-22 16:38:00,947 [INFO] CodeEngine:279 - Generated code: /home/abanchio/Documents/Famaf/5to/microcontroladores/2_proximity_sensor/Core/Inc/stm32f4xx_it.h
2025-10-22 16:38:00,949 [INFO] CodeEngine:255 - oldGeneratedFile, /home/abanchio/Documents/Famaf/5to/microcontroladores/2_proximity_sensor/Core/Src/stm32f4xx_hal_msp.c_save
2025-10-22 16:38:00,996 [INFO] CodeEngine:279 - Generated code: /home/abanchio/Documents/Famaf/5to/microcontroladores/2_proximity_sensor/Core/Src/stm32f4xx_hal_msp.c
2025-10-22 16:38:00,996 [INFO] CodeEngine:255 - oldGeneratedFile, /home/abanchio/Documents/Famaf/5to/microcontroladores/2_proximity_sensor/MXTmpFiles/system.tmp_save
2025-10-22 16:38:01,029 [INFO] CodeEngine:279 - Generated code: /home/abanchio/Documents/Famaf/5to/microcontroladores/2_proximity_sensor/MXTmpFiles/system.tmp
2025-10-22 16:38:01,030 [INFO] CodeEngine:311 - oldGeneratedFile, /home/abanchio/Documents/Famaf/5to/microcontroladores/2_proximity_sensor/Core/Inc/stm32f4xx_hal_conf.h_save
2025-10-22 16:38:01,065 [INFO] CodeEngine:335 - Generated code: /home/abanchio/Documents/Famaf/5to/microcontroladores/2_proximity_sensor/Core/Inc/stm32f4xx_hal_conf.h
2025-10-22 16:38:01,072 [WARN] IPConfigManager:3431 - IP not found : TIM
2025-10-22 16:38:01,072 [WARN] CodeGenerator:3754 - IP not found : null
2025-10-22 16:38:01,073 [INFO] CodeEngine:255 - oldGeneratedFile, /home/abanchio/Documents/Famaf/5to/microcontroladores/2_proximity_sensor/Core/Inc/main.h_save
2025-10-22 16:38:01,106 [INFO] CodeEngine:279 - Generated code: /home/abanchio/Documents/Famaf/5to/microcontroladores/2_proximity_sensor/Core/Inc/main.h
2025-10-22 16:38:01,107 [INFO] CodeEngine:255 - oldGeneratedFile, /home/abanchio/Documents/Famaf/5to/microcontroladores/2_proximity_sensor/Core/Src/main.c_save
2025-10-22 16:38:01,157 [INFO] CodeEngine:279 - Generated code: /home/abanchio/Documents/Famaf/5to/microcontroladores/2_proximity_sensor/Core/Src/main.c
2025-10-22 16:38:01,414 [INFO] ProjectBuilder:2996 - Time for Copy HAL[1] : 18mS.
2025-10-22 16:38:01,415 [INFO] ProjectBuilder:4304 - Project Generator version: 3.19.2
2025-10-22 16:38:01,531 [INFO] ConfigFileManager:1483 - The Die is : DIE431
2025-10-22 16:38:02,172 [INFO] ProjectBuilder:4505 - Time for Generating toolchain IDE Files: 757mS.
2025-10-22 16:38:02,172 [INFO] ProjectBuilder:2867 - Time for Copy CMSIS : 0mS.
2025-10-22 16:38:02,173 [INFO] ProjectBuilder:2867 - Time for Copy CMSIS : 0mS.
2025-10-22 16:42:02,190 [INFO] MainUpdater:2854 - connection check result : 10
2025-10-22 16:42:02,190 [INFO] MainUpdater:2854 - connection check result : 10
2025-10-22 16:42:02,196 [INFO] I2sManager:658 - 1.6E8
2025-10-22 16:42:02,197 [INFO] I2sManager:195 - I2S Clock Value : 1.6E8
2025-10-22 16:42:02,197 [INFO] I2sManager:553 - AudioClock : 96153Divider : 26Odd : 0
2025-10-22 16:42:02,197 [INFO] I2sManager:658 - 1.6E8
2025-10-22 16:42:02,197 [INFO] I2sManager:195 - I2S Clock Value : 1.6E8
2025-10-22 16:42:02,197 [INFO] I2sManager:553 - AudioClock : 89285Divider : 3Odd : 1
2025-10-22 16:42:02,198 [INFO] MicroXplorer:468 - Change Database Path : 
2025-10-22 16:42:02,198 [INFO] MicroXplorer:498 - Change Database Version : DB.6.0.80
2025-10-22 16:42:02,210 [WARN] ThirdParty:871 - waiting for thirdparty lock release [close project]
2025-10-22 16:42:02,210 [INFO] ThirdParty:873 - entering critical section [close project]
2025-10-22 16:42:02,210 [INFO] ThirdParty:883 - exiting critical section [close project]
2025-10-22 16:42:02,212 [INFO] PinOutPanel:1499 - setPackage(No Configuration,No Configuration)
2025-10-22 16:42:02,220 [WARN] IpParametersView:150 - Warning: This peripheral hasn't parameters
2025-10-22 16:42:02,223 [WARN] MainPanel:257 - <html><b><center>Warning: This peripheral has no parameters to be configured<br></b></html>
2025-10-22 16:42:02,225 [INFO] UtilMem:75 - Begin LoadConfig() Used Memory: 409464328 Bytes (916455424)
2025-10-22 16:42:02,226 [INFO] MicroXplorer:468 - Change Database Path : 
2025-10-22 16:42:02,226 [INFO] MicroXplorer:498 - Change Database Version : DB.6.0.80
2025-10-22 16:42:02,226 [INFO] OpenFileManager:308 - Change cursor
2025-10-22 16:42:02,239 [INFO] RulesReader:64 - Compatibility file has been processed (293 Rules)
2025-10-22 16:42:02,241 [INFO] Mcu:1937 - Initializing MCU STM32F411V(C-E)Tx STM32F411VETx STM32F411VET6
2025-10-22 16:42:02,643 [INFO] Context:659 - Trying to add GPIOservice into a context  which must be forbidden
2025-10-22 16:42:02,887 [INFO] RtosManager:555 - Registered RTOS mode: class=CMSIS, group=RTOS, mode=CMSIS_V1, owner=FREERTOS
2025-10-22 16:42:02,887 [INFO] RtosManager:555 - Registered RTOS mode: class=CMSIS, group=RTOS2, mode=CMSIS_V2, owner=FREERTOS
2025-10-22 16:42:02,887 [INFO] RtosManager:555 - Registered RTOS mode: class=RTOS, group=Core, mode=CMSIS_V1, owner=FREERTOS
2025-10-22 16:42:02,887 [INFO] RtosManager:555 - Registered RTOS mode: class=RTOS, group=Core, mode=CMSIS_V2, owner=FREERTOS
2025-10-22 16:42:02,887 [WARN] ModelIntegratedComponent:184 - Missing modes for component STMicroelectronics:FreeRTOS:0.0.1:STMicroelectronics:RTOS:FreeRTOS:Core:::10.2.0:
2025-10-22 16:42:02,889 [WARN] ModelIntegratedComponent:182 - Modes not found for component STMicroelectronics:USB_HOST:1.0.0:STMicroelectronics:USB::USB Host:Audio HS::1.0:USB_HOST_1_0_RESTRICTED_HS
2025-10-22 16:42:02,889 [WARN] ModelIntegratedComponent:188 - Modes not found for component STMicroelectronics:USB_HOST:1.0.0:STMicroelectronics:USB::USB Host:Audio HS::1.0:USB_HOST_1_0_RESTRICTED_HS
2025-10-22 16:42:02,889 [WARN] ModelIntegratedComponent:182 - Modes not found for component STMicroelectronics:USB_HOST:1.0.0:STMicroelectronics:USB::USB Host:CDC HS::1.0:USB_HOST_1_0_RESTRICTED_HS
2025-10-22 16:42:02,889 [WARN] ModelIntegratedComponent:188 - Modes not found for component STMicroelectronics:USB_HOST:1.0.0:STMicroelectronics:USB::USB Host:CDC HS::1.0:USB_HOST_1_0_RESTRICTED_HS
2025-10-22 16:42:02,889 [WARN] ModelIntegratedComponent:182 - Modes not found for component STMicroelectronics:USB_HOST:1.0.0:STMicroelectronics:USB::USB Host:MSC HS::1.0:USB_HOST_1_0_RESTRICTED_HS
2025-10-22 16:42:02,889 [WARN] ModelIntegratedComponent:188 - Modes not found for component STMicroelectronics:USB_HOST:1.0.0:STMicroelectronics:USB::USB Host:MSC HS::1.0:USB_HOST_1_0_RESTRICTED_HS
2025-10-22 16:42:02,889 [WARN] ModelIntegratedComponent:182 - Modes not found for component STMicroelectronics:USB_HOST:1.0.0:STMicroelectronics:USB::USB Host:HID HS::1.0:USB_HOST_1_0_RESTRICTED_HS
2025-10-22 16:42:02,889 [WARN] ModelIntegratedComponent:188 - Modes not found for component STMicroelectronics:USB_HOST:1.0.0:STMicroelectronics:USB::USB Host:HID HS::1.0:USB_HOST_1_0_RESTRICTED_HS
2025-10-22 16:42:02,889 [WARN] ModelIntegratedComponent:182 - Modes not found for component STMicroelectronics:USB_HOST:1.0.0:STMicroelectronics:USB::USB Host:MTP HS::1.0:USB_HOST_1_0_RESTRICTED_HS
2025-10-22 16:42:02,889 [WARN] ModelIntegratedComponent:188 - Modes not found for component STMicroelectronics:USB_HOST:1.0.0:STMicroelectronics:USB::USB Host:MTP HS::1.0:USB_HOST_1_0_RESTRICTED_HS
2025-10-22 16:42:02,891 [WARN] ModelIntegratedComponent:63 - No mode defined for component null
2025-10-22 16:42:02,891 [WARN] ModelIntegratedComponent:63 - No mode defined for component null
2025-10-22 16:42:02,891 [WARN] ModelIntegratedComponent:63 - No mode defined for component null
2025-10-22 16:42:02,891 [WARN] ModelIntegratedComponent:63 - No mode defined for component null
2025-10-22 16:42:02,891 [WARN] ModelIntegratedComponent:63 - No mode defined for component null
2025-10-22 16:42:02,891 [WARN] ModelIntegratedComponent:63 - No mode defined for component null
2025-10-22 16:42:02,891 [WARN] ModelIntegratedComponent:63 - No mode defined for component null
2025-10-22 16:42:02,891 [WARN] ModelIntegratedComponent:63 - No mode defined for component null
2025-10-22 16:42:02,891 [WARN] ModelIntegratedComponent:63 - No mode defined for component null
2025-10-22 16:42:02,891 [WARN] ModelIntegratedComponent:63 - No mode defined for component null
2025-10-22 16:42:02,891 [WARN] ModelIntegratedComponent:63 - No mode defined for component null
2025-10-22 16:42:02,891 [WARN] ModelIntegratedComponent:63 - No mode defined for component null
2025-10-22 16:42:02,891 [WARN] ModelIntegratedComponent:63 - No mode defined for component null
2025-10-22 16:42:02,891 [WARN] ModelIntegratedComponent:63 - No mode defined for component null
2025-10-22 16:42:02,891 [WARN] ModelIntegratedComponent:63 - No mode defined for component null
2025-10-22 16:42:02,891 [WARN] ModelIntegratedComponent:63 - No mode defined for component null
2025-10-22 16:42:02,891 [WARN] ModelIntegratedComponent:63 - No mode defined for component null
2025-10-22 16:42:02,891 [WARN] ModelIntegratedComponent:63 - No mode defined for component null
2025-10-22 16:42:02,891 [WARN] ModelIntegratedComponent:63 - No mode defined for component null
2025-10-22 16:42:02,891 [WARN] ModelIntegratedComponent:63 - No mode defined for component null
2025-10-22 16:42:02,891 [WARN] ModelIntegratedComponent:63 - No mode defined for component null
2025-10-22 16:42:02,891 [WARN] ModelIntegratedComponent:63 - No mode defined for component null
2025-10-22 16:42:02,891 [WARN] ModelIntegratedComponent:63 - No mode defined for component null
2025-10-22 16:42:02,891 [WARN] ModelIntegratedComponent:63 - No mode defined for component null
2025-10-22 16:42:02,891 [WARN] ModelIntegratedComponent:63 - No mode defined for component null
2025-10-22 16:42:02,891 [WARN] ModelIntegratedComponent:63 - No mode defined for component null
2025-10-22 16:42:02,891 [WARN] ModelIntegratedComponent:63 - No mode defined for component null
2025-10-22 16:42:02,891 [WARN] ModelIntegratedComponent:63 - No mode defined for component null
2025-10-22 16:42:02,891 [WARN] ModelIntegratedComponent:63 - No mode defined for component null
2025-10-22 16:42:02,891 [WARN] ModelIntegratedComponent:63 - No mode defined for component null
2025-10-22 16:42:02,891 [WARN] ModelIntegratedComponent:63 - No mode defined for component null
2025-10-22 16:42:02,891 [WARN] ModelIntegratedComponent:63 - No mode defined for component null
2025-10-22 16:42:02,891 [WARN] ModelIntegratedComponent:63 - No mode defined for component null
2025-10-22 16:42:02,935 [WARN] ModelIntegratedComponent:182 - Modes not found for component STMicroelectronics:USB_DEVICE:1.0.0:STMicroelectronics:USB::USB Device:Audio HS::1.0:USB_DEVICE_1_0_RESTRICTED_HS
2025-10-22 16:42:02,935 [WARN] ModelIntegratedComponent:188 - Modes not found for component STMicroelectronics:USB_DEVICE:1.0.0:STMicroelectronics:USB::USB Device:Audio HS::1.0:USB_DEVICE_1_0_RESTRICTED_HS
2025-10-22 16:42:02,935 [WARN] ModelIntegratedComponent:182 - Modes not found for component STMicroelectronics:USB_DEVICE:1.0.0:STMicroelectronics:USB::USB Device:CDC HS::1.0:USB_DEVICE_1_0_RESTRICTED_HS
2025-10-22 16:42:02,935 [WARN] ModelIntegratedComponent:188 - Modes not found for component STMicroelectronics:USB_DEVICE:1.0.0:STMicroelectronics:USB::USB Device:CDC HS::1.0:USB_DEVICE_1_0_RESTRICTED_HS
2025-10-22 16:42:02,935 [WARN] ModelIntegratedComponent:182 - Modes not found for component STMicroelectronics:USB_DEVICE:1.0.0:STMicroelectronics:USB::USB Device:DFU HS::1.0:USB_DEVICE_1_0_RESTRICTED_HS
2025-10-22 16:42:02,935 [WARN] ModelIntegratedComponent:188 - Modes not found for component STMicroelectronics:USB_DEVICE:1.0.0:STMicroelectronics:USB::USB Device:DFU HS::1.0:USB_DEVICE_1_0_RESTRICTED_HS
2025-10-22 16:42:02,935 [WARN] ModelIntegratedComponent:182 - Modes not found for component STMicroelectronics:USB_DEVICE:1.0.0:STMicroelectronics:USB::USB Device:HID HS::1.0:USB_DEVICE_1_0_RESTRICTED_HS
2025-10-22 16:42:02,935 [WARN] ModelIntegratedComponent:188 - Modes not found for component STMicroelectronics:USB_DEVICE:1.0.0:STMicroelectronics:USB::USB Device:HID HS::1.0:USB_DEVICE_1_0_RESTRICTED_HS
2025-10-22 16:42:02,935 [WARN] ModelIntegratedComponent:182 - Modes not found for component STMicroelectronics:USB_DEVICE:1.0.0:STMicroelectronics:USB::USB Device:Custom HID HS::1.0:USB_DEVICE_1_0_RESTRICTED_HS
2025-10-22 16:42:02,935 [WARN] ModelIntegratedComponent:188 - Modes not found for component STMicroelectronics:USB_DEVICE:1.0.0:STMicroelectronics:USB::USB Device:Custom HID HS::1.0:USB_DEVICE_1_0_RESTRICTED_HS
2025-10-22 16:42:02,935 [WARN] ModelIntegratedComponent:182 - Modes not found for component STMicroelectronics:USB_DEVICE:1.0.0:STMicroelectronics:USB::USB Device:MSC HS::1.0:USB_DEVICE_1_0_RESTRICTED_HS
2025-10-22 16:42:02,935 [WARN] ModelIntegratedComponent:188 - Modes not found for component STMicroelectronics:USB_DEVICE:1.0.0:STMicroelectronics:USB::USB Device:MSC HS::1.0:USB_DEVICE_1_0_RESTRICTED_HS
2025-10-22 16:42:02,938 [INFO] ThirdPartyModel:298 - Start build external matchings
2025-10-22 16:42:03,097 [INFO] ThirdPartyModel:316 - End build external matchings
2025-10-22 16:42:03,103 [INFO] ImportTextPane:194 - (OptionalMessage_ERROR) IP (RCC) : Parameter (RTCHSEDivFreq_Value) has invalid value (4000000)
2025-10-22 16:42:03,197 [INFO] UtilMem:75 - End LoadConfig() Used Memory: 335775648 Bytes (916455424)
2025-10-22 16:42:03,203 [WARN] ThirdParty:833 - waiting for thirdparty lock release [change project]
2025-10-22 16:42:03,203 [INFO] ThirdParty:835 - entering critical section [change project]
2025-10-22 16:42:03,203 [INFO] ThirdParty:1030 - CMSIS Pack Vendor :STMicroelectronics X-CUBE-PM33A1 1.0.0
2025-10-22 16:42:03,203 [INFO] ThirdParty:1030 - CMSIS Pack Vendor :STMicroelectronics X-CUBE-NFC9 1.0.0
2025-10-22 16:42:03,203 [INFO] ThirdParty:1030 - CMSIS Pack Vendor :STMicroelectronics USB_HOST 2.0.0
2025-10-22 16:42:03,203 [INFO] ThirdParty:1030 - CMSIS Pack Vendor :STMicroelectronics FP-SNS-MOTENVWB1 1.4.0
2025-10-22 16:42:03,203 [INFO] ThirdParty:1030 - CMSIS Pack Vendor :STMicroelectronics X-CUBE-AZRTOS-F4 1.1.0
2025-10-22 16:42:03,203 [INFO] ThirdParty:1030 - CMSIS Pack Vendor :STMicroelectronics LIBJPEG 8.0.0
2025-10-22 16:42:03,203 [INFO] ThirdParty:1030 - CMSIS Pack Vendor :STMicroelectronics FP-ATR-ASTRA1 2.0.2
2025-10-22 16:42:03,203 [INFO] ThirdParty:1030 - CMSIS Pack Vendor :wolfSSL I-CUBE-wolfSSL 5.8.2
2025-10-22 16:42:03,203 [INFO] ThirdParty:1030 - CMSIS Pack Vendor :STMicroelectronics X-CUBE-BLE1 7.1.0
2025-10-22 16:42:03,203 [INFO] ThirdParty:1030 - CMSIS Pack Vendor :STMicroelectronics X-CUBE-SMBUS 2.1.0
2025-10-22 16:42:03,203 [INFO] ThirdParty:1030 - CMSIS Pack Vendor :wolfSSL I-CUBE-wolfMQTT 1.19.2
2025-10-22 16:42:03,203 [INFO] ThirdParty:1030 - CMSIS Pack Vendor :STMicroelectronics USB_DEVICE 3.0.0
2025-10-22 16:42:03,203 [INFO] ThirdParty:1030 - CMSIS Pack Vendor :STMicroelectronics X-CUBE-ISPU 2.1.0
2025-10-22 16:42:03,203 [INFO] ThirdParty:1030 - CMSIS Pack Vendor :STMicroelectronics X-CUBE-EEPRMA1 5.2.0
2025-10-22 16:42:03,203 [INFO] ThirdParty:1030 - CMSIS Pack Vendor :STMicroelectronics X-CUBE-AZRTOS-WB 2.0.0
2025-10-22 16:42:03,203 [INFO] ThirdParty:1030 - CMSIS Pack Vendor :STMicroelectronics X-CUBE-GNSS1 7.0.1
2025-10-22 16:42:03,203 [INFO] ThirdParty:1030 - CMSIS Pack Vendor :STMicroelectronics X-CUBE-NFC12 1.0.0
2025-10-22 16:42:03,203 [INFO] ThirdParty:1030 - CMSIS Pack Vendor :STMicroelectronics X-CUBE-AZRTOS-F7 1.1.0
2025-10-22 16:42:03,203 [INFO] ThirdParty:1030 - CMSIS Pack Vendor :STMicroelectronics X-CUBE-AZRTOS-L5 2.0.0
2025-10-22 16:42:03,203 [INFO] ThirdParty:1030 - CMSIS Pack Vendor :STMicroelectronics USB_DEVICE 2.0.0
2025-10-22 16:42:03,203 [INFO] ThirdParty:1030 - CMSIS Pack Vendor :STMicroelectronics X-CUBE-NFC6 3.1.0
2025-10-22 16:42:03,203 [INFO] ThirdParty:1030 - CMSIS Pack Vendor :STMicroelectronics FreeRTOS 0.0.1
2025-10-22 16:42:03,203 [INFO] ThirdParty:1030 - CMSIS Pack Vendor :STMicroelectronics X-CUBE-AZRTOS-G0 1.1.0
2025-10-22 16:42:03,203 [INFO] ThirdParty:1030 - CMSIS Pack Vendor :STMicroelectronics X-CUBE-SAFEA1 1.2.2
2025-10-22 16:42:03,203 [INFO] ThirdParty:1030 - CMSIS Pack Vendor :STMicroelectronics X-CUBE-NFC4 3.0.0
2025-10-22 16:42:03,203 [INFO] ThirdParty:1030 - CMSIS Pack Vendor :STMicroelectronics X-CUBE-SUBG2 5.0.0
2025-10-22 16:42:03,204 [INFO] ThirdParty:1030 - CMSIS Pack Vendor :STMicroelectronics X-CUBE-AZRTOS-H7RS 1.1.0
2025-10-22 16:42:03,204 [INFO] ThirdParty:1030 - CMSIS Pack Vendor :STMicroelectronics STM32_WPAN 1.0.0
2025-10-22 16:42:03,204 [INFO] ThirdParty:1030 - CMSIS Pack Vendor :STMicroelectronics lwIP 2.0.3
2025-10-22 16:42:03,204 [INFO] ThirdParty:1030 - CMSIS Pack Vendor :STMicroelectronics USB_HOST 1.0.0
2025-10-22 16:42:03,204 [INFO] ThirdParty:1030 - CMSIS Pack Vendor :STMicroelectronics X-CUBE-AZRTOS-G4 2.0.0
2025-10-22 16:42:03,204 [INFO] ThirdParty:1030 - CMSIS Pack Vendor :STMicroelectronics X-CUBE-WB05N 2.0.0
2025-10-22 16:42:03,204 [INFO] ThirdParty:1030 - CMSIS Pack Vendor :STMicroelectronics PDM2PCM 3.1.0
2025-10-22 16:42:03,204 [INFO] ThirdParty:1030 - CMSIS Pack Vendor :STMicroelectronics PDM2PCM 3.3.0
2025-10-22 16:42:03,205 [INFO] ThirdParty:1030 - CMSIS Pack Vendor :wolfSSL I-CUBE-wolfTPM 3.8.0
2025-10-22 16:42:03,205 [INFO] ThirdParty:1030 - CMSIS Pack Vendor :STMicroelectronics X-CUBE-AZRTOS-H7 3.4.0
2025-10-22 16:42:03,205 [INFO] ThirdParty:1030 - CMSIS Pack Vendor :STMicroelectronics X-CUBE-DISPLAY 3.0.0
2025-10-22 16:42:03,205 [INFO] ThirdParty:1030 - CMSIS Pack Vendor :wolfSSL I-CUBE-wolfSSH 1.4.20
2025-10-22 16:42:03,205 [INFO] ThirdParty:1030 - CMSIS Pack Vendor :STMicroelectronics X-CUBE-NFC7 2.0.0
2025-10-22 16:42:03,205 [INFO] ThirdParty:1030 - CMSIS Pack Vendor :STMicroelectronics FP-ATR-SIGFOX1 3.2.0
2025-10-22 16:42:03,205 [INFO] ThirdParty:1030 - CMSIS Pack Vendor :STMicroelectronics X-CUBE-NFC10 1.0.0
2025-10-22 16:42:03,205 [INFO] ThirdParty:1030 - CMSIS Pack Vendor :STMicroelectronics X-CUBE-FREERTOS 1.3.1
2025-10-22 16:42:03,205 [INFO] ThirdParty:1030 - CMSIS Pack Vendor :STMicroelectronics HAL Drivers 0.0.0
2025-10-22 16:42:03,205 [INFO] ThirdParty:1030 - CMSIS Pack Vendor :STMicroelectronics MBEDTLS 2.16.2
2025-10-22 16:42:03,205 [INFO] ThirdParty:1030 - CMSIS Pack Vendor :STMicroelectronics X-CUBE-ALS 1.0.2
2025-10-22 16:42:03,205 [INFO] ThirdParty:1030 - CMSIS Pack Vendor :emotas I-CUBE-CANOPEN 1.3.0
2025-10-22 16:42:03,205 [INFO] ThirdParty:1030 - CMSIS Pack Vendor :STMicroelectronics MBEDTLS 2.14.1
2025-10-22 16:42:03,205 [INFO] ThirdParty:1030 - CMSIS Pack Vendor :ITTIA_DB I-CUBE-ITTIADB 8.9.0
2025-10-22 16:42:03,205 [INFO] ThirdParty:1030 - CMSIS Pack Vendor :STMicroelectronics X-CUBE-TOUCHGFX 4.26.0
2025-10-22 16:42:03,205 [INFO] ThirdParty:1030 - CMSIS Pack Vendor :STMicroelectronics X-CUBE-STSE01 1.0.0
2025-10-22 16:42:03,205 [INFO] ThirdParty:1030 - CMSIS Pack Vendor :STMicroelectronics X-CUBE-AI 10.2.0
2025-10-22 16:42:03,205 [INFO] ThirdParty:1030 - CMSIS Pack Vendor :STMicroelectronics ThreadX 1.0.0
2025-10-22 16:42:03,205 [INFO] ThirdParty:1030 - CMSIS Pack Vendor :STMicroelectronics FP-SNS-SMARTAG2 1.2.0
2025-10-22 16:42:03,205 [INFO] ThirdParty:1030 - CMSIS Pack Vendor :STMicroelectronics X-CUBE-AZRTOS-WL 2.0.0
2025-10-22 16:42:03,205 [INFO] ThirdParty:1030 - CMSIS Pack Vendor :SEGGER I-CUBE-embOS 1.3.1
2025-10-22 16:42:03,205 [INFO] ThirdParty:1030 - CMSIS Pack Vendor :STMicroelectronics X-CUBE-ALGOBUILD 1.4.0
2025-10-22 16:42:03,205 [INFO] ThirdParty:1030 - CMSIS Pack Vendor :STMicroelectronics X-CUBE-MEMS1 11.3.0
2025-10-22 16:42:03,205 [INFO] ThirdParty:1030 - CMSIS Pack Vendor :STMicroelectronics FP-SNS-MOTENV1 5.0.0
2025-10-22 16:42:03,205 [INFO] ThirdParty:1030 - CMSIS Pack Vendor :STMicroelectronics USB_DEVICE 1.0.0
2025-10-22 16:42:03,205 [INFO] ThirdParty:1030 - CMSIS Pack Vendor :STMicroelectronics X-CUBE-AZRTOS-L4 2.0.0
2025-10-22 16:42:03,205 [INFO] ThirdParty:1030 - CMSIS Pack Vendor :STMicroelectronics ThreadX 0.0.2
2025-10-22 16:42:03,205 [INFO] ThirdParty:1030 - CMSIS Pack Vendor :STMicroelectronics lwIP 2.1.2
2025-10-22 16:42:03,205 [INFO] ThirdParty:1030 - CMSIS Pack Vendor :STMicroelectronics X-CUBE-SFXS2LP1 4.0.0
2025-10-22 16:42:03,205 [INFO] ThirdParty:1030 - CMSIS Pack Vendor :STMicroelectronics X-CUBE-BLE2 3.3.0
2025-10-22 16:42:03,205 [INFO] ThirdParty:1030 - CMSIS Pack Vendor :STMicroelectronics PDM2PCM 3.2.0
2025-10-22 16:42:03,206 [INFO] ThirdParty:841 - exiting critical section [change project]
2025-10-22 16:42:03,321 [INFO] PinOutPanel:1499 - setPackage(No Configuration,No Configuration)
2025-10-22 16:42:03,322 [INFO] PinOutPanel:1499 - setPackage(STM32F411VETx,LQFP100)
2025-10-22 16:42:03,438 [INFO] UtilMem:75 - Before build in PCC Used Memory: 478906272 Bytes (916455424)
2025-10-22 16:42:03,522 [INFO] UtilMem:75 - After build in PCC Used Memory: 522420128 Bytes (916455424)
2025-10-22 16:42:03,524 [INFO] ApiDbMcu:507 - Load IP Config File for USB_HOST
2025-10-22 16:42:03,524 [WARN] BspModel:443 - BSP dependency skipped because of component: name='IOExpander', api='Unknown'
2025-10-22 16:42:03,533 [INFO] IPUIPlugin:80 - create IPUIPlugin
2025-10-22 16:42:03,533 [INFO] IPUIPlugin:80 - create IPUIPlugin
2025-10-22 16:42:03,533 [INFO] IPUIPlugin:80 - create IPUIPlugin
2025-10-22 16:42:03,533 [INFO] IPUIPlugin:80 - create IPUIPlugin
2025-10-22 16:42:03,533 [INFO] IPUIPlugin:80 - create IPUIPlugin
2025-10-22 16:42:03,533 [INFO] IPUIPlugin:80 - create IPUIPlugin
2025-10-22 16:42:03,533 [INFO] IPUIPlugin:80 - create IPUIPlugin
2025-10-22 16:42:03,533 [INFO] IPUIPlugin:80 - create IPUIPlugin
2025-10-22 16:42:03,534 [INFO] IPUIPlugin:80 - create IPUIPlugin
2025-10-22 16:42:03,534 [INFO] IPUIPlugin:80 - create IPUIPlugin
2025-10-22 16:42:03,534 [INFO] IPUIPlugin:80 - create IPUIPlugin
2025-10-22 16:42:03,534 [INFO] IPUIPlugin:80 - create IPUIPlugin
2025-10-22 16:42:03,534 [INFO] IPUIPlugin:80 - create IPUIPlugin
2025-10-22 16:42:03,534 [INFO] IPUIPlugin:80 - create IPUIPlugin
2025-10-22 16:42:03,534 [INFO] IPUIPlugin:80 - create IPUIPlugin
2025-10-22 16:42:03,534 [INFO] IPUIPlugin:80 - create IPUIPlugin
2025-10-22 16:42:03,534 [INFO] IPUIPlugin:80 - create IPUIPlugin
2025-10-22 16:42:03,534 [INFO] IPUIPlugin:80 - create IPUIPlugin
2025-10-22 16:42:03,534 [INFO] IPUIPlugin:80 - create IPUIPlugin
2025-10-22 16:42:03,534 [INFO] IPUIPlugin:80 - create IPUIPlugin
2025-10-22 16:42:03,534 [INFO] IPUIPlugin:80 - create IPUIPlugin
2025-10-22 16:42:03,534 [INFO] IPUIPlugin:80 - create IPUIPlugin
2025-10-22 16:42:03,534 [INFO] IPUIPlugin:80 - create IPUIPlugin
2025-10-22 16:42:03,534 [INFO] IPUIPlugin:80 - create IPUIPlugin
2025-10-22 16:42:03,534 [INFO] IPUIPlugin:80 - create IPUIPlugin
2025-10-22 16:42:03,534 [INFO] IPUIPlugin:80 - create IPUIPlugin
2025-10-22 16:42:03,534 [INFO] IPUIPlugin:80 - create IPUIPlugin
2025-10-22 16:42:03,535 [INFO] IPUIPlugin:80 - create IPUIPlugin
2025-10-22 16:42:03,535 [INFO] IPUIPlugin:80 - create IPUIPlugin
2025-10-22 16:42:03,535 [INFO] IPUIPlugin:80 - create IPUIPlugin
2025-10-22 16:42:03,535 [INFO] IPUIPlugin:80 - create IPUIPlugin
2025-10-22 16:42:03,535 [INFO] IPUIPlugin:80 - create IPUIPlugin
2025-10-22 16:42:03,535 [INFO] IPUIPlugin:80 - create IPUIPlugin
2025-10-22 16:42:03,535 [INFO] IPUIPlugin:80 - create IPUIPlugin
2025-10-22 16:42:03,535 [INFO] IPUIPlugin:80 - create IPUIPlugin
2025-10-22 16:42:03,535 [INFO] IPUIPlugin:80 - create IPUIPlugin
2025-10-22 16:42:03,535 [INFO] IPUIPlugin:80 - create IPUIPlugin
2025-10-22 16:42:03,535 [INFO] IPUIPlugin:80 - create IPUIPlugin
2025-10-22 16:42:03,535 [INFO] IPUIPlugin:80 - create IPUIPlugin
2025-10-22 16:42:03,536 [INFO] IPUIPlugin:80 - create IPUIPlugin
2025-10-22 16:42:03,536 [INFO] IPUIPlugin:80 - create IPUIPlugin
2025-10-22 16:42:03,536 [INFO] IPUIPlugin:80 - create IPUIPlugin
2025-10-22 16:42:03,536 [INFO] IPUIPlugin:80 - create IPUIPlugin
2025-10-22 16:42:03,537 [INFO] ApiDbMcu:507 - Load IP Config File for PDM2PCM
2025-10-22 16:42:03,538 [WARN] IP:2113 - I2C_Coeff_DF not found: check if there is a RefParameter without a condition.
2025-10-22 16:42:03,538 [WARN] IP:2113 - Analog_Filter not found: check if there is a RefParameter without a condition.
2025-10-22 16:42:03,539 [INFO] I2sManager:658 - 1.6E8
2025-10-22 16:42:03,539 [INFO] I2sManager:195 - I2S Clock Value : 1.6E8
2025-10-22 16:42:03,539 [INFO] I2sManager:553 - AudioClock : 96153Divider : 26Odd : 0
2025-10-22 16:42:03,540 [INFO] I2sManager:658 - 1.6E8
2025-10-22 16:42:03,540 [INFO] I2sManager:195 - I2S Clock Value : 1.6E8
2025-10-22 16:42:03,540 [INFO] I2sManager:553 - AudioClock : 89285Divider : 3Odd : 1
2025-10-22 16:42:03,559 [INFO] CADModel:165 - CPN selected for project levelSTM32F411VET6
2025-10-22 16:42:03,559 [INFO] CADModel:114 - Register for checkConnection events
2025-10-22 16:42:03,595 [INFO] OpenFileManager:328 - Restore cursor
2025-10-22 16:42:03,718 [WARN] IP:2113 - I2C_Coeff_DF not found: check if there is a RefParameter without a condition.
2025-10-22 16:42:03,718 [WARN] IP:2113 - Analog_Filter not found: check if there is a RefParameter without a condition.
2025-10-22 16:42:03,718 [WARN] IP:2113 - I2C_Coeff_DF not found: check if there is a RefParameter without a condition.
2025-10-22 16:42:03,718 [WARN] IP:2113 - Analog_Filter not found: check if there is a RefParameter without a condition.
2025-10-22 16:42:16,945 [INFO] Gpio:273 - dependency for GPIO [I2C1, I2S2, I2S3, RCC, SPI1, SYS, USB_OTG_FS]
2025-10-22 16:42:48,389 [INFO] NvicIntPanel:101 - NVIC parent = com.st.microxplorer.plugins.ip.nvic.MultiNvicIntPanel[,2,26,942x651,layout=javax.swing.BoxLayout,alignmentX=0.0,alignmentY=0.0,border=,flags=9,maximumSize=,minimumSize=,preferredSize=]
2025-10-22 16:42:59,761 [INFO] Gpio:273 - dependency for GPIO [I2C1, I2S2, I2S3, RCC, SPI1, SYS, USB_OTG_FS]
2025-10-22 16:43:03,720 [INFO] Gpio:273 - dependency for GPIO [I2C1, I2S2, I2S3, RCC, SPI1, SYS, USB_OTG_FS]
2025-10-22 16:43:04,630 [INFO] NvicIntPanel:101 - NVIC parent = com.st.microxplorer.plugins.ip.nvic.MultiNvicIntPanel[,2,26,942x651,layout=javax.swing.BoxLayout,alignmentX=0.0,alignmentY=0.0,border=,flags=9,maximumSize=,minimumSize=,preferredSize=]
2025-10-22 16:43:21,171 [INFO] Gpio:273 - dependency for GPIO [I2C1, I2S2, I2S3, RCC, SPI1, SYS, USB_OTG_FS]
2025-10-22 16:43:21,203 [INFO] NvicIntPanel:101 - NVIC parent = com.st.microxplorer.plugins.ip.nvic.MultiNvicIntPanel[,0,0,0x0,invalid,layout=javax.swing.BoxLayout,alignmentX=0.0,alignmentY=0.0,border=,flags=9,maximumSize=,minimumSize=,preferredSize=]
2025-10-22 16:43:21,213 [WARN] BspModel:443 - BSP dependency skipped because of component: name='IOExpander', api='Unknown'
2025-10-22 16:43:21,244 [WARN] IP:2113 - I2C_Coeff_DF not found: check if there is a RefParameter without a condition.
2025-10-22 16:43:21,244 [WARN] IP:2113 - Analog_Filter not found: check if there is a RefParameter without a condition.
2025-10-22 16:43:21,244 [WARN] IP:2113 - I2C_Coeff_DF not found: check if there is a RefParameter without a condition.
2025-10-22 16:43:21,244 [WARN] IP:2113 - Analog_Filter not found: check if there is a RefParameter without a condition.
2025-10-22 16:43:21,261 [WARN] IP:2113 - I2C_Coeff_DF not found: check if there is a RefParameter without a condition.
2025-10-22 16:43:21,261 [WARN] IP:2113 - Analog_Filter not found: check if there is a RefParameter without a condition.
2025-10-22 16:43:21,272 [WARN] IP:2113 - I2C_Coeff_DF not found: check if there is a RefParameter without a condition.
2025-10-22 16:43:21,272 [WARN] IP:2113 - Analog_Filter not found: check if there is a RefParameter without a condition.
2025-10-22 16:43:21,282 [INFO] Gpio:273 - dependency for GPIO [I2C1, I2S2, I2S3, RCC, SPI1, SYS, USB_OTG_FS]
2025-10-22 16:43:21,305 [INFO] NvicIntPanel:101 - NVIC parent = com.st.microxplorer.plugins.ip.nvic.MultiNvicIntPanel[,0,0,0x0,invalid,layout=javax.swing.BoxLayout,alignmentX=0.0,alignmentY=0.0,border=,flags=9,maximumSize=,minimumSize=,preferredSize=]
2025-10-22 16:43:23,386 [INFO] Gpio:273 - dependency for GPIO [I2C1, I2S2, I2S3, RCC, SPI1, SYS, USB_OTG_FS]
2025-10-22 16:43:23,418 [INFO] NvicIntPanel:101 - NVIC parent = com.st.microxplorer.plugins.ip.nvic.MultiNvicIntPanel[,0,0,0x0,invalid,layout=javax.swing.BoxLayout,alignmentX=0.0,alignmentY=0.0,border=,flags=9,maximumSize=,minimumSize=,preferredSize=]
2025-10-22 16:43:23,426 [WARN] BspModel:443 - BSP dependency skipped because of component: name='IOExpander', api='Unknown'
2025-10-22 16:43:23,458 [WARN] IP:2113 - I2C_Coeff_DF not found: check if there is a RefParameter without a condition.
2025-10-22 16:43:23,458 [WARN] IP:2113 - Analog_Filter not found: check if there is a RefParameter without a condition.
2025-10-22 16:43:23,458 [WARN] IP:2113 - I2C_Coeff_DF not found: check if there is a RefParameter without a condition.
2025-10-22 16:43:23,458 [WARN] IP:2113 - Analog_Filter not found: check if there is a RefParameter without a condition.
2025-10-22 16:43:23,471 [WARN] IP:2113 - I2C_Coeff_DF not found: check if there is a RefParameter without a condition.
2025-10-22 16:43:23,471 [WARN] IP:2113 - Analog_Filter not found: check if there is a RefParameter without a condition.
2025-10-22 16:43:23,483 [WARN] IP:2113 - I2C_Coeff_DF not found: check if there is a RefParameter without a condition.
2025-10-22 16:43:23,483 [WARN] IP:2113 - Analog_Filter not found: check if there is a RefParameter without a condition.
2025-10-22 16:43:23,493 [INFO] Gpio:273 - dependency for GPIO [I2C1, I2S2, I2S3, RCC, SPI1, SYS, USB_OTG_FS]
2025-10-22 16:43:23,523 [INFO] NvicIntPanel:101 - NVIC parent = com.st.microxplorer.plugins.ip.nvic.MultiNvicIntPanel[,0,0,0x0,invalid,layout=javax.swing.BoxLayout,alignmentX=0.0,alignmentY=0.0,border=,flags=9,maximumSize=,minimumSize=,preferredSize=]
2025-10-22 16:43:35,980 [INFO] Gpio:273 - dependency for GPIO [I2C1, I2S2, I2S3, RCC, SPI1, SYS, USB_OTG_FS]
2025-10-22 16:45:01,675 [INFO] Gpio:273 - dependency for GPIO [I2C1, I2S2, I2S3, RCC, SPI1, SYS, USB_OTG_FS]
2025-10-22 16:45:01,710 [INFO] NvicIntPanel:101 - NVIC parent = com.st.microxplorer.plugins.ip.nvic.MultiNvicIntPanel[,0,0,0x0,invalid,layout=javax.swing.BoxLayout,alignmentX=0.0,alignmentY=0.0,border=,flags=9,maximumSize=,minimumSize=,preferredSize=]
2025-10-22 16:45:01,725 [WARN] BspModel:443 - BSP dependency skipped because of component: name='IOExpander', api='Unknown'
2025-10-22 16:45:02,037 [INFO] Gpio:273 - dependency for GPIO [I2C1, I2S2, I2S3, RCC, SPI1, SYS, USB_OTG_FS]
2025-10-22 16:45:02,067 [INFO] NvicIntPanel:101 - NVIC parent = com.st.microxplorer.plugins.ip.nvic.MultiNvicIntPanel[,0,0,0x0,invalid,layout=javax.swing.BoxLayout,alignmentX=0.0,alignmentY=0.0,border=,flags=9,maximumSize=,minimumSize=,preferredSize=]
2025-10-22 16:45:02,083 [WARN] BspModel:443 - BSP dependency skipped because of component: name='IOExpander', api='Unknown'
2025-10-22 16:45:08,274 [INFO] Gpio:273 - dependency for GPIO [I2C1, I2S2, I2S3, RCC, SPI1, SYS, USB_OTG_FS]
2025-10-22 16:45:20,338 [INFO] UtilMem:75 - End SaveConfig() Used Memory: 332940928 Bytes (916455424)
2025-10-22 16:45:20,397 [INFO] UtilMem:75 - End SaveConfig() Used Memory: 349356624 Bytes (916455424)
2025-10-22 16:45:20,606 [INFO] UtilMem:75 - End SaveConfig() Used Memory: 380918952 Bytes (916455424)
2025-10-22 16:45:20,740 [INFO] BlockDiagram:2759 - set Specific Code input for plugin: SPI
2025-10-22 16:45:20,740 [INFO] BlockDiagram:2759 - set Specific Code input for plugin: TIM1_8
2025-10-22 16:45:20,740 [INFO] BlockDiagram:2759 - set Specific Code input for plugin: I2S
2025-10-22 16:45:20,740 [INFO] BlockDiagram:2759 - set Specific Code input for plugin: I2S
2025-10-22 16:45:20,740 [INFO] BlockDiagram:2759 - set Specific Code input for plugin: SYS
2025-10-22 16:45:20,740 [INFO] BlockDiagram:2759 - set Specific Code input for plugin: RCC
2025-10-22 16:45:20,740 [INFO] BlockDiagram:2759 - set Specific Code input for plugin: I2C
2025-10-22 16:45:20,740 [INFO] BlockDiagram:2759 - set Specific Code input for plugin: USB_OTG_FS
2025-10-22 16:45:20,741 [INFO] BlockDiagram:2759 - set Specific Code input for plugin: NVIC
2025-10-22 16:45:20,741 [INFO] BlockDiagram:2759 - set Specific Code input for plugin: USB_HOST
2025-10-22 16:45:20,741 [INFO] BlockDiagram:2759 - set Specific Code input for plugin: GPIO
2025-10-22 16:45:20,741 [INFO] CodeGenerator:793 - code generatio: config db path: /app/stm32cubeide/plugins/com.st.stm32cube.common.mx_6.8.0.202302231600//db/
2025-10-22 16:45:20,743 [WARN] IP:2113 - I2C_Coeff_DF not found: check if there is a RefParameter without a condition.
2025-10-22 16:45:20,743 [WARN] IP:2113 - Analog_Filter not found: check if there is a RefParameter without a condition.
2025-10-22 16:45:20,867 [INFO] CodeEngine:255 - oldGeneratedFile, /home/abanchio/Documents/Famaf/5to/microcontroladores/2_proximity_sensor/MXTmpFiles/license.tmp_save
2025-10-22 16:45:20,899 [INFO] CodeEngine:279 - Generated code: /home/abanchio/Documents/Famaf/5to/microcontroladores/2_proximity_sensor/MXTmpFiles/license.tmp
2025-10-22 16:45:20,915 [INFO] CodeEngine:255 - oldGeneratedFile, /home/abanchio/Documents/Famaf/5to/microcontroladores/2_proximity_sensor/MXTmpFiles/gpio.tmp_save
2025-10-22 16:45:20,952 [INFO] CodeEngine:279 - Generated code: /home/abanchio/Documents/Famaf/5to/microcontroladores/2_proximity_sensor/MXTmpFiles/gpio.tmp
2025-10-22 16:45:20,978 [WARN] IPConfigManager:2937 - Warning: the RefConfig PWREx_EnableUSBVoltageDetector is not available in your config.xml file
2025-10-22 16:45:20,980 [INFO] CodeEngine:255 - oldGeneratedFile, /home/abanchio/Documents/Famaf/5to/microcontroladores/2_proximity_sensor/MXTmpFiles/usb_otg_fs_vars.tmp_save
2025-10-22 16:45:21,015 [INFO] CodeEngine:279 - Generated code: /home/abanchio/Documents/Famaf/5to/microcontroladores/2_proximity_sensor/MXTmpFiles/usb_otg_fs_vars.tmp
2025-10-22 16:45:21,015 [INFO] CodeEngine:255 - oldGeneratedFile, /home/abanchio/Documents/Famaf/5to/microcontroladores/2_proximity_sensor/MXTmpFiles/usb_otg_fs_inc.tmp_save
2025-10-22 16:45:21,046 [INFO] CodeEngine:279 - Generated code: /home/abanchio/Documents/Famaf/5to/microcontroladores/2_proximity_sensor/MXTmpFiles/usb_otg_fs_inc.tmp
2025-10-22 16:45:21,046 [INFO] CodeEngine:255 - oldGeneratedFile, /home/abanchio/Documents/Famaf/5to/microcontroladores/2_proximity_sensor/MXTmpFiles/usb_otg_fs_HalInit.tmp_save
2025-10-22 16:45:21,082 [INFO] CodeEngine:279 - Generated code: /home/abanchio/Documents/Famaf/5to/microcontroladores/2_proximity_sensor/MXTmpFiles/usb_otg_fs_HalInit.tmp
2025-10-22 16:45:21,082 [INFO] CodeEngine:255 - oldGeneratedFile, /home/abanchio/Documents/Famaf/5to/microcontroladores/2_proximity_sensor/MXTmpFiles/usb_otg_fs_Msp.tmp_save
2025-10-22 16:45:21,120 [INFO] CodeEngine:279 - Generated code: /home/abanchio/Documents/Famaf/5to/microcontroladores/2_proximity_sensor/MXTmpFiles/usb_otg_fs_Msp.tmp
2025-10-22 16:45:21,267 [INFO] CodeEngine:255 - oldGeneratedFile, /home/abanchio/Documents/Famaf/5to/microcontroladores/2_proximity_sensor/USB_HOST/App/usb_host.c_save
2025-10-22 16:45:21,309 [INFO] CodeEngine:279 - Generated code: /home/abanchio/Documents/Famaf/5to/microcontroladores/2_proximity_sensor/USB_HOST/App/usb_host.c
2025-10-22 16:45:21,310 [INFO] CodeEngine:255 - oldGeneratedFile, /home/abanchio/Documents/Famaf/5to/microcontroladores/2_proximity_sensor/USB_HOST/App/usb_host.h_save
2025-10-22 16:45:21,340 [INFO] CodeEngine:279 - Generated code: /home/abanchio/Documents/Famaf/5to/microcontroladores/2_proximity_sensor/USB_HOST/App/usb_host.h
2025-10-22 16:45:21,341 [INFO] CodeEngine:255 - oldGeneratedFile, /home/abanchio/Documents/Famaf/5to/microcontroladores/2_proximity_sensor/USB_HOST/Target/usbh_conf.h_save
2025-10-22 16:45:21,372 [INFO] CodeEngine:279 - Generated code: /home/abanchio/Documents/Famaf/5to/microcontroladores/2_proximity_sensor/USB_HOST/Target/usbh_conf.h
2025-10-22 16:45:21,373 [INFO] CodeEngine:255 - oldGeneratedFile, /home/abanchio/Documents/Famaf/5to/microcontroladores/2_proximity_sensor/USB_HOST/Target/usbh_conf.c_save
2025-10-22 16:45:21,406 [INFO] CodeEngine:279 - Generated code: /home/abanchio/Documents/Famaf/5to/microcontroladores/2_proximity_sensor/USB_HOST/Target/usbh_conf.c
2025-10-22 16:45:21,407 [INFO] CodeEngine:255 - oldGeneratedFile, /home/abanchio/Documents/Famaf/5to/microcontroladores/2_proximity_sensor/USB_HOST/Target/usbh_platform.c_save
2025-10-22 16:45:21,437 [INFO] CodeEngine:279 - Generated code: /home/abanchio/Documents/Famaf/5to/microcontroladores/2_proximity_sensor/USB_HOST/Target/usbh_platform.c
2025-10-22 16:45:21,438 [INFO] CodeEngine:255 - oldGeneratedFile, /home/abanchio/Documents/Famaf/5to/microcontroladores/2_proximity_sensor/USB_HOST/Target/usbh_platform.h_save
2025-10-22 16:45:21,468 [INFO] CodeEngine:279 - Generated code: /home/abanchio/Documents/Famaf/5to/microcontroladores/2_proximity_sensor/USB_HOST/Target/usbh_platform.h
2025-10-22 16:45:21,470 [INFO] CodeEngine:255 - oldGeneratedFile, /home/abanchio/Documents/Famaf/5to/microcontroladores/2_proximity_sensor/Core/Src/stm32f4xx_it.c_save
2025-10-22 16:45:21,505 [INFO] CodeEngine:279 - Generated code: /home/abanchio/Documents/Famaf/5to/microcontroladores/2_proximity_sensor/Core/Src/stm32f4xx_it.c
2025-10-22 16:45:21,505 [INFO] CodeEngine:255 - oldGeneratedFile, /home/abanchio/Documents/Famaf/5to/microcontroladores/2_proximity_sensor/Core/Inc/stm32f4xx_it.h_save
2025-10-22 16:45:21,537 [INFO] CodeEngine:279 - Generated code: /home/abanchio/Documents/Famaf/5to/microcontroladores/2_proximity_sensor/Core/Inc/stm32f4xx_it.h
2025-10-22 16:45:21,540 [INFO] CodeEngine:255 - oldGeneratedFile, /home/abanchio/Documents/Famaf/5to/microcontroladores/2_proximity_sensor/Core/Src/stm32f4xx_hal_msp.c_save
2025-10-22 16:45:21,591 [INFO] CodeEngine:279 - Generated code: /home/abanchio/Documents/Famaf/5to/microcontroladores/2_proximity_sensor/Core/Src/stm32f4xx_hal_msp.c
2025-10-22 16:45:21,592 [INFO] CodeEngine:255 - oldGeneratedFile, /home/abanchio/Documents/Famaf/5to/microcontroladores/2_proximity_sensor/MXTmpFiles/system.tmp_save
2025-10-22 16:45:21,627 [INFO] CodeEngine:279 - Generated code: /home/abanchio/Documents/Famaf/5to/microcontroladores/2_proximity_sensor/MXTmpFiles/system.tmp
2025-10-22 16:45:21,628 [INFO] CodeEngine:311 - oldGeneratedFile, /home/abanchio/Documents/Famaf/5to/microcontroladores/2_proximity_sensor/Core/Inc/stm32f4xx_hal_conf.h_save
2025-10-22 16:45:21,665 [INFO] CodeEngine:335 - Generated code: /home/abanchio/Documents/Famaf/5to/microcontroladores/2_proximity_sensor/Core/Inc/stm32f4xx_hal_conf.h
2025-10-22 16:45:21,673 [WARN] IPConfigManager:3431 - IP not found : TIM
2025-10-22 16:45:21,673 [WARN] CodeGenerator:3754 - IP not found : null
2025-10-22 16:45:21,674 [INFO] CodeEngine:255 - oldGeneratedFile, /home/abanchio/Documents/Famaf/5to/microcontroladores/2_proximity_sensor/Core/Inc/main.h_save
2025-10-22 16:45:21,713 [INFO] CodeEngine:279 - Generated code: /home/abanchio/Documents/Famaf/5to/microcontroladores/2_proximity_sensor/Core/Inc/main.h
2025-10-22 16:45:21,713 [INFO] CodeEngine:255 - oldGeneratedFile, /home/abanchio/Documents/Famaf/5to/microcontroladores/2_proximity_sensor/Core/Src/main.c_save
2025-10-22 16:45:21,768 [INFO] CodeEngine:279 - Generated code: /home/abanchio/Documents/Famaf/5to/microcontroladores/2_proximity_sensor/Core/Src/main.c
2025-10-22 16:45:22,022 [INFO] ProjectBuilder:2996 - Time for Copy HAL[1] : 19mS.
2025-10-22 16:45:22,023 [INFO] ProjectBuilder:4304 - Project Generator version: 3.19.2
2025-10-22 16:45:22,138 [INFO] ConfigFileManager:1483 - The Die is : DIE431
2025-10-22 16:45:22,139 [INFO] ApiDbMcu:507 - Load IP Config File for FATFS
2025-10-22 16:45:22,143 [INFO] ApiDbMcu:507 - Load IP Config File for FREERTOS
2025-10-22 16:45:22,144 [INFO] ApiDbMcu:507 - Load IP Config File for LIBJPEG
2025-10-22 16:45:22,147 [INFO] ApiDbMcu:507 - Load IP Config File for MBEDTLS
2025-10-22 16:45:22,151 [INFO] ApiDbMcu:507 - Load IP Config File for USB_DEVICE
2025-10-22 16:45:22,798 [INFO] ProjectBuilder:4505 - Time for Generating toolchain IDE Files: 775mS.
2025-10-22 16:45:22,798 [INFO] ProjectBuilder:2867 - Time for Copy CMSIS : 0mS.
2025-10-22 16:45:22,799 [INFO] ProjectBuilder:2867 - Time for Copy CMSIS : 0mS.
2025-10-22 16:48:01,267 [INFO] MainUpdater:2854 - connection check result : 10
2025-10-22 16:48:01,326 [INFO] McuFinderGlobals:66 - Set McuFinderConnectedMode to true
2025-10-22 16:48:01,327 [INFO] MultiScanPanel:200 - Auto-refresh data requested => check proxy status ongoing
2025-10-22 16:48:01,328 [INFO] FinderPluginLoader:95 - Searching for filters in installed packs
2025-10-22 16:48:02,437 [INFO] LoadUrlFilesThread:185 - End of LoadServerUrlFiles without Thread
2025-10-22 16:48:02,437 [INFO] DetailPanel:341 - Set advertising image to /home/abanchio/STM32Cube/Repository//en.mcu-finder-stm32n6dk.jpg
2025-10-22 16:48:04,459 [INFO] MultiScanPanel:200 - Auto-refresh data requested => check proxy status ongoing
2025-10-22 16:48:04,488 [INFO] LoadUrlFilesThread:185 - End of LoadServerUrlFiles without Thread
2025-10-22 16:48:04,488 [INFO] DetailPanel:341 - Set advertising image to /home/abanchio/STM32Cube/Repository//en.mcu-finder-stm32n6dk.jpg
2025-10-22 16:48:32,064 [INFO] MainUpdater:2854 - connection check result : 10
2025-10-22 16:48:32,065 [INFO] MainUpdater:2854 - connection check result : 10
2025-10-22 16:48:32,070 [INFO] I2sManager:658 - 1.6E8
2025-10-22 16:48:32,070 [INFO] I2sManager:195 - I2S Clock Value : 1.6E8
2025-10-22 16:48:32,070 [INFO] I2sManager:553 - AudioClock : 96153Divider : 26Odd : 0
2025-10-22 16:48:32,070 [INFO] I2sManager:658 - 1.6E8
2025-10-22 16:48:32,070 [INFO] I2sManager:195 - I2S Clock Value : 1.6E8
2025-10-22 16:48:32,071 [INFO] I2sManager:553 - AudioClock : 89285Divider : 3Odd : 1
2025-10-22 16:48:32,072 [INFO] MicroXplorer:468 - Change Database Path : 
2025-10-22 16:48:32,072 [INFO] MicroXplorer:498 - Change Database Version : DB.6.0.80
2025-10-22 16:48:32,082 [WARN] ThirdParty:871 - waiting for thirdparty lock release [close project]
2025-10-22 16:48:32,082 [INFO] ThirdParty:873 - entering critical section [close project]
2025-10-22 16:48:32,082 [INFO] ThirdParty:883 - exiting critical section [close project]
2025-10-22 16:48:32,084 [INFO] PinOutPanel:1499 - setPackage(No Configuration,No Configuration)
2025-10-22 16:48:32,088 [WARN] IpParametersView:150 - Warning: This peripheral hasn't parameters
2025-10-22 16:48:32,090 [WARN] MainPanel:257 - <html><b><center>Warning: This peripheral has no parameters to be configured<br></b></html>
2025-10-22 16:48:32,092 [INFO] UtilMem:75 - Begin LoadConfig() Used Memory: 489392048 Bytes (916455424)
2025-10-22 16:48:32,092 [INFO] OpenFileManager:308 - Change cursor
2025-10-22 16:48:32,099 [INFO] RulesReader:64 - Compatibility file has been processed (293 Rules)
2025-10-22 16:48:32,100 [INFO] ProjectFactory:402 - No CPN specified for board STM32F411E-DISCO => set CPN to STM32F411VET6
2025-10-22 16:48:32,100 [INFO] Mcu:1937 - Initializing MCU STM32F411V(C-E)Tx STM32F411VETx STM32F411VET6
2025-10-22 16:48:32,446 [INFO] Context:659 - Trying to add GPIOservice into a context  which must be forbidden
2025-10-22 16:48:32,565 [INFO] Rule:228 - rule 117617 - U5Cobra4M][GTZC] default value MPCBB3 and MPCBB5 - Not Secured memory - MPCBB1 is applicable
2025-10-22 16:48:32,565 [INFO] Rule:228 - rule 117617 - U5Cobra4M][GTZC] default value MPCBB3 and MPCBB5 - Not Secured memory - MPCBB1 is applicable
2025-10-22 16:48:32,565 [INFO] Rule:228 - rule 117617 - U5Cobra4M][GTZC] default value MPCBB3 and MPCBB5 - Not Secured memory - MPCBB2 is applicable
2025-10-22 16:48:32,565 [INFO] Rule:228 - rule 117617 - U5Cobra4M][GTZC] default value MPCBB3 and MPCBB5 - Not Secured memory - MPCBB2 is applicable
2025-10-22 16:48:32,565 [INFO] Rule:228 - rule 117617 - U5Cobra4M][GTZC] default value MPCBB3 and MPCBB5 - Not Secured memory - MPCBB3 is applicable
2025-10-22 16:48:32,565 [INFO] Rule:228 - rule 117617 - U5Cobra4M][GTZC] default value MPCBB3 and MPCBB5 - Not Secured memory - MPCBB3 is applicable
2025-10-22 16:48:32,565 [INFO] Rule:228 - rule 117617 - U5Cobra4M][GTZC] default value MPCBB3 and MPCBB5 - Not Secured memory - MPCBB4 is applicable
2025-10-22 16:48:32,565 [INFO] Rule:228 - rule 117617 - U5Cobra4M][GTZC] default value MPCBB3 and MPCBB5 - Not Secured memory - MPCBB4 is applicable
2025-10-22 16:48:32,565 [INFO] Rule:228 - rule 117617 - U5Cobra4M][GTZC] default value MPCBB3 and MPCBB5 - Secured memory - MPCBB1 is applicable
2025-10-22 16:48:32,565 [INFO] Rule:228 - rule 117617 - U5Cobra4M][GTZC] default value MPCBB3 and MPCBB5 - Secured memory - MPCBB2 is applicable
2025-10-22 16:48:32,565 [INFO] Rule:228 - rule 117617 - U5Cobra4M][GTZC] default value MPCBB3 and MPCBB5 - Secured memory - MPCBB3 is applicable
2025-10-22 16:48:32,565 [INFO] Rule:228 - rule 117617 - U5Cobra4M][GTZC] default value MPCBB3 and MPCBB5 - Secured memory - MPCBB4 is applicable
2025-10-22 16:48:32,565 [INFO] Rule:228 - rule 117617 - U5Cobra4M][GTZC] default value MPCBB3 and MPCBB5 - Privileged memory - MPCBB1 is applicable
2025-10-22 16:48:32,565 [INFO] Rule:228 - rule 117617 - U5Cobra4M][GTZC] default value MPCBB3 and MPCBB5 - Privileged memory - MPCBB2 is applicable
2025-10-22 16:48:32,565 [INFO] Rule:228 - rule 117617 - U5Cobra4M][GTZC] default value MPCBB3 and MPCBB5 - Privileged memory - MPCBB3 is applicable
2025-10-22 16:48:32,565 [INFO] Rule:228 - rule 117617 - U5Cobra4M][GTZC] default value MPCBB3 and MPCBB5 - Privileged memory - MPCBB4 is applicable
2025-10-22 16:48:32,565 [INFO] Rule:228 - rule 117617 - U5Cobra4M][GTZC] default value MPCBB3 and MPCBB5 - Not Privileged memory - MPCBB1 is applicable
2025-10-22 16:48:32,565 [INFO] Rule:228 - rule 117617 - U5Cobra4M][GTZC] default value MPCBB3 and MPCBB5 - Not Privileged memory - MPCBB2 is applicable
2025-10-22 16:48:32,565 [INFO] Rule:228 - rule 117617 - U5Cobra4M][GTZC] default value MPCBB3 and MPCBB5 - Not Privileged memory - MPCBB3 is applicable
2025-10-22 16:48:32,565 [INFO] Rule:228 - rule 117617 - U5Cobra4M][GTZC] default value MPCBB3 and MPCBB5 - Not Privileged memory - MPCBB4 is applicable
2025-10-22 16:48:32,565 [INFO] Rule:228 - rule 117617 - U5Cobra4M][GTZC] default value MPCBB3 and MPCBB5 - Privileged memory - MPCBB1 is applicable
2025-10-22 16:48:32,565 [INFO] Rule:228 - rule 117617 - U5Cobra4M][GTZC] default value MPCBB3 and MPCBB5 - Privileged memory - MPCBB2 is applicable
2025-10-22 16:48:32,565 [INFO] Rule:228 - rule 117617 - U5Cobra4M][GTZC] default value MPCBB3 and MPCBB5 - Privileged memory - MPCBB3 is applicable
2025-10-22 16:48:32,565 [INFO] Rule:228 - rule 117617 - U5Cobra4M][GTZC] default value MPCBB3 and MPCBB5 - Privileged memory - MPCBB4 is applicable
2025-10-22 16:48:32,565 [INFO] Rule:228 - rule 117617 - U5Cobra4M][GTZC] default value MPCBB3 and MPCBB5 - Privileged memory - MPCBB1 is applicable
2025-10-22 16:48:32,565 [INFO] Rule:228 - rule 117617 - U5Cobra4M][GTZC] default value MPCBB3 and MPCBB5 - Privileged memory - MPCBB2 is applicable
2025-10-22 16:48:32,565 [INFO] Rule:228 - rule 117617 - U5Cobra4M][GTZC] default value MPCBB3 and MPCBB5 - Privileged memory - MPCBB3 is applicable
2025-10-22 16:48:32,565 [INFO] Rule:228 - rule 117617 - U5Cobra4M][GTZC] default value MPCBB3 and MPCBB5 - Privileged memory - MPCBB4 is applicable
2025-10-22 16:48:32,565 [INFO] Rule:228 - rule 117617 - U5Cobra4M][GTZC] default value MPCBB3 and MPCBB5 - Not Privileged memory - MPCBB1 is applicable
2025-10-22 16:48:32,565 [INFO] Rule:228 - rule 117617 - U5Cobra4M][GTZC] default value MPCBB3 and MPCBB5 - Not Privileged memory - MPCBB2 is applicable
2025-10-22 16:48:32,565 [INFO] Rule:228 - rule 117617 - U5Cobra4M][GTZC] default value MPCBB3 and MPCBB5 - Not Privileged memory - MPCBB3 is applicable
2025-10-22 16:48:32,565 [INFO] Rule:228 - rule 117617 - U5Cobra4M][GTZC] default value MPCBB3 and MPCBB5 - Not Privileged memory - MPCBB4 is applicable
2025-10-22 16:48:32,565 [INFO] Rule:228 - rule 117617 - U5Cobra4M][GTZC] default value MPCBB3 and MPCBB5 - Privileged memory - MPCBB1 is applicable
2025-10-22 16:48:32,565 [INFO] Rule:228 - rule 117617 - U5Cobra4M][GTZC] default value MPCBB3 and MPCBB5 - Privileged memory - MPCBB2 is applicable
2025-10-22 16:48:32,565 [INFO] Rule:228 - rule 117617 - U5Cobra4M][GTZC] default value MPCBB3 and MPCBB5 - Privileged memory - MPCBB3 is applicable
2025-10-22 16:48:32,565 [INFO] Rule:228 - rule 117617 - U5Cobra4M][GTZC] default value MPCBB3 and MPCBB5 - Privileged memory - MPCBB4 is applicable
2025-10-22 16:48:32,565 [INFO] Rule:228 - rule Rename SubGHz_Phy SUBGHZ_APPLICATION SUBGHZ_PINGPONG to SUBGHZ_ADV_APPLICATION is applicable
2025-10-22 16:48:32,565 [INFO] Rule:228 - rule Rename Enabled to IBEACON is applicable
2025-10-22 16:48:32,565 [INFO] Rule:228 - rule GTZC_S instance for project manager is applicable
2025-10-22 16:48:32,565 [INFO] Rule:228 - rule GTZC_S instance for context M33S is applicable
2025-10-22 16:48:32,565 [INFO] Rule:228 - rule GTZC_S instance value for IP GTZC is applicable
2025-10-22 16:48:32,565 [INFO] Rule:228 - rule GTZC_S instance for mcu.IP is applicable
2025-10-22 16:48:32,565 [INFO] Rule:228 - rule GTZC_S instance for VP is applicable
2025-10-22 16:48:32,565 [INFO] Rule:228 - rule GTZC_S instance for signal is applicable
2025-10-22 16:48:32,565 [INFO] Rule:228 - rule GTZC_S instance for mcu.Pin is applicable
2025-10-22 16:48:32,565 [INFO] Rule:228 - rule GTZC_S instance for VP is applicable
2025-10-22 16:48:32,565 [INFO] Rule:228 - rule GTZC_S instance for signal is applicable
2025-10-22 16:48:32,565 [INFO] Rule:228 - rule GTZC_S instance for mcu is applicable
2025-10-22 16:48:32,565 [INFO] Rule:228 - rule GTZC_S instance for mcu.Pin is applicable
2025-10-22 16:48:32,565 [INFO] Rule:228 - rule GTZC_S instance value for IP GTZC is applicable
2025-10-22 16:48:32,565 [INFO] Rule:228 - rule GTZC_S instance for project manager is applicable
2025-10-22 16:48:32,565 [INFO] Rule:228 - rule GTZC_S instance for context M33S is applicable
2025-10-22 16:48:32,565 [INFO] Rule:228 - rule GTZC_S instance for VP is applicable
2025-10-22 16:48:32,565 [INFO] Rule:228 - rule GTZC_S instance for signal is applicable
2025-10-22 16:48:32,565 [INFO] Rule:228 - rule SPDIFRX instance for mcu is applicable
2025-10-22 16:48:32,565 [INFO] Rule:228 - rule Rename Tracer Mode is applicable
2025-10-22 16:48:32,565 [INFO] Rule:228 - rule SPDIFRX instance value for IP SPDIFRX is applicable
2025-10-22 16:48:32,565 [INFO] Rule:228 - rule SPDIFRX instance for signal is applicable
2025-10-22 16:48:32,565 [INFO] Rule:228 - rule SPDIFRX instance for project manager is applicable
2025-10-22 16:48:32,565 [INFO] Rule:228 - rule SPDIFRX instance for project manager is applicable
2025-10-22 16:48:32,565 [INFO] Rule:228 - rule ADC Scan  fix with FW F7 is applicable
2025-10-22 16:48:32,565 [INFO] Rule:228 - rule ADC Scan  fix with FW F7 is applicable
2025-10-22 16:48:32,566 [INFO] Rule:228 - rule WakeUp0 Mode is applicable
2025-10-22 16:48:32,566 [INFO] Rule:228 - rule WakeUp0 SIGNAL is applicable
2025-10-22 16:48:32,566 [INFO] Rule:228 - rule WakeUp1 Mode is applicable
2025-10-22 16:48:32,566 [INFO] Rule:228 - rule WakeUp1 SIGNAL is applicable
2025-10-22 16:48:32,566 [INFO] Rule:228 - rule WakeUp2 Mode is applicable
2025-10-22 16:48:32,566 [INFO] Rule:228 - rule WakeUp2 SIGNAL is applicable
2025-10-22 16:48:32,566 [INFO] Rule:228 - rule WakeUp4 Mode is applicable
2025-10-22 16:48:32,566 [INFO] Rule:228 - rule WakeUp4 SIGNAL is applicable
2025-10-22 16:48:32,566 [INFO] Rule:228 - rule WakeUp5 Mode is applicable
2025-10-22 16:48:32,566 [INFO] Rule:228 - rule WakeUp5 SIGNAL is applicable
2025-10-22 16:48:32,566 [INFO] Rule:228 - rule UART/USART WORD LENGTH 7 is applicable
2025-10-22 16:48:32,566 [INFO] Rule:228 - rule UART/USART WORD LENGTH 8 is applicable
2025-10-22 16:48:32,566 [INFO] Rule:228 - rule UART/USART WORD LENGTH 9 is applicable
2025-10-22 16:48:32,566 [INFO] Rule:228 - rule Change Default Value for LSE Drive Capability for WB family is applicable
2025-10-22 16:48:32,566 [INFO] Rule:228 - rule Change Default Value for ADC Clock Prescaler G0 family is applicable
2025-10-22 16:48:32,566 [INFO] Rule:228 - rule ADC SamplingTime fix with FW L0  is applicable
2025-10-22 16:48:32,566 [INFO] Rule:228 - rule ADC SamplingTime fix with FW L0  is applicable
2025-10-22 16:48:32,566 [INFO] Rule:228 - rule ADC SamplingTime fix with FW L0 is applicable
2025-10-22 16:48:32,566 [INFO] Rule:228 - rule ADC SamplingTime fix with FW L0 is applicable
2025-10-22 16:48:32,566 [INFO] Rule:228 - rule ADC SamplingTime fix with FW L0  is applicable
2025-10-22 16:48:32,566 [INFO] Rule:228 - rule ADC SamplingTime fix with FW L0 is applicable
2025-10-22 16:48:32,566 [INFO] Rule:228 - rule Rename USB_OE Signal is applicable
2025-10-22 16:48:32,566 [INFO] Rule:228 - rule Rename Activate_OE Mode is applicable
2025-10-22 16:48:32,566 [INFO] Rule:228 - rule Rename DIE462/DIE415 pin PC14/OSC32_IN -> PC14-OSC32_IN (PC14) is applicable
2025-10-22 16:48:32,566 [INFO] Rule:228 - rule Rename DIE462/DIE415 pin PC15/OSC32_OUT -> PC15-OSC32_OUT (PC15) is applicable
2025-10-22 16:48:32,566 [INFO] Rule:228 - rule Rename DIE462/DIE415 pin PH0/OSC_IN -> PH0-OSC_IN (PH0) is applicable
2025-10-22 16:48:32,566 [INFO] Rule:228 - rule Rename DIE462/DIE415 pin PH1/OSC_OUT -> PH1-OSC_OUT (PH1) is applicable
2025-10-22 16:48:32,566 [INFO] Rule:228 - rule Rename DIE462 pin PA13 -> PA13 (JTMS/SWDIO) is applicable
2025-10-22 16:48:32,566 [INFO] Rule:228 - rule Rename DIE415 pin PA13 -> PA13 (JTMS/SWDIO) is applicable
2025-10-22 16:48:32,566 [INFO] Rule:228 - rule Rename DIE462 pin PA14 -> PA14 (JTCK/SWCLK) is applicable
2025-10-22 16:48:32,566 [INFO] Rule:228 - rule Rename DIE415 pin PA14 -> PA14 (JTCK/SWCLK) is applicable
2025-10-22 16:48:32,566 [INFO] Rule:228 - rule Rename DIE462/DIE415 pin PA15 -> PA15 (JTDI) is applicable
2025-10-22 16:48:32,566 [INFO] Rule:228 - rule Rename DIE462 pin PB3 -> PB3 (JTD0/TRACESWO) is applicable
2025-10-22 16:48:32,566 [INFO] Rule:228 - rule Rename DIE415 pin PB3 -> PB3 (JTD0-TRACESWO) is applicable
2025-10-22 16:48:32,566 [INFO] Rule:228 - rule Rename DIE462/DIE415 pin PB4 -> PB4 (NJTRST) is applicable
2025-10-22 16:48:32,566 [INFO] Rule:228 - rule Rename DIE462 pin PH3/BOOT0 -> PH3-BOOT0 (BOOT0) is applicable
2025-10-22 16:48:32,566 [INFO] Rule:228 - rule Rename CRYP DataEncryptionTypesList to Algorithm is applicable
2025-10-22 16:48:32,566 [INFO] Rule:228 - rule Rename AES DataEncryptionTypesList to Algorithm is applicable
2025-10-22 16:48:32,566 [INFO] Rule:228 - rule Rename TDESECB to CRYP_TDES_ECB is applicable
2025-10-22 16:48:32,566 [INFO] Rule:228 - rule Rename TDESCBC to CRYP_TDES_CBC is applicable
2025-10-22 16:48:32,566 [INFO] Rule:228 - rule Rename DESECB to CRYP_DES_ECB is applicable
2025-10-22 16:48:32,566 [INFO] Rule:228 - rule Rename DESCBC to CRYP_DES_CBC is applicable
2025-10-22 16:48:32,566 [INFO] Rule:228 - rule Rename AESECB to CRYP_AES_ECB is applicable
2025-10-22 16:48:32,566 [INFO] Rule:228 - rule Rename AESCBC to CRYP_AES_CBC is applicable
2025-10-22 16:48:32,566 [INFO] Rule:228 - rule Rename AESCTR to CRYP_AES_CTR is applicable
2025-10-22 16:48:32,566 [INFO] Rule:228 - rule Rename AESGCM to CRYP_AES_GCM is applicable
2025-10-22 16:48:32,566 [INFO] Rule:228 - rule Rename AESCCM to CRYP_AES_CCM is applicable
2025-10-22 16:48:32,566 [INFO] Rule:228 - rule Rename CAN TimeSeg1 to BS1 is applicable
2025-10-22 16:48:32,566 [INFO] Rule:228 - rule Rename CAN TimeSeg2 to BS2 is applicable
2025-10-22 16:48:32,566 [INFO] Rule:228 - rule Rename CAN SyncJumpWidth to SJW is applicable
2025-10-22 16:48:32,566 [INFO] Rule:228 - rule TimeTriggeredMode to TTCM is applicable
2025-10-22 16:48:32,566 [INFO] Rule:228 - rule Rename CAN AutoBusOff to ABOM is applicable
2025-10-22 16:48:32,566 [INFO] Rule:228 - rule Rename CAN AutoWakeUp to AWUM is applicable
2025-10-22 16:48:32,566 [INFO] Rule:228 - rule Rename CAN AutoRetransmission to NART is applicable
2025-10-22 16:48:32,566 [INFO] Rule:228 - rule Rename CAN ReceiveFifoLocked to RFLM is applicable
2025-10-22 16:48:32,566 [INFO] Rule:228 - rule Rename CAN TransmitFifoPriority to TXFP is applicable
2025-10-22 16:48:32,566 [INFO] Rule:228 - rule Rename HRTIMER HRTIM_OUTPUTFAULTLEVEL_HIGH in HRTIMER HRTIM_OUTPUTFAULTLEVEL_HIGHZ is applicable
2025-10-22 16:48:32,566 [INFO] Rule:228 - rule Rename TIMER TIM_CLEARINPUTSOURCE_OCREFCLR in  TIMER TIM_CLEARINPUTSOURCE_NONE for F7 family is applicable
2025-10-22 16:48:32,566 [INFO] Rule:228 - rule FDCAN_R1 - Rename FDCAN mode Master into Classic is applicable
2025-10-22 16:48:32,566 [INFO] Rule:228 - rule FDCAN_R2 - Rename FDCAN mode Slave into Classic is applicable
2025-10-22 16:48:32,566 [INFO] Rule:228 - rule FDCAN1_R3 - if PA10.Mode=FullDuplex, add Pin PA12 is applicable
2025-10-22 16:48:32,566 [INFO] Rule:228 - rule FDCAN1_R3 - if PA9.Mode=FullDuplex, add Pin PA11 is applicable
2025-10-22 16:48:32,566 [INFO] Rule:228 - rule FDCAN1_R3 - Alternatepin_1 - if PE1.Mode=FullDuplex, add Pin PB9 is applicable
2025-10-22 16:48:32,566 [INFO] Rule:228 - rule FDCAN1_R3 - Alternatepin_1 - if PE0.Mode=FullDuplex, add Pin PB8 is applicable
2025-10-22 16:48:32,566 [INFO] Rule:228 - rule FDCAN1_R3 - Alternatepin_2 - if PD5.Mode=FullDuplex, add Pin PD1 is applicable
2025-10-22 16:48:32,566 [INFO] Rule:228 - rule FDCAN1_R3 - Alternatepin_2 - if PD4.Mode=FullDuplex, add Pin PD0 is applicable
2025-10-22 16:48:32,566 [INFO] Rule:228 - rule FDCAN1_R4 - Rename Mode FullDuplex into Enable FDCAN_TXFD for pin PA10 is applicable
2025-10-22 16:48:32,566 [INFO] Rule:228 - rule FDCAN1_R4 - Rename Mode FullDuplex into Enable FDCAN_TXFD for pin PA9 is applicable
2025-10-22 16:48:32,566 [INFO] Rule:228 - rule FDCAN1_R4 - Alternatepin_1 - Rename Mode FullDuplex into Enable FDCAN_TXFD for pin PE1 is applicable
2025-10-22 16:48:32,566 [INFO] Rule:228 - rule FDCAN1_R4 - Alternatepin_1 - Rename Mode FullDuplex into Enable FDCAN_TXFD for pin PE0 is applicable
2025-10-22 16:48:32,566 [INFO] Rule:228 - rule FDCAN1_R4 - Alternatepin_2 - Rename Mode FullDuplex into Enable FDCAN_TXFD for pin PD5 is applicable
2025-10-22 16:48:32,566 [INFO] Rule:228 - rule FDCAN1_R4 - Alternatepin_2 - Rename Mode FullDuplex into Enable FDCAN_TXFD for pin PD4 is applicable
2025-10-22 16:48:32,566 [INFO] Rule:228 - rule FDCAN2_R3 - if PD10.Mode=FullDuplex, add Pin PB13 is applicable
2025-10-22 16:48:32,566 [INFO] Rule:228 - rule FDCAN2_R3 - if PD9.Mode=FullDuplex, add Pin PB12 is applicable
2025-10-22 16:48:32,566 [INFO] Rule:228 - rule FDCAN2_R3 - Alternatepin_1 - if PB7.Mode=FullDuplex, add Pin PB6 is applicable
2025-10-22 16:48:32,566 [INFO] Rule:228 - rule FDCAN2_R3 - Alternatepin_1 - if PD9.Mode=FullDuplex, add Pin PB12 is applicable
2025-10-22 16:48:32,566 [INFO] Rule:228 - rule FDCAN2_R4 - Rename Mode FullDuplex into Enable FDCAN_TXFD for pin PD10 is applicable
2025-10-22 16:48:32,566 [INFO] Rule:228 - rule FDCAN2_R4 - Rename Mode FullDuplex into Enable FDCAN_TXFD for pin PD9 is applicable
2025-10-22 16:48:32,566 [INFO] Rule:228 - rule FDCAN2_R4 - Alternatepin_1 - Rename Mode FullDuplex into Enable FDCAN_TXFD for pin PB7 is applicable
2025-10-22 16:48:32,566 [INFO] Rule:228 - rule FDCAN2_R4 - Alternatepin_1 - Rename Mode FullDuplex into Enable FDCAN_TXFD for pin PD6 is applicable
2025-10-22 16:48:32,566 [INFO] Rule:228 - rule USART TxPinLevelInvertParam Mode is applicable
2025-10-22 16:48:32,566 [INFO] Rule:228 - rule USART RxPinLevelInvertParam Mode is applicable
2025-10-22 16:48:32,566 [INFO] Rule:228 - rule USART DataInvertParam Mode is applicable
2025-10-22 16:48:32,566 [INFO] Rule:228 - rule USART SwapParam Mode is applicable
2025-10-22 16:48:32,566 [INFO] Rule:228 - rule USART OverrunDisableParam Mode is applicable
2025-10-22 16:48:32,566 [INFO] Rule:228 - rule USART DMADisableonRxErrorParam Mode is applicable
2025-10-22 16:48:32,566 [INFO] Rule:228 - rule USART MSBFirstParam Mode is applicable
2025-10-22 16:48:32,566 [INFO] Rule:228 - rule Update MwName for USB_DEVICE is applicable
2025-10-22 16:48:32,566 [INFO] Rule:228 - rule Change PWR_Regulator_Voltage_Scale Default Value for RCC  H7 family is applicable
2025-10-22 16:48:32,566 [INFO] Rule:228 - rule UART/USART IPParameter rename Prescaler parameter to ClockPrescaler is applicable
2025-10-22 16:48:32,566 [INFO] Rule:228 - rule UART/USART Prescaler rename Prescaler parameter to ClockPrescaler is applicable
2025-10-22 16:48:32,566 [INFO] Rule:228 - rule TIM1CLockSelection is applicable
2025-10-22 16:48:32,566 [INFO] Rule:228 - rule TIM15CLockSelection is applicable
2025-10-22 16:48:32,566 [INFO] Rule:228 - rule align RCC SDMMC3CLockSelection default value on MP1 is applicable
2025-10-22 16:48:32,567 [INFO] Rule:228 - rule align RCC SDMMC12CLockSelection default value on MP1 is applicable
2025-10-22 16:48:32,567 [INFO] Rule:228 - rule align RCC QSPICLockSelection default value on MP1 is applicable
2025-10-22 16:48:32,567 [INFO] Rule:228 - rule align RCC QSPICLockSelection default value on MP1 is applicable
2025-10-22 16:48:32,567 [INFO] Rule:228 - rule align RCC SPI6CLockSelection default value on MP1 is applicable
2025-10-22 16:48:32,567 [INFO] Rule:228 - rule align RCC LPTIM23CLockSelection default value on MP1 is applicable
2025-10-22 16:48:32,567 [INFO] Rule:228 - rule align RCC LPTIM1CLockSelection default value on MP1 is applicable
2025-10-22 16:48:32,567 [INFO] Rule:228 - rule align RCC USART1CLockSelection default value on MP1 is applicable
2025-10-22 16:48:32,567 [INFO] Rule:228 - rule align RCC USART24CLockSelection default value on MP1 is applicable
2025-10-22 16:48:32,567 [INFO] Rule:228 - rule align RCC USART6CLockSelection default value on MP1 is applicable
2025-10-22 16:48:32,567 [INFO] Rule:228 - rule align RCC UART78CLockSelection default value on MP1 is applicable
2025-10-22 16:48:32,567 [INFO] Rule:228 - rule align RCC USART35CLockSelection default value on MP1 is applicable
2025-10-22 16:48:32,567 [INFO] Rule:228 - rule align RCC SPI45CLockSelection default value on MP1 is applicable
2025-10-22 16:48:32,567 [INFO] Rule:228 - rule align RCC I2C46CLockSelection BCLK value on MP1 is applicable
2025-10-22 16:48:32,567 [INFO] Rule:228 - rule align RCC SPI45CLockSelection default value on MP1 is applicable
2025-10-22 16:48:32,567 [INFO] Rule:228 - rule align RCC I2C12CLockSelection default value on MP1 is applicable
2025-10-22 16:48:32,567 [INFO] Rule:228 - rule align RCC I2C35CLockSelection default value on MP1 is applicable
2025-10-22 16:48:32,567 [INFO] Rule:228 - rule align RCC LPTIM45CLockSelection default value on MP1 is applicable
2025-10-22 16:48:32,567 [INFO] Rule:228 - rule Rename DCMI PIXCK signal is applicable
2025-10-22 16:48:32,567 [INFO] Rule:228 - rule Change Default Value for I2C46CLockSelection MP1 family is applicable
2025-10-22 16:48:32,567 [INFO] Rule:228 - rule Change Default Value for UART for G4, G0 and WB families is applicable
2025-10-22 16:48:32,567 [INFO] Rule:228 - rule Change Default Value for USART for G4, G0 and WB families is applicable
2025-10-22 16:48:32,567 [INFO] Rule:228 - rule Change Default Value for USART for G4 family is applicable
2025-10-22 16:48:32,567 [INFO] Rule:228 - rule Change USART1CLockSelection refparam name for MP1 is applicable
2025-10-22 16:48:32,567 [INFO] Rule:228 - rule Change USART2CLockSelection refparam name for MP1 is applicable
2025-10-22 16:48:32,567 [INFO] Rule:228 - rule Change USART3CLockSelection refparam name for MP1 is applicable
2025-10-22 16:48:32,567 [INFO] Rule:228 - rule Change UART4CLockSelection refparam name for MP1 is applicable
2025-10-22 16:48:32,567 [INFO] Rule:228 - rule Change UART5CLockSelection refparam name for MP1 is applicable
2025-10-22 16:48:32,567 [INFO] Rule:228 - rule Change LPUART1CLockSelection refparam name for MP1 is applicable
2025-10-22 16:48:32,567 [INFO] Rule:228 - rule Change LPTIM1CLockSelection refparam name for MP1 is applicable
2025-10-22 16:48:32,567 [INFO] Rule:228 - rule Change LPTIM2CLockSelection refparam name for MP1 is applicable
2025-10-22 16:48:32,567 [INFO] Rule:228 - rule Change RCC_MCO1Source refparam name for MP1 is applicable
2025-10-22 16:48:32,567 [INFO] Rule:228 - rule Change LSCOSource1 refparam name for MP1 is applicable
2025-10-22 16:48:32,567 [INFO] Rule:228 - rule Change SMPSCLockSelection refparam name for MP1 is applicable
2025-10-22 16:48:32,567 [INFO] Rule:228 - rule Change LPTIM3CLockSelection refparam name for MP1 is applicable
2025-10-22 16:48:32,567 [INFO] Rule:228 - rule Change MPCBB* Default Template Mode to Parameters is applicable
2025-10-22 16:48:32,567 [INFO] Rule:228 - rule Change MPCWM* or MPCBB* Secure Mode to Parameters is applicable
2025-10-22 16:48:32,567 [INFO] Rule:228 - rule Change MPCWM* or MPCBB* No Secure Mode to Parameters is applicable
2025-10-22 16:48:32,567 [INFO] Rule:228 - rule Change TZSC IP Secure Mode to Parameters is applicable
2025-10-22 16:48:32,567 [INFO] Rule:228 - rule Change TZSC IP No Secure Mode to Parameters is applicable
2025-10-22 16:48:32,567 [INFO] Rule:228 - rule Change TZSC IP Privilege Mode to Parameters is applicable
2025-10-22 16:48:32,567 [INFO] Rule:228 - rule Change TZSC IP No Privilege Mode to Parameters is applicable
2025-10-22 16:48:32,567 [INFO] Rule:228 - rule Change TZIC IT Secure Mode to Parameters is applicable
2025-10-22 16:48:32,567 [INFO] Rule:228 - rule Change TZIC IT No Secure Mode to Parameters is applicable
2025-10-22 16:48:32,567 [INFO] Rule:228 - rule Add MPCBB1_NonSecureArea_Start_Address value with referenced to MPCBB1_NonSecureArea_Start value is applicable
2025-10-22 16:48:32,567 [INFO] Rule:228 - rule Add MPCBB2_NonSecureArea_Start_Address value with referenced to MPCBB2_NonSecureArea_Start value is applicable
2025-10-22 16:48:32,567 [INFO] Rule:228 - rule Add MPCWM1_NonSecureArea*_Start_Address value with referenced to MPCWM1_NonSecureArea*_Start value is applicable
2025-10-22 16:48:32,567 [INFO] Rule:228 - rule Add MPCWM2_NonSecureArea*_Start_Address value with referenced to MPCWM2_NonSecureArea*_Start value is applicable
2025-10-22 16:48:32,567 [INFO] Rule:228 - rule Add MPCWM3_NonSecureArea_Start_Address value with referenced to MPCWM3_NonSecureArea_Start value is applicable
2025-10-22 16:48:32,567 [INFO] Rule:228 - rule Change Default Value for PLL1UserDefinedConfig is applicable
2025-10-22 16:48:32,567 [INFO] Rule:228 - rule Change GPIO_PuPd Default Value for USART in async mode is applicable
2025-10-22 16:48:32,567 [INFO] Rule:228 - rule Change SMPSDivider Default Value is applicable
2025-10-22 16:48:32,567 [INFO] Rule:228 - rule OPAMP is applicable
2025-10-22 16:48:32,567 [INFO] Rule:228 - rule LPUART IPParameter rename Prescaler parameter to ClockPrescaler for STM32H7 is applicable
2025-10-22 16:48:32,567 [INFO] Rule:228 - rule LPUART IPParameter rename Prescaler parameter to ClockPrescaler for STM32H7 is applicable
2025-10-22 16:48:32,567 [INFO] Rule:228 - rule LPUART IPParameter rename Prescaler parameter to ClockPrescaler for STM32WB is applicable
2025-10-22 16:48:32,567 [INFO] Rule:228 - rule LPUART IPParameter rename Prescaler parameter to ClockPrescaler for STM32WB is applicable
2025-10-22 16:48:32,567 [INFO] Rule:228 - rule LPUART IPParameter rename Prescaler parameter to ClockPrescaler for STM32G4 is applicable
2025-10-22 16:48:32,567 [INFO] Rule:228 - rule LPUART IPParameter rename Prescaler parameter to ClockPrescaler for STM32G4 is applicable
2025-10-22 16:48:32,567 [INFO] Rule:228 - rule LPUART IPParameter rename Prescaler parameter to ClockPrescaler for STM32L5 is applicable
2025-10-22 16:48:32,567 [INFO] Rule:228 - rule LPUART IPParameter rename Prescaler parameter to ClockPrescaler for STM32L5 is applicable
2025-10-22 16:48:32,567 [INFO] Rule:228 - rule LPUART IPParameter rename Prescaler parameter to ClockPrescaler for STM32G4 is applicable
2025-10-22 16:48:32,567 [INFO] Rule:228 - rule LPUART IPParameter rename Prescaler parameter to ClockPrescaler for STM32G4 is applicable
2025-10-22 16:48:32,567 [INFO] Rule:228 - rule USB device lib V2.5.3 for L0 rename USBD_SUPPORT_USER_STRING parameter to USBD_SUPPORT_USER_STRING_DESC4 is applicable
2025-10-22 16:48:32,567 [INFO] Rule:228 - rule I2SCLockSelection clock entry align is applicable
2025-10-22 16:48:32,567 [INFO] Rule:228 - rule Assign TIMx context if used as SYS timebase is applicable
2025-10-22 16:48:32,567 [INFO] Rule:228 - rule Change GPIO_Pu Default Value for I2C is applicable
2025-10-22 16:48:32,567 [INFO] Rule:228 - rule Change GPIO_Pu Default Value for SMBus is applicable
2025-10-22 16:48:32,567 [INFO] Rule:228 - rule change FDCAN default value is applicable
2025-10-22 16:48:32,567 [INFO] Rule:228 - rule Change mode sai is applicable
2025-10-22 16:48:32,567 [INFO] Rule:228 - rule **Change sai mode is applicable
2025-10-22 16:48:32,576 [INFO] DbConfProperties:307 - Apply Compatibility (33/226 Rules)
2025-10-22 16:48:32,580 [INFO] ImportTextPane:194 - (OptionalMessage_ERROR) Unable to find key (Mcu.ThirdPartyNb) in loaded IOC file
2025-10-22 16:48:32,592 [INFO] RtosManager:555 - Registered RTOS mode: class=CMSIS, group=RTOS, mode=CMSIS_V1, owner=FREERTOS
2025-10-22 16:48:32,592 [INFO] RtosManager:555 - Registered RTOS mode: class=CMSIS, group=RTOS2, mode=CMSIS_V2, owner=FREERTOS
2025-10-22 16:48:32,592 [INFO] RtosManager:555 - Registered RTOS mode: class=RTOS, group=Core, mode=CMSIS_V1, owner=FREERTOS
2025-10-22 16:48:32,592 [INFO] RtosManager:555 - Registered RTOS mode: class=RTOS, group=Core, mode=CMSIS_V2, owner=FREERTOS
2025-10-22 16:48:32,592 [WARN] ModelIntegratedComponent:184 - Missing modes for component STMicroelectronics:FreeRTOS:0.0.1:STMicroelectronics:RTOS:FreeRTOS:Core:::10.2.0:
2025-10-22 16:48:32,594 [WARN] ModelIntegratedComponent:182 - Modes not found for component STMicroelectronics:USB_HOST:1.0.0:STMicroelectronics:USB::USB Host:Audio HS::1.0:USB_HOST_1_0_RESTRICTED_HS
2025-10-22 16:48:32,594 [WARN] ModelIntegratedComponent:188 - Modes not found for component STMicroelectronics:USB_HOST:1.0.0:STMicroelectronics:USB::USB Host:Audio HS::1.0:USB_HOST_1_0_RESTRICTED_HS
2025-10-22 16:48:32,594 [WARN] ModelIntegratedComponent:182 - Modes not found for component STMicroelectronics:USB_HOST:1.0.0:STMicroelectronics:USB::USB Host:CDC HS::1.0:USB_HOST_1_0_RESTRICTED_HS
2025-10-22 16:48:32,594 [WARN] ModelIntegratedComponent:188 - Modes not found for component STMicroelectronics:USB_HOST:1.0.0:STMicroelectronics:USB::USB Host:CDC HS::1.0:USB_HOST_1_0_RESTRICTED_HS
2025-10-22 16:48:32,594 [WARN] ModelIntegratedComponent:182 - Modes not found for component STMicroelectronics:USB_HOST:1.0.0:STMicroelectronics:USB::USB Host:MSC HS::1.0:USB_HOST_1_0_RESTRICTED_HS
2025-10-22 16:48:32,594 [WARN] ModelIntegratedComponent:188 - Modes not found for component STMicroelectronics:USB_HOST:1.0.0:STMicroelectronics:USB::USB Host:MSC HS::1.0:USB_HOST_1_0_RESTRICTED_HS
2025-10-22 16:48:32,594 [WARN] ModelIntegratedComponent:182 - Modes not found for component STMicroelectronics:USB_HOST:1.0.0:STMicroelectronics:USB::USB Host:HID HS::1.0:USB_HOST_1_0_RESTRICTED_HS
2025-10-22 16:48:32,594 [WARN] ModelIntegratedComponent:188 - Modes not found for component STMicroelectronics:USB_HOST:1.0.0:STMicroelectronics:USB::USB Host:HID HS::1.0:USB_HOST_1_0_RESTRICTED_HS
2025-10-22 16:48:32,594 [WARN] ModelIntegratedComponent:182 - Modes not found for component STMicroelectronics:USB_HOST:1.0.0:STMicroelectronics:USB::USB Host:MTP HS::1.0:USB_HOST_1_0_RESTRICTED_HS
2025-10-22 16:48:32,594 [WARN] ModelIntegratedComponent:188 - Modes not found for component STMicroelectronics:USB_HOST:1.0.0:STMicroelectronics:USB::USB Host:MTP HS::1.0:USB_HOST_1_0_RESTRICTED_HS
2025-10-22 16:48:32,595 [WARN] ModelIntegratedComponent:63 - No mode defined for component null
2025-10-22 16:48:32,595 [WARN] ModelIntegratedComponent:63 - No mode defined for component null
2025-10-22 16:48:32,595 [WARN] ModelIntegratedComponent:63 - No mode defined for component null
2025-10-22 16:48:32,595 [WARN] ModelIntegratedComponent:63 - No mode defined for component null
2025-10-22 16:48:32,595 [WARN] ModelIntegratedComponent:63 - No mode defined for component null
2025-10-22 16:48:32,595 [WARN] ModelIntegratedComponent:63 - No mode defined for component null
2025-10-22 16:48:32,595 [WARN] ModelIntegratedComponent:63 - No mode defined for component null
2025-10-22 16:48:32,595 [WARN] ModelIntegratedComponent:63 - No mode defined for component null
2025-10-22 16:48:32,595 [WARN] ModelIntegratedComponent:63 - No mode defined for component null
2025-10-22 16:48:32,595 [WARN] ModelIntegratedComponent:63 - No mode defined for component null
2025-10-22 16:48:32,595 [WARN] ModelIntegratedComponent:63 - No mode defined for component null
2025-10-22 16:48:32,595 [WARN] ModelIntegratedComponent:63 - No mode defined for component null
2025-10-22 16:48:32,595 [WARN] ModelIntegratedComponent:63 - No mode defined for component null
2025-10-22 16:48:32,595 [WARN] ModelIntegratedComponent:63 - No mode defined for component null
2025-10-22 16:48:32,595 [WARN] ModelIntegratedComponent:63 - No mode defined for component null
2025-10-22 16:48:32,595 [WARN] ModelIntegratedComponent:63 - No mode defined for component null
2025-10-22 16:48:32,595 [WARN] ModelIntegratedComponent:63 - No mode defined for component null
2025-10-22 16:48:32,595 [WARN] ModelIntegratedComponent:63 - No mode defined for component null
2025-10-22 16:48:32,595 [WARN] ModelIntegratedComponent:63 - No mode defined for component null
2025-10-22 16:48:32,595 [WARN] ModelIntegratedComponent:63 - No mode defined for component null
2025-10-22 16:48:32,595 [WARN] ModelIntegratedComponent:63 - No mode defined for component null
2025-10-22 16:48:32,595 [WARN] ModelIntegratedComponent:63 - No mode defined for component null
2025-10-22 16:48:32,595 [WARN] ModelIntegratedComponent:63 - No mode defined for component null
2025-10-22 16:48:32,595 [WARN] ModelIntegratedComponent:63 - No mode defined for component null
2025-10-22 16:48:32,596 [WARN] ModelIntegratedComponent:63 - No mode defined for component null
2025-10-22 16:48:32,596 [WARN] ModelIntegratedComponent:63 - No mode defined for component null
2025-10-22 16:48:32,596 [WARN] ModelIntegratedComponent:63 - No mode defined for component null
2025-10-22 16:48:32,596 [WARN] ModelIntegratedComponent:63 - No mode defined for component null
2025-10-22 16:48:32,596 [WARN] ModelIntegratedComponent:63 - No mode defined for component null
2025-10-22 16:48:32,596 [WARN] ModelIntegratedComponent:63 - No mode defined for component null
2025-10-22 16:48:32,596 [WARN] ModelIntegratedComponent:63 - No mode defined for component null
2025-10-22 16:48:32,596 [WARN] ModelIntegratedComponent:63 - No mode defined for component null
2025-10-22 16:48:32,596 [WARN] ModelIntegratedComponent:63 - No mode defined for component null
2025-10-22 16:48:32,641 [WARN] ModelIntegratedComponent:182 - Modes not found for component STMicroelectronics:USB_DEVICE:1.0.0:STMicroelectronics:USB::USB Device:Audio HS::1.0:USB_DEVICE_1_0_RESTRICTED_HS
2025-10-22 16:48:32,641 [WARN] ModelIntegratedComponent:188 - Modes not found for component STMicroelectronics:USB_DEVICE:1.0.0:STMicroelectronics:USB::USB Device:Audio HS::1.0:USB_DEVICE_1_0_RESTRICTED_HS
2025-10-22 16:48:32,641 [WARN] ModelIntegratedComponent:182 - Modes not found for component STMicroelectronics:USB_DEVICE:1.0.0:STMicroelectronics:USB::USB Device:CDC HS::1.0:USB_DEVICE_1_0_RESTRICTED_HS
2025-10-22 16:48:32,641 [WARN] ModelIntegratedComponent:188 - Modes not found for component STMicroelectronics:USB_DEVICE:1.0.0:STMicroelectronics:USB::USB Device:CDC HS::1.0:USB_DEVICE_1_0_RESTRICTED_HS
2025-10-22 16:48:32,641 [WARN] ModelIntegratedComponent:182 - Modes not found for component STMicroelectronics:USB_DEVICE:1.0.0:STMicroelectronics:USB::USB Device:DFU HS::1.0:USB_DEVICE_1_0_RESTRICTED_HS
2025-10-22 16:48:32,641 [WARN] ModelIntegratedComponent:188 - Modes not found for component STMicroelectronics:USB_DEVICE:1.0.0:STMicroelectronics:USB::USB Device:DFU HS::1.0:USB_DEVICE_1_0_RESTRICTED_HS
2025-10-22 16:48:32,641 [WARN] ModelIntegratedComponent:182 - Modes not found for component STMicroelectronics:USB_DEVICE:1.0.0:STMicroelectronics:USB::USB Device:HID HS::1.0:USB_DEVICE_1_0_RESTRICTED_HS
2025-10-22 16:48:32,641 [WARN] ModelIntegratedComponent:188 - Modes not found for component STMicroelectronics:USB_DEVICE:1.0.0:STMicroelectronics:USB::USB Device:HID HS::1.0:USB_DEVICE_1_0_RESTRICTED_HS
2025-10-22 16:48:32,641 [WARN] ModelIntegratedComponent:182 - Modes not found for component STMicroelectronics:USB_DEVICE:1.0.0:STMicroelectronics:USB::USB Device:Custom HID HS::1.0:USB_DEVICE_1_0_RESTRICTED_HS
2025-10-22 16:48:32,641 [WARN] ModelIntegratedComponent:188 - Modes not found for component STMicroelectronics:USB_DEVICE:1.0.0:STMicroelectronics:USB::USB Device:Custom HID HS::1.0:USB_DEVICE_1_0_RESTRICTED_HS
2025-10-22 16:48:32,641 [WARN] ModelIntegratedComponent:182 - Modes not found for component STMicroelectronics:USB_DEVICE:1.0.0:STMicroelectronics:USB::USB Device:MSC HS::1.0:USB_DEVICE_1_0_RESTRICTED_HS
2025-10-22 16:48:32,641 [WARN] ModelIntegratedComponent:188 - Modes not found for component STMicroelectronics:USB_DEVICE:1.0.0:STMicroelectronics:USB::USB Device:MSC HS::1.0:USB_DEVICE_1_0_RESTRICTED_HS
2025-10-22 16:48:32,645 [INFO] ThirdPartyModel:298 - Start build external matchings
2025-10-22 16:48:32,832 [INFO] ThirdPartyModel:316 - End build external matchings
2025-10-22 16:48:32,838 [INFO] ImportTextPane:194 - (OptionalMessage_ERROR) IP (RCC) : Parameter (RTCHSEDivFreq_Value) has invalid value (4000000)
2025-10-22 16:48:32,938 [INFO] UtilMem:75 - End LoadConfig() Used Memory: 663071648 Bytes (916455424)
2025-10-22 16:48:32,943 [WARN] ThirdParty:833 - waiting for thirdparty lock release [change project]
2025-10-22 16:48:32,943 [INFO] ThirdParty:835 - entering critical section [change project]
2025-10-22 16:48:32,943 [INFO] ThirdParty:1030 - CMSIS Pack Vendor :STMicroelectronics X-CUBE-PM33A1 1.0.0
2025-10-22 16:48:32,943 [INFO] ThirdParty:1030 - CMSIS Pack Vendor :STMicroelectronics X-CUBE-NFC9 1.0.0
2025-10-22 16:48:32,943 [INFO] ThirdParty:1030 - CMSIS Pack Vendor :STMicroelectronics USB_HOST 2.0.0
2025-10-22 16:48:32,943 [INFO] ThirdParty:1030 - CMSIS Pack Vendor :STMicroelectronics FP-SNS-MOTENVWB1 1.4.0
2025-10-22 16:48:32,943 [INFO] ThirdParty:1030 - CMSIS Pack Vendor :STMicroelectronics X-CUBE-AZRTOS-F4 1.1.0
2025-10-22 16:48:32,943 [INFO] ThirdParty:1030 - CMSIS Pack Vendor :STMicroelectronics LIBJPEG 8.0.0
2025-10-22 16:48:32,943 [INFO] ThirdParty:1030 - CMSIS Pack Vendor :STMicroelectronics FP-ATR-ASTRA1 2.0.2
2025-10-22 16:48:32,943 [INFO] ThirdParty:1030 - CMSIS Pack Vendor :wolfSSL I-CUBE-wolfSSL 5.8.2
2025-10-22 16:48:32,943 [INFO] ThirdParty:1030 - CMSIS Pack Vendor :STMicroelectronics X-CUBE-BLE1 7.1.0
2025-10-22 16:48:32,943 [INFO] ThirdParty:1030 - CMSIS Pack Vendor :STMicroelectronics X-CUBE-SMBUS 2.1.0
2025-10-22 16:48:32,943 [INFO] ThirdParty:1030 - CMSIS Pack Vendor :wolfSSL I-CUBE-wolfMQTT 1.19.2
2025-10-22 16:48:32,944 [INFO] ThirdParty:1030 - CMSIS Pack Vendor :STMicroelectronics USB_DEVICE 3.0.0
2025-10-22 16:48:32,944 [INFO] ThirdParty:1030 - CMSIS Pack Vendor :STMicroelectronics X-CUBE-ISPU 2.1.0
2025-10-22 16:48:32,944 [INFO] ThirdParty:1030 - CMSIS Pack Vendor :STMicroelectronics X-CUBE-EEPRMA1 5.2.0
2025-10-22 16:48:32,944 [INFO] ThirdParty:1030 - CMSIS Pack Vendor :STMicroelectronics X-CUBE-AZRTOS-WB 2.0.0
2025-10-22 16:48:32,944 [INFO] ThirdParty:1030 - CMSIS Pack Vendor :STMicroelectronics X-CUBE-GNSS1 7.0.1
2025-10-22 16:48:32,944 [INFO] ThirdParty:1030 - CMSIS Pack Vendor :STMicroelectronics X-CUBE-NFC12 1.0.0
2025-10-22 16:48:32,944 [INFO] ThirdParty:1030 - CMSIS Pack Vendor :STMicroelectronics X-CUBE-AZRTOS-F7 1.1.0
2025-10-22 16:48:32,944 [INFO] ThirdParty:1030 - CMSIS Pack Vendor :STMicroelectronics X-CUBE-AZRTOS-L5 2.0.0
2025-10-22 16:48:32,944 [INFO] ThirdParty:1030 - CMSIS Pack Vendor :STMicroelectronics USB_DEVICE 2.0.0
2025-10-22 16:48:32,944 [INFO] ThirdParty:1030 - CMSIS Pack Vendor :STMicroelectronics X-CUBE-NFC6 3.1.0
2025-10-22 16:48:32,944 [INFO] ThirdParty:1030 - CMSIS Pack Vendor :STMicroelectronics FreeRTOS 0.0.1
2025-10-22 16:48:32,944 [INFO] ThirdParty:1030 - CMSIS Pack Vendor :STMicroelectronics X-CUBE-AZRTOS-G0 1.1.0
2025-10-22 16:48:32,944 [INFO] ThirdParty:1030 - CMSIS Pack Vendor :STMicroelectronics X-CUBE-SAFEA1 1.2.2
2025-10-22 16:48:32,944 [INFO] ThirdParty:1030 - CMSIS Pack Vendor :STMicroelectronics X-CUBE-NFC4 3.0.0
2025-10-22 16:48:32,944 [INFO] ThirdParty:1030 - CMSIS Pack Vendor :STMicroelectronics X-CUBE-SUBG2 5.0.0
2025-10-22 16:48:32,944 [INFO] ThirdParty:1030 - CMSIS Pack Vendor :STMicroelectronics X-CUBE-AZRTOS-H7RS 1.1.0
2025-10-22 16:48:32,944 [INFO] ThirdParty:1030 - CMSIS Pack Vendor :STMicroelectronics STM32_WPAN 1.0.0
2025-10-22 16:48:32,944 [INFO] ThirdParty:1030 - CMSIS Pack Vendor :STMicroelectronics lwIP 2.0.3
2025-10-22 16:48:32,944 [INFO] ThirdParty:1030 - CMSIS Pack Vendor :STMicroelectronics USB_HOST 1.0.0
2025-10-22 16:48:32,944 [INFO] ThirdParty:1030 - CMSIS Pack Vendor :STMicroelectronics X-CUBE-AZRTOS-G4 2.0.0
2025-10-22 16:48:32,944 [INFO] ThirdParty:1030 - CMSIS Pack Vendor :STMicroelectronics X-CUBE-WB05N 2.0.0
2025-10-22 16:48:32,944 [INFO] ThirdParty:1030 - CMSIS Pack Vendor :STMicroelectronics PDM2PCM 3.1.0
2025-10-22 16:48:32,944 [INFO] ThirdParty:1030 - CMSIS Pack Vendor :STMicroelectronics PDM2PCM 3.3.0
2025-10-22 16:48:32,944 [INFO] ThirdParty:1030 - CMSIS Pack Vendor :wolfSSL I-CUBE-wolfTPM 3.8.0
2025-10-22 16:48:32,944 [INFO] ThirdParty:1030 - CMSIS Pack Vendor :STMicroelectronics X-CUBE-AZRTOS-H7 3.4.0
2025-10-22 16:48:32,944 [INFO] ThirdParty:1030 - CMSIS Pack Vendor :STMicroelectronics X-CUBE-DISPLAY 3.0.0
2025-10-22 16:48:32,944 [INFO] ThirdParty:1030 - CMSIS Pack Vendor :wolfSSL I-CUBE-wolfSSH 1.4.20
2025-10-22 16:48:32,944 [INFO] ThirdParty:1030 - CMSIS Pack Vendor :STMicroelectronics X-CUBE-NFC7 2.0.0
2025-10-22 16:48:32,944 [INFO] ThirdParty:1030 - CMSIS Pack Vendor :STMicroelectronics FP-ATR-SIGFOX1 3.2.0
2025-10-22 16:48:32,944 [INFO] ThirdParty:1030 - CMSIS Pack Vendor :STMicroelectronics X-CUBE-NFC10 1.0.0
2025-10-22 16:48:32,944 [INFO] ThirdParty:1030 - CMSIS Pack Vendor :STMicroelectronics X-CUBE-FREERTOS 1.3.1
2025-10-22 16:48:32,944 [INFO] ThirdParty:1030 - CMSIS Pack Vendor :STMicroelectronics HAL Drivers 0.0.0
2025-10-22 16:48:32,944 [INFO] ThirdParty:1030 - CMSIS Pack Vendor :STMicroelectronics MBEDTLS 2.16.2
2025-10-22 16:48:32,944 [INFO] ThirdParty:1030 - CMSIS Pack Vendor :STMicroelectronics X-CUBE-ALS 1.0.2
2025-10-22 16:48:32,944 [INFO] ThirdParty:1030 - CMSIS Pack Vendor :emotas I-CUBE-CANOPEN 1.3.0
2025-10-22 16:48:32,944 [INFO] ThirdParty:1030 - CMSIS Pack Vendor :STMicroelectronics MBEDTLS 2.14.1
2025-10-22 16:48:32,944 [INFO] ThirdParty:1030 - CMSIS Pack Vendor :ITTIA_DB I-CUBE-ITTIADB 8.9.0
2025-10-22 16:48:32,944 [INFO] ThirdParty:1030 - CMSIS Pack Vendor :STMicroelectronics X-CUBE-TOUCHGFX 4.26.0
2025-10-22 16:48:32,944 [INFO] ThirdParty:1030 - CMSIS Pack Vendor :STMicroelectronics X-CUBE-STSE01 1.0.0
2025-10-22 16:48:32,944 [INFO] ThirdParty:1030 - CMSIS Pack Vendor :STMicroelectronics X-CUBE-AI 10.2.0
2025-10-22 16:48:32,944 [INFO] ThirdParty:1030 - CMSIS Pack Vendor :STMicroelectronics ThreadX 1.0.0
2025-10-22 16:48:32,944 [INFO] ThirdParty:1030 - CMSIS Pack Vendor :STMicroelectronics FP-SNS-SMARTAG2 1.2.0
2025-10-22 16:48:32,945 [INFO] ThirdParty:1030 - CMSIS Pack Vendor :STMicroelectronics X-CUBE-AZRTOS-WL 2.0.0
2025-10-22 16:48:32,945 [INFO] ThirdParty:1030 - CMSIS Pack Vendor :SEGGER I-CUBE-embOS 1.3.1
2025-10-22 16:48:32,945 [INFO] ThirdParty:1030 - CMSIS Pack Vendor :STMicroelectronics X-CUBE-ALGOBUILD 1.4.0
2025-10-22 16:48:32,945 [INFO] ThirdParty:1030 - CMSIS Pack Vendor :STMicroelectronics X-CUBE-MEMS1 11.3.0
2025-10-22 16:48:32,945 [INFO] ThirdParty:1030 - CMSIS Pack Vendor :STMicroelectronics FP-SNS-MOTENV1 5.0.0
2025-10-22 16:48:32,945 [INFO] ThirdParty:1030 - CMSIS Pack Vendor :STMicroelectronics USB_DEVICE 1.0.0
2025-10-22 16:48:32,945 [INFO] ThirdParty:1030 - CMSIS Pack Vendor :STMicroelectronics X-CUBE-AZRTOS-L4 2.0.0
2025-10-22 16:48:32,945 [INFO] ThirdParty:1030 - CMSIS Pack Vendor :STMicroelectronics ThreadX 0.0.2
2025-10-22 16:48:32,945 [INFO] ThirdParty:1030 - CMSIS Pack Vendor :STMicroelectronics lwIP 2.1.2
2025-10-22 16:48:32,945 [INFO] ThirdParty:1030 - CMSIS Pack Vendor :STMicroelectronics X-CUBE-SFXS2LP1 4.0.0
2025-10-22 16:48:32,945 [INFO] ThirdParty:1030 - CMSIS Pack Vendor :STMicroelectronics X-CUBE-BLE2 3.3.0
2025-10-22 16:48:32,945 [INFO] ThirdParty:1030 - CMSIS Pack Vendor :STMicroelectronics PDM2PCM 3.2.0
2025-10-22 16:48:32,945 [INFO] ThirdParty:841 - exiting critical section [change project]
2025-10-22 16:48:33,027 [INFO] PinOutPanel:1499 - setPackage(No Configuration,No Configuration)
2025-10-22 16:48:33,027 [INFO] PinOutPanel:1499 - setPackage(STM32F411VETx,LQFP100)
2025-10-22 16:48:33,125 [INFO] UtilMem:75 - Before build in PCC Used Memory: 420451528 Bytes (916455424)
2025-10-22 16:48:33,230 [INFO] UtilMem:75 - After build in PCC Used Memory: 462394568 Bytes (916455424)
2025-10-22 16:48:33,232 [INFO] ApiDbMcu:507 - Load IP Config File for USB_HOST
2025-10-22 16:48:33,232 [WARN] BspModel:443 - BSP dependency skipped because of component: name='IOExpander', api='Unknown'
2025-10-22 16:48:33,242 [INFO] IPUIPlugin:80 - create IPUIPlugin
2025-10-22 16:48:33,242 [INFO] IPUIPlugin:80 - create IPUIPlugin
2025-10-22 16:48:33,242 [INFO] IPUIPlugin:80 - create IPUIPlugin
2025-10-22 16:48:33,242 [INFO] IPUIPlugin:80 - create IPUIPlugin
2025-10-22 16:48:33,242 [INFO] IPUIPlugin:80 - create IPUIPlugin
2025-10-22 16:48:33,242 [INFO] IPUIPlugin:80 - create IPUIPlugin
2025-10-22 16:48:33,242 [INFO] IPUIPlugin:80 - create IPUIPlugin
2025-10-22 16:48:33,242 [INFO] IPUIPlugin:80 - create IPUIPlugin
2025-10-22 16:48:33,242 [INFO] IPUIPlugin:80 - create IPUIPlugin
2025-10-22 16:48:33,242 [INFO] IPUIPlugin:80 - create IPUIPlugin
2025-10-22 16:48:33,243 [INFO] IPUIPlugin:80 - create IPUIPlugin
2025-10-22 16:48:33,243 [INFO] IPUIPlugin:80 - create IPUIPlugin
2025-10-22 16:48:33,243 [INFO] IPUIPlugin:80 - create IPUIPlugin
2025-10-22 16:48:33,243 [INFO] IPUIPlugin:80 - create IPUIPlugin
2025-10-22 16:48:33,243 [INFO] IPUIPlugin:80 - create IPUIPlugin
2025-10-22 16:48:33,243 [INFO] IPUIPlugin:80 - create IPUIPlugin
2025-10-22 16:48:33,243 [INFO] IPUIPlugin:80 - create IPUIPlugin
2025-10-22 16:48:33,243 [INFO] IPUIPlugin:80 - create IPUIPlugin
2025-10-22 16:48:33,243 [INFO] IPUIPlugin:80 - create IPUIPlugin
2025-10-22 16:48:33,244 [INFO] IPUIPlugin:80 - create IPUIPlugin
2025-10-22 16:48:33,244 [INFO] IPUIPlugin:80 - create IPUIPlugin
2025-10-22 16:48:33,244 [INFO] IPUIPlugin:80 - create IPUIPlugin
2025-10-22 16:48:33,244 [INFO] IPUIPlugin:80 - create IPUIPlugin
2025-10-22 16:48:33,244 [INFO] IPUIPlugin:80 - create IPUIPlugin
2025-10-22 16:48:33,244 [INFO] IPUIPlugin:80 - create IPUIPlugin
2025-10-22 16:48:33,244 [INFO] IPUIPlugin:80 - create IPUIPlugin
2025-10-22 16:48:33,244 [INFO] IPUIPlugin:80 - create IPUIPlugin
2025-10-22 16:48:33,244 [INFO] IPUIPlugin:80 - create IPUIPlugin
2025-10-22 16:48:33,244 [INFO] IPUIPlugin:80 - create IPUIPlugin
2025-10-22 16:48:33,244 [INFO] IPUIPlugin:80 - create IPUIPlugin
2025-10-22 16:48:33,244 [INFO] IPUIPlugin:80 - create IPUIPlugin
2025-10-22 16:48:33,244 [INFO] IPUIPlugin:80 - create IPUIPlugin
2025-10-22 16:48:33,244 [INFO] IPUIPlugin:80 - create IPUIPlugin
2025-10-22 16:48:33,244 [INFO] IPUIPlugin:80 - create IPUIPlugin
2025-10-22 16:48:33,245 [INFO] IPUIPlugin:80 - create IPUIPlugin
2025-10-22 16:48:33,245 [INFO] IPUIPlugin:80 - create IPUIPlugin
2025-10-22 16:48:33,245 [INFO] IPUIPlugin:80 - create IPUIPlugin
2025-10-22 16:48:33,245 [INFO] IPUIPlugin:80 - create IPUIPlugin
2025-10-22 16:48:33,245 [INFO] IPUIPlugin:80 - create IPUIPlugin
2025-10-22 16:48:33,245 [INFO] IPUIPlugin:80 - create IPUIPlugin
2025-10-22 16:48:33,245 [INFO] IPUIPlugin:80 - create IPUIPlugin
2025-10-22 16:48:33,246 [INFO] IPUIPlugin:80 - create IPUIPlugin
2025-10-22 16:48:33,246 [INFO] IPUIPlugin:80 - create IPUIPlugin
2025-10-22 16:48:33,247 [INFO] ApiDbMcu:507 - Load IP Config File for PDM2PCM
2025-10-22 16:48:33,247 [WARN] IP:2113 - I2C_Coeff_DF not found: check if there is a RefParameter without a condition.
2025-10-22 16:48:33,247 [WARN] IP:2113 - Analog_Filter not found: check if there is a RefParameter without a condition.
2025-10-22 16:48:33,248 [INFO] I2sManager:658 - 1.6E8
2025-10-22 16:48:33,248 [INFO] I2sManager:195 - I2S Clock Value : 1.6E8
2025-10-22 16:48:33,248 [INFO] I2sManager:553 - AudioClock : 96153Divider : 26Odd : 0
2025-10-22 16:48:33,249 [INFO] I2sManager:658 - 1.6E8
2025-10-22 16:48:33,249 [INFO] I2sManager:195 - I2S Clock Value : 1.6E8
2025-10-22 16:48:33,249 [INFO] I2sManager:553 - AudioClock : 89285Divider : 3Odd : 1
2025-10-22 16:48:33,265 [INFO] CADModel:165 - CPN selected for project levelSTM32F411VET6
2025-10-22 16:48:33,265 [INFO] CADModel:114 - Register for checkConnection events
2025-10-22 16:48:33,301 [INFO] OpenFileManager:328 - Restore cursor
2025-10-22 16:48:33,406 [WARN] IP:2113 - I2C_Coeff_DF not found: check if there is a RefParameter without a condition.
2025-10-22 16:48:33,407 [WARN] IP:2113 - Analog_Filter not found: check if there is a RefParameter without a condition.
2025-10-22 16:48:33,407 [WARN] IP:2113 - I2C_Coeff_DF not found: check if there is a RefParameter without a condition.
2025-10-22 16:48:33,407 [WARN] IP:2113 - Analog_Filter not found: check if there is a RefParameter without a condition.
2025-10-22 16:48:33,492 [INFO] UtilMem:75 - End SaveConfig() Used Memory: 564106440 Bytes (916455424)
2025-10-22 16:48:33,522 [INFO] UtilMem:75 - End SaveConfig() Used Memory: 581932232 Bytes (916455424)
2025-10-22 16:48:33,610 [INFO] BlockDiagram:2759 - set Specific Code input for plugin: SPI
2025-10-22 16:48:33,610 [INFO] BlockDiagram:2759 - set Specific Code input for plugin: I2S
2025-10-22 16:48:33,610 [INFO] BlockDiagram:2759 - set Specific Code input for plugin: I2S
2025-10-22 16:48:33,610 [INFO] BlockDiagram:2759 - set Specific Code input for plugin: SYS
2025-10-22 16:48:33,610 [INFO] BlockDiagram:2759 - set Specific Code input for plugin: RCC
2025-10-22 16:48:33,610 [INFO] BlockDiagram:2759 - set Specific Code input for plugin: I2C
2025-10-22 16:48:33,610 [INFO] BlockDiagram:2759 - set Specific Code input for plugin: USB_OTG_FS
2025-10-22 16:48:33,610 [INFO] BlockDiagram:2759 - set Specific Code input for plugin: NVIC
2025-10-22 16:48:33,610 [INFO] BlockDiagram:2759 - set Specific Code input for plugin: USB_HOST
2025-10-22 16:48:33,610 [INFO] BlockDiagram:2759 - set Specific Code input for plugin: GPIO
2025-10-22 16:48:33,610 [INFO] CodeGenerator:793 - code generatio: config db path: /app/stm32cubeide/plugins/com.st.stm32cube.common.mx_6.8.0.202302231600//db/
2025-10-22 16:48:33,611 [WARN] IP:2113 - I2C_Coeff_DF not found: check if there is a RefParameter without a condition.
2025-10-22 16:48:33,611 [WARN] IP:2113 - Analog_Filter not found: check if there is a RefParameter without a condition.
2025-10-22 16:48:33,691 [INFO] CodeEngine:255 - oldGeneratedFile, /home/abanchio/Documents/Famaf/5to/microcontroladores/2_proximity_sensor/MXTmpFiles/license.tmp_save
2025-10-22 16:48:33,724 [INFO] CodeEngine:279 - Generated code: /home/abanchio/Documents/Famaf/5to/microcontroladores/2_proximity_sensor/MXTmpFiles/license.tmp
2025-10-22 16:48:33,787 [INFO] CodeEngine:255 - oldGeneratedFile, /home/abanchio/Documents/Famaf/5to/microcontroladores/2_proximity_sensor/MXTmpFiles/gpio.tmp_save
2025-10-22 16:48:33,830 [INFO] CodeEngine:279 - Generated code: /home/abanchio/Documents/Famaf/5to/microcontroladores/2_proximity_sensor/MXTmpFiles/gpio.tmp
2025-10-22 16:48:33,855 [WARN] IPConfigManager:2937 - Warning: the RefConfig PWREx_EnableUSBVoltageDetector is not available in your config.xml file
2025-10-22 16:48:33,857 [INFO] CodeEngine:255 - oldGeneratedFile, /home/abanchio/Documents/Famaf/5to/microcontroladores/2_proximity_sensor/MXTmpFiles/usb_otg_fs_vars.tmp_save
2025-10-22 16:48:33,890 [INFO] CodeEngine:279 - Generated code: /home/abanchio/Documents/Famaf/5to/microcontroladores/2_proximity_sensor/MXTmpFiles/usb_otg_fs_vars.tmp
2025-10-22 16:48:33,891 [INFO] CodeEngine:255 - oldGeneratedFile, /home/abanchio/Documents/Famaf/5to/microcontroladores/2_proximity_sensor/MXTmpFiles/usb_otg_fs_inc.tmp_save
2025-10-22 16:48:33,920 [INFO] CodeEngine:279 - Generated code: /home/abanchio/Documents/Famaf/5to/microcontroladores/2_proximity_sensor/MXTmpFiles/usb_otg_fs_inc.tmp
2025-10-22 16:48:33,921 [INFO] CodeEngine:255 - oldGeneratedFile, /home/abanchio/Documents/Famaf/5to/microcontroladores/2_proximity_sensor/MXTmpFiles/usb_otg_fs_HalInit.tmp_save
2025-10-22 16:48:33,955 [INFO] CodeEngine:279 - Generated code: /home/abanchio/Documents/Famaf/5to/microcontroladores/2_proximity_sensor/MXTmpFiles/usb_otg_fs_HalInit.tmp
2025-10-22 16:48:33,955 [INFO] CodeEngine:255 - oldGeneratedFile, /home/abanchio/Documents/Famaf/5to/microcontroladores/2_proximity_sensor/MXTmpFiles/usb_otg_fs_Msp.tmp_save
2025-10-22 16:48:33,994 [INFO] CodeEngine:279 - Generated code: /home/abanchio/Documents/Famaf/5to/microcontroladores/2_proximity_sensor/MXTmpFiles/usb_otg_fs_Msp.tmp
2025-10-22 16:48:34,079 [INFO] CodeEngine:255 - oldGeneratedFile, /home/abanchio/Documents/Famaf/5to/microcontroladores/2_proximity_sensor/USB_HOST/App/usb_host.c_save
2025-10-22 16:48:34,113 [INFO] CodeEngine:279 - Generated code: /home/abanchio/Documents/Famaf/5to/microcontroladores/2_proximity_sensor/USB_HOST/App/usb_host.c
2025-10-22 16:48:34,114 [INFO] CodeEngine:255 - oldGeneratedFile, /home/abanchio/Documents/Famaf/5to/microcontroladores/2_proximity_sensor/USB_HOST/App/usb_host.h_save
2025-10-22 16:48:34,144 [INFO] CodeEngine:279 - Generated code: /home/abanchio/Documents/Famaf/5to/microcontroladores/2_proximity_sensor/USB_HOST/App/usb_host.h
2025-10-22 16:48:34,145 [INFO] CodeEngine:255 - oldGeneratedFile, /home/abanchio/Documents/Famaf/5to/microcontroladores/2_proximity_sensor/USB_HOST/Target/usbh_conf.h_save
2025-10-22 16:48:34,175 [INFO] CodeEngine:279 - Generated code: /home/abanchio/Documents/Famaf/5to/microcontroladores/2_proximity_sensor/USB_HOST/Target/usbh_conf.h
2025-10-22 16:48:34,176 [INFO] CodeEngine:255 - oldGeneratedFile, /home/abanchio/Documents/Famaf/5to/microcontroladores/2_proximity_sensor/USB_HOST/Target/usbh_conf.c_save
2025-10-22 16:48:34,208 [INFO] CodeEngine:279 - Generated code: /home/abanchio/Documents/Famaf/5to/microcontroladores/2_proximity_sensor/USB_HOST/Target/usbh_conf.c
2025-10-22 16:48:34,209 [INFO] CodeEngine:255 - oldGeneratedFile, /home/abanchio/Documents/Famaf/5to/microcontroladores/2_proximity_sensor/USB_HOST/Target/usbh_platform.c_save
2025-10-22 16:48:34,239 [INFO] CodeEngine:279 - Generated code: /home/abanchio/Documents/Famaf/5to/microcontroladores/2_proximity_sensor/USB_HOST/Target/usbh_platform.c
2025-10-22 16:48:34,240 [INFO] CodeEngine:255 - oldGeneratedFile, /home/abanchio/Documents/Famaf/5to/microcontroladores/2_proximity_sensor/USB_HOST/Target/usbh_platform.h_save
2025-10-22 16:48:34,273 [INFO] CodeEngine:279 - Generated code: /home/abanchio/Documents/Famaf/5to/microcontroladores/2_proximity_sensor/USB_HOST/Target/usbh_platform.h
2025-10-22 16:48:34,276 [INFO] CodeEngine:255 - oldGeneratedFile, /home/abanchio/Documents/Famaf/5to/microcontroladores/2_proximity_sensor/Core/Src/stm32f4xx_it.c_save
2025-10-22 16:48:34,311 [INFO] CodeEngine:279 - Generated code: /home/abanchio/Documents/Famaf/5to/microcontroladores/2_proximity_sensor/Core/Src/stm32f4xx_it.c
2025-10-22 16:48:34,312 [INFO] CodeEngine:255 - oldGeneratedFile, /home/abanchio/Documents/Famaf/5to/microcontroladores/2_proximity_sensor/Core/Inc/stm32f4xx_it.h_save
2025-10-22 16:48:34,343 [INFO] CodeEngine:279 - Generated code: /home/abanchio/Documents/Famaf/5to/microcontroladores/2_proximity_sensor/Core/Inc/stm32f4xx_it.h
2025-10-22 16:48:34,345 [INFO] CodeEngine:255 - oldGeneratedFile, /home/abanchio/Documents/Famaf/5to/microcontroladores/2_proximity_sensor/Core/Src/stm32f4xx_hal_msp.c_save
2025-10-22 16:48:34,388 [INFO] CodeEngine:279 - Generated code: /home/abanchio/Documents/Famaf/5to/microcontroladores/2_proximity_sensor/Core/Src/stm32f4xx_hal_msp.c
2025-10-22 16:48:34,389 [INFO] CodeEngine:255 - oldGeneratedFile, /home/abanchio/Documents/Famaf/5to/microcontroladores/2_proximity_sensor/MXTmpFiles/system.tmp_save
2025-10-22 16:48:34,420 [INFO] CodeEngine:279 - Generated code: /home/abanchio/Documents/Famaf/5to/microcontroladores/2_proximity_sensor/MXTmpFiles/system.tmp
2025-10-22 16:48:34,421 [INFO] CodeEngine:311 - oldGeneratedFile, /home/abanchio/Documents/Famaf/5to/microcontroladores/2_proximity_sensor/Core/Inc/stm32f4xx_hal_conf.h_save
2025-10-22 16:48:34,472 [INFO] CodeEngine:335 - Generated code: /home/abanchio/Documents/Famaf/5to/microcontroladores/2_proximity_sensor/Core/Inc/stm32f4xx_hal_conf.h
2025-10-22 16:48:34,481 [INFO] CodeEngine:255 - oldGeneratedFile, /home/abanchio/Documents/Famaf/5to/microcontroladores/2_proximity_sensor/Core/Inc/main.h_save
2025-10-22 16:48:34,516 [INFO] CodeEngine:279 - Generated code: /home/abanchio/Documents/Famaf/5to/microcontroladores/2_proximity_sensor/Core/Inc/main.h
2025-10-22 16:48:34,516 [INFO] CodeEngine:255 - oldGeneratedFile, /home/abanchio/Documents/Famaf/5to/microcontroladores/2_proximity_sensor/Core/Src/main.c_save
2025-10-22 16:48:34,578 [INFO] CodeEngine:279 - Generated code: /home/abanchio/Documents/Famaf/5to/microcontroladores/2_proximity_sensor/Core/Src/main.c
2025-10-22 16:48:34,765 [INFO] ProjectBuilder:2996 - Time for Copy HAL[1] : 10mS.
2025-10-22 16:48:34,766 [INFO] ProjectBuilder:4304 - Project Generator version: 3.19.2
2025-10-22 16:48:34,878 [INFO] ConfigFileManager:1483 - The Die is : DIE431
2025-10-22 16:48:34,879 [INFO] ApiDbMcu:507 - Load IP Config File for FATFS
2025-10-22 16:48:34,881 [INFO] ApiDbMcu:507 - Load IP Config File for FREERTOS
2025-10-22 16:48:34,881 [INFO] ApiDbMcu:507 - Load IP Config File for LIBJPEG
2025-10-22 16:48:34,883 [INFO] ApiDbMcu:507 - Load IP Config File for MBEDTLS
2025-10-22 16:48:34,885 [INFO] ApiDbMcu:507 - Load IP Config File for USB_DEVICE
2025-10-22 16:48:36,476 [INFO] ProjectBuilder:4505 - Time for Generating toolchain IDE Files: 1710mS.
2025-10-22 16:48:36,477 [INFO] ProjectBuilder:2867 - Time for Copy CMSIS : 0mS.
2025-10-22 16:48:36,477 [INFO] ProjectBuilder:2867 - Time for Copy CMSIS : 0mS.
2025-10-22 16:48:36,609 [INFO] McuFinderGlobals:66 - Set McuFinderConnectedMode to true
2025-10-22 16:48:36,612 [INFO] ApiDb:448 - Save user favorites file /home/abanchio/.stm32cubeide/favorites.mcus.txt: 0 item(s)
2025-10-22 16:48:36,612 [INFO] ApiDb:452 - User favorites MCUs=[]
2025-10-22 16:48:36,613 [INFO] ApiDb:448 - Save user favorites file /home/abanchio/.stm32cubeide/favorites.boards.txt: 2 item(s)
2025-10-22 16:48:36,613 [INFO] ApiDb:452 - User favorites Boards=[STM32F407G-DISC1, STM32F411E-DISCO]
2025-10-22 16:48:44,112 [INFO] I2sManager:658 - 1.6E8
2025-10-22 16:48:44,112 [INFO] I2sManager:195 - I2S Clock Value : 1.6E8
2025-10-22 16:48:44,112 [INFO] I2sManager:553 - AudioClock : 96153Divider : 26Odd : 0
2025-10-22 16:48:44,112 [INFO] I2sManager:658 - 1.6E8
2025-10-22 16:48:44,112 [INFO] I2sManager:195 - I2S Clock Value : 1.6E8
2025-10-22 16:48:44,112 [INFO] I2sManager:553 - AudioClock : 89285Divider : 3Odd : 1
2025-10-22 16:48:44,141 [WARN] IP:2113 - I2C_Coeff_DF not found: check if there is a RefParameter without a condition.
2025-10-22 16:48:44,141 [WARN] IP:2113 - Analog_Filter not found: check if there is a RefParameter without a condition.
2025-10-22 16:48:44,141 [WARN] IP:2113 - I2C_Coeff_DF not found: check if there is a RefParameter without a condition.
2025-10-22 16:48:44,141 [WARN] IP:2113 - Analog_Filter not found: check if there is a RefParameter without a condition.
2025-10-22 16:48:47,933 [INFO] I2sManager:658 - 1.6E8
2025-10-22 16:48:47,933 [INFO] I2sManager:195 - I2S Clock Value : 1.6E8
2025-10-22 16:48:47,933 [INFO] I2sManager:553 - AudioClock : 96153Divider : 26Odd : 0
2025-10-22 16:48:47,933 [INFO] I2sManager:658 - 1.6E8
2025-10-22 16:48:47,933 [INFO] I2sManager:195 - I2S Clock Value : 1.6E8
2025-10-22 16:48:47,934 [INFO] I2sManager:553 - AudioClock : 89285Divider : 3Odd : 1
2025-10-22 16:48:47,963 [WARN] IP:2113 - I2C_Coeff_DF not found: check if there is a RefParameter without a condition.
2025-10-22 16:48:47,963 [WARN] IP:2113 - Analog_Filter not found: check if there is a RefParameter without a condition.
2025-10-22 16:48:47,964 [WARN] IP:2113 - I2C_Coeff_DF not found: check if there is a RefParameter without a condition.
2025-10-22 16:48:47,964 [WARN] IP:2113 - Analog_Filter not found: check if there is a RefParameter without a condition.
2025-10-22 16:48:50,823 [INFO] I2sManager:658 - 1.6E8
2025-10-22 16:48:50,823 [INFO] I2sManager:195 - I2S Clock Value : 1.6E8
2025-10-22 16:48:50,823 [INFO] I2sManager:553 - AudioClock : 96153Divider : 26Odd : 0
2025-10-22 16:48:50,824 [INFO] I2sManager:658 - 1.6E8
2025-10-22 16:48:50,824 [INFO] I2sManager:195 - I2S Clock Value : 1.6E8
2025-10-22 16:48:50,824 [INFO] I2sManager:553 - AudioClock : 89285Divider : 3Odd : 1
2025-10-22 16:48:59,411 [WARN] BspModel:443 - BSP dependency skipped because of component: name='IOExpander', api='Unknown'
2025-10-22 16:48:59,440 [WARN] IP:2113 - I2C_Coeff_DF not found: check if there is a RefParameter without a condition.
2025-10-22 16:48:59,441 [WARN] IP:2113 - Analog_Filter not found: check if there is a RefParameter without a condition.
2025-10-22 16:48:59,441 [WARN] IP:2113 - I2C_Coeff_DF not found: check if there is a RefParameter without a condition.
2025-10-22 16:48:59,441 [WARN] IP:2113 - Analog_Filter not found: check if there is a RefParameter without a condition.
2025-10-22 16:48:59,452 [WARN] IP:2113 - I2C_Coeff_DF not found: check if there is a RefParameter without a condition.
2025-10-22 16:48:59,452 [WARN] IP:2113 - Analog_Filter not found: check if there is a RefParameter without a condition.
2025-10-22 16:48:59,468 [WARN] IP:2113 - I2C_Coeff_DF not found: check if there is a RefParameter without a condition.
2025-10-22 16:48:59,468 [WARN] IP:2113 - Analog_Filter not found: check if there is a RefParameter without a condition.
2025-10-22 16:49:10,911 [WARN] BspModel:443 - BSP dependency skipped because of component: name='IOExpander', api='Unknown'
2025-10-22 16:49:10,942 [WARN] IP:2113 - I2C_Coeff_DF not found: check if there is a RefParameter without a condition.
2025-10-22 16:49:10,942 [WARN] IP:2113 - Analog_Filter not found: check if there is a RefParameter without a condition.
2025-10-22 16:49:10,943 [WARN] IP:2113 - I2C_Coeff_DF not found: check if there is a RefParameter without a condition.
2025-10-22 16:49:10,943 [WARN] IP:2113 - Analog_Filter not found: check if there is a RefParameter without a condition.
2025-10-22 16:49:10,955 [WARN] IP:2113 - I2C_Coeff_DF not found: check if there is a RefParameter without a condition.
2025-10-22 16:49:10,955 [WARN] IP:2113 - Analog_Filter not found: check if there is a RefParameter without a condition.
2025-10-22 16:49:10,964 [WARN] IP:2113 - I2C_Coeff_DF not found: check if there is a RefParameter without a condition.
2025-10-22 16:49:10,964 [WARN] IP:2113 - Analog_Filter not found: check if there is a RefParameter without a condition.
2025-10-22 16:49:34,197 [WARN] BspModel:443 - BSP dependency skipped because of component: name='IOExpander', api='Unknown'
2025-10-22 16:49:42,158 [INFO] NvicIntPanel:101 - NVIC parent = com.st.microxplorer.plugins.ip.nvic.MultiNvicIntPanel[,0,0,529x257,layout=javax.swing.BoxLayout,alignmentX=0.0,alignmentY=0.0,border=,flags=9,maximumSize=,minimumSize=,preferredSize=]
2025-10-22 16:49:43,495 [INFO] NvicIntPanel:101 - NVIC parent = com.st.microxplorer.plugins.ip.nvic.MultiNvicIntPanel[,0,0,0x0,invalid,layout=javax.swing.BoxLayout,alignmentX=0.0,alignmentY=0.0,border=,flags=9,maximumSize=,minimumSize=,preferredSize=]
2025-10-22 16:50:12,362 [INFO] DmaTabbedPanel:205 - Cannot restore the selected Tab for DMA
2025-10-22 16:50:12,689 [INFO] Gpio:273 - dependency for GPIO [I2C1, I2S2, I2S3, RCC, SPI1, SYS, USB_OTG_FS]
2025-10-22 16:50:28,060 [INFO] Gpio:273 - dependency for GPIO [I2C1, I2S2, I2S3, RCC, SPI1, SYS, USB_OTG_FS]
2025-10-22 16:50:28,113 [INFO] NvicIntPanel:101 - NVIC parent = com.st.microxplorer.plugins.ip.nvic.MultiNvicIntPanel[,0,0,0x0,invalid,layout=javax.swing.BoxLayout,alignmentX=0.0,alignmentY=0.0,border=,flags=9,maximumSize=,minimumSize=,preferredSize=]
2025-10-22 16:50:28,126 [WARN] BspModel:443 - BSP dependency skipped because of component: name='IOExpander', api='Unknown'
2025-10-22 16:50:28,161 [WARN] IP:2113 - I2C_Coeff_DF not found: check if there is a RefParameter without a condition.
2025-10-22 16:50:28,161 [WARN] IP:2113 - Analog_Filter not found: check if there is a RefParameter without a condition.
2025-10-22 16:50:28,161 [WARN] IP:2113 - I2C_Coeff_DF not found: check if there is a RefParameter without a condition.
2025-10-22 16:50:28,161 [WARN] IP:2113 - Analog_Filter not found: check if there is a RefParameter without a condition.
2025-10-22 16:50:28,172 [WARN] IP:2113 - I2C_Coeff_DF not found: check if there is a RefParameter without a condition.
2025-10-22 16:50:28,173 [WARN] IP:2113 - Analog_Filter not found: check if there is a RefParameter without a condition.
2025-10-22 16:50:28,183 [WARN] IP:2113 - I2C_Coeff_DF not found: check if there is a RefParameter without a condition.
2025-10-22 16:50:28,183 [WARN] IP:2113 - Analog_Filter not found: check if there is a RefParameter without a condition.
2025-10-22 16:50:28,192 [INFO] Gpio:273 - dependency for GPIO [I2C1, I2S2, I2S3, RCC, SPI1, SYS, USB_OTG_FS]
2025-10-22 16:50:28,222 [INFO] NvicIntPanel:101 - NVIC parent = com.st.microxplorer.plugins.ip.nvic.MultiNvicIntPanel[,0,0,0x0,invalid,layout=javax.swing.BoxLayout,alignmentX=0.0,alignmentY=0.0,border=,flags=9,maximumSize=,minimumSize=,preferredSize=]
2025-10-22 16:50:29,459 [INFO] Gpio:273 - dependency for GPIO [I2C1, I2S2, I2S3, RCC, SPI1, SYS, USB_OTG_FS]
2025-10-22 16:50:29,488 [INFO] NvicIntPanel:101 - NVIC parent = com.st.microxplorer.plugins.ip.nvic.MultiNvicIntPanel[,0,0,0x0,invalid,layout=javax.swing.BoxLayout,alignmentX=0.0,alignmentY=0.0,border=,flags=9,maximumSize=,minimumSize=,preferredSize=]
2025-10-22 16:50:29,501 [WARN] BspModel:443 - BSP dependency skipped because of component: name='IOExpander', api='Unknown'
2025-10-22 16:50:29,527 [WARN] IP:2113 - I2C_Coeff_DF not found: check if there is a RefParameter without a condition.
2025-10-22 16:50:29,528 [WARN] IP:2113 - Analog_Filter not found: check if there is a RefParameter without a condition.
2025-10-22 16:50:29,528 [WARN] IP:2113 - I2C_Coeff_DF not found: check if there is a RefParameter without a condition.
2025-10-22 16:50:29,528 [WARN] IP:2113 - Analog_Filter not found: check if there is a RefParameter without a condition.
2025-10-22 16:50:29,540 [WARN] IP:2113 - I2C_Coeff_DF not found: check if there is a RefParameter without a condition.
2025-10-22 16:50:29,540 [WARN] IP:2113 - Analog_Filter not found: check if there is a RefParameter without a condition.
2025-10-22 16:50:29,552 [WARN] IP:2113 - I2C_Coeff_DF not found: check if there is a RefParameter without a condition.
2025-10-22 16:50:29,552 [WARN] IP:2113 - Analog_Filter not found: check if there is a RefParameter without a condition.
2025-10-22 16:50:29,561 [INFO] Gpio:273 - dependency for GPIO [I2C1, I2S2, I2S3, RCC, SPI1, SYS, USB_OTG_FS]
2025-10-22 16:50:29,594 [INFO] NvicIntPanel:101 - NVIC parent = com.st.microxplorer.plugins.ip.nvic.MultiNvicIntPanel[,0,0,0x0,invalid,layout=javax.swing.BoxLayout,alignmentX=0.0,alignmentY=0.0,border=,flags=9,maximumSize=,minimumSize=,preferredSize=]
2025-10-22 16:50:33,484 [INFO] Gpio:273 - dependency for GPIO [I2C1, I2S2, I2S3, RCC, SPI1, SYS, USB_OTG_FS]
2025-10-22 16:50:34,714 [INFO] Gpio:273 - dependency for GPIO [I2C1, I2S2, I2S3, RCC, SPI1, SYS, USB_OTG_FS]
2025-10-22 16:50:39,417 [INFO] Gpio:273 - dependency for GPIO [I2C1, I2S2, I2S3, RCC, SPI1, SYS, USB_OTG_FS]
2025-10-22 16:50:44,029 [INFO] NvicIntPanel:101 - NVIC parent = com.st.microxplorer.plugins.ip.nvic.MultiNvicIntPanel[,2,26,806x651,layout=javax.swing.BoxLayout,alignmentX=0.0,alignmentY=0.0,border=,flags=9,maximumSize=,minimumSize=,preferredSize=]
2025-10-22 16:50:46,242 [INFO] UtilMem:75 - End SaveConfig() Used Memory: 574390568 Bytes (843055104)
2025-10-22 16:50:46,299 [INFO] UtilMem:75 - End SaveConfig() Used Memory: 590457536 Bytes (843055104)
2025-10-22 16:50:46,508 [INFO] UtilMem:75 - End SaveConfig() Used Memory: 626132528 Bytes (843055104)
2025-10-22 16:50:46,654 [INFO] BlockDiagram:2759 - set Specific Code input for plugin: SPI
2025-10-22 16:50:46,654 [INFO] BlockDiagram:2759 - set Specific Code input for plugin: TIM1_8
2025-10-22 16:50:46,654 [INFO] BlockDiagram:2759 - set Specific Code input for plugin: I2S
2025-10-22 16:50:46,654 [INFO] BlockDiagram:2759 - set Specific Code input for plugin: I2S
2025-10-22 16:50:46,654 [INFO] BlockDiagram:2759 - set Specific Code input for plugin: SYS
2025-10-22 16:50:46,654 [INFO] BlockDiagram:2759 - set Specific Code input for plugin: RCC
2025-10-22 16:50:46,654 [INFO] BlockDiagram:2759 - set Specific Code input for plugin: I2C
2025-10-22 16:50:46,654 [INFO] BlockDiagram:2759 - set Specific Code input for plugin: USB_OTG_FS
2025-10-22 16:50:46,654 [INFO] BlockDiagram:2759 - set Specific Code input for plugin: NVIC
2025-10-22 16:50:46,654 [INFO] BlockDiagram:2759 - set Specific Code input for plugin: USB_HOST
2025-10-22 16:50:46,655 [INFO] BlockDiagram:2759 - set Specific Code input for plugin: GPIO
2025-10-22 16:50:46,655 [INFO] CodeGenerator:793 - code generatio: config db path: /app/stm32cubeide/plugins/com.st.stm32cube.common.mx_6.8.0.202302231600//db/
2025-10-22 16:50:46,656 [WARN] IP:2113 - I2C_Coeff_DF not found: check if there is a RefParameter without a condition.
2025-10-22 16:50:46,656 [WARN] IP:2113 - Analog_Filter not found: check if there is a RefParameter without a condition.
2025-10-22 16:50:46,765 [INFO] CodeEngine:255 - oldGeneratedFile, /home/abanchio/Documents/Famaf/5to/microcontroladores/2_proximity_sensor/MXTmpFiles/license.tmp_save
2025-10-22 16:50:46,799 [INFO] CodeEngine:279 - Generated code: /home/abanchio/Documents/Famaf/5to/microcontroladores/2_proximity_sensor/MXTmpFiles/license.tmp
2025-10-22 16:50:46,811 [INFO] CodeEngine:255 - oldGeneratedFile, /home/abanchio/Documents/Famaf/5to/microcontroladores/2_proximity_sensor/MXTmpFiles/gpio.tmp_save
2025-10-22 16:50:46,844 [INFO] CodeEngine:279 - Generated code: /home/abanchio/Documents/Famaf/5to/microcontroladores/2_proximity_sensor/MXTmpFiles/gpio.tmp
2025-10-22 16:50:46,871 [WARN] IPConfigManager:2937 - Warning: the RefConfig PWREx_EnableUSBVoltageDetector is not available in your config.xml file
2025-10-22 16:50:46,873 [INFO] CodeEngine:255 - oldGeneratedFile, /home/abanchio/Documents/Famaf/5to/microcontroladores/2_proximity_sensor/MXTmpFiles/usb_otg_fs_vars.tmp_save
2025-10-22 16:50:46,907 [INFO] CodeEngine:279 - Generated code: /home/abanchio/Documents/Famaf/5to/microcontroladores/2_proximity_sensor/MXTmpFiles/usb_otg_fs_vars.tmp
2025-10-22 16:50:46,907 [INFO] CodeEngine:255 - oldGeneratedFile, /home/abanchio/Documents/Famaf/5to/microcontroladores/2_proximity_sensor/MXTmpFiles/usb_otg_fs_inc.tmp_save
2025-10-22 16:50:46,939 [INFO] CodeEngine:279 - Generated code: /home/abanchio/Documents/Famaf/5to/microcontroladores/2_proximity_sensor/MXTmpFiles/usb_otg_fs_inc.tmp
2025-10-22 16:50:46,939 [INFO] CodeEngine:255 - oldGeneratedFile, /home/abanchio/Documents/Famaf/5to/microcontroladores/2_proximity_sensor/MXTmpFiles/usb_otg_fs_HalInit.tmp_save
2025-10-22 16:50:46,974 [INFO] CodeEngine:279 - Generated code: /home/abanchio/Documents/Famaf/5to/microcontroladores/2_proximity_sensor/MXTmpFiles/usb_otg_fs_HalInit.tmp
2025-10-22 16:50:46,975 [INFO] CodeEngine:255 - oldGeneratedFile, /home/abanchio/Documents/Famaf/5to/microcontroladores/2_proximity_sensor/MXTmpFiles/usb_otg_fs_Msp.tmp_save
2025-10-22 16:50:47,014 [INFO] CodeEngine:279 - Generated code: /home/abanchio/Documents/Famaf/5to/microcontroladores/2_proximity_sensor/MXTmpFiles/usb_otg_fs_Msp.tmp
2025-10-22 16:50:47,111 [INFO] CodeEngine:255 - oldGeneratedFile, /home/abanchio/Documents/Famaf/5to/microcontroladores/2_proximity_sensor/USB_HOST/App/usb_host.c_save
2025-10-22 16:50:47,147 [INFO] CodeEngine:279 - Generated code: /home/abanchio/Documents/Famaf/5to/microcontroladores/2_proximity_sensor/USB_HOST/App/usb_host.c
2025-10-22 16:50:47,147 [INFO] CodeEngine:255 - oldGeneratedFile, /home/abanchio/Documents/Famaf/5to/microcontroladores/2_proximity_sensor/USB_HOST/App/usb_host.h_save
2025-10-22 16:50:47,178 [INFO] CodeEngine:279 - Generated code: /home/abanchio/Documents/Famaf/5to/microcontroladores/2_proximity_sensor/USB_HOST/App/usb_host.h
2025-10-22 16:50:47,178 [INFO] CodeEngine:255 - oldGeneratedFile, /home/abanchio/Documents/Famaf/5to/microcontroladores/2_proximity_sensor/USB_HOST/Target/usbh_conf.h_save
2025-10-22 16:50:47,209 [INFO] CodeEngine:279 - Generated code: /home/abanchio/Documents/Famaf/5to/microcontroladores/2_proximity_sensor/USB_HOST/Target/usbh_conf.h
2025-10-22 16:50:47,210 [INFO] CodeEngine:255 - oldGeneratedFile, /home/abanchio/Documents/Famaf/5to/microcontroladores/2_proximity_sensor/USB_HOST/Target/usbh_conf.c_save
2025-10-22 16:50:47,282 [INFO] CodeEngine:279 - Generated code: /home/abanchio/Documents/Famaf/5to/microcontroladores/2_proximity_sensor/USB_HOST/Target/usbh_conf.c
2025-10-22 16:50:47,283 [INFO] CodeEngine:255 - oldGeneratedFile, /home/abanchio/Documents/Famaf/5to/microcontroladores/2_proximity_sensor/USB_HOST/Target/usbh_platform.c_save
2025-10-22 16:50:47,315 [INFO] CodeEngine:279 - Generated code: /home/abanchio/Documents/Famaf/5to/microcontroladores/2_proximity_sensor/USB_HOST/Target/usbh_platform.c
2025-10-22 16:50:47,316 [INFO] CodeEngine:255 - oldGeneratedFile, /home/abanchio/Documents/Famaf/5to/microcontroladores/2_proximity_sensor/USB_HOST/Target/usbh_platform.h_save
2025-10-22 16:50:47,347 [INFO] CodeEngine:279 - Generated code: /home/abanchio/Documents/Famaf/5to/microcontroladores/2_proximity_sensor/USB_HOST/Target/usbh_platform.h
2025-10-22 16:50:47,349 [INFO] CodeEngine:255 - oldGeneratedFile, /home/abanchio/Documents/Famaf/5to/microcontroladores/2_proximity_sensor/Core/Src/stm32f4xx_it.c_save
2025-10-22 16:50:47,389 [INFO] CodeEngine:279 - Generated code: /home/abanchio/Documents/Famaf/5to/microcontroladores/2_proximity_sensor/Core/Src/stm32f4xx_it.c
2025-10-22 16:50:47,389 [INFO] CodeEngine:255 - oldGeneratedFile, /home/abanchio/Documents/Famaf/5to/microcontroladores/2_proximity_sensor/Core/Inc/stm32f4xx_it.h_save
2025-10-22 16:50:47,421 [INFO] CodeEngine:279 - Generated code: /home/abanchio/Documents/Famaf/5to/microcontroladores/2_proximity_sensor/Core/Inc/stm32f4xx_it.h
2025-10-22 16:50:47,423 [INFO] CodeEngine:255 - oldGeneratedFile, /home/abanchio/Documents/Famaf/5to/microcontroladores/2_proximity_sensor/Core/Src/stm32f4xx_hal_msp.c_save
2025-10-22 16:50:47,472 [INFO] CodeEngine:279 - Generated code: /home/abanchio/Documents/Famaf/5to/microcontroladores/2_proximity_sensor/Core/Src/stm32f4xx_hal_msp.c
2025-10-22 16:50:47,473 [INFO] CodeEngine:255 - oldGeneratedFile, /home/abanchio/Documents/Famaf/5to/microcontroladores/2_proximity_sensor/MXTmpFiles/system.tmp_save
2025-10-22 16:50:47,503 [INFO] CodeEngine:279 - Generated code: /home/abanchio/Documents/Famaf/5to/microcontroladores/2_proximity_sensor/MXTmpFiles/system.tmp
2025-10-22 16:50:47,504 [INFO] CodeEngine:311 - oldGeneratedFile, /home/abanchio/Documents/Famaf/5to/microcontroladores/2_proximity_sensor/Core/Inc/stm32f4xx_hal_conf.h_save
2025-10-22 16:50:47,540 [INFO] CodeEngine:335 - Generated code: /home/abanchio/Documents/Famaf/5to/microcontroladores/2_proximity_sensor/Core/Inc/stm32f4xx_hal_conf.h
2025-10-22 16:50:47,547 [WARN] IPConfigManager:3431 - IP not found : TIM
2025-10-22 16:50:47,547 [WARN] CodeGenerator:3754 - IP not found : null
2025-10-22 16:50:47,548 [INFO] CodeEngine:255 - oldGeneratedFile, /home/abanchio/Documents/Famaf/5to/microcontroladores/2_proximity_sensor/Core/Inc/main.h_save
2025-10-22 16:50:47,580 [INFO] CodeEngine:279 - Generated code: /home/abanchio/Documents/Famaf/5to/microcontroladores/2_proximity_sensor/Core/Inc/main.h
2025-10-22 16:50:47,581 [INFO] CodeEngine:255 - oldGeneratedFile, /home/abanchio/Documents/Famaf/5to/microcontroladores/2_proximity_sensor/Core/Src/main.c_save
2025-10-22 16:50:47,629 [INFO] CodeEngine:279 - Generated code: /home/abanchio/Documents/Famaf/5to/microcontroladores/2_proximity_sensor/Core/Src/main.c
2025-10-22 16:50:47,897 [INFO] ProjectBuilder:2996 - Time for Copy HAL[1] : 17mS.
2025-10-22 16:50:47,898 [INFO] ProjectBuilder:4304 - Project Generator version: 3.19.2
2025-10-22 16:50:48,013 [INFO] ConfigFileManager:1483 - The Die is : DIE431
2025-10-22 16:50:48,724 [INFO] ProjectBuilder:4505 - Time for Generating toolchain IDE Files: 826mS.
2025-10-22 16:50:48,724 [INFO] ProjectBuilder:2867 - Time for Copy CMSIS : 0mS.
2025-10-22 16:50:48,725 [INFO] ProjectBuilder:2867 - Time for Copy CMSIS : 0mS.
2025-10-22 16:56:05,757 [INFO] MainUpdater:2854 - connection check result : 10
2025-10-22 16:56:05,757 [INFO] MainUpdater:2854 - connection check result : 10
2025-10-22 16:56:05,763 [INFO] I2sManager:658 - 1.6E8
2025-10-22 16:56:05,764 [INFO] I2sManager:195 - I2S Clock Value : 1.6E8
2025-10-22 16:56:05,764 [INFO] I2sManager:553 - AudioClock : 96153Divider : 26Odd : 0
2025-10-22 16:56:05,764 [INFO] I2sManager:658 - 1.6E8
2025-10-22 16:56:05,764 [INFO] I2sManager:195 - I2S Clock Value : 1.6E8
2025-10-22 16:56:05,764 [INFO] I2sManager:553 - AudioClock : 89285Divider : 3Odd : 1
2025-10-22 16:56:05,765 [INFO] MicroXplorer:468 - Change Database Path : 
2025-10-22 16:56:05,765 [INFO] MicroXplorer:498 - Change Database Version : DB.6.0.80
2025-10-22 16:56:05,794 [WARN] ThirdParty:871 - waiting for thirdparty lock release [close project]
2025-10-22 16:56:05,794 [INFO] ThirdParty:873 - entering critical section [close project]
2025-10-22 16:56:05,794 [INFO] ThirdParty:883 - exiting critical section [close project]
2025-10-22 16:56:05,795 [INFO] PinOutPanel:1499 - setPackage(No Configuration,No Configuration)
2025-10-22 16:56:05,799 [WARN] IpParametersView:150 - Warning: This peripheral hasn't parameters
2025-10-22 16:56:05,800 [WARN] MainPanel:257 - <html><b><center>Warning: This peripheral has no parameters to be configured<br></b></html>
2025-10-22 16:56:05,802 [INFO] UtilMem:75 - Begin LoadConfig() Used Memory: 507877344 Bytes (903872512)
2025-10-22 16:56:05,802 [INFO] MicroXplorer:468 - Change Database Path : 
2025-10-22 16:56:05,802 [INFO] MicroXplorer:498 - Change Database Version : DB.6.0.80
2025-10-22 16:56:05,802 [INFO] OpenFileManager:308 - Change cursor
2025-10-22 16:56:05,808 [INFO] RulesReader:64 - Compatibility file has been processed (293 Rules)
2025-10-22 16:56:05,810 [INFO] Mcu:1937 - Initializing MCU STM32F411V(C-E)Tx STM32F411VETx STM32F411VET6
2025-10-22 16:56:06,412 [INFO] Context:659 - Trying to add GPIOservice into a context  which must be forbidden
2025-10-22 16:56:06,587 [INFO] RtosManager:555 - Registered RTOS mode: class=CMSIS, group=RTOS, mode=CMSIS_V1, owner=FREERTOS
2025-10-22 16:56:06,587 [INFO] RtosManager:555 - Registered RTOS mode: class=CMSIS, group=RTOS2, mode=CMSIS_V2, owner=FREERTOS
2025-10-22 16:56:06,587 [INFO] RtosManager:555 - Registered RTOS mode: class=RTOS, group=Core, mode=CMSIS_V1, owner=FREERTOS
2025-10-22 16:56:06,587 [INFO] RtosManager:555 - Registered RTOS mode: class=RTOS, group=Core, mode=CMSIS_V2, owner=FREERTOS
2025-10-22 16:56:06,587 [WARN] ModelIntegratedComponent:184 - Missing modes for component STMicroelectronics:FreeRTOS:0.0.1:STMicroelectronics:RTOS:FreeRTOS:Core:::10.2.0:
2025-10-22 16:56:06,590 [WARN] ModelIntegratedComponent:182 - Modes not found for component STMicroelectronics:USB_HOST:1.0.0:STMicroelectronics:USB::USB Host:Audio HS::1.0:USB_HOST_1_0_RESTRICTED_HS
2025-10-22 16:56:06,590 [WARN] ModelIntegratedComponent:188 - Modes not found for component STMicroelectronics:USB_HOST:1.0.0:STMicroelectronics:USB::USB Host:Audio HS::1.0:USB_HOST_1_0_RESTRICTED_HS
2025-10-22 16:56:06,590 [WARN] ModelIntegratedComponent:182 - Modes not found for component STMicroelectronics:USB_HOST:1.0.0:STMicroelectronics:USB::USB Host:CDC HS::1.0:USB_HOST_1_0_RESTRICTED_HS
2025-10-22 16:56:06,590 [WARN] ModelIntegratedComponent:188 - Modes not found for component STMicroelectronics:USB_HOST:1.0.0:STMicroelectronics:USB::USB Host:CDC HS::1.0:USB_HOST_1_0_RESTRICTED_HS
2025-10-22 16:56:06,590 [WARN] ModelIntegratedComponent:182 - Modes not found for component STMicroelectronics:USB_HOST:1.0.0:STMicroelectronics:USB::USB Host:MSC HS::1.0:USB_HOST_1_0_RESTRICTED_HS
2025-10-22 16:56:06,590 [WARN] ModelIntegratedComponent:188 - Modes not found for component STMicroelectronics:USB_HOST:1.0.0:STMicroelectronics:USB::USB Host:MSC HS::1.0:USB_HOST_1_0_RESTRICTED_HS
2025-10-22 16:56:06,590 [WARN] ModelIntegratedComponent:182 - Modes not found for component STMicroelectronics:USB_HOST:1.0.0:STMicroelectronics:USB::USB Host:HID HS::1.0:USB_HOST_1_0_RESTRICTED_HS
2025-10-22 16:56:06,590 [WARN] ModelIntegratedComponent:188 - Modes not found for component STMicroelectronics:USB_HOST:1.0.0:STMicroelectronics:USB::USB Host:HID HS::1.0:USB_HOST_1_0_RESTRICTED_HS
2025-10-22 16:56:06,590 [WARN] ModelIntegratedComponent:182 - Modes not found for component STMicroelectronics:USB_HOST:1.0.0:STMicroelectronics:USB::USB Host:MTP HS::1.0:USB_HOST_1_0_RESTRICTED_HS
2025-10-22 16:56:06,590 [WARN] ModelIntegratedComponent:188 - Modes not found for component STMicroelectronics:USB_HOST:1.0.0:STMicroelectronics:USB::USB Host:MTP HS::1.0:USB_HOST_1_0_RESTRICTED_HS
2025-10-22 16:56:06,593 [WARN] ModelIntegratedComponent:63 - No mode defined for component null
2025-10-22 16:56:06,593 [WARN] ModelIntegratedComponent:63 - No mode defined for component null
2025-10-22 16:56:06,593 [WARN] ModelIntegratedComponent:63 - No mode defined for component null
2025-10-22 16:56:06,593 [WARN] ModelIntegratedComponent:63 - No mode defined for component null
2025-10-22 16:56:06,593 [WARN] ModelIntegratedComponent:63 - No mode defined for component null
2025-10-22 16:56:06,593 [WARN] ModelIntegratedComponent:63 - No mode defined for component null
2025-10-22 16:56:06,593 [WARN] ModelIntegratedComponent:63 - No mode defined for component null
2025-10-22 16:56:06,593 [WARN] ModelIntegratedComponent:63 - No mode defined for component null
2025-10-22 16:56:06,593 [WARN] ModelIntegratedComponent:63 - No mode defined for component null
2025-10-22 16:56:06,593 [WARN] ModelIntegratedComponent:63 - No mode defined for component null
2025-10-22 16:56:06,593 [WARN] ModelIntegratedComponent:63 - No mode defined for component null
2025-10-22 16:56:06,593 [WARN] ModelIntegratedComponent:63 - No mode defined for component null
2025-10-22 16:56:06,593 [WARN] ModelIntegratedComponent:63 - No mode defined for component null
2025-10-22 16:56:06,593 [WARN] ModelIntegratedComponent:63 - No mode defined for component null
2025-10-22 16:56:06,593 [WARN] ModelIntegratedComponent:63 - No mode defined for component null
2025-10-22 16:56:06,593 [WARN] ModelIntegratedComponent:63 - No mode defined for component null
2025-10-22 16:56:06,593 [WARN] ModelIntegratedComponent:63 - No mode defined for component null
2025-10-22 16:56:06,593 [WARN] ModelIntegratedComponent:63 - No mode defined for component null
2025-10-22 16:56:06,593 [WARN] ModelIntegratedComponent:63 - No mode defined for component null
2025-10-22 16:56:06,593 [WARN] ModelIntegratedComponent:63 - No mode defined for component null
2025-10-22 16:56:06,593 [WARN] ModelIntegratedComponent:63 - No mode defined for component null
2025-10-22 16:56:06,593 [WARN] ModelIntegratedComponent:63 - No mode defined for component null
2025-10-22 16:56:06,593 [WARN] ModelIntegratedComponent:63 - No mode defined for component null
2025-10-22 16:56:06,593 [WARN] ModelIntegratedComponent:63 - No mode defined for component null
2025-10-22 16:56:06,593 [WARN] ModelIntegratedComponent:63 - No mode defined for component null
2025-10-22 16:56:06,593 [WARN] ModelIntegratedComponent:63 - No mode defined for component null
2025-10-22 16:56:06,593 [WARN] ModelIntegratedComponent:63 - No mode defined for component null
2025-10-22 16:56:06,593 [WARN] ModelIntegratedComponent:63 - No mode defined for component null
2025-10-22 16:56:06,593 [WARN] ModelIntegratedComponent:63 - No mode defined for component null
2025-10-22 16:56:06,593 [WARN] ModelIntegratedComponent:63 - No mode defined for component null
2025-10-22 16:56:06,593 [WARN] ModelIntegratedComponent:63 - No mode defined for component null
2025-10-22 16:56:06,593 [WARN] ModelIntegratedComponent:63 - No mode defined for component null
2025-10-22 16:56:06,594 [WARN] ModelIntegratedComponent:63 - No mode defined for component null
2025-10-22 16:56:06,649 [WARN] ModelIntegratedComponent:182 - Modes not found for component STMicroelectronics:USB_DEVICE:1.0.0:STMicroelectronics:USB::USB Device:Audio HS::1.0:USB_DEVICE_1_0_RESTRICTED_HS
2025-10-22 16:56:06,649 [WARN] ModelIntegratedComponent:188 - Modes not found for component STMicroelectronics:USB_DEVICE:1.0.0:STMicroelectronics:USB::USB Device:Audio HS::1.0:USB_DEVICE_1_0_RESTRICTED_HS
2025-10-22 16:56:06,649 [WARN] ModelIntegratedComponent:182 - Modes not found for component STMicroelectronics:USB_DEVICE:1.0.0:STMicroelectronics:USB::USB Device:CDC HS::1.0:USB_DEVICE_1_0_RESTRICTED_HS
2025-10-22 16:56:06,649 [WARN] ModelIntegratedComponent:188 - Modes not found for component STMicroelectronics:USB_DEVICE:1.0.0:STMicroelectronics:USB::USB Device:CDC HS::1.0:USB_DEVICE_1_0_RESTRICTED_HS
2025-10-22 16:56:06,649 [WARN] ModelIntegratedComponent:182 - Modes not found for component STMicroelectronics:USB_DEVICE:1.0.0:STMicroelectronics:USB::USB Device:DFU HS::1.0:USB_DEVICE_1_0_RESTRICTED_HS
2025-10-22 16:56:06,649 [WARN] ModelIntegratedComponent:188 - Modes not found for component STMicroelectronics:USB_DEVICE:1.0.0:STMicroelectronics:USB::USB Device:DFU HS::1.0:USB_DEVICE_1_0_RESTRICTED_HS
2025-10-22 16:56:06,649 [WARN] ModelIntegratedComponent:182 - Modes not found for component STMicroelectronics:USB_DEVICE:1.0.0:STMicroelectronics:USB::USB Device:HID HS::1.0:USB_DEVICE_1_0_RESTRICTED_HS
2025-10-22 16:56:06,649 [WARN] ModelIntegratedComponent:188 - Modes not found for component STMicroelectronics:USB_DEVICE:1.0.0:STMicroelectronics:USB::USB Device:HID HS::1.0:USB_DEVICE_1_0_RESTRICTED_HS
2025-10-22 16:56:06,649 [WARN] ModelIntegratedComponent:182 - Modes not found for component STMicroelectronics:USB_DEVICE:1.0.0:STMicroelectronics:USB::USB Device:Custom HID HS::1.0:USB_DEVICE_1_0_RESTRICTED_HS
2025-10-22 16:56:06,649 [WARN] ModelIntegratedComponent:188 - Modes not found for component STMicroelectronics:USB_DEVICE:1.0.0:STMicroelectronics:USB::USB Device:Custom HID HS::1.0:USB_DEVICE_1_0_RESTRICTED_HS
2025-10-22 16:56:06,649 [WARN] ModelIntegratedComponent:182 - Modes not found for component STMicroelectronics:USB_DEVICE:1.0.0:STMicroelectronics:USB::USB Device:MSC HS::1.0:USB_DEVICE_1_0_RESTRICTED_HS
2025-10-22 16:56:06,649 [WARN] ModelIntegratedComponent:188 - Modes not found for component STMicroelectronics:USB_DEVICE:1.0.0:STMicroelectronics:USB::USB Device:MSC HS::1.0:USB_DEVICE_1_0_RESTRICTED_HS
2025-10-22 16:56:06,653 [INFO] ThirdPartyModel:298 - Start build external matchings
2025-10-22 16:56:06,822 [INFO] ThirdPartyModel:316 - End build external matchings
2025-10-22 16:56:06,826 [INFO] ImportTextPane:194 - (OptionalMessage_ERROR) IP (RCC) : Parameter (RTCHSEDivFreq_Value) has invalid value (4000000)
2025-10-22 16:56:06,916 [INFO] UtilMem:75 - End LoadConfig() Used Memory: 530406656 Bytes (903872512)
2025-10-22 16:56:06,921 [WARN] ThirdParty:833 - waiting for thirdparty lock release [change project]
2025-10-22 16:56:06,921 [INFO] ThirdParty:835 - entering critical section [change project]
2025-10-22 16:56:06,921 [INFO] ThirdParty:1030 - CMSIS Pack Vendor :STMicroelectronics X-CUBE-PM33A1 1.0.0
2025-10-22 16:56:06,921 [INFO] ThirdParty:1030 - CMSIS Pack Vendor :STMicroelectronics X-CUBE-NFC9 1.0.0
2025-10-22 16:56:06,921 [INFO] ThirdParty:1030 - CMSIS Pack Vendor :STMicroelectronics USB_HOST 2.0.0
2025-10-22 16:56:06,921 [INFO] ThirdParty:1030 - CMSIS Pack Vendor :STMicroelectronics FP-SNS-MOTENVWB1 1.4.0
2025-10-22 16:56:06,921 [INFO] ThirdParty:1030 - CMSIS Pack Vendor :STMicroelectronics X-CUBE-AZRTOS-F4 1.1.0
2025-10-22 16:56:06,921 [INFO] ThirdParty:1030 - CMSIS Pack Vendor :STMicroelectronics LIBJPEG 8.0.0
2025-10-22 16:56:06,921 [INFO] ThirdParty:1030 - CMSIS Pack Vendor :STMicroelectronics FP-ATR-ASTRA1 2.0.2
2025-10-22 16:56:06,921 [INFO] ThirdParty:1030 - CMSIS Pack Vendor :wolfSSL I-CUBE-wolfSSL 5.8.2
2025-10-22 16:56:06,921 [INFO] ThirdParty:1030 - CMSIS Pack Vendor :STMicroelectronics X-CUBE-BLE1 7.1.0
2025-10-22 16:56:06,921 [INFO] ThirdParty:1030 - CMSIS Pack Vendor :STMicroelectronics X-CUBE-SMBUS 2.1.0
2025-10-22 16:56:06,921 [INFO] ThirdParty:1030 - CMSIS Pack Vendor :wolfSSL I-CUBE-wolfMQTT 1.19.2
2025-10-22 16:56:06,921 [INFO] ThirdParty:1030 - CMSIS Pack Vendor :STMicroelectronics USB_DEVICE 3.0.0
2025-10-22 16:56:06,921 [INFO] ThirdParty:1030 - CMSIS Pack Vendor :STMicroelectronics X-CUBE-ISPU 2.1.0
2025-10-22 16:56:06,921 [INFO] ThirdParty:1030 - CMSIS Pack Vendor :STMicroelectronics X-CUBE-EEPRMA1 5.2.0
2025-10-22 16:56:06,921 [INFO] ThirdParty:1030 - CMSIS Pack Vendor :STMicroelectronics X-CUBE-AZRTOS-WB 2.0.0
2025-10-22 16:56:06,921 [INFO] ThirdParty:1030 - CMSIS Pack Vendor :STMicroelectronics X-CUBE-GNSS1 7.0.1
2025-10-22 16:56:06,921 [INFO] ThirdParty:1030 - CMSIS Pack Vendor :STMicroelectronics X-CUBE-NFC12 1.0.0
2025-10-22 16:56:06,921 [INFO] ThirdParty:1030 - CMSIS Pack Vendor :STMicroelectronics X-CUBE-AZRTOS-F7 1.1.0
2025-10-22 16:56:06,921 [INFO] ThirdParty:1030 - CMSIS Pack Vendor :STMicroelectronics X-CUBE-AZRTOS-L5 2.0.0
2025-10-22 16:56:06,921 [INFO] ThirdParty:1030 - CMSIS Pack Vendor :STMicroelectronics USB_DEVICE 2.0.0
2025-10-22 16:56:06,921 [INFO] ThirdParty:1030 - CMSIS Pack Vendor :STMicroelectronics X-CUBE-NFC6 3.1.0
2025-10-22 16:56:06,921 [INFO] ThirdParty:1030 - CMSIS Pack Vendor :STMicroelectronics FreeRTOS 0.0.1
2025-10-22 16:56:06,922 [INFO] ThirdParty:1030 - CMSIS Pack Vendor :STMicroelectronics X-CUBE-AZRTOS-G0 1.1.0
2025-10-22 16:56:06,922 [INFO] ThirdParty:1030 - CMSIS Pack Vendor :STMicroelectronics X-CUBE-SAFEA1 1.2.2
2025-10-22 16:56:06,922 [INFO] ThirdParty:1030 - CMSIS Pack Vendor :STMicroelectronics X-CUBE-NFC4 3.0.0
2025-10-22 16:56:06,922 [INFO] ThirdParty:1030 - CMSIS Pack Vendor :STMicroelectronics X-CUBE-SUBG2 5.0.0
2025-10-22 16:56:06,922 [INFO] ThirdParty:1030 - CMSIS Pack Vendor :STMicroelectronics X-CUBE-AZRTOS-H7RS 1.1.0
2025-10-22 16:56:06,922 [INFO] ThirdParty:1030 - CMSIS Pack Vendor :STMicroelectronics STM32_WPAN 1.0.0
2025-10-22 16:56:06,922 [INFO] ThirdParty:1030 - CMSIS Pack Vendor :STMicroelectronics lwIP 2.0.3
2025-10-22 16:56:06,922 [INFO] ThirdParty:1030 - CMSIS Pack Vendor :STMicroelectronics USB_HOST 1.0.0
2025-10-22 16:56:06,922 [INFO] ThirdParty:1030 - CMSIS Pack Vendor :STMicroelectronics X-CUBE-AZRTOS-G4 2.0.0
2025-10-22 16:56:06,922 [INFO] ThirdParty:1030 - CMSIS Pack Vendor :STMicroelectronics X-CUBE-WB05N 2.0.0
2025-10-22 16:56:06,922 [INFO] ThirdParty:1030 - CMSIS Pack Vendor :STMicroelectronics PDM2PCM 3.1.0
2025-10-22 16:56:06,922 [INFO] ThirdParty:1030 - CMSIS Pack Vendor :STMicroelectronics PDM2PCM 3.3.0
2025-10-22 16:56:06,922 [INFO] ThirdParty:1030 - CMSIS Pack Vendor :wolfSSL I-CUBE-wolfTPM 3.8.0
2025-10-22 16:56:06,922 [INFO] ThirdParty:1030 - CMSIS Pack Vendor :STMicroelectronics X-CUBE-AZRTOS-H7 3.4.0
2025-10-22 16:56:06,922 [INFO] ThirdParty:1030 - CMSIS Pack Vendor :STMicroelectronics X-CUBE-DISPLAY 3.0.0
2025-10-22 16:56:06,922 [INFO] ThirdParty:1030 - CMSIS Pack Vendor :wolfSSL I-CUBE-wolfSSH 1.4.20
2025-10-22 16:56:06,922 [INFO] ThirdParty:1030 - CMSIS Pack Vendor :STMicroelectronics X-CUBE-NFC7 2.0.0
2025-10-22 16:56:06,922 [INFO] ThirdParty:1030 - CMSIS Pack Vendor :STMicroelectronics FP-ATR-SIGFOX1 3.2.0
2025-10-22 16:56:06,922 [INFO] ThirdParty:1030 - CMSIS Pack Vendor :STMicroelectronics X-CUBE-NFC10 1.0.0
2025-10-22 16:56:06,922 [INFO] ThirdParty:1030 - CMSIS Pack Vendor :STMicroelectronics X-CUBE-FREERTOS 1.3.1
2025-10-22 16:56:06,922 [INFO] ThirdParty:1030 - CMSIS Pack Vendor :STMicroelectronics HAL Drivers 0.0.0
2025-10-22 16:56:06,922 [INFO] ThirdParty:1030 - CMSIS Pack Vendor :STMicroelectronics MBEDTLS 2.16.2
2025-10-22 16:56:06,922 [INFO] ThirdParty:1030 - CMSIS Pack Vendor :STMicroelectronics X-CUBE-ALS 1.0.2
2025-10-22 16:56:06,922 [INFO] ThirdParty:1030 - CMSIS Pack Vendor :emotas I-CUBE-CANOPEN 1.3.0
2025-10-22 16:56:06,922 [INFO] ThirdParty:1030 - CMSIS Pack Vendor :STMicroelectronics MBEDTLS 2.14.1
2025-10-22 16:56:06,922 [INFO] ThirdParty:1030 - CMSIS Pack Vendor :ITTIA_DB I-CUBE-ITTIADB 8.9.0
2025-10-22 16:56:06,922 [INFO] ThirdParty:1030 - CMSIS Pack Vendor :STMicroelectronics X-CUBE-TOUCHGFX 4.26.0
2025-10-22 16:56:06,922 [INFO] ThirdParty:1030 - CMSIS Pack Vendor :STMicroelectronics X-CUBE-STSE01 1.0.0
2025-10-22 16:56:06,922 [INFO] ThirdParty:1030 - CMSIS Pack Vendor :STMicroelectronics X-CUBE-AI 10.2.0
2025-10-22 16:56:06,922 [INFO] ThirdParty:1030 - CMSIS Pack Vendor :STMicroelectronics ThreadX 1.0.0
2025-10-22 16:56:06,922 [INFO] ThirdParty:1030 - CMSIS Pack Vendor :STMicroelectronics FP-SNS-SMARTAG2 1.2.0
2025-10-22 16:56:06,922 [INFO] ThirdParty:1030 - CMSIS Pack Vendor :STMicroelectronics X-CUBE-AZRTOS-WL 2.0.0
2025-10-22 16:56:06,922 [INFO] ThirdParty:1030 - CMSIS Pack Vendor :SEGGER I-CUBE-embOS 1.3.1
2025-10-22 16:56:06,922 [INFO] ThirdParty:1030 - CMSIS Pack Vendor :STMicroelectronics X-CUBE-ALGOBUILD 1.4.0
2025-10-22 16:56:06,922 [INFO] ThirdParty:1030 - CMSIS Pack Vendor :STMicroelectronics X-CUBE-MEMS1 11.3.0
2025-10-22 16:56:06,922 [INFO] ThirdParty:1030 - CMSIS Pack Vendor :STMicroelectronics FP-SNS-MOTENV1 5.0.0
2025-10-22 16:56:06,922 [INFO] ThirdParty:1030 - CMSIS Pack Vendor :STMicroelectronics USB_DEVICE 1.0.0
2025-10-22 16:56:06,922 [INFO] ThirdParty:1030 - CMSIS Pack Vendor :STMicroelectronics X-CUBE-AZRTOS-L4 2.0.0
2025-10-22 16:56:06,922 [INFO] ThirdParty:1030 - CMSIS Pack Vendor :STMicroelectronics ThreadX 0.0.2
2025-10-22 16:56:06,922 [INFO] ThirdParty:1030 - CMSIS Pack Vendor :STMicroelectronics lwIP 2.1.2
2025-10-22 16:56:06,922 [INFO] ThirdParty:1030 - CMSIS Pack Vendor :STMicroelectronics X-CUBE-SFXS2LP1 4.0.0
2025-10-22 16:56:06,922 [INFO] ThirdParty:1030 - CMSIS Pack Vendor :STMicroelectronics X-CUBE-BLE2 3.3.0
2025-10-22 16:56:06,922 [INFO] ThirdParty:1030 - CMSIS Pack Vendor :STMicroelectronics PDM2PCM 3.2.0
2025-10-22 16:56:06,923 [INFO] ThirdParty:841 - exiting critical section [change project]
2025-10-22 16:56:06,978 [INFO] PinOutPanel:1499 - setPackage(No Configuration,No Configuration)
2025-10-22 16:56:06,978 [INFO] PinOutPanel:1499 - setPackage(STM32F411VETx,LQFP100)
2025-10-22 16:56:07,080 [INFO] UtilMem:75 - Before build in PCC Used Memory: 350130520 Bytes (903872512)
2025-10-22 16:56:07,208 [INFO] UtilMem:75 - After build in PCC Used Memory: 393122136 Bytes (903872512)
2025-10-22 16:56:07,210 [INFO] ApiDbMcu:507 - Load IP Config File for USB_HOST
2025-10-22 16:56:07,210 [WARN] BspModel:443 - BSP dependency skipped because of component: name='IOExpander', api='Unknown'
2025-10-22 16:56:07,225 [INFO] IPUIPlugin:80 - create IPUIPlugin
2025-10-22 16:56:07,225 [INFO] IPUIPlugin:80 - create IPUIPlugin
2025-10-22 16:56:07,225 [INFO] IPUIPlugin:80 - create IPUIPlugin
2025-10-22 16:56:07,225 [INFO] IPUIPlugin:80 - create IPUIPlugin
2025-10-22 16:56:07,225 [INFO] IPUIPlugin:80 - create IPUIPlugin
2025-10-22 16:56:07,225 [INFO] IPUIPlugin:80 - create IPUIPlugin
2025-10-22 16:56:07,225 [INFO] IPUIPlugin:80 - create IPUIPlugin
2025-10-22 16:56:07,225 [INFO] IPUIPlugin:80 - create IPUIPlugin
2025-10-22 16:56:07,225 [INFO] IPUIPlugin:80 - create IPUIPlugin
2025-10-22 16:56:07,225 [INFO] IPUIPlugin:80 - create IPUIPlugin
2025-10-22 16:56:07,225 [INFO] IPUIPlugin:80 - create IPUIPlugin
2025-10-22 16:56:07,225 [INFO] IPUIPlugin:80 - create IPUIPlugin
2025-10-22 16:56:07,225 [INFO] IPUIPlugin:80 - create IPUIPlugin
2025-10-22 16:56:07,225 [INFO] IPUIPlugin:80 - create IPUIPlugin
2025-10-22 16:56:07,226 [INFO] IPUIPlugin:80 - create IPUIPlugin
2025-10-22 16:56:07,226 [INFO] IPUIPlugin:80 - create IPUIPlugin
2025-10-22 16:56:07,226 [INFO] IPUIPlugin:80 - create IPUIPlugin
2025-10-22 16:56:07,226 [INFO] IPUIPlugin:80 - create IPUIPlugin
2025-10-22 16:56:07,227 [INFO] IPUIPlugin:80 - create IPUIPlugin
2025-10-22 16:56:07,227 [INFO] IPUIPlugin:80 - create IPUIPlugin
2025-10-22 16:56:07,227 [INFO] IPUIPlugin:80 - create IPUIPlugin
2025-10-22 16:56:07,227 [INFO] IPUIPlugin:80 - create IPUIPlugin
2025-10-22 16:56:07,227 [INFO] IPUIPlugin:80 - create IPUIPlugin
2025-10-22 16:56:07,227 [INFO] IPUIPlugin:80 - create IPUIPlugin
2025-10-22 16:56:07,227 [INFO] IPUIPlugin:80 - create IPUIPlugin
2025-10-22 16:56:07,227 [INFO] IPUIPlugin:80 - create IPUIPlugin
2025-10-22 16:56:07,228 [INFO] IPUIPlugin:80 - create IPUIPlugin
2025-10-22 16:56:07,228 [INFO] IPUIPlugin:80 - create IPUIPlugin
2025-10-22 16:56:07,228 [INFO] IPUIPlugin:80 - create IPUIPlugin
2025-10-22 16:56:07,228 [INFO] IPUIPlugin:80 - create IPUIPlugin
2025-10-22 16:56:07,228 [INFO] IPUIPlugin:80 - create IPUIPlugin
2025-10-22 16:56:07,228 [INFO] IPUIPlugin:80 - create IPUIPlugin
2025-10-22 16:56:07,228 [INFO] IPUIPlugin:80 - create IPUIPlugin
2025-10-22 16:56:07,228 [INFO] IPUIPlugin:80 - create IPUIPlugin
2025-10-22 16:56:07,228 [INFO] IPUIPlugin:80 - create IPUIPlugin
2025-10-22 16:56:07,229 [INFO] IPUIPlugin:80 - create IPUIPlugin
2025-10-22 16:56:07,229 [INFO] IPUIPlugin:80 - create IPUIPlugin
2025-10-22 16:56:07,229 [INFO] IPUIPlugin:80 - create IPUIPlugin
2025-10-22 16:56:07,229 [INFO] IPUIPlugin:80 - create IPUIPlugin
2025-10-22 16:56:07,229 [INFO] IPUIPlugin:80 - create IPUIPlugin
2025-10-22 16:56:07,229 [INFO] IPUIPlugin:80 - create IPUIPlugin
2025-10-22 16:56:07,229 [INFO] IPUIPlugin:80 - create IPUIPlugin
2025-10-22 16:56:07,229 [INFO] IPUIPlugin:80 - create IPUIPlugin
2025-10-22 16:56:07,230 [INFO] ApiDbMcu:507 - Load IP Config File for PDM2PCM
2025-10-22 16:56:07,231 [WARN] IP:2113 - I2C_Coeff_DF not found: check if there is a RefParameter without a condition.
2025-10-22 16:56:07,231 [WARN] IP:2113 - Analog_Filter not found: check if there is a RefParameter without a condition.
2025-10-22 16:56:07,232 [INFO] I2sManager:658 - 1.6E8
2025-10-22 16:56:07,232 [INFO] I2sManager:195 - I2S Clock Value : 1.6E8
2025-10-22 16:56:07,232 [INFO] I2sManager:553 - AudioClock : 96153Divider : 26Odd : 0
2025-10-22 16:56:07,233 [INFO] I2sManager:658 - 1.6E8
2025-10-22 16:56:07,233 [INFO] I2sManager:195 - I2S Clock Value : 1.6E8
2025-10-22 16:56:07,233 [INFO] I2sManager:553 - AudioClock : 89285Divider : 3Odd : 1
2025-10-22 16:56:07,249 [INFO] CADModel:165 - CPN selected for project levelSTM32F411VET6
2025-10-22 16:56:07,249 [INFO] CADModel:114 - Register for checkConnection events
2025-10-22 16:56:07,286 [INFO] OpenFileManager:328 - Restore cursor
2025-10-22 16:56:07,382 [WARN] IP:2113 - I2C_Coeff_DF not found: check if there is a RefParameter without a condition.
2025-10-22 16:56:07,382 [WARN] IP:2113 - Analog_Filter not found: check if there is a RefParameter without a condition.
2025-10-22 16:56:07,382 [WARN] IP:2113 - I2C_Coeff_DF not found: check if there is a RefParameter without a condition.
2025-10-22 16:56:07,382 [WARN] IP:2113 - Analog_Filter not found: check if there is a RefParameter without a condition.
2025-10-22 16:56:30,920 [INFO] I2sManager:658 - 1.6E8
2025-10-22 16:56:30,920 [INFO] I2sManager:195 - I2S Clock Value : 1.6E8
2025-10-22 16:56:30,920 [INFO] I2sManager:553 - AudioClock : 96153Divider : 26Odd : 0
2025-10-22 16:56:30,921 [INFO] I2sManager:658 - 1.6E8
2025-10-22 16:56:30,921 [INFO] I2sManager:195 - I2S Clock Value : 1.6E8
2025-10-22 16:56:30,921 [INFO] I2sManager:553 - AudioClock : 89285Divider : 3Odd : 1
2025-10-22 16:56:45,271 [WARN] BspModel:443 - BSP dependency skipped because of component: name='IOExpander', api='Unknown'
2025-10-22 16:56:49,344 [WARN] BspModel:443 - BSP dependency skipped because of component: name='IOExpander', api='Unknown'
2025-10-22 16:57:15,341 [ERROR] LogOutputStream:75 - [STDERR_REDIRECT] Exception in thread "AWT-EventQueue-0" java.lang.ClassCastException: class sun.awt.X11.XEmbeddedFrame cannot be cast to class javax.swing.JFrame (sun.awt.X11.XEmbeddedFrame and javax.swing.JFrame are in module java.desktop of loader 'bootstrap')
2025-10-22 16:57:15,341 [ERROR] LogOutputStream:75 - [STDERR_REDIRECT] 	at com.st.microxplorer.plugins.clock.ClockConfigurationView.activatePlugin(ClockConfigurationView.java:425)
2025-10-22 16:57:15,341 [ERROR] LogOutputStream:75 - [STDERR_REDIRECT] 	at com.st.microxplorer.maingui.MainPanel$1.stateChanged(MainPanel.java:358)
2025-10-22 16:57:15,341 [ERROR] LogOutputStream:75 - [STDERR_REDIRECT] 	at java.desktop/javax.swing.JTabbedPane.fireStateChanged(JTabbedPane.java:418)
2025-10-22 16:57:15,342 [ERROR] LogOutputStream:75 - [STDERR_REDIRECT] 	at java.desktop/javax.swing.JTabbedPane$ModelListener.stateChanged(JTabbedPane.java:269)
2025-10-22 16:57:15,342 [ERROR] LogOutputStream:75 - [STDERR_REDIRECT] 	at java.desktop/javax.swing.DefaultSingleSelectionModel.fireStateChanged(DefaultSingleSelectionModel.java:143)
2025-10-22 16:57:15,342 [ERROR] LogOutputStream:75 - [STDERR_REDIRECT] 	at java.desktop/javax.swing.DefaultSingleSelectionModel.setSelectedIndex(DefaultSingleSelectionModel.java:74)
2025-10-22 16:57:15,342 [ERROR] LogOutputStream:75 - [STDERR_REDIRECT] 	at java.desktop/javax.swing.JTabbedPane.setSelectedIndexImpl(JTabbedPane.java:622)
2025-10-22 16:57:15,343 [ERROR] LogOutputStream:75 - [STDERR_REDIRECT] 	at java.desktop/javax.swing.JTabbedPane.setSelectedIndex(JTabbedPane.java:597)
2025-10-22 16:57:15,343 [ERROR] LogOutputStream:75 - [STDERR_REDIRECT] 	at java.desktop/javax.swing.plaf.basic.BasicTabbedPaneUI$Handler.mousePressed(BasicTabbedPaneUI.java:4090)
2025-10-22 16:57:15,343 [ERROR] LogOutputStream:75 - [STDERR_REDIRECT] 	at java.desktop/java.awt.Component.processMouseEvent(Component.java:6632)
2025-10-22 16:57:15,343 [ERROR] LogOutputStream:75 - [STDERR_REDIRECT] 	at java.desktop/javax.swing.JComponent.processMouseEvent(JComponent.java:3342)
2025-10-22 16:57:15,343 [ERROR] LogOutputStream:75 - [STDERR_REDIRECT] 	at java.desktop/java.awt.Component.processEvent(Component.java:6400)
2025-10-22 16:57:15,343 [ERROR] LogOutputStream:75 - [STDERR_REDIRECT] 	at java.desktop/java.awt.Container.processEvent(Container.java:2263)
2025-10-22 16:57:15,343 [ERROR] LogOutputStream:75 - [STDERR_REDIRECT] 	at java.desktop/java.awt.Component.dispatchEventImpl(Component.java:5011)
2025-10-22 16:57:15,343 [ERROR] LogOutputStream:75 - [STDERR_REDIRECT] 	at java.desktop/java.awt.Container.dispatchEventImpl(Container.java:2321)
2025-10-22 16:57:15,343 [ERROR] LogOutputStream:75 - [STDERR_REDIRECT] 	at java.desktop/java.awt.Component.dispatchEvent(Component.java:4843)
2025-10-22 16:57:15,343 [ERROR] LogOutputStream:75 - [STDERR_REDIRECT] 	at java.desktop/java.awt.LightweightDispatcher.retargetMouseEvent(Container.java:4918)
2025-10-22 16:57:15,344 [ERROR] LogOutputStream:75 - [STDERR_REDIRECT] 	at java.desktop/java.awt.LightweightDispatcher.processMouseEvent(Container.java:4544)
2025-10-22 16:57:15,344 [ERROR] LogOutputStream:75 - [STDERR_REDIRECT] 	at java.desktop/java.awt.LightweightDispatcher.dispatchEvent(Container.java:4488)
2025-10-22 16:57:15,344 [ERROR] LogOutputStream:75 - [STDERR_REDIRECT] 	at java.desktop/java.awt.Container.dispatchEventImpl(Container.java:2307)
2025-10-22 16:57:15,344 [ERROR] LogOutputStream:75 - [STDERR_REDIRECT] 	at java.desktop/java.awt.Component.dispatchEvent(Component.java:4843)
2025-10-22 16:57:15,344 [ERROR] LogOutputStream:75 - [STDERR_REDIRECT] 	at java.desktop/java.awt.EventQueue.dispatchEventImpl(EventQueue.java:772)
2025-10-22 16:57:15,344 [ERROR] LogOutputStream:75 - [STDERR_REDIRECT] 	at java.desktop/java.awt.EventQueue$4.run(EventQueue.java:721)
2025-10-22 16:57:15,344 [ERROR] LogOutputStream:75 - [STDERR_REDIRECT] 	at java.desktop/java.awt.EventQueue$4.run(EventQueue.java:715)
2025-10-22 16:57:15,344 [ERROR] LogOutputStream:75 - [STDERR_REDIRECT] 	at java.base/java.security.AccessController.doPrivileged(Native Method)
2025-10-22 16:57:15,344 [ERROR] LogOutputStream:75 - [STDERR_REDIRECT] 	at java.base/java.security.ProtectionDomain$JavaSecurityAccessImpl.doIntersectionPrivilege(ProtectionDomain.java:85)
2025-10-22 16:57:15,344 [ERROR] LogOutputStream:75 - [STDERR_REDIRECT] 	at java.base/java.security.ProtectionDomain$JavaSecurityAccessImpl.doIntersectionPrivilege(ProtectionDomain.java:95)
2025-10-22 16:57:15,344 [ERROR] LogOutputStream:75 - [STDERR_REDIRECT] 	at java.desktop/java.awt.EventQueue$5.run(EventQueue.java:745)
2025-10-22 16:57:15,344 [ERROR] LogOutputStream:75 - [STDERR_REDIRECT] 	at java.desktop/java.awt.EventQueue$5.run(EventQueue.java:743)
2025-10-22 16:57:15,344 [ERROR] LogOutputStream:75 - [STDERR_REDIRECT] 	at java.base/java.security.AccessController.doPrivileged(Native Method)
2025-10-22 16:57:15,344 [ERROR] LogOutputStream:75 - [STDERR_REDIRECT] 	at java.base/java.security.ProtectionDomain$JavaSecurityAccessImpl.doIntersectionPrivilege(ProtectionDomain.java:85)
2025-10-22 16:57:15,345 [ERROR] LogOutputStream:75 - [STDERR_REDIRECT] 	at java.desktop/java.awt.EventQueue.dispatchEvent(EventQueue.java:742)
2025-10-22 16:57:15,345 [ERROR] LogOutputStream:75 - [STDERR_REDIRECT] 	at java.desktop/java.awt.EventDispatchThread.pumpOneEventForFilters(EventDispatchThread.java:203)
2025-10-22 16:57:15,345 [ERROR] LogOutputStream:75 - [STDERR_REDIRECT] 	at java.desktop/java.awt.EventDispatchThread.pumpEventsForFilter(EventDispatchThread.java:124)
2025-10-22 16:57:15,345 [ERROR] LogOutputStream:75 - [STDERR_REDIRECT] 	at java.desktop/java.awt.EventDispatchThread.pumpEventsForHierarchy(EventDispatchThread.java:113)
2025-10-22 16:57:15,345 [ERROR] LogOutputStream:75 - [STDERR_REDIRECT] 	at java.desktop/java.awt.EventDispatchThread.pumpEvents(EventDispatchThread.java:109)
2025-10-22 16:57:15,345 [ERROR] LogOutputStream:75 - [STDERR_REDIRECT] 	at java.desktop/java.awt.EventDispatchThread.pumpEvents(EventDispatchThread.java:101)
2025-10-22 16:57:15,345 [ERROR] LogOutputStream:75 - [STDERR_REDIRECT] 	at java.desktop/java.awt.EventDispatchThread.run(EventDispatchThread.java:90)
2025-10-22 16:57:22,503 [INFO] I2sManager:658 - 3.2E8
2025-10-22 16:57:22,503 [INFO] I2sManager:195 - I2S Clock Value : 3.2E8
2025-10-22 16:57:22,503 [INFO] I2sManager:553 - AudioClock : 96153Divider : 52Odd : 0
2025-10-22 16:57:22,504 [INFO] I2sManager:658 - 3.2E8
2025-10-22 16:57:22,504 [INFO] I2sManager:195 - I2S Clock Value : 3.2E8
2025-10-22 16:57:22,504 [INFO] I2sManager:553 - AudioClock : 96153Divider : 6Odd : 1
2025-10-22 16:57:22,607 [WARN] IP:2113 - I2C_Coeff_DF not found: check if there is a RefParameter without a condition.
2025-10-22 16:57:22,607 [WARN] IP:2113 - Analog_Filter not found: check if there is a RefParameter without a condition.
2025-10-22 16:57:22,607 [WARN] IP:2113 - I2C_Coeff_DF not found: check if there is a RefParameter without a condition.
2025-10-22 16:57:22,607 [WARN] IP:2113 - Analog_Filter not found: check if there is a RefParameter without a condition.
2025-10-22 16:57:29,397 [INFO] I2sManager:658 - 2.0E8
2025-10-22 16:57:29,397 [INFO] I2sManager:195 - I2S Clock Value : 2.0E8
2025-10-22 16:57:29,398 [INFO] I2sManager:553 - AudioClock : 96153Divider : 32Odd : 1
2025-10-22 16:57:29,398 [INFO] I2sManager:658 - 2.0E8
2025-10-22 16:57:29,398 [INFO] I2sManager:195 - I2S Clock Value : 2.0E8
2025-10-22 16:57:29,398 [INFO] I2sManager:553 - AudioClock : 97656Divider : 4Odd : 0
2025-10-22 16:57:29,445 [WARN] IP:2113 - I2C_Coeff_DF not found: check if there is a RefParameter without a condition.
2025-10-22 16:57:29,445 [WARN] IP:2113 - Analog_Filter not found: check if there is a RefParameter without a condition.
2025-10-22 16:57:29,446 [WARN] IP:2113 - I2C_Coeff_DF not found: check if there is a RefParameter without a condition.
2025-10-22 16:57:29,446 [WARN] IP:2113 - Analog_Filter not found: check if there is a RefParameter without a condition.
2025-10-22 16:57:40,536 [INFO] I2sManager:658 - 2.0E8
2025-10-22 16:57:40,536 [INFO] I2sManager:195 - I2S Clock Value : 2.0E8
2025-10-22 16:57:40,536 [INFO] I2sManager:553 - AudioClock : 96153Divider : 32Odd : 1
2025-10-22 16:57:40,537 [INFO] I2sManager:658 - 2.0E8
2025-10-22 16:57:40,537 [INFO] I2sManager:195 - I2S Clock Value : 2.0E8
2025-10-22 16:57:40,538 [INFO] I2sManager:553 - AudioClock : 97656Divider : 4Odd : 0
2025-10-22 16:57:40,556 [WARN] IP:2113 - I2C_Coeff_DF not found: check if there is a RefParameter without a condition.
2025-10-22 16:57:40,557 [WARN] IP:2113 - Analog_Filter not found: check if there is a RefParameter without a condition.
2025-10-22 16:57:40,557 [WARN] IP:2113 - I2C_Coeff_DF not found: check if there is a RefParameter without a condition.
2025-10-22 16:57:40,557 [WARN] IP:2113 - Analog_Filter not found: check if there is a RefParameter without a condition.
2025-10-22 16:57:48,622 [INFO] I2sManager:658 - 1.7777777777777776E8
2025-10-22 16:57:48,622 [INFO] I2sManager:195 - I2S Clock Value : 1.7777777777777776E8
2025-10-22 16:57:48,622 [INFO] I2sManager:553 - AudioClock : 95785Divider : 29Odd : 0
2025-10-22 16:57:48,661 [INFO] I2sManager:658 - 1.7777777777777776E8
2025-10-22 16:57:48,661 [INFO] I2sManager:195 - I2S Clock Value : 1.7777777777777776E8
2025-10-22 16:57:48,661 [INFO] I2sManager:553 - AudioClock : 99206Divider : 3Odd : 1
2025-10-22 16:57:48,741 [WARN] IP:2113 - I2C_Coeff_DF not found: check if there is a RefParameter without a condition.
2025-10-22 16:57:48,742 [WARN] IP:2113 - Analog_Filter not found: check if there is a RefParameter without a condition.
2025-10-22 16:57:48,742 [WARN] IP:2113 - I2C_Coeff_DF not found: check if there is a RefParameter without a condition.
2025-10-22 16:57:48,742 [WARN] IP:2113 - Analog_Filter not found: check if there is a RefParameter without a condition.
2025-10-22 16:57:52,410 [INFO] I2sManager:658 - 2.6666666666666666E8
2025-10-22 16:57:52,410 [INFO] I2sManager:195 - I2S Clock Value : 2.6666666666666666E8
2025-10-22 16:57:52,410 [INFO] I2sManager:553 - AudioClock : 95785Divider : 43Odd : 1
2025-10-22 16:57:52,411 [INFO] I2sManager:658 - 2.6666666666666666E8
2025-10-22 16:57:52,411 [INFO] I2sManager:195 - I2S Clock Value : 2.6666666666666666E8
2025-10-22 16:57:52,411 [INFO] I2sManager:553 - AudioClock : 94696Divider : 5Odd : 1
2025-10-22 16:57:52,505 [WARN] IP:2113 - I2C_Coeff_DF not found: check if there is a RefParameter without a condition.
2025-10-22 16:57:52,505 [WARN] IP:2113 - Analog_Filter not found: check if there is a RefParameter without a condition.
2025-10-22 16:57:52,505 [WARN] IP:2113 - I2C_Coeff_DF not found: check if there is a RefParameter without a condition.
2025-10-22 16:57:52,505 [WARN] IP:2113 - Analog_Filter not found: check if there is a RefParameter without a condition.
2025-10-22 16:57:54,176 [INFO] I2sManager:658 - 8.0E8
2025-10-22 16:57:54,176 [INFO] I2sManager:195 - I2S Clock Value : 8.0E8
2025-10-22 16:57:54,176 [INFO] I2sManager:553 - AudioClock : 96153Divider : 130Odd : 0
2025-10-22 16:57:54,216 [INFO] I2sManager:658 - 8.0E8
2025-10-22 16:57:54,216 [INFO] I2sManager:195 - I2S Clock Value : 8.0E8
2025-10-22 16:57:54,216 [INFO] I2sManager:553 - AudioClock : 94696Divider : 16Odd : 1
2025-10-22 16:57:54,271 [WARN] IP:2113 - I2C_Coeff_DF not found: check if there is a RefParameter without a condition.
2025-10-22 16:57:54,271 [WARN] IP:2113 - Analog_Filter not found: check if there is a RefParameter without a condition.
2025-10-22 16:57:54,271 [WARN] IP:2113 - I2C_Coeff_DF not found: check if there is a RefParameter without a condition.
2025-10-22 16:57:54,271 [WARN] IP:2113 - Analog_Filter not found: check if there is a RefParameter without a condition.
2025-10-22 16:57:55,670 [INFO] I2sManager:658 - 5.333333333333333E8
2025-10-22 16:57:55,670 [INFO] I2sManager:195 - I2S Clock Value : 5.333333333333333E8
2025-10-22 16:57:55,670 [INFO] I2sManager:553 - AudioClock : 95785Divider : 87Odd : 0
2025-10-22 16:57:55,722 [INFO] I2sManager:658 - 5.333333333333333E8
2025-10-22 16:57:55,722 [INFO] I2sManager:195 - I2S Clock Value : 5.333333333333333E8
2025-10-22 16:57:55,722 [INFO] I2sManager:553 - AudioClock : 94696Divider : 11Odd : 0
2025-10-22 16:57:55,775 [WARN] IP:2113 - I2C_Coeff_DF not found: check if there is a RefParameter without a condition.
2025-10-22 16:57:55,775 [WARN] IP:2113 - Analog_Filter not found: check if there is a RefParameter without a condition.
2025-10-22 16:57:55,775 [WARN] IP:2113 - I2C_Coeff_DF not found: check if there is a RefParameter without a condition.
2025-10-22 16:57:55,775 [WARN] IP:2113 - Analog_Filter not found: check if there is a RefParameter without a condition.
2025-10-22 16:57:57,295 [INFO] I2sManager:658 - 3.2E8
2025-10-22 16:57:57,295 [INFO] I2sManager:195 - I2S Clock Value : 3.2E8
2025-10-22 16:57:57,295 [INFO] I2sManager:553 - AudioClock : 96153Divider : 52Odd : 0
2025-10-22 16:57:57,338 [INFO] I2sManager:658 - 3.2E8
2025-10-22 16:57:57,338 [INFO] I2sManager:195 - I2S Clock Value : 3.2E8
2025-10-22 16:57:57,339 [INFO] I2sManager:553 - AudioClock : 96153Divider : 6Odd : 1
2025-10-22 16:57:57,412 [WARN] IP:2113 - I2C_Coeff_DF not found: check if there is a RefParameter without a condition.
2025-10-22 16:57:57,412 [WARN] IP:2113 - Analog_Filter not found: check if there is a RefParameter without a condition.
2025-10-22 16:57:57,412 [WARN] IP:2113 - I2C_Coeff_DF not found: check if there is a RefParameter without a condition.
2025-10-22 16:57:57,412 [WARN] IP:2113 - Analog_Filter not found: check if there is a RefParameter without a condition.
2025-10-22 16:58:00,265 [INFO] I2sManager:658 - 1.142857142857143E8
2025-10-22 16:58:00,265 [INFO] I2sManager:195 - I2S Clock Value : 1.142857142857143E8
2025-10-22 16:58:00,265 [INFO] I2sManager:553 - AudioClock : 96525Divider : 18Odd : 1
2025-10-22 16:58:00,307 [INFO] I2sManager:658 - 1.142857142857143E8
2025-10-22 16:58:00,307 [INFO] I2sManager:195 - I2S Clock Value : 1.142857142857143E8
2025-10-22 16:58:00,307 [INFO] I2sManager:553 - AudioClock : 89285Divider : 2Odd : 1
2025-10-22 16:58:00,391 [WARN] IP:2113 - I2C_Coeff_DF not found: check if there is a RefParameter without a condition.
2025-10-22 16:58:00,391 [WARN] IP:2113 - Analog_Filter not found: check if there is a RefParameter without a condition.
2025-10-22 16:58:00,392 [WARN] IP:2113 - I2C_Coeff_DF not found: check if there is a RefParameter without a condition.
2025-10-22 16:58:00,392 [WARN] IP:2113 - Analog_Filter not found: check if there is a RefParameter without a condition.
2025-10-22 16:58:25,915 [INFO] I2sManager:658 - 1.142857142857143E8
2025-10-22 16:58:25,916 [INFO] I2sManager:195 - I2S Clock Value : 1.142857142857143E8
2025-10-22 16:58:25,916 [INFO] I2sManager:553 - AudioClock : 96525Divider : 18Odd : 1
2025-10-22 16:58:25,916 [INFO] I2sManager:658 - 1.142857142857143E8
2025-10-22 16:58:25,916 [INFO] I2sManager:195 - I2S Clock Value : 1.142857142857143E8
2025-10-22 16:58:25,917 [INFO] I2sManager:553 - AudioClock : 89285Divider : 2Odd : 1
2025-10-22 16:58:25,929 [WARN] IP:2113 - I2C_Coeff_DF not found: check if there is a RefParameter without a condition.
2025-10-22 16:58:25,929 [WARN] IP:2113 - Analog_Filter not found: check if there is a RefParameter without a condition.
2025-10-22 16:58:25,929 [WARN] IP:2113 - I2C_Coeff_DF not found: check if there is a RefParameter without a condition.
2025-10-22 16:58:25,929 [WARN] IP:2113 - Analog_Filter not found: check if there is a RefParameter without a condition.
2025-10-22 16:58:34,640 [INFO] I2sManager:658 - 1.142857142857143E8
2025-10-22 16:58:34,640 [INFO] I2sManager:195 - I2S Clock Value : 1.142857142857143E8
2025-10-22 16:58:34,640 [INFO] I2sManager:553 - AudioClock : 96525Divider : 18Odd : 1
2025-10-22 16:58:34,641 [INFO] I2sManager:658 - 1.142857142857143E8
2025-10-22 16:58:34,641 [INFO] I2sManager:195 - I2S Clock Value : 1.142857142857143E8
2025-10-22 16:58:34,641 [INFO] I2sManager:553 - AudioClock : 89285Divider : 2Odd : 1
2025-10-22 16:58:37,830 [ERROR] LogOutputStream:75 - [STDERR_REDIRECT] Exception in thread "AWT-EventQueue-0" java.lang.ClassCastException: class sun.awt.X11.XEmbeddedFrame cannot be cast to class javax.swing.JFrame (sun.awt.X11.XEmbeddedFrame and javax.swing.JFrame are in module java.desktop of loader 'bootstrap')
2025-10-22 16:58:37,830 [ERROR] LogOutputStream:75 - [STDERR_REDIRECT] 	at com.st.microxplorer.plugins.clock.ClockConfigurationView.activatePlugin(ClockConfigurationView.java:425)
2025-10-22 16:58:37,830 [ERROR] LogOutputStream:75 - [STDERR_REDIRECT] 	at com.st.microxplorer.maingui.MainPanel$1.stateChanged(MainPanel.java:358)
2025-10-22 16:58:37,830 [ERROR] LogOutputStream:75 - [STDERR_REDIRECT] 	at java.desktop/javax.swing.JTabbedPane.fireStateChanged(JTabbedPane.java:418)
2025-10-22 16:58:37,830 [ERROR] LogOutputStream:75 - [STDERR_REDIRECT] 	at java.desktop/javax.swing.JTabbedPane$ModelListener.stateChanged(JTabbedPane.java:269)
2025-10-22 16:58:37,831 [ERROR] LogOutputStream:75 - [STDERR_REDIRECT] 	at java.desktop/javax.swing.DefaultSingleSelectionModel.fireStateChanged(DefaultSingleSelectionModel.java:143)
2025-10-22 16:58:37,831 [ERROR] LogOutputStream:75 - [STDERR_REDIRECT] 	at java.desktop/javax.swing.DefaultSingleSelectionModel.setSelectedIndex(DefaultSingleSelectionModel.java:74)
2025-10-22 16:58:37,831 [ERROR] LogOutputStream:75 - [STDERR_REDIRECT] 	at java.desktop/javax.swing.JTabbedPane.setSelectedIndexImpl(JTabbedPane.java:622)
2025-10-22 16:58:37,831 [ERROR] LogOutputStream:75 - [STDERR_REDIRECT] 	at java.desktop/javax.swing.JTabbedPane.setSelectedIndex(JTabbedPane.java:597)
2025-10-22 16:58:37,831 [ERROR] LogOutputStream:75 - [STDERR_REDIRECT] 	at java.desktop/javax.swing.plaf.basic.BasicTabbedPaneUI$Handler.mousePressed(BasicTabbedPaneUI.java:4090)
2025-10-22 16:58:37,831 [ERROR] LogOutputStream:75 - [STDERR_REDIRECT] 	at java.desktop/java.awt.Component.processMouseEvent(Component.java:6632)
2025-10-22 16:58:37,832 [ERROR] LogOutputStream:75 - [STDERR_REDIRECT] 	at java.desktop/javax.swing.JComponent.processMouseEvent(JComponent.java:3342)
2025-10-22 16:58:37,832 [ERROR] LogOutputStream:75 - [STDERR_REDIRECT] 	at java.desktop/java.awt.Component.processEvent(Component.java:6400)
2025-10-22 16:58:37,833 [ERROR] LogOutputStream:75 - [STDERR_REDIRECT] 	at java.desktop/java.awt.Container.processEvent(Container.java:2263)
2025-10-22 16:58:37,833 [ERROR] LogOutputStream:75 - [STDERR_REDIRECT] 	at java.desktop/java.awt.Component.dispatchEventImpl(Component.java:5011)
2025-10-22 16:58:37,833 [ERROR] LogOutputStream:75 - [STDERR_REDIRECT] 	at java.desktop/java.awt.Container.dispatchEventImpl(Container.java:2321)
2025-10-22 16:58:37,833 [ERROR] LogOutputStream:75 - [STDERR_REDIRECT] 	at java.desktop/java.awt.Component.dispatchEvent(Component.java:4843)
2025-10-22 16:58:37,833 [ERROR] LogOutputStream:75 - [STDERR_REDIRECT] 	at java.desktop/java.awt.LightweightDispatcher.retargetMouseEvent(Container.java:4918)
2025-10-22 16:58:37,833 [ERROR] LogOutputStream:75 - [STDERR_REDIRECT] 	at java.desktop/java.awt.LightweightDispatcher.processMouseEvent(Container.java:4544)
2025-10-22 16:58:37,833 [ERROR] LogOutputStream:75 - [STDERR_REDIRECT] 	at java.desktop/java.awt.LightweightDispatcher.dispatchEvent(Container.java:4488)
2025-10-22 16:58:37,834 [ERROR] LogOutputStream:75 - [STDERR_REDIRECT] 	at java.desktop/java.awt.Container.dispatchEventImpl(Container.java:2307)
2025-10-22 16:58:37,834 [ERROR] LogOutputStream:75 - [STDERR_REDIRECT] 	at java.desktop/java.awt.Component.dispatchEvent(Component.java:4843)
2025-10-22 16:58:37,834 [ERROR] LogOutputStream:75 - [STDERR_REDIRECT] 	at java.desktop/java.awt.EventQueue.dispatchEventImpl(EventQueue.java:772)
2025-10-22 16:58:37,834 [ERROR] LogOutputStream:75 - [STDERR_REDIRECT] 	at java.desktop/java.awt.EventQueue$4.run(EventQueue.java:721)
2025-10-22 16:58:37,834 [ERROR] LogOutputStream:75 - [STDERR_REDIRECT] 	at java.desktop/java.awt.EventQueue$4.run(EventQueue.java:715)
2025-10-22 16:58:37,834 [ERROR] LogOutputStream:75 - [STDERR_REDIRECT] 	at java.base/java.security.AccessController.doPrivileged(Native Method)
2025-10-22 16:58:37,834 [ERROR] LogOutputStream:75 - [STDERR_REDIRECT] 	at java.base/java.security.ProtectionDomain$JavaSecurityAccessImpl.doIntersectionPrivilege(ProtectionDomain.java:85)
2025-10-22 16:58:37,834 [ERROR] LogOutputStream:75 - [STDERR_REDIRECT] 	at java.base/java.security.ProtectionDomain$JavaSecurityAccessImpl.doIntersectionPrivilege(ProtectionDomain.java:95)
2025-10-22 16:58:37,835 [ERROR] LogOutputStream:75 - [STDERR_REDIRECT] 	at java.desktop/java.awt.EventQueue$5.run(EventQueue.java:745)
2025-10-22 16:58:37,835 [ERROR] LogOutputStream:75 - [STDERR_REDIRECT] 	at java.desktop/java.awt.EventQueue$5.run(EventQueue.java:743)
2025-10-22 16:58:37,835 [ERROR] LogOutputStream:75 - [STDERR_REDIRECT] 	at java.base/java.security.AccessController.doPrivileged(Native Method)
2025-10-22 16:58:37,835 [ERROR] LogOutputStream:75 - [STDERR_REDIRECT] 	at java.base/java.security.ProtectionDomain$JavaSecurityAccessImpl.doIntersectionPrivilege(ProtectionDomain.java:85)
2025-10-22 16:58:37,835 [ERROR] LogOutputStream:75 - [STDERR_REDIRECT] 	at java.desktop/java.awt.EventQueue.dispatchEvent(EventQueue.java:742)
2025-10-22 16:58:37,835 [ERROR] LogOutputStream:75 - [STDERR_REDIRECT] 	at java.desktop/java.awt.EventDispatchThread.pumpOneEventForFilters(EventDispatchThread.java:203)
2025-10-22 16:58:37,835 [ERROR] LogOutputStream:75 - [STDERR_REDIRECT] 	at java.desktop/java.awt.EventDispatchThread.pumpEventsForFilter(EventDispatchThread.java:124)
2025-10-22 16:58:37,836 [ERROR] LogOutputStream:75 - [STDERR_REDIRECT] 	at java.desktop/java.awt.EventDispatchThread.pumpEventsForHierarchy(EventDispatchThread.java:113)
2025-10-22 16:58:37,836 [ERROR] LogOutputStream:75 - [STDERR_REDIRECT] 	at java.desktop/java.awt.EventDispatchThread.pumpEvents(EventDispatchThread.java:109)
2025-10-22 16:58:37,836 [ERROR] LogOutputStream:75 - [STDERR_REDIRECT] 	at java.desktop/java.awt.EventDispatchThread.pumpEvents(EventDispatchThread.java:101)
2025-10-22 16:58:37,836 [ERROR] LogOutputStream:75 - [STDERR_REDIRECT] 	at java.desktop/java.awt.EventDispatchThread.run(EventDispatchThread.java:90)
2025-10-22 16:58:47,076 [INFO] UtilMem:75 - End SaveConfig() Used Memory: 756192424 Bytes (903872512)
2025-10-22 16:58:47,126 [INFO] UtilMem:75 - End SaveConfig() Used Memory: 771800600 Bytes (903872512)
2025-10-22 16:58:47,386 [INFO] UtilMem:75 - End SaveConfig() Used Memory: 339531064 Bytes (903872512)
2025-10-22 16:58:47,539 [INFO] ProjectBuilder:2308 - IP not ready for code generation: Clock
2025-10-22 16:59:18,483 [INFO] I2sManager:658 - 1.142857142857143E8
2025-10-22 16:59:18,484 [INFO] I2sManager:195 - I2S Clock Value : 1.142857142857143E8
2025-10-22 16:59:18,484 [INFO] I2sManager:553 - AudioClock : 96525Divider : 18Odd : 1
2025-10-22 16:59:18,485 [INFO] I2sManager:658 - 1.142857142857143E8
2025-10-22 16:59:18,485 [INFO] I2sManager:195 - I2S Clock Value : 1.142857142857143E8
2025-10-22 16:59:18,485 [INFO] I2sManager:553 - AudioClock : 89285Divider : 2Odd : 1
2025-10-22 16:59:18,532 [WARN] IP:2113 - I2C_Coeff_DF not found: check if there is a RefParameter without a condition.
2025-10-22 16:59:18,532 [WARN] IP:2113 - Analog_Filter not found: check if there is a RefParameter without a condition.
2025-10-22 16:59:18,533 [WARN] IP:2113 - I2C_Coeff_DF not found: check if there is a RefParameter without a condition.
2025-10-22 16:59:18,533 [WARN] IP:2113 - Analog_Filter not found: check if there is a RefParameter without a condition.
2025-10-22 16:59:33,287 [INFO] I2sManager:658 - 3.2E8
2025-10-22 16:59:33,287 [INFO] I2sManager:195 - I2S Clock Value : 3.2E8
2025-10-22 16:59:33,287 [INFO] I2sManager:553 - AudioClock : 96153Divider : 52Odd : 0
2025-10-22 16:59:33,323 [INFO] I2sManager:658 - 3.2E8
2025-10-22 16:59:33,323 [INFO] I2sManager:195 - I2S Clock Value : 3.2E8
2025-10-22 16:59:33,323 [INFO] I2sManager:553 - AudioClock : 96153Divider : 6Odd : 1
2025-10-22 16:59:33,396 [WARN] IP:2113 - I2C_Coeff_DF not found: check if there is a RefParameter without a condition.
2025-10-22 16:59:33,396 [WARN] IP:2113 - Analog_Filter not found: check if there is a RefParameter without a condition.
2025-10-22 16:59:33,396 [WARN] IP:2113 - I2C_Coeff_DF not found: check if there is a RefParameter without a condition.
2025-10-22 16:59:33,396 [WARN] IP:2113 - Analog_Filter not found: check if there is a RefParameter without a condition.
2025-10-22 16:59:37,097 [INFO] I2sManager:658 - 3.2E8
2025-10-22 16:59:37,097 [INFO] I2sManager:195 - I2S Clock Value : 3.2E8
2025-10-22 16:59:37,097 [INFO] I2sManager:553 - AudioClock : 96153Divider : 52Odd : 0
2025-10-22 16:59:37,097 [INFO] I2sManager:658 - 3.2E8
2025-10-22 16:59:37,097 [INFO] I2sManager:195 - I2S Clock Value : 3.2E8
2025-10-22 16:59:37,098 [INFO] I2sManager:553 - AudioClock : 96153Divider : 6Odd : 1
2025-10-22 16:59:37,146 [WARN] IP:2113 - I2C_Coeff_DF not found: check if there is a RefParameter without a condition.
2025-10-22 16:59:37,146 [WARN] IP:2113 - Analog_Filter not found: check if there is a RefParameter without a condition.
2025-10-22 16:59:37,146 [WARN] IP:2113 - I2C_Coeff_DF not found: check if there is a RefParameter without a condition.
2025-10-22 16:59:37,146 [WARN] IP:2113 - Analog_Filter not found: check if there is a RefParameter without a condition.
2025-10-22 16:59:46,094 [INFO] I2sManager:658 - 3.2E8
2025-10-22 16:59:46,095 [INFO] I2sManager:195 - I2S Clock Value : 3.2E8
2025-10-22 16:59:46,095 [INFO] I2sManager:553 - AudioClock : 96153Divider : 52Odd : 0
2025-10-22 16:59:46,095 [INFO] I2sManager:658 - 3.2E8
2025-10-22 16:59:46,095 [INFO] I2sManager:195 - I2S Clock Value : 3.2E8
2025-10-22 16:59:46,095 [INFO] I2sManager:553 - AudioClock : 96153Divider : 6Odd : 1
2025-10-22 16:59:46,142 [WARN] IP:2113 - I2C_Coeff_DF not found: check if there is a RefParameter without a condition.
2025-10-22 16:59:46,143 [WARN] IP:2113 - Analog_Filter not found: check if there is a RefParameter without a condition.
2025-10-22 16:59:46,143 [WARN] IP:2113 - I2C_Coeff_DF not found: check if there is a RefParameter without a condition.
2025-10-22 16:59:46,143 [WARN] IP:2113 - Analog_Filter not found: check if there is a RefParameter without a condition.
2025-10-22 16:59:48,225 [INFO] I2sManager:658 - 3.2E8
2025-10-22 16:59:48,225 [INFO] I2sManager:195 - I2S Clock Value : 3.2E8
2025-10-22 16:59:48,225 [INFO] I2sManager:553 - AudioClock : 96153Divider : 52Odd : 0
2025-10-22 16:59:48,225 [INFO] I2sManager:658 - 3.2E8
2025-10-22 16:59:48,225 [INFO] I2sManager:195 - I2S Clock Value : 3.2E8
2025-10-22 16:59:48,226 [INFO] I2sManager:553 - AudioClock : 96153Divider : 6Odd : 1
2025-10-22 16:59:48,270 [WARN] IP:2113 - I2C_Coeff_DF not found: check if there is a RefParameter without a condition.
2025-10-22 16:59:48,270 [WARN] IP:2113 - Analog_Filter not found: check if there is a RefParameter without a condition.
2025-10-22 16:59:48,270 [WARN] IP:2113 - I2C_Coeff_DF not found: check if there is a RefParameter without a condition.
2025-10-22 16:59:48,270 [WARN] IP:2113 - Analog_Filter not found: check if there is a RefParameter without a condition.
2025-10-22 16:59:50,119 [INFO] I2sManager:658 - 3.2E8
2025-10-22 16:59:50,119 [INFO] I2sManager:195 - I2S Clock Value : 3.2E8
2025-10-22 16:59:50,119 [INFO] I2sManager:553 - AudioClock : 96153Divider : 52Odd : 0
2025-10-22 16:59:50,119 [INFO] I2sManager:658 - 3.2E8
2025-10-22 16:59:50,119 [INFO] I2sManager:195 - I2S Clock Value : 3.2E8
2025-10-22 16:59:50,120 [INFO] I2sManager:553 - AudioClock : 96153Divider : 6Odd : 1
2025-10-22 16:59:50,172 [WARN] IP:2113 - I2C_Coeff_DF not found: check if there is a RefParameter without a condition.
2025-10-22 16:59:50,172 [WARN] IP:2113 - Analog_Filter not found: check if there is a RefParameter without a condition.
2025-10-22 16:59:50,172 [WARN] IP:2113 - I2C_Coeff_DF not found: check if there is a RefParameter without a condition.
2025-10-22 16:59:50,172 [WARN] IP:2113 - Analog_Filter not found: check if there is a RefParameter without a condition.
2025-10-22 17:00:13,576 [INFO] MainUpdater:2854 - connection check result : 10
2025-10-22 17:00:13,628 [INFO] McuFinderGlobals:66 - Set McuFinderConnectedMode to true
2025-10-22 17:00:13,629 [INFO] MultiScanPanel:200 - Auto-refresh data requested => check proxy status ongoing
2025-10-22 17:00:13,629 [INFO] FinderPluginLoader:95 - Searching for filters in installed packs
2025-10-22 17:00:14,185 [INFO] LoadUrlFilesThread:185 - End of LoadServerUrlFiles without Thread
2025-10-22 17:00:14,185 [INFO] DetailPanel:341 - Set advertising image to /home/abanchio/STM32Cube/Repository//en.mcu-finder-stm32n6dk.jpg
2025-10-22 17:00:16,296 [INFO] MultiScanPanel:200 - Auto-refresh data requested => check proxy status ongoing
2025-10-22 17:00:16,334 [INFO] LoadUrlFilesThread:185 - End of LoadServerUrlFiles without Thread
2025-10-22 17:00:16,334 [INFO] DetailPanel:341 - Set advertising image to /home/abanchio/STM32Cube/Repository//en.mcu-finder-stm32n6dk.jpg
2025-10-22 17:00:53,719 [INFO] MainUpdater:2854 - connection check result : 10
2025-10-22 17:00:53,719 [INFO] MainUpdater:2854 - connection check result : 10
2025-10-22 17:00:53,723 [INFO] I2sManager:658 - 3.2E8
2025-10-22 17:00:53,724 [INFO] I2sManager:195 - I2S Clock Value : 3.2E8
2025-10-22 17:00:53,724 [INFO] I2sManager:553 - AudioClock : 96153Divider : 52Odd : 0
2025-10-22 17:00:53,724 [INFO] I2sManager:658 - 3.2E8
2025-10-22 17:00:53,724 [INFO] I2sManager:195 - I2S Clock Value : 3.2E8
2025-10-22 17:00:53,725 [INFO] I2sManager:553 - AudioClock : 96153Divider : 6Odd : 1
2025-10-22 17:00:53,726 [INFO] MicroXplorer:468 - Change Database Path : 
2025-10-22 17:00:53,726 [INFO] MicroXplorer:498 - Change Database Version : DB.6.0.80
2025-10-22 17:00:53,735 [WARN] ThirdParty:871 - waiting for thirdparty lock release [close project]
2025-10-22 17:00:53,735 [INFO] ThirdParty:873 - entering critical section [close project]
2025-10-22 17:00:53,735 [INFO] ThirdParty:883 - exiting critical section [close project]
2025-10-22 17:00:53,736 [INFO] PinOutPanel:1499 - setPackage(No Configuration,No Configuration)
2025-10-22 17:00:53,740 [WARN] IpParametersView:150 - Warning: This peripheral hasn't parameters
2025-10-22 17:00:53,742 [WARN] MainPanel:257 - <html><b><center>Warning: This peripheral has no parameters to be configured<br></b></html>
2025-10-22 17:00:53,744 [INFO] UtilMem:75 - Begin LoadConfig() Used Memory: 574935712 Bytes (903872512)
2025-10-22 17:00:53,745 [INFO] OpenFileManager:308 - Change cursor
2025-10-22 17:00:53,752 [INFO] RulesReader:64 - Compatibility file has been processed (293 Rules)
2025-10-22 17:00:53,753 [INFO] ProjectFactory:402 - No CPN specified for board STM32F411E-DISCO => set CPN to STM32F411VET6
2025-10-22 17:00:53,753 [INFO] Mcu:1937 - Initializing MCU STM32F411V(C-E)Tx STM32F411VETx STM32F411VET6
2025-10-22 17:00:54,131 [INFO] Context:659 - Trying to add GPIOservice into a context  which must be forbidden
2025-10-22 17:00:54,233 [INFO] Rule:228 - rule 117617 - U5Cobra4M][GTZC] default value MPCBB3 and MPCBB5 - Not Secured memory - MPCBB1 is applicable
2025-10-22 17:00:54,233 [INFO] Rule:228 - rule 117617 - U5Cobra4M][GTZC] default value MPCBB3 and MPCBB5 - Not Secured memory - MPCBB1 is applicable
2025-10-22 17:00:54,233 [INFO] Rule:228 - rule 117617 - U5Cobra4M][GTZC] default value MPCBB3 and MPCBB5 - Not Secured memory - MPCBB2 is applicable
2025-10-22 17:00:54,233 [INFO] Rule:228 - rule 117617 - U5Cobra4M][GTZC] default value MPCBB3 and MPCBB5 - Not Secured memory - MPCBB2 is applicable
2025-10-22 17:00:54,233 [INFO] Rule:228 - rule 117617 - U5Cobra4M][GTZC] default value MPCBB3 and MPCBB5 - Not Secured memory - MPCBB3 is applicable
2025-10-22 17:00:54,233 [INFO] Rule:228 - rule 117617 - U5Cobra4M][GTZC] default value MPCBB3 and MPCBB5 - Not Secured memory - MPCBB3 is applicable
2025-10-22 17:00:54,233 [INFO] Rule:228 - rule 117617 - U5Cobra4M][GTZC] default value MPCBB3 and MPCBB5 - Not Secured memory - MPCBB4 is applicable
2025-10-22 17:00:54,233 [INFO] Rule:228 - rule 117617 - U5Cobra4M][GTZC] default value MPCBB3 and MPCBB5 - Not Secured memory - MPCBB4 is applicable
2025-10-22 17:00:54,233 [INFO] Rule:228 - rule 117617 - U5Cobra4M][GTZC] default value MPCBB3 and MPCBB5 - Secured memory - MPCBB1 is applicable
2025-10-22 17:00:54,233 [INFO] Rule:228 - rule 117617 - U5Cobra4M][GTZC] default value MPCBB3 and MPCBB5 - Secured memory - MPCBB2 is applicable
2025-10-22 17:00:54,233 [INFO] Rule:228 - rule 117617 - U5Cobra4M][GTZC] default value MPCBB3 and MPCBB5 - Secured memory - MPCBB3 is applicable
2025-10-22 17:00:54,233 [INFO] Rule:228 - rule 117617 - U5Cobra4M][GTZC] default value MPCBB3 and MPCBB5 - Secured memory - MPCBB4 is applicable
2025-10-22 17:00:54,233 [INFO] Rule:228 - rule 117617 - U5Cobra4M][GTZC] default value MPCBB3 and MPCBB5 - Privileged memory - MPCBB1 is applicable
2025-10-22 17:00:54,233 [INFO] Rule:228 - rule 117617 - U5Cobra4M][GTZC] default value MPCBB3 and MPCBB5 - Privileged memory - MPCBB2 is applicable
2025-10-22 17:00:54,233 [INFO] Rule:228 - rule 117617 - U5Cobra4M][GTZC] default value MPCBB3 and MPCBB5 - Privileged memory - MPCBB3 is applicable
2025-10-22 17:00:54,233 [INFO] Rule:228 - rule 117617 - U5Cobra4M][GTZC] default value MPCBB3 and MPCBB5 - Privileged memory - MPCBB4 is applicable
2025-10-22 17:00:54,233 [INFO] Rule:228 - rule 117617 - U5Cobra4M][GTZC] default value MPCBB3 and MPCBB5 - Not Privileged memory - MPCBB1 is applicable
2025-10-22 17:00:54,233 [INFO] Rule:228 - rule 117617 - U5Cobra4M][GTZC] default value MPCBB3 and MPCBB5 - Not Privileged memory - MPCBB2 is applicable
2025-10-22 17:00:54,233 [INFO] Rule:228 - rule 117617 - U5Cobra4M][GTZC] default value MPCBB3 and MPCBB5 - Not Privileged memory - MPCBB3 is applicable
2025-10-22 17:00:54,233 [INFO] Rule:228 - rule 117617 - U5Cobra4M][GTZC] default value MPCBB3 and MPCBB5 - Not Privileged memory - MPCBB4 is applicable
2025-10-22 17:00:54,233 [INFO] Rule:228 - rule 117617 - U5Cobra4M][GTZC] default value MPCBB3 and MPCBB5 - Privileged memory - MPCBB1 is applicable
2025-10-22 17:00:54,233 [INFO] Rule:228 - rule 117617 - U5Cobra4M][GTZC] default value MPCBB3 and MPCBB5 - Privileged memory - MPCBB2 is applicable
2025-10-22 17:00:54,233 [INFO] Rule:228 - rule 117617 - U5Cobra4M][GTZC] default value MPCBB3 and MPCBB5 - Privileged memory - MPCBB3 is applicable
2025-10-22 17:00:54,233 [INFO] Rule:228 - rule 117617 - U5Cobra4M][GTZC] default value MPCBB3 and MPCBB5 - Privileged memory - MPCBB4 is applicable
2025-10-22 17:00:54,233 [INFO] Rule:228 - rule 117617 - U5Cobra4M][GTZC] default value MPCBB3 and MPCBB5 - Privileged memory - MPCBB1 is applicable
2025-10-22 17:00:54,233 [INFO] Rule:228 - rule 117617 - U5Cobra4M][GTZC] default value MPCBB3 and MPCBB5 - Privileged memory - MPCBB2 is applicable
2025-10-22 17:00:54,233 [INFO] Rule:228 - rule 117617 - U5Cobra4M][GTZC] default value MPCBB3 and MPCBB5 - Privileged memory - MPCBB3 is applicable
2025-10-22 17:00:54,233 [INFO] Rule:228 - rule 117617 - U5Cobra4M][GTZC] default value MPCBB3 and MPCBB5 - Privileged memory - MPCBB4 is applicable
2025-10-22 17:00:54,233 [INFO] Rule:228 - rule 117617 - U5Cobra4M][GTZC] default value MPCBB3 and MPCBB5 - Not Privileged memory - MPCBB1 is applicable
2025-10-22 17:00:54,233 [INFO] Rule:228 - rule 117617 - U5Cobra4M][GTZC] default value MPCBB3 and MPCBB5 - Not Privileged memory - MPCBB2 is applicable
2025-10-22 17:00:54,233 [INFO] Rule:228 - rule 117617 - U5Cobra4M][GTZC] default value MPCBB3 and MPCBB5 - Not Privileged memory - MPCBB3 is applicable
2025-10-22 17:00:54,233 [INFO] Rule:228 - rule 117617 - U5Cobra4M][GTZC] default value MPCBB3 and MPCBB5 - Not Privileged memory - MPCBB4 is applicable
2025-10-22 17:00:54,233 [INFO] Rule:228 - rule 117617 - U5Cobra4M][GTZC] default value MPCBB3 and MPCBB5 - Privileged memory - MPCBB1 is applicable
2025-10-22 17:00:54,233 [INFO] Rule:228 - rule 117617 - U5Cobra4M][GTZC] default value MPCBB3 and MPCBB5 - Privileged memory - MPCBB2 is applicable
2025-10-22 17:00:54,233 [INFO] Rule:228 - rule 117617 - U5Cobra4M][GTZC] default value MPCBB3 and MPCBB5 - Privileged memory - MPCBB3 is applicable
2025-10-22 17:00:54,233 [INFO] Rule:228 - rule 117617 - U5Cobra4M][GTZC] default value MPCBB3 and MPCBB5 - Privileged memory - MPCBB4 is applicable
2025-10-22 17:00:54,234 [INFO] Rule:228 - rule Rename SubGHz_Phy SUBGHZ_APPLICATION SUBGHZ_PINGPONG to SUBGHZ_ADV_APPLICATION is applicable
2025-10-22 17:00:54,234 [INFO] Rule:228 - rule Rename Enabled to IBEACON is applicable
2025-10-22 17:00:54,234 [INFO] Rule:228 - rule GTZC_S instance for project manager is applicable
2025-10-22 17:00:54,234 [INFO] Rule:228 - rule GTZC_S instance for context M33S is applicable
2025-10-22 17:00:54,234 [INFO] Rule:228 - rule GTZC_S instance value for IP GTZC is applicable
2025-10-22 17:00:54,234 [INFO] Rule:228 - rule GTZC_S instance for mcu.IP is applicable
2025-10-22 17:00:54,234 [INFO] Rule:228 - rule GTZC_S instance for VP is applicable
2025-10-22 17:00:54,234 [INFO] Rule:228 - rule GTZC_S instance for signal is applicable
2025-10-22 17:00:54,234 [INFO] Rule:228 - rule GTZC_S instance for mcu.Pin is applicable
2025-10-22 17:00:54,234 [INFO] Rule:228 - rule GTZC_S instance for VP is applicable
2025-10-22 17:00:54,234 [INFO] Rule:228 - rule GTZC_S instance for signal is applicable
2025-10-22 17:00:54,234 [INFO] Rule:228 - rule GTZC_S instance for mcu is applicable
2025-10-22 17:00:54,234 [INFO] Rule:228 - rule GTZC_S instance for mcu.Pin is applicable
2025-10-22 17:00:54,234 [INFO] Rule:228 - rule GTZC_S instance value for IP GTZC is applicable
2025-10-22 17:00:54,234 [INFO] Rule:228 - rule GTZC_S instance for project manager is applicable
2025-10-22 17:00:54,234 [INFO] Rule:228 - rule GTZC_S instance for context M33S is applicable
2025-10-22 17:00:54,234 [INFO] Rule:228 - rule GTZC_S instance for VP is applicable
2025-10-22 17:00:54,234 [INFO] Rule:228 - rule GTZC_S instance for signal is applicable
2025-10-22 17:00:54,234 [INFO] Rule:228 - rule SPDIFRX instance for mcu is applicable
2025-10-22 17:00:54,234 [INFO] Rule:228 - rule Rename Tracer Mode is applicable
2025-10-22 17:00:54,234 [INFO] Rule:228 - rule SPDIFRX instance value for IP SPDIFRX is applicable
2025-10-22 17:00:54,234 [INFO] Rule:228 - rule SPDIFRX instance for signal is applicable
2025-10-22 17:00:54,234 [INFO] Rule:228 - rule SPDIFRX instance for project manager is applicable
2025-10-22 17:00:54,234 [INFO] Rule:228 - rule SPDIFRX instance for project manager is applicable
2025-10-22 17:00:54,234 [INFO] Rule:228 - rule ADC Scan  fix with FW F7 is applicable
2025-10-22 17:00:54,234 [INFO] Rule:228 - rule ADC Scan  fix with FW F7 is applicable
2025-10-22 17:00:54,234 [INFO] Rule:228 - rule WakeUp0 Mode is applicable
2025-10-22 17:00:54,234 [INFO] Rule:228 - rule WakeUp0 SIGNAL is applicable
2025-10-22 17:00:54,234 [INFO] Rule:228 - rule WakeUp1 Mode is applicable
2025-10-22 17:00:54,234 [INFO] Rule:228 - rule WakeUp1 SIGNAL is applicable
2025-10-22 17:00:54,234 [INFO] Rule:228 - rule WakeUp2 Mode is applicable
2025-10-22 17:00:54,234 [INFO] Rule:228 - rule WakeUp2 SIGNAL is applicable
2025-10-22 17:00:54,234 [INFO] Rule:228 - rule WakeUp4 Mode is applicable
2025-10-22 17:00:54,234 [INFO] Rule:228 - rule WakeUp4 SIGNAL is applicable
2025-10-22 17:00:54,234 [INFO] Rule:228 - rule WakeUp5 Mode is applicable
2025-10-22 17:00:54,234 [INFO] Rule:228 - rule WakeUp5 SIGNAL is applicable
2025-10-22 17:00:54,234 [INFO] Rule:228 - rule Add RTC Activate Clock Source is applicable
2025-10-22 17:00:54,234 [INFO] Rule:228 - rule Add RTC Activate Calendar 1 is applicable
2025-10-22 17:00:54,234 [INFO] Rule:228 - rule Add RTC Activate Calendar 2 is applicable
2025-10-22 17:00:54,234 [INFO] Rule:228 - rule Add RTC Activate Calendar 3 is applicable
2025-10-22 17:00:54,234 [INFO] Rule:228 - rule UART/USART TX Mode is applicable
2025-10-22 17:00:54,234 [INFO] Rule:228 - rule UART/USART RX Mode is applicable
2025-10-22 17:00:54,234 [INFO] Rule:228 - rule UART/USART RX TX Mode is applicable
2025-10-22 17:00:54,234 [INFO] Rule:228 - rule UART/USART PARITY NONE is applicable
2025-10-22 17:00:54,234 [INFO] Rule:228 - rule UART/USART PARITY EVEN is applicable
2025-10-22 17:00:54,234 [INFO] Rule:228 - rule UART/USART PARITY ODD is applicable
2025-10-22 17:00:54,234 [INFO] Rule:228 - rule USART StopBits 1 is applicable
2025-10-22 17:00:54,234 [INFO] Rule:228 - rule USART StopBits 2 is applicable
2025-10-22 17:00:54,234 [INFO] Rule:228 - rule USART StopBits 1.5 is applicable
2025-10-22 17:00:54,234 [INFO] Rule:228 - rule USART StopBits 0.5 is applicable
2025-10-22 17:00:54,234 [INFO] Rule:228 - rule UART/USART WORD LENGTH 7 is applicable
2025-10-22 17:00:54,234 [INFO] Rule:228 - rule UART/USART WORD LENGTH 8 is applicable
2025-10-22 17:00:54,234 [INFO] Rule:228 - rule UART/USART WORD LENGTH 9 is applicable
2025-10-22 17:00:54,234 [INFO] Rule:228 - rule Rename FMC NAND NCE signal is applicable
2025-10-22 17:00:54,234 [INFO] Rule:228 - rule Rename FMC NAND INT signal is applicable
2025-10-22 17:00:54,234 [INFO] Rule:228 - rule Change Default Value for LSE Drive Capability for WB family is applicable
2025-10-22 17:00:54,234 [INFO] Rule:228 - rule Change Default Value for ADC Clock Prescaler G0 family is applicable
2025-10-22 17:00:54,234 [INFO] Rule:228 - rule Change Default Value for ADC ExternalTrigConv L4 family is applicable
2025-10-22 17:00:54,234 [INFO] Rule:228 - rule Change Default Value for ADC ExternalTrigInjecConv L4 family is applicable
2025-10-22 17:00:54,234 [INFO] Rule:228 - rule Change Default Value for ADC ExternalTrigConv F3 family is applicable
2025-10-22 17:00:54,234 [INFO] Rule:228 - rule Change Default Value for ADC ExternalTrigInjecConv F3 family is applicable
2025-10-22 17:00:54,234 [INFO] Rule:228 - rule Change Default Value for ADC ExternalTrigConv Goldfish serie is applicable
2025-10-22 17:00:54,234 [INFO] Rule:228 - rule Change Default Value for ADC ExternalTrigInjecConv Goldfish serie is applicable
2025-10-22 17:00:54,234 [INFO] Rule:228 - rule Change Default Value for ADC ExternalTrigConv L0 family is applicable
2025-10-22 17:00:54,234 [INFO] Rule:228 - rule Change Default Value for ADC ExternalTrigConv F0 family is applicable
2025-10-22 17:00:54,234 [INFO] Rule:228 - rule Change Default Value for ADC ExternalTrigConvn L1 family is applicable
2025-10-22 17:00:54,234 [INFO] Rule:228 - rule Change Default Value for ADC ExternalTrigInjecConv L1 family is applicable
2025-10-22 17:00:54,234 [INFO] Rule:228 - rule Change Default Value for ADC ExternalTrigConv F1 family is applicable
2025-10-22 17:00:54,234 [INFO] Rule:228 - rule Change Default Value for ADC ExternalTrigInjecConv F1 family is applicable
2025-10-22 17:00:54,234 [INFO] Rule:228 - rule Change Default Value for ADC ExternalTrigConv F7 family is applicable
2025-10-22 17:00:54,234 [INFO] Rule:228 - rule Change Default Value for ADC ExternalTrigInjecConv F7 family is applicable
2025-10-22 17:00:54,234 [INFO] Rule:228 - rule Change Default Value for ADC ExternalTrigConv F4 and F2 family is applicable
2025-10-22 17:00:54,234 [INFO] Rule:228 - rule Change Default Value for ADC ExternalTrigInjecConv F4 and F2 family is applicable
2025-10-22 17:00:54,234 [INFO] Rule:228 - rule ADC SamplingTime fix with FW L0  is applicable
2025-10-22 17:00:54,234 [INFO] Rule:228 - rule ADC SamplingTime fix with FW L0  is applicable
2025-10-22 17:00:54,234 [INFO] Rule:228 - rule ADC SamplingTime fix with FW L0 is applicable
2025-10-22 17:00:54,234 [INFO] Rule:228 - rule ADC SamplingTime fix with FW L0 is applicable
2025-10-22 17:00:54,234 [INFO] Rule:228 - rule ADC SamplingTime fix with FW L0  is applicable
2025-10-22 17:00:54,234 [INFO] Rule:228 - rule ADC SamplingTime fix with FW L0 is applicable
2025-10-22 17:00:54,234 [INFO] Rule:228 - rule Rename USB_OE Signal is applicable
2025-10-22 17:00:54,234 [INFO] Rule:228 - rule Rename Activate_OE Mode is applicable
2025-10-22 17:00:54,234 [INFO] Rule:228 - rule Rename DIE462/DIE415 pin PC14/OSC32_IN -> PC14-OSC32_IN (PC14) is applicable
2025-10-22 17:00:54,234 [INFO] Rule:228 - rule Rename DIE462/DIE415 pin PC15/OSC32_OUT -> PC15-OSC32_OUT (PC15) is applicable
2025-10-22 17:00:54,234 [INFO] Rule:228 - rule Rename DIE462/DIE415 pin PH0/OSC_IN -> PH0-OSC_IN (PH0) is applicable
2025-10-22 17:00:54,234 [INFO] Rule:228 - rule Rename DIE462/DIE415 pin PH1/OSC_OUT -> PH1-OSC_OUT (PH1) is applicable
2025-10-22 17:00:54,235 [INFO] Rule:228 - rule Rename DIE462 pin PA13 -> PA13 (JTMS/SWDIO) is applicable
2025-10-22 17:00:54,235 [INFO] Rule:228 - rule Rename DIE415 pin PA13 -> PA13 (JTMS/SWDIO) is applicable
2025-10-22 17:00:54,235 [INFO] Rule:228 - rule Rename DIE462 pin PA14 -> PA14 (JTCK/SWCLK) is applicable
2025-10-22 17:00:54,235 [INFO] Rule:228 - rule Rename DIE415 pin PA14 -> PA14 (JTCK/SWCLK) is applicable
2025-10-22 17:00:54,235 [INFO] Rule:228 - rule Rename DIE462/DIE415 pin PA15 -> PA15 (JTDI) is applicable
2025-10-22 17:00:54,235 [INFO] Rule:228 - rule Rename DIE462 pin PB3 -> PB3 (JTD0/TRACESWO) is applicable
2025-10-22 17:00:54,235 [INFO] Rule:228 - rule Rename DIE415 pin PB3 -> PB3 (JTD0-TRACESWO) is applicable
2025-10-22 17:00:54,235 [INFO] Rule:228 - rule Rename DIE462/DIE415 pin PB4 -> PB4 (NJTRST) is applicable
2025-10-22 17:00:54,235 [INFO] Rule:228 - rule Rename DIE462 pin PH3/BOOT0 -> PH3-BOOT0 (BOOT0) is applicable
2025-10-22 17:00:54,235 [INFO] Rule:228 - rule Rename CRYP DataEncryptionTypesList to Algorithm is applicable
2025-10-22 17:00:54,235 [INFO] Rule:228 - rule Rename AES DataEncryptionTypesList to Algorithm is applicable
2025-10-22 17:00:54,235 [INFO] Rule:228 - rule Rename TDESECB to CRYP_TDES_ECB is applicable
2025-10-22 17:00:54,235 [INFO] Rule:228 - rule Rename TDESCBC to CRYP_TDES_CBC is applicable
2025-10-22 17:00:54,235 [INFO] Rule:228 - rule Rename DESECB to CRYP_DES_ECB is applicable
2025-10-22 17:00:54,235 [INFO] Rule:228 - rule Rename DESCBC to CRYP_DES_CBC is applicable
2025-10-22 17:00:54,235 [INFO] Rule:228 - rule Rename AESECB to CRYP_AES_ECB is applicable
2025-10-22 17:00:54,235 [INFO] Rule:228 - rule Rename AESCBC to CRYP_AES_CBC is applicable
2025-10-22 17:00:54,235 [INFO] Rule:228 - rule Rename AESCTR to CRYP_AES_CTR is applicable
2025-10-22 17:00:54,235 [INFO] Rule:228 - rule Rename AESGCM to CRYP_AES_GCM is applicable
2025-10-22 17:00:54,235 [INFO] Rule:228 - rule Rename AESCCM to CRYP_AES_CCM is applicable
2025-10-22 17:00:54,235 [INFO] Rule:228 - rule Rename CAN TimeSeg1 to BS1 is applicable
2025-10-22 17:00:54,235 [INFO] Rule:228 - rule Rename CAN TimeSeg2 to BS2 is applicable
2025-10-22 17:00:54,235 [INFO] Rule:228 - rule Rename CAN SyncJumpWidth to SJW is applicable
2025-10-22 17:00:54,235 [INFO] Rule:228 - rule TimeTriggeredMode to TTCM is applicable
2025-10-22 17:00:54,235 [INFO] Rule:228 - rule Rename CAN AutoBusOff to ABOM is applicable
2025-10-22 17:00:54,235 [INFO] Rule:228 - rule Rename CAN AutoWakeUp to AWUM is applicable
2025-10-22 17:00:54,235 [INFO] Rule:228 - rule Rename CAN AutoRetransmission to NART is applicable
2025-10-22 17:00:54,235 [INFO] Rule:228 - rule Rename CAN ReceiveFifoLocked to RFLM is applicable
2025-10-22 17:00:54,235 [INFO] Rule:228 - rule Rename CAN TransmitFifoPriority to TXFP is applicable
2025-10-22 17:00:54,235 [INFO] Rule:228 - rule Rename HRTIMER HRTIM_OUTPUTFAULTLEVEL_HIGH in HRTIMER HRTIM_OUTPUTFAULTLEVEL_HIGHZ is applicable
2025-10-22 17:00:54,235 [INFO] Rule:228 - rule Rename TIMER TIM_CLEARINPUTSOURCE_OCREFCLR in  TIMER TIM_CLEARINPUTSOURCE_NONE for F7 family is applicable
2025-10-22 17:00:54,235 [INFO] Rule:228 - rule FDCAN_R1 - Rename FDCAN mode Master into Classic is applicable
2025-10-22 17:00:54,235 [INFO] Rule:228 - rule FDCAN_R2 - Rename FDCAN mode Slave into Classic is applicable
2025-10-22 17:00:54,235 [INFO] Rule:228 - rule FDCAN1_R3 - if PA10.Mode=FullDuplex, add Pin PA12 is applicable
2025-10-22 17:00:54,235 [INFO] Rule:228 - rule FDCAN1_R3 - if PA9.Mode=FullDuplex, add Pin PA11 is applicable
2025-10-22 17:00:54,235 [INFO] Rule:228 - rule FDCAN1_R3 - Alternatepin_1 - if PE1.Mode=FullDuplex, add Pin PB9 is applicable
2025-10-22 17:00:54,235 [INFO] Rule:228 - rule FDCAN1_R3 - Alternatepin_1 - if PE0.Mode=FullDuplex, add Pin PB8 is applicable
2025-10-22 17:00:54,235 [INFO] Rule:228 - rule FDCAN1_R3 - Alternatepin_2 - if PD5.Mode=FullDuplex, add Pin PD1 is applicable
2025-10-22 17:00:54,235 [INFO] Rule:228 - rule FDCAN1_R3 - Alternatepin_2 - if PD4.Mode=FullDuplex, add Pin PD0 is applicable
2025-10-22 17:00:54,235 [INFO] Rule:228 - rule FDCAN1_R4 - Rename Mode FullDuplex into Enable FDCAN_TXFD for pin PA10 is applicable
2025-10-22 17:00:54,235 [INFO] Rule:228 - rule FDCAN1_R4 - Rename Mode FullDuplex into Enable FDCAN_TXFD for pin PA9 is applicable
2025-10-22 17:00:54,235 [INFO] Rule:228 - rule FDCAN1_R4 - Alternatepin_1 - Rename Mode FullDuplex into Enable FDCAN_TXFD for pin PE1 is applicable
2025-10-22 17:00:54,235 [INFO] Rule:228 - rule FDCAN1_R4 - Alternatepin_1 - Rename Mode FullDuplex into Enable FDCAN_TXFD for pin PE0 is applicable
2025-10-22 17:00:54,235 [INFO] Rule:228 - rule FDCAN1_R4 - Alternatepin_2 - Rename Mode FullDuplex into Enable FDCAN_TXFD for pin PD5 is applicable
2025-10-22 17:00:54,235 [INFO] Rule:228 - rule FDCAN1_R4 - Alternatepin_2 - Rename Mode FullDuplex into Enable FDCAN_TXFD for pin PD4 is applicable
2025-10-22 17:00:54,235 [INFO] Rule:228 - rule FDCAN2_R3 - if PD10.Mode=FullDuplex, add Pin PB13 is applicable
2025-10-22 17:00:54,235 [INFO] Rule:228 - rule FDCAN2_R3 - if PD9.Mode=FullDuplex, add Pin PB12 is applicable
2025-10-22 17:00:54,235 [INFO] Rule:228 - rule FDCAN2_R3 - Alternatepin_1 - if PB7.Mode=FullDuplex, add Pin PB6 is applicable
2025-10-22 17:00:54,235 [INFO] Rule:228 - rule FDCAN2_R3 - Alternatepin_1 - if PD9.Mode=FullDuplex, add Pin PB12 is applicable
2025-10-22 17:00:54,235 [INFO] Rule:228 - rule FDCAN2_R4 - Rename Mode FullDuplex into Enable FDCAN_TXFD for pin PD10 is applicable
2025-10-22 17:00:54,235 [INFO] Rule:228 - rule FDCAN2_R4 - Rename Mode FullDuplex into Enable FDCAN_TXFD for pin PD9 is applicable
2025-10-22 17:00:54,235 [INFO] Rule:228 - rule FDCAN2_R4 - Alternatepin_1 - Rename Mode FullDuplex into Enable FDCAN_TXFD for pin PB7 is applicable
2025-10-22 17:00:54,235 [INFO] Rule:228 - rule FDCAN2_R4 - Alternatepin_1 - Rename Mode FullDuplex into Enable FDCAN_TXFD for pin PD6 is applicable
2025-10-22 17:00:54,235 [INFO] Rule:228 - rule USART TxPinLevelInvertParam Mode is applicable
2025-10-22 17:00:54,235 [INFO] Rule:228 - rule USART RxPinLevelInvertParam Mode is applicable
2025-10-22 17:00:54,235 [INFO] Rule:228 - rule USART DataInvertParam Mode is applicable
2025-10-22 17:00:54,235 [INFO] Rule:228 - rule USART SwapParam Mode is applicable
2025-10-22 17:00:54,235 [INFO] Rule:228 - rule USART OverrunDisableParam Mode is applicable
2025-10-22 17:00:54,235 [INFO] Rule:228 - rule USART DMADisableonRxErrorParam Mode is applicable
2025-10-22 17:00:54,235 [INFO] Rule:228 - rule USART MSBFirstParam Mode is applicable
2025-10-22 17:00:54,235 [INFO] Rule:228 - rule Update MwName for USB_DEVICE is applicable
2025-10-22 17:00:54,235 [INFO] Rule:228 - rule Change PWR_Regulator_Voltage_Scale Default Value for RCC  H7 family is applicable
2025-10-22 17:00:54,235 [INFO] Rule:228 - rule UART/USART IPParameter rename Prescaler parameter to ClockPrescaler is applicable
2025-10-22 17:00:54,235 [INFO] Rule:228 - rule UART/USART Prescaler rename Prescaler parameter to ClockPrescaler is applicable
2025-10-22 17:00:54,235 [INFO] Rule:228 - rule TIM1CLockSelection is applicable
2025-10-22 17:00:54,235 [INFO] Rule:228 - rule TIM15CLockSelection is applicable
2025-10-22 17:00:54,235 [INFO] Rule:228 - rule align RCC SDMMC3CLockSelection default value on MP1 is applicable
2025-10-22 17:00:54,235 [INFO] Rule:228 - rule align RCC SDMMC12CLockSelection default value on MP1 is applicable
2025-10-22 17:00:54,235 [INFO] Rule:228 - rule align RCC QSPICLockSelection default value on MP1 is applicable
2025-10-22 17:00:54,235 [INFO] Rule:228 - rule align RCC QSPICLockSelection default value on MP1 is applicable
2025-10-22 17:00:54,235 [INFO] Rule:228 - rule align RCC SPI6CLockSelection default value on MP1 is applicable
2025-10-22 17:00:54,235 [INFO] Rule:228 - rule align RCC LPTIM23CLockSelection default value on MP1 is applicable
2025-10-22 17:00:54,235 [INFO] Rule:228 - rule align RCC LPTIM1CLockSelection default value on MP1 is applicable
2025-10-22 17:00:54,235 [INFO] Rule:228 - rule align RCC USART1CLockSelection default value on MP1 is applicable
2025-10-22 17:00:54,235 [INFO] Rule:228 - rule align RCC USART24CLockSelection default value on MP1 is applicable
2025-10-22 17:00:54,235 [INFO] Rule:228 - rule align RCC USART6CLockSelection default value on MP1 is applicable
2025-10-22 17:00:54,235 [INFO] Rule:228 - rule align RCC UART78CLockSelection default value on MP1 is applicable
2025-10-22 17:00:54,235 [INFO] Rule:228 - rule align RCC USART35CLockSelection default value on MP1 is applicable
2025-10-22 17:00:54,235 [INFO] Rule:228 - rule align RCC SPI45CLockSelection default value on MP1 is applicable
2025-10-22 17:00:54,235 [INFO] Rule:228 - rule align RCC I2C46CLockSelection BCLK value on MP1 is applicable
2025-10-22 17:00:54,235 [INFO] Rule:228 - rule align RCC SPI45CLockSelection default value on MP1 is applicable
2025-10-22 17:00:54,235 [INFO] Rule:228 - rule align RCC I2C12CLockSelection default value on MP1 is applicable
2025-10-22 17:00:54,235 [INFO] Rule:228 - rule align RCC I2C35CLockSelection default value on MP1 is applicable
2025-10-22 17:00:54,235 [INFO] Rule:228 - rule align RCC LPTIM45CLockSelection default value on MP1 is applicable
2025-10-22 17:00:54,235 [INFO] Rule:228 - rule Rename DCMI PIXCK signal is applicable
2025-10-22 17:00:54,235 [INFO] Rule:228 - rule Change Default Value for I2C46CLockSelection MP1 family is applicable
2025-10-22 17:00:54,235 [INFO] Rule:228 - rule Change Default Value for UART for G4, G0 and WB families is applicable
2025-10-22 17:00:54,235 [INFO] Rule:228 - rule Change Default Value for USART for G4, G0 and WB families is applicable
2025-10-22 17:00:54,235 [INFO] Rule:228 - rule Change Default Value for USART for G4 family is applicable
2025-10-22 17:00:54,235 [INFO] Rule:228 - rule Change USART1CLockSelection refparam name for MP1 is applicable
2025-10-22 17:00:54,235 [INFO] Rule:228 - rule Change USART2CLockSelection refparam name for MP1 is applicable
2025-10-22 17:00:54,235 [INFO] Rule:228 - rule Change USART3CLockSelection refparam name for MP1 is applicable
2025-10-22 17:00:54,235 [INFO] Rule:228 - rule Change UART4CLockSelection refparam name for MP1 is applicable
2025-10-22 17:00:54,235 [INFO] Rule:228 - rule Change UART5CLockSelection refparam name for MP1 is applicable
2025-10-22 17:00:54,235 [INFO] Rule:228 - rule Change LPUART1CLockSelection refparam name for MP1 is applicable
2025-10-22 17:00:54,235 [INFO] Rule:228 - rule Change LPTIM1CLockSelection refparam name for MP1 is applicable
2025-10-22 17:00:54,235 [INFO] Rule:228 - rule Change LPTIM2CLockSelection refparam name for MP1 is applicable
2025-10-22 17:00:54,235 [INFO] Rule:228 - rule Change RCC_MCO1Source refparam name for MP1 is applicable
2025-10-22 17:00:54,235 [INFO] Rule:228 - rule Change LSCOSource1 refparam name for MP1 is applicable
2025-10-22 17:00:54,235 [INFO] Rule:228 - rule Change SMPSCLockSelection refparam name for MP1 is applicable
2025-10-22 17:00:54,235 [INFO] Rule:228 - rule Change LPTIM3CLockSelection refparam name for MP1 is applicable
2025-10-22 17:00:54,235 [INFO] Rule:228 - rule Change MPCBB* Default Template Mode to Parameters is applicable
2025-10-22 17:00:54,235 [INFO] Rule:228 - rule Change MPCWM* or MPCBB* Secure Mode to Parameters is applicable
2025-10-22 17:00:54,235 [INFO] Rule:228 - rule Change MPCWM* or MPCBB* No Secure Mode to Parameters is applicable
2025-10-22 17:00:54,236 [INFO] Rule:228 - rule Change TZSC IP Secure Mode to Parameters is applicable
2025-10-22 17:00:54,236 [INFO] Rule:228 - rule Change TZSC IP No Secure Mode to Parameters is applicable
2025-10-22 17:00:54,236 [INFO] Rule:228 - rule Change TZSC IP Privilege Mode to Parameters is applicable
2025-10-22 17:00:54,236 [INFO] Rule:228 - rule Change TZSC IP No Privilege Mode to Parameters is applicable
2025-10-22 17:00:54,236 [INFO] Rule:228 - rule Change TZIC IT Secure Mode to Parameters is applicable
2025-10-22 17:00:54,236 [INFO] Rule:228 - rule Change TZIC IT No Secure Mode to Parameters is applicable
2025-10-22 17:00:54,236 [INFO] Rule:228 - rule Add MPCBB1_NonSecureArea_Start_Address value with referenced to MPCBB1_NonSecureArea_Start value is applicable
2025-10-22 17:00:54,236 [INFO] Rule:228 - rule Add MPCBB2_NonSecureArea_Start_Address value with referenced to MPCBB2_NonSecureArea_Start value is applicable
2025-10-22 17:00:54,236 [INFO] Rule:228 - rule Add MPCWM1_NonSecureArea*_Start_Address value with referenced to MPCWM1_NonSecureArea*_Start value is applicable
2025-10-22 17:00:54,236 [INFO] Rule:228 - rule Add MPCWM2_NonSecureArea*_Start_Address value with referenced to MPCWM2_NonSecureArea*_Start value is applicable
2025-10-22 17:00:54,236 [INFO] Rule:228 - rule Add MPCWM3_NonSecureArea_Start_Address value with referenced to MPCWM3_NonSecureArea_Start value is applicable
2025-10-22 17:00:54,236 [INFO] Rule:228 - rule Change Default Value for PLL1UserDefinedConfig is applicable
2025-10-22 17:00:54,236 [INFO] Rule:228 - rule Change GPIO_PuPd Default Value for USART in async mode is applicable
2025-10-22 17:00:54,236 [INFO] Rule:228 - rule Change SMPSDivider Default Value is applicable
2025-10-22 17:00:54,236 [INFO] Rule:228 - rule OPAMP is applicable
2025-10-22 17:00:54,236 [INFO] Rule:228 - rule LPUART IPParameter rename Prescaler parameter to ClockPrescaler for STM32H7 is applicable
2025-10-22 17:00:54,236 [INFO] Rule:228 - rule LPUART IPParameter rename Prescaler parameter to ClockPrescaler for STM32H7 is applicable
2025-10-22 17:00:54,236 [INFO] Rule:228 - rule LPUART IPParameter rename Prescaler parameter to ClockPrescaler for STM32WB is applicable
2025-10-22 17:00:54,236 [INFO] Rule:228 - rule LPUART IPParameter rename Prescaler parameter to ClockPrescaler for STM32WB is applicable
2025-10-22 17:00:54,236 [INFO] Rule:228 - rule LPUART IPParameter rename Prescaler parameter to ClockPrescaler for STM32G4 is applicable
2025-10-22 17:00:54,236 [INFO] Rule:228 - rule LPUART IPParameter rename Prescaler parameter to ClockPrescaler for STM32G4 is applicable
2025-10-22 17:00:54,236 [INFO] Rule:228 - rule LPUART IPParameter rename Prescaler parameter to ClockPrescaler for STM32L5 is applicable
2025-10-22 17:00:54,236 [INFO] Rule:228 - rule LPUART IPParameter rename Prescaler parameter to ClockPrescaler for STM32L5 is applicable
2025-10-22 17:00:54,236 [INFO] Rule:228 - rule LPUART IPParameter rename Prescaler parameter to ClockPrescaler for STM32G4 is applicable
2025-10-22 17:00:54,236 [INFO] Rule:228 - rule LPUART IPParameter rename Prescaler parameter to ClockPrescaler for STM32G4 is applicable
2025-10-22 17:00:54,236 [INFO] Rule:228 - rule USB device lib V2.5.3 for L0 rename USBD_SUPPORT_USER_STRING parameter to USBD_SUPPORT_USER_STRING_DESC4 is applicable
2025-10-22 17:00:54,236 [INFO] Rule:228 - rule I2SCLockSelection clock entry align is applicable
2025-10-22 17:00:54,236 [INFO] Rule:228 - rule Assign TIMx context if used as SYS timebase is applicable
2025-10-22 17:00:54,236 [INFO] Rule:228 - rule Change GPIO_Pu Default Value for I2C is applicable
2025-10-22 17:00:54,236 [INFO] Rule:228 - rule Change GPIO_Pu Default Value for SMBus is applicable
2025-10-22 17:00:54,236 [INFO] Rule:228 - rule change FDCAN default value is applicable
2025-10-22 17:00:54,236 [INFO] Rule:228 - rule Change mode sai is applicable
2025-10-22 17:00:54,236 [INFO] Rule:228 - rule **Change sai mode is applicable
2025-10-22 17:00:54,245 [INFO] DbConfProperties:307 - Apply Compatibility (49/258 Rules)
2025-10-22 17:00:54,250 [INFO] ImportTextPane:194 - (OptionalMessage_ERROR) Unable to find key (Mcu.ThirdPartyNb) in loaded IOC file
2025-10-22 17:00:54,262 [INFO] RtosManager:555 - Registered RTOS mode: class=CMSIS, group=RTOS, mode=CMSIS_V1, owner=FREERTOS
2025-10-22 17:00:54,262 [INFO] RtosManager:555 - Registered RTOS mode: class=CMSIS, group=RTOS2, mode=CMSIS_V2, owner=FREERTOS
2025-10-22 17:00:54,262 [INFO] RtosManager:555 - Registered RTOS mode: class=RTOS, group=Core, mode=CMSIS_V1, owner=FREERTOS
2025-10-22 17:00:54,262 [INFO] RtosManager:555 - Registered RTOS mode: class=RTOS, group=Core, mode=CMSIS_V2, owner=FREERTOS
2025-10-22 17:00:54,262 [WARN] ModelIntegratedComponent:184 - Missing modes for component STMicroelectronics:FreeRTOS:0.0.1:STMicroelectronics:RTOS:FreeRTOS:Core:::10.2.0:
2025-10-22 17:00:54,264 [WARN] ModelIntegratedComponent:182 - Modes not found for component STMicroelectronics:USB_HOST:1.0.0:STMicroelectronics:USB::USB Host:Audio HS::1.0:USB_HOST_1_0_RESTRICTED_HS
2025-10-22 17:00:54,264 [WARN] ModelIntegratedComponent:188 - Modes not found for component STMicroelectronics:USB_HOST:1.0.0:STMicroelectronics:USB::USB Host:Audio HS::1.0:USB_HOST_1_0_RESTRICTED_HS
2025-10-22 17:00:54,264 [WARN] ModelIntegratedComponent:182 - Modes not found for component STMicroelectronics:USB_HOST:1.0.0:STMicroelectronics:USB::USB Host:CDC HS::1.0:USB_HOST_1_0_RESTRICTED_HS
2025-10-22 17:00:54,264 [WARN] ModelIntegratedComponent:188 - Modes not found for component STMicroelectronics:USB_HOST:1.0.0:STMicroelectronics:USB::USB Host:CDC HS::1.0:USB_HOST_1_0_RESTRICTED_HS
2025-10-22 17:00:54,264 [WARN] ModelIntegratedComponent:182 - Modes not found for component STMicroelectronics:USB_HOST:1.0.0:STMicroelectronics:USB::USB Host:MSC HS::1.0:USB_HOST_1_0_RESTRICTED_HS
2025-10-22 17:00:54,264 [WARN] ModelIntegratedComponent:188 - Modes not found for component STMicroelectronics:USB_HOST:1.0.0:STMicroelectronics:USB::USB Host:MSC HS::1.0:USB_HOST_1_0_RESTRICTED_HS
2025-10-22 17:00:54,264 [WARN] ModelIntegratedComponent:182 - Modes not found for component STMicroelectronics:USB_HOST:1.0.0:STMicroelectronics:USB::USB Host:HID HS::1.0:USB_HOST_1_0_RESTRICTED_HS
2025-10-22 17:00:54,264 [WARN] ModelIntegratedComponent:188 - Modes not found for component STMicroelectronics:USB_HOST:1.0.0:STMicroelectronics:USB::USB Host:HID HS::1.0:USB_HOST_1_0_RESTRICTED_HS
2025-10-22 17:00:54,264 [WARN] ModelIntegratedComponent:182 - Modes not found for component STMicroelectronics:USB_HOST:1.0.0:STMicroelectronics:USB::USB Host:MTP HS::1.0:USB_HOST_1_0_RESTRICTED_HS
2025-10-22 17:00:54,264 [WARN] ModelIntegratedComponent:188 - Modes not found for component STMicroelectronics:USB_HOST:1.0.0:STMicroelectronics:USB::USB Host:MTP HS::1.0:USB_HOST_1_0_RESTRICTED_HS
2025-10-22 17:00:54,266 [WARN] ModelIntegratedComponent:63 - No mode defined for component null
2025-10-22 17:00:54,266 [WARN] ModelIntegratedComponent:63 - No mode defined for component null
2025-10-22 17:00:54,266 [WARN] ModelIntegratedComponent:63 - No mode defined for component null
2025-10-22 17:00:54,266 [WARN] ModelIntegratedComponent:63 - No mode defined for component null
2025-10-22 17:00:54,266 [WARN] ModelIntegratedComponent:63 - No mode defined for component null
2025-10-22 17:00:54,266 [WARN] ModelIntegratedComponent:63 - No mode defined for component null
2025-10-22 17:00:54,266 [WARN] ModelIntegratedComponent:63 - No mode defined for component null
2025-10-22 17:00:54,266 [WARN] ModelIntegratedComponent:63 - No mode defined for component null
2025-10-22 17:00:54,266 [WARN] ModelIntegratedComponent:63 - No mode defined for component null
2025-10-22 17:00:54,266 [WARN] ModelIntegratedComponent:63 - No mode defined for component null
2025-10-22 17:00:54,266 [WARN] ModelIntegratedComponent:63 - No mode defined for component null
2025-10-22 17:00:54,266 [WARN] ModelIntegratedComponent:63 - No mode defined for component null
2025-10-22 17:00:54,266 [WARN] ModelIntegratedComponent:63 - No mode defined for component null
2025-10-22 17:00:54,266 [WARN] ModelIntegratedComponent:63 - No mode defined for component null
2025-10-22 17:00:54,266 [WARN] ModelIntegratedComponent:63 - No mode defined for component null
2025-10-22 17:00:54,266 [WARN] ModelIntegratedComponent:63 - No mode defined for component null
2025-10-22 17:00:54,266 [WARN] ModelIntegratedComponent:63 - No mode defined for component null
2025-10-22 17:00:54,266 [WARN] ModelIntegratedComponent:63 - No mode defined for component null
2025-10-22 17:00:54,266 [WARN] ModelIntegratedComponent:63 - No mode defined for component null
2025-10-22 17:00:54,266 [WARN] ModelIntegratedComponent:63 - No mode defined for component null
2025-10-22 17:00:54,266 [WARN] ModelIntegratedComponent:63 - No mode defined for component null
2025-10-22 17:00:54,266 [WARN] ModelIntegratedComponent:63 - No mode defined for component null
2025-10-22 17:00:54,266 [WARN] ModelIntegratedComponent:63 - No mode defined for component null
2025-10-22 17:00:54,266 [WARN] ModelIntegratedComponent:63 - No mode defined for component null
2025-10-22 17:00:54,266 [WARN] ModelIntegratedComponent:63 - No mode defined for component null
2025-10-22 17:00:54,266 [WARN] ModelIntegratedComponent:63 - No mode defined for component null
2025-10-22 17:00:54,266 [WARN] ModelIntegratedComponent:63 - No mode defined for component null
2025-10-22 17:00:54,266 [WARN] ModelIntegratedComponent:63 - No mode defined for component null
2025-10-22 17:00:54,266 [WARN] ModelIntegratedComponent:63 - No mode defined for component null
2025-10-22 17:00:54,266 [WARN] ModelIntegratedComponent:63 - No mode defined for component null
2025-10-22 17:00:54,266 [WARN] ModelIntegratedComponent:63 - No mode defined for component null
2025-10-22 17:00:54,266 [WARN] ModelIntegratedComponent:63 - No mode defined for component null
2025-10-22 17:00:54,266 [WARN] ModelIntegratedComponent:63 - No mode defined for component null
2025-10-22 17:00:54,325 [WARN] ModelIntegratedComponent:182 - Modes not found for component STMicroelectronics:USB_DEVICE:1.0.0:STMicroelectronics:USB::USB Device:Audio HS::1.0:USB_DEVICE_1_0_RESTRICTED_HS
2025-10-22 17:00:54,325 [WARN] ModelIntegratedComponent:188 - Modes not found for component STMicroelectronics:USB_DEVICE:1.0.0:STMicroelectronics:USB::USB Device:Audio HS::1.0:USB_DEVICE_1_0_RESTRICTED_HS
2025-10-22 17:00:54,325 [WARN] ModelIntegratedComponent:182 - Modes not found for component STMicroelectronics:USB_DEVICE:1.0.0:STMicroelectronics:USB::USB Device:CDC HS::1.0:USB_DEVICE_1_0_RESTRICTED_HS
2025-10-22 17:00:54,325 [WARN] ModelIntegratedComponent:188 - Modes not found for component STMicroelectronics:USB_DEVICE:1.0.0:STMicroelectronics:USB::USB Device:CDC HS::1.0:USB_DEVICE_1_0_RESTRICTED_HS
2025-10-22 17:00:54,325 [WARN] ModelIntegratedComponent:182 - Modes not found for component STMicroelectronics:USB_DEVICE:1.0.0:STMicroelectronics:USB::USB Device:DFU HS::1.0:USB_DEVICE_1_0_RESTRICTED_HS
2025-10-22 17:00:54,325 [WARN] ModelIntegratedComponent:188 - Modes not found for component STMicroelectronics:USB_DEVICE:1.0.0:STMicroelectronics:USB::USB Device:DFU HS::1.0:USB_DEVICE_1_0_RESTRICTED_HS
2025-10-22 17:00:54,325 [WARN] ModelIntegratedComponent:182 - Modes not found for component STMicroelectronics:USB_DEVICE:1.0.0:STMicroelectronics:USB::USB Device:HID HS::1.0:USB_DEVICE_1_0_RESTRICTED_HS
2025-10-22 17:00:54,325 [WARN] ModelIntegratedComponent:188 - Modes not found for component STMicroelectronics:USB_DEVICE:1.0.0:STMicroelectronics:USB::USB Device:HID HS::1.0:USB_DEVICE_1_0_RESTRICTED_HS
2025-10-22 17:00:54,325 [WARN] ModelIntegratedComponent:182 - Modes not found for component STMicroelectronics:USB_DEVICE:1.0.0:STMicroelectronics:USB::USB Device:Custom HID HS::1.0:USB_DEVICE_1_0_RESTRICTED_HS
2025-10-22 17:00:54,325 [WARN] ModelIntegratedComponent:188 - Modes not found for component STMicroelectronics:USB_DEVICE:1.0.0:STMicroelectronics:USB::USB Device:Custom HID HS::1.0:USB_DEVICE_1_0_RESTRICTED_HS
2025-10-22 17:00:54,325 [WARN] ModelIntegratedComponent:182 - Modes not found for component STMicroelectronics:USB_DEVICE:1.0.0:STMicroelectronics:USB::USB Device:MSC HS::1.0:USB_DEVICE_1_0_RESTRICTED_HS
2025-10-22 17:00:54,325 [WARN] ModelIntegratedComponent:188 - Modes not found for component STMicroelectronics:USB_DEVICE:1.0.0:STMicroelectronics:USB::USB Device:MSC HS::1.0:USB_DEVICE_1_0_RESTRICTED_HS
2025-10-22 17:00:54,327 [INFO] ThirdPartyModel:298 - Start build external matchings
2025-10-22 17:00:54,476 [INFO] ThirdPartyModel:316 - End build external matchings
2025-10-22 17:00:54,579 [INFO] UtilMem:75 - End LoadConfig() Used Memory: 382381216 Bytes (903872512)
2025-10-22 17:00:54,589 [WARN] ThirdParty:833 - waiting for thirdparty lock release [change project]
2025-10-22 17:00:54,589 [INFO] ThirdParty:835 - entering critical section [change project]
2025-10-22 17:00:54,589 [INFO] ThirdParty:1030 - CMSIS Pack Vendor :STMicroelectronics X-CUBE-PM33A1 1.0.0
2025-10-22 17:00:54,589 [INFO] ThirdParty:1030 - CMSIS Pack Vendor :STMicroelectronics X-CUBE-NFC9 1.0.0
2025-10-22 17:00:54,589 [INFO] ThirdParty:1030 - CMSIS Pack Vendor :STMicroelectronics USB_HOST 2.0.0
2025-10-22 17:00:54,589 [INFO] ThirdParty:1030 - CMSIS Pack Vendor :STMicroelectronics FP-SNS-MOTENVWB1 1.4.0
2025-10-22 17:00:54,589 [INFO] ThirdParty:1030 - CMSIS Pack Vendor :STMicroelectronics X-CUBE-AZRTOS-F4 1.1.0
2025-10-22 17:00:54,589 [INFO] ThirdParty:1030 - CMSIS Pack Vendor :STMicroelectronics LIBJPEG 8.0.0
2025-10-22 17:00:54,589 [INFO] ThirdParty:1030 - CMSIS Pack Vendor :STMicroelectronics FP-ATR-ASTRA1 2.0.2
2025-10-22 17:00:54,589 [INFO] ThirdParty:1030 - CMSIS Pack Vendor :wolfSSL I-CUBE-wolfSSL 5.8.2
2025-10-22 17:00:54,589 [INFO] ThirdParty:1030 - CMSIS Pack Vendor :STMicroelectronics X-CUBE-BLE1 7.1.0
2025-10-22 17:00:54,589 [INFO] ThirdParty:1030 - CMSIS Pack Vendor :STMicroelectronics X-CUBE-SMBUS 2.1.0
2025-10-22 17:00:54,589 [INFO] ThirdParty:1030 - CMSIS Pack Vendor :wolfSSL I-CUBE-wolfMQTT 1.19.2
2025-10-22 17:00:54,589 [INFO] ThirdParty:1030 - CMSIS Pack Vendor :STMicroelectronics USB_DEVICE 3.0.0
2025-10-22 17:00:54,589 [INFO] ThirdParty:1030 - CMSIS Pack Vendor :STMicroelectronics X-CUBE-ISPU 2.1.0
2025-10-22 17:00:54,589 [INFO] ThirdParty:1030 - CMSIS Pack Vendor :STMicroelectronics X-CUBE-EEPRMA1 5.2.0
2025-10-22 17:00:54,589 [INFO] ThirdParty:1030 - CMSIS Pack Vendor :STMicroelectronics X-CUBE-AZRTOS-WB 2.0.0
2025-10-22 17:00:54,589 [INFO] ThirdParty:1030 - CMSIS Pack Vendor :STMicroelectronics X-CUBE-GNSS1 7.0.1
2025-10-22 17:00:54,589 [INFO] ThirdParty:1030 - CMSIS Pack Vendor :STMicroelectronics X-CUBE-NFC12 1.0.0
2025-10-22 17:00:54,589 [INFO] ThirdParty:1030 - CMSIS Pack Vendor :STMicroelectronics X-CUBE-AZRTOS-F7 1.1.0
2025-10-22 17:00:54,589 [INFO] ThirdParty:1030 - CMSIS Pack Vendor :STMicroelectronics X-CUBE-AZRTOS-L5 2.0.0
2025-10-22 17:00:54,589 [INFO] ThirdParty:1030 - CMSIS Pack Vendor :STMicroelectronics USB_DEVICE 2.0.0
2025-10-22 17:00:54,589 [INFO] ThirdParty:1030 - CMSIS Pack Vendor :STMicroelectronics X-CUBE-NFC6 3.1.0
2025-10-22 17:00:54,589 [INFO] ThirdParty:1030 - CMSIS Pack Vendor :STMicroelectronics FreeRTOS 0.0.1
2025-10-22 17:00:54,589 [INFO] ThirdParty:1030 - CMSIS Pack Vendor :STMicroelectronics X-CUBE-AZRTOS-G0 1.1.0
2025-10-22 17:00:54,589 [INFO] ThirdParty:1030 - CMSIS Pack Vendor :STMicroelectronics X-CUBE-SAFEA1 1.2.2
2025-10-22 17:00:54,589 [INFO] ThirdParty:1030 - CMSIS Pack Vendor :STMicroelectronics X-CUBE-NFC4 3.0.0
2025-10-22 17:00:54,589 [INFO] ThirdParty:1030 - CMSIS Pack Vendor :STMicroelectronics X-CUBE-SUBG2 5.0.0
2025-10-22 17:00:54,589 [INFO] ThirdParty:1030 - CMSIS Pack Vendor :STMicroelectronics X-CUBE-AZRTOS-H7RS 1.1.0
2025-10-22 17:00:54,589 [INFO] ThirdParty:1030 - CMSIS Pack Vendor :STMicroelectronics STM32_WPAN 1.0.0
2025-10-22 17:00:54,589 [INFO] ThirdParty:1030 - CMSIS Pack Vendor :STMicroelectronics lwIP 2.0.3
2025-10-22 17:00:54,589 [INFO] ThirdParty:1030 - CMSIS Pack Vendor :STMicroelectronics USB_HOST 1.0.0
2025-10-22 17:00:54,589 [INFO] ThirdParty:1030 - CMSIS Pack Vendor :STMicroelectronics X-CUBE-AZRTOS-G4 2.0.0
2025-10-22 17:00:54,590 [INFO] ThirdParty:1030 - CMSIS Pack Vendor :STMicroelectronics X-CUBE-WB05N 2.0.0
2025-10-22 17:00:54,590 [INFO] ThirdParty:1030 - CMSIS Pack Vendor :STMicroelectronics PDM2PCM 3.1.0
2025-10-22 17:00:54,590 [INFO] ThirdParty:1030 - CMSIS Pack Vendor :STMicroelectronics PDM2PCM 3.3.0
2025-10-22 17:00:54,590 [INFO] ThirdParty:1030 - CMSIS Pack Vendor :wolfSSL I-CUBE-wolfTPM 3.8.0
2025-10-22 17:00:54,590 [INFO] ThirdParty:1030 - CMSIS Pack Vendor :STMicroelectronics X-CUBE-AZRTOS-H7 3.4.0
2025-10-22 17:00:54,590 [INFO] ThirdParty:1030 - CMSIS Pack Vendor :STMicroelectronics X-CUBE-DISPLAY 3.0.0
2025-10-22 17:00:54,590 [INFO] ThirdParty:1030 - CMSIS Pack Vendor :wolfSSL I-CUBE-wolfSSH 1.4.20
2025-10-22 17:00:54,590 [INFO] ThirdParty:1030 - CMSIS Pack Vendor :STMicroelectronics X-CUBE-NFC7 2.0.0
2025-10-22 17:00:54,590 [INFO] ThirdParty:1030 - CMSIS Pack Vendor :STMicroelectronics FP-ATR-SIGFOX1 3.2.0
2025-10-22 17:00:54,590 [INFO] ThirdParty:1030 - CMSIS Pack Vendor :STMicroelectronics X-CUBE-NFC10 1.0.0
2025-10-22 17:00:54,590 [INFO] ThirdParty:1030 - CMSIS Pack Vendor :STMicroelectronics X-CUBE-FREERTOS 1.3.1
2025-10-22 17:00:54,590 [INFO] ThirdParty:1030 - CMSIS Pack Vendor :STMicroelectronics HAL Drivers 0.0.0
2025-10-22 17:00:54,590 [INFO] ThirdParty:1030 - CMSIS Pack Vendor :STMicroelectronics MBEDTLS 2.16.2
2025-10-22 17:00:54,590 [INFO] ThirdParty:1030 - CMSIS Pack Vendor :STMicroelectronics X-CUBE-ALS 1.0.2
2025-10-22 17:00:54,590 [INFO] ThirdParty:1030 - CMSIS Pack Vendor :emotas I-CUBE-CANOPEN 1.3.0
2025-10-22 17:00:54,590 [INFO] ThirdParty:1030 - CMSIS Pack Vendor :STMicroelectronics MBEDTLS 2.14.1
2025-10-22 17:00:54,590 [INFO] ThirdParty:1030 - CMSIS Pack Vendor :ITTIA_DB I-CUBE-ITTIADB 8.9.0
2025-10-22 17:00:54,590 [INFO] ThirdParty:1030 - CMSIS Pack Vendor :STMicroelectronics X-CUBE-TOUCHGFX 4.26.0
2025-10-22 17:00:54,590 [INFO] ThirdParty:1030 - CMSIS Pack Vendor :STMicroelectronics X-CUBE-STSE01 1.0.0
2025-10-22 17:00:54,590 [INFO] ThirdParty:1030 - CMSIS Pack Vendor :STMicroelectronics X-CUBE-AI 10.2.0
2025-10-22 17:00:54,590 [INFO] ThirdParty:1030 - CMSIS Pack Vendor :STMicroelectronics ThreadX 1.0.0
2025-10-22 17:00:54,590 [INFO] ThirdParty:1030 - CMSIS Pack Vendor :STMicroelectronics FP-SNS-SMARTAG2 1.2.0
2025-10-22 17:00:54,590 [INFO] ThirdParty:1030 - CMSIS Pack Vendor :STMicroelectronics X-CUBE-AZRTOS-WL 2.0.0
2025-10-22 17:00:54,590 [INFO] ThirdParty:1030 - CMSIS Pack Vendor :SEGGER I-CUBE-embOS 1.3.1
2025-10-22 17:00:54,590 [INFO] ThirdParty:1030 - CMSIS Pack Vendor :STMicroelectronics X-CUBE-ALGOBUILD 1.4.0
2025-10-22 17:00:54,590 [INFO] ThirdParty:1030 - CMSIS Pack Vendor :STMicroelectronics X-CUBE-MEMS1 11.3.0
2025-10-22 17:00:54,590 [INFO] ThirdParty:1030 - CMSIS Pack Vendor :STMicroelectronics FP-SNS-MOTENV1 5.0.0
2025-10-22 17:00:54,590 [INFO] ThirdParty:1030 - CMSIS Pack Vendor :STMicroelectronics USB_DEVICE 1.0.0
2025-10-22 17:00:54,590 [INFO] ThirdParty:1030 - CMSIS Pack Vendor :STMicroelectronics X-CUBE-AZRTOS-L4 2.0.0
2025-10-22 17:00:54,590 [INFO] ThirdParty:1030 - CMSIS Pack Vendor :STMicroelectronics ThreadX 0.0.2
2025-10-22 17:00:54,590 [INFO] ThirdParty:1030 - CMSIS Pack Vendor :STMicroelectronics lwIP 2.1.2
2025-10-22 17:00:54,590 [INFO] ThirdParty:1030 - CMSIS Pack Vendor :STMicroelectronics X-CUBE-SFXS2LP1 4.0.0
2025-10-22 17:00:54,590 [INFO] ThirdParty:1030 - CMSIS Pack Vendor :STMicroelectronics X-CUBE-BLE2 3.3.0
2025-10-22 17:00:54,590 [INFO] ThirdParty:1030 - CMSIS Pack Vendor :STMicroelectronics PDM2PCM 3.2.0
2025-10-22 17:00:54,590 [INFO] ThirdParty:841 - exiting critical section [change project]
2025-10-22 17:00:54,672 [INFO] PinOutPanel:1499 - setPackage(No Configuration,No Configuration)
2025-10-22 17:00:54,672 [INFO] PinOutPanel:1499 - setPackage(STM32F411VETx,LQFP100)
2025-10-22 17:00:54,762 [INFO] UtilMem:75 - Before build in PCC Used Memory: 509248376 Bytes (903872512)
2025-10-22 17:00:54,823 [INFO] UtilMem:75 - After build in PCC Used Memory: 551191416 Bytes (903872512)
2025-10-22 17:00:54,830 [INFO] IPUIPlugin:80 - create IPUIPlugin
2025-10-22 17:00:54,830 [INFO] IPUIPlugin:80 - create IPUIPlugin
2025-10-22 17:00:54,830 [INFO] IPUIPlugin:80 - create IPUIPlugin
2025-10-22 17:00:54,830 [INFO] IPUIPlugin:80 - create IPUIPlugin
2025-10-22 17:00:54,831 [INFO] IPUIPlugin:80 - create IPUIPlugin
2025-10-22 17:00:54,831 [INFO] IPUIPlugin:80 - create IPUIPlugin
2025-10-22 17:00:54,831 [INFO] IPUIPlugin:80 - create IPUIPlugin
2025-10-22 17:00:54,831 [INFO] IPUIPlugin:80 - create IPUIPlugin
2025-10-22 17:00:54,831 [INFO] IPUIPlugin:80 - create IPUIPlugin
2025-10-22 17:00:54,831 [INFO] IPUIPlugin:80 - create IPUIPlugin
2025-10-22 17:00:54,831 [INFO] IPUIPlugin:80 - create IPUIPlugin
2025-10-22 17:00:54,831 [INFO] IPUIPlugin:80 - create IPUIPlugin
2025-10-22 17:00:54,831 [INFO] IPUIPlugin:80 - create IPUIPlugin
2025-10-22 17:00:54,831 [INFO] IPUIPlugin:80 - create IPUIPlugin
2025-10-22 17:00:54,831 [INFO] IPUIPlugin:80 - create IPUIPlugin
2025-10-22 17:00:54,831 [INFO] IPUIPlugin:80 - create IPUIPlugin
2025-10-22 17:00:54,831 [INFO] IPUIPlugin:80 - create IPUIPlugin
2025-10-22 17:00:54,831 [INFO] IPUIPlugin:80 - create IPUIPlugin
2025-10-22 17:00:54,831 [INFO] IPUIPlugin:80 - create IPUIPlugin
2025-10-22 17:00:54,832 [INFO] IPUIPlugin:80 - create IPUIPlugin
2025-10-22 17:00:54,832 [INFO] IPUIPlugin:80 - create IPUIPlugin
2025-10-22 17:00:54,832 [INFO] IPUIPlugin:80 - create IPUIPlugin
2025-10-22 17:00:54,832 [INFO] IPUIPlugin:80 - create IPUIPlugin
2025-10-22 17:00:54,832 [INFO] IPUIPlugin:80 - create IPUIPlugin
2025-10-22 17:00:54,832 [INFO] IPUIPlugin:80 - create IPUIPlugin
2025-10-22 17:00:54,832 [INFO] IPUIPlugin:80 - create IPUIPlugin
2025-10-22 17:00:54,832 [INFO] IPUIPlugin:80 - create IPUIPlugin
2025-10-22 17:00:54,832 [INFO] IPUIPlugin:80 - create IPUIPlugin
2025-10-22 17:00:54,832 [INFO] IPUIPlugin:80 - create IPUIPlugin
2025-10-22 17:00:54,832 [INFO] IPUIPlugin:80 - create IPUIPlugin
2025-10-22 17:00:54,833 [INFO] IPUIPlugin:80 - create IPUIPlugin
2025-10-22 17:00:54,833 [INFO] IPUIPlugin:80 - create IPUIPlugin
2025-10-22 17:00:54,833 [INFO] IPUIPlugin:80 - create IPUIPlugin
2025-10-22 17:00:54,833 [INFO] IPUIPlugin:80 - create IPUIPlugin
2025-10-22 17:00:54,833 [INFO] IPUIPlugin:80 - create IPUIPlugin
2025-10-22 17:00:54,833 [INFO] IPUIPlugin:80 - create IPUIPlugin
2025-10-22 17:00:54,833 [INFO] IPUIPlugin:80 - create IPUIPlugin
2025-10-22 17:00:54,833 [INFO] IPUIPlugin:80 - create IPUIPlugin
2025-10-22 17:00:54,833 [INFO] IPUIPlugin:80 - create IPUIPlugin
2025-10-22 17:00:54,833 [INFO] IPUIPlugin:80 - create IPUIPlugin
2025-10-22 17:00:54,833 [INFO] IPUIPlugin:80 - create IPUIPlugin
2025-10-22 17:00:54,833 [INFO] IPUIPlugin:80 - create IPUIPlugin
2025-10-22 17:00:54,834 [INFO] IPUIPlugin:80 - create IPUIPlugin
2025-10-22 17:00:54,834 [INFO] ApiDbMcu:507 - Load IP Config File for PDM2PCM
2025-10-22 17:00:54,841 [INFO] CADModel:165 - CPN selected for project levelSTM32F411VET6
2025-10-22 17:00:54,841 [INFO] CADModel:114 - Register for checkConnection events
2025-10-22 17:00:54,877 [INFO] OpenFileManager:328 - Restore cursor
2025-10-22 17:00:55,031 [INFO] UtilMem:75 - End SaveConfig() Used Memory: 619875192 Bytes (903872512)
2025-10-22 17:00:55,061 [INFO] UtilMem:75 - End SaveConfig() Used Memory: 636804032 Bytes (903872512)
2025-10-22 17:00:55,145 [INFO] BlockDiagram:2759 - set Specific Code input for plugin: RCC
2025-10-22 17:00:55,145 [INFO] BlockDiagram:2759 - set Specific Code input for plugin: NVIC
2025-10-22 17:00:55,145 [INFO] BlockDiagram:2759 - set Specific Code input for plugin: GPIO
2025-10-22 17:00:55,145 [INFO] CodeGenerator:793 - code generatio: config db path: /app/stm32cubeide/plugins/com.st.stm32cube.common.mx_6.8.0.202302231600//db/
2025-10-22 17:00:55,311 [INFO] CodeEngine:255 - oldGeneratedFile, /home/abanchio/Documents/Famaf/5to/microcontroladores/test/MXTmpFiles/license.tmp_save
2025-10-22 17:00:55,365 [INFO] CodeEngine:279 - Generated code: /home/abanchio/Documents/Famaf/5to/microcontroladores/test/MXTmpFiles/license.tmp
2025-10-22 17:00:55,403 [INFO] CodeEngine:255 - oldGeneratedFile, /home/abanchio/Documents/Famaf/5to/microcontroladores/test/MXTmpFiles/gpio.tmp_save
2025-10-22 17:00:55,439 [INFO] CodeEngine:279 - Generated code: /home/abanchio/Documents/Famaf/5to/microcontroladores/test/MXTmpFiles/gpio.tmp
2025-10-22 17:00:55,441 [INFO] CodeEngine:255 - oldGeneratedFile, /home/abanchio/Documents/Famaf/5to/microcontroladores/test/Core/Src/stm32f4xx_it.c_save
2025-10-22 17:00:55,481 [INFO] CodeEngine:279 - Generated code: /home/abanchio/Documents/Famaf/5to/microcontroladores/test/Core/Src/stm32f4xx_it.c
2025-10-22 17:00:55,482 [INFO] CodeEngine:255 - oldGeneratedFile, /home/abanchio/Documents/Famaf/5to/microcontroladores/test/Core/Inc/stm32f4xx_it.h_save
2025-10-22 17:00:55,513 [INFO] CodeEngine:279 - Generated code: /home/abanchio/Documents/Famaf/5to/microcontroladores/test/Core/Inc/stm32f4xx_it.h
2025-10-22 17:00:55,523 [INFO] CodeEngine:255 - oldGeneratedFile, /home/abanchio/Documents/Famaf/5to/microcontroladores/test/Core/Src/stm32f4xx_hal_msp.c_save
2025-10-22 17:00:55,565 [INFO] CodeEngine:279 - Generated code: /home/abanchio/Documents/Famaf/5to/microcontroladores/test/Core/Src/stm32f4xx_hal_msp.c
2025-10-22 17:00:55,565 [INFO] CodeEngine:255 - oldGeneratedFile, /home/abanchio/Documents/Famaf/5to/microcontroladores/test/MXTmpFiles/system.tmp_save
2025-10-22 17:00:55,595 [INFO] CodeEngine:279 - Generated code: /home/abanchio/Documents/Famaf/5to/microcontroladores/test/MXTmpFiles/system.tmp
2025-10-22 17:00:55,596 [INFO] CodeEngine:311 - oldGeneratedFile, /home/abanchio/Documents/Famaf/5to/microcontroladores/test/Core/Inc/stm32f4xx_hal_conf.h_save
2025-10-22 17:00:55,630 [INFO] CodeEngine:335 - Generated code: /home/abanchio/Documents/Famaf/5to/microcontroladores/test/Core/Inc/stm32f4xx_hal_conf.h
2025-10-22 17:00:55,636 [INFO] CodeEngine:255 - oldGeneratedFile, /home/abanchio/Documents/Famaf/5to/microcontroladores/test/Core/Inc/main.h_save
2025-10-22 17:00:55,668 [INFO] CodeEngine:279 - Generated code: /home/abanchio/Documents/Famaf/5to/microcontroladores/test/Core/Inc/main.h
2025-10-22 17:00:55,669 [INFO] CodeEngine:255 - oldGeneratedFile, /home/abanchio/Documents/Famaf/5to/microcontroladores/test/Core/Src/main.c_save
2025-10-22 17:00:55,709 [INFO] CodeEngine:279 - Generated code: /home/abanchio/Documents/Famaf/5to/microcontroladores/test/Core/Src/main.c
2025-10-22 17:00:55,891 [INFO] ProjectBuilder:2996 - Time for Copy HAL[1] : 8mS.
2025-10-22 17:00:55,891 [INFO] ProjectBuilder:4304 - Project Generator version: 3.19.2
2025-10-22 17:00:56,114 [INFO] ConfigFileManager:1483 - The Die is : DIE431
2025-10-22 17:00:56,115 [INFO] ApiDbMcu:507 - Load IP Config File for FATFS
2025-10-22 17:00:56,117 [INFO] ApiDbMcu:507 - Load IP Config File for FREERTOS
2025-10-22 17:00:56,117 [INFO] ApiDbMcu:507 - Load IP Config File for LIBJPEG
2025-10-22 17:00:56,119 [INFO] ApiDbMcu:507 - Load IP Config File for MBEDTLS
2025-10-22 17:00:56,122 [INFO] ApiDbMcu:507 - Load IP Config File for USB_DEVICE
2025-10-22 17:00:56,123 [INFO] ApiDbMcu:507 - Load IP Config File for USB_HOST
2025-10-22 17:00:57,400 [INFO] ProjectBuilder:4505 - Time for Generating toolchain IDE Files: 1509mS.
2025-10-22 17:00:57,401 [INFO] ProjectBuilder:2867 - Time for Copy CMSIS : 1mS.
2025-10-22 17:00:57,401 [INFO] ProjectBuilder:2867 - Time for Copy CMSIS : 0mS.
2025-10-22 17:00:57,766 [INFO] McuFinderGlobals:66 - Set McuFinderConnectedMode to true
2025-10-22 17:00:57,768 [INFO] ApiDb:448 - Save user favorites file /home/abanchio/.stm32cubeide/favorites.mcus.txt: 0 item(s)
2025-10-22 17:00:57,768 [INFO] ApiDb:452 - User favorites MCUs=[]
2025-10-22 17:00:57,769 [INFO] ApiDb:448 - Save user favorites file /home/abanchio/.stm32cubeide/favorites.boards.txt: 2 item(s)
2025-10-22 17:00:57,769 [INFO] ApiDb:452 - User favorites Boards=[STM32F407G-DISC1, STM32F411E-DISCO]
2025-10-22 17:03:19,820 [INFO] NvicIntPanel:101 - NVIC parent = com.st.microxplorer.plugins.ip.nvic.MultiNvicIntPanel[,0,0,0x0,invalid,layout=javax.swing.BoxLayout,alignmentX=0.0,alignmentY=0.0,border=,flags=9,maximumSize=,minimumSize=,preferredSize=]
2025-10-22 17:03:21,675 [INFO] NvicIntPanel:101 - NVIC parent = com.st.microxplorer.plugins.ip.nvic.MultiNvicIntPanel[,0,0,0x0,invalid,layout=javax.swing.BoxLayout,alignmentX=0.0,alignmentY=0.0,border=,flags=9,maximumSize=,minimumSize=,preferredSize=]
2025-10-22 17:03:26,576 [INFO] NvicIntPanel:101 - NVIC parent = com.st.microxplorer.plugins.ip.nvic.MultiNvicIntPanel[,0,0,0x0,invalid,layout=javax.swing.BoxLayout,alignmentX=0.0,alignmentY=0.0,border=,flags=9,maximumSize=,minimumSize=,preferredSize=]
2025-10-22 17:03:33,862 [INFO] Gpio:273 - dependency for GPIO []
2025-10-22 17:03:34,448 [INFO] NvicIntPanel:101 - NVIC parent = com.st.microxplorer.plugins.ip.nvic.MultiNvicIntPanel[,2,26,678x651,layout=javax.swing.BoxLayout,alignmentX=0.0,alignmentY=0.0,border=,flags=9,maximumSize=,minimumSize=,preferredSize=]
2025-10-22 17:03:42,414 [INFO] Gpio:273 - dependency for GPIO []
2025-10-22 17:03:42,425 [INFO] NvicIntPanel:101 - NVIC parent = com.st.microxplorer.plugins.ip.nvic.MultiNvicIntPanel[,0,0,0x0,invalid,layout=javax.swing.BoxLayout,alignmentX=0.0,alignmentY=0.0,border=,flags=9,maximumSize=,minimumSize=,preferredSize=]
2025-10-22 17:03:42,466 [INFO] Gpio:273 - dependency for GPIO []
2025-10-22 17:03:42,482 [INFO] NvicIntPanel:101 - NVIC parent = com.st.microxplorer.plugins.ip.nvic.MultiNvicIntPanel[,0,0,0x0,invalid,layout=javax.swing.BoxLayout,alignmentX=0.0,alignmentY=0.0,border=,flags=9,maximumSize=,minimumSize=,preferredSize=]
2025-10-22 17:03:43,527 [INFO] Gpio:273 - dependency for GPIO []
2025-10-22 17:03:43,539 [INFO] NvicIntPanel:101 - NVIC parent = com.st.microxplorer.plugins.ip.nvic.MultiNvicIntPanel[,0,0,0x0,invalid,layout=javax.swing.BoxLayout,alignmentX=0.0,alignmentY=0.0,border=,flags=9,maximumSize=,minimumSize=,preferredSize=]
2025-10-22 17:03:43,581 [INFO] Gpio:273 - dependency for GPIO []
2025-10-22 17:03:43,599 [INFO] NvicIntPanel:101 - NVIC parent = com.st.microxplorer.plugins.ip.nvic.MultiNvicIntPanel[,0,0,0x0,invalid,layout=javax.swing.BoxLayout,alignmentX=0.0,alignmentY=0.0,border=,flags=9,maximumSize=,minimumSize=,preferredSize=]
2025-10-22 17:03:46,316 [INFO] Gpio:273 - dependency for GPIO []
2025-10-22 17:03:53,550 [INFO] Gpio:273 - dependency for GPIO []
2025-10-22 17:03:58,042 [INFO] UtilMem:75 - End SaveConfig() Used Memory: 689493480 Bytes (891289600)
2025-10-22 17:03:58,097 [INFO] UtilMem:75 - End SaveConfig() Used Memory: 705106736 Bytes (891289600)
2025-10-22 17:03:58,499 [INFO] UtilMem:75 - End SaveConfig() Used Memory: 756496768 Bytes (891289600)
2025-10-22 17:03:58,664 [INFO] BlockDiagram:2759 - set Specific Code input for plugin: TIM1_8
2025-10-22 17:03:58,664 [INFO] BlockDiagram:2759 - set Specific Code input for plugin: RCC
2025-10-22 17:03:58,664 [INFO] BlockDiagram:2759 - set Specific Code input for plugin: NVIC
2025-10-22 17:03:58,665 [INFO] BlockDiagram:2759 - set Specific Code input for plugin: GPIO
2025-10-22 17:03:58,665 [INFO] CodeGenerator:793 - code generatio: config db path: /app/stm32cubeide/plugins/com.st.stm32cube.common.mx_6.8.0.202302231600//db/
2025-10-22 17:03:58,747 [INFO] CodeEngine:255 - oldGeneratedFile, /home/abanchio/Documents/Famaf/5to/microcontroladores/test/MXTmpFiles/license.tmp_save
2025-10-22 17:03:58,779 [INFO] CodeEngine:279 - Generated code: /home/abanchio/Documents/Famaf/5to/microcontroladores/test/MXTmpFiles/license.tmp
2025-10-22 17:03:58,791 [INFO] CodeEngine:255 - oldGeneratedFile, /home/abanchio/Documents/Famaf/5to/microcontroladores/test/MXTmpFiles/gpio.tmp_save
2025-10-22 17:03:58,826 [INFO] CodeEngine:279 - Generated code: /home/abanchio/Documents/Famaf/5to/microcontroladores/test/MXTmpFiles/gpio.tmp
2025-10-22 17:03:58,847 [INFO] CodeEngine:255 - oldGeneratedFile, /home/abanchio/Documents/Famaf/5to/microcontroladores/test/Core/Src/stm32f4xx_it.c_save
2025-10-22 17:03:58,886 [INFO] CodeEngine:279 - Generated code: /home/abanchio/Documents/Famaf/5to/microcontroladores/test/Core/Src/stm32f4xx_it.c
2025-10-22 17:03:58,887 [INFO] CodeEngine:255 - oldGeneratedFile, /home/abanchio/Documents/Famaf/5to/microcontroladores/test/Core/Inc/stm32f4xx_it.h_save
2025-10-22 17:03:58,918 [INFO] CodeEngine:279 - Generated code: /home/abanchio/Documents/Famaf/5to/microcontroladores/test/Core/Inc/stm32f4xx_it.h
2025-10-22 17:03:58,928 [INFO] CodeEngine:255 - oldGeneratedFile, /home/abanchio/Documents/Famaf/5to/microcontroladores/test/Core/Src/stm32f4xx_hal_msp.c_save
2025-10-22 17:03:58,973 [INFO] CodeEngine:279 - Generated code: /home/abanchio/Documents/Famaf/5to/microcontroladores/test/Core/Src/stm32f4xx_hal_msp.c
2025-10-22 17:03:58,973 [INFO] CodeEngine:255 - oldGeneratedFile, /home/abanchio/Documents/Famaf/5to/microcontroladores/test/MXTmpFiles/system.tmp_save
2025-10-22 17:03:59,003 [INFO] CodeEngine:279 - Generated code: /home/abanchio/Documents/Famaf/5to/microcontroladores/test/MXTmpFiles/system.tmp
2025-10-22 17:03:59,004 [INFO] CodeEngine:311 - oldGeneratedFile, /home/abanchio/Documents/Famaf/5to/microcontroladores/test/Core/Inc/stm32f4xx_hal_conf.h_save
2025-10-22 17:03:59,039 [INFO] CodeEngine:335 - Generated code: /home/abanchio/Documents/Famaf/5to/microcontroladores/test/Core/Inc/stm32f4xx_hal_conf.h
2025-10-22 17:03:59,045 [WARN] IPConfigManager:3431 - IP not found : TIM
2025-10-22 17:03:59,045 [WARN] CodeGenerator:3754 - IP not found : null
2025-10-22 17:03:59,046 [INFO] CodeEngine:255 - oldGeneratedFile, /home/abanchio/Documents/Famaf/5to/microcontroladores/test/Core/Inc/main.h_save
2025-10-22 17:03:59,079 [INFO] CodeEngine:279 - Generated code: /home/abanchio/Documents/Famaf/5to/microcontroladores/test/Core/Inc/main.h
2025-10-22 17:03:59,079 [INFO] CodeEngine:255 - oldGeneratedFile, /home/abanchio/Documents/Famaf/5to/microcontroladores/test/Core/Src/main.c_save
2025-10-22 17:03:59,123 [INFO] CodeEngine:279 - Generated code: /home/abanchio/Documents/Famaf/5to/microcontroladores/test/Core/Src/main.c
2025-10-22 17:03:59,394 [INFO] ProjectBuilder:2996 - Time for Copy HAL[1] : 11mS.
2025-10-22 17:03:59,394 [INFO] ProjectBuilder:4304 - Project Generator version: 3.19.2
2025-10-22 17:03:59,584 [INFO] ConfigFileManager:1483 - The Die is : DIE431
2025-10-22 17:04:00,257 [INFO] ProjectBuilder:4505 - Time for Generating toolchain IDE Files: 863mS.
2025-10-22 17:04:00,257 [INFO] ProjectBuilder:2867 - Time for Copy CMSIS : 0mS.
2025-10-22 17:04:00,258 [INFO] ProjectBuilder:2867 - Time for Copy CMSIS : 0mS.
2025-10-22 17:38:27,591 [INFO] Gpio:273 - dependency for GPIO []
2025-10-22 17:38:54,183 [INFO] NvicIntPanel:101 - NVIC parent = com.st.microxplorer.plugins.ip.nvic.MultiNvicIntPanel[,2,26,630x651,layout=javax.swing.BoxLayout,alignmentX=0.0,alignmentY=0.0,border=,flags=9,maximumSize=,minimumSize=,preferredSize=]
2025-10-22 17:39:03,103 [INFO] UtilMem:75 - End SaveConfig() Used Memory: 564337536 Bytes (891289600)
2025-10-22 17:39:03,166 [INFO] UtilMem:75 - End SaveConfig() Used Memory: 580066176 Bytes (891289600)
2025-10-22 17:39:11,884 [INFO] UtilMem:75 - End SaveConfig() Used Memory: 364304840 Bytes (891289600)
2025-10-22 17:39:11,998 [INFO] BlockDiagram:2759 - set Specific Code input for plugin: TIM1_8
2025-10-22 17:39:11,998 [INFO] BlockDiagram:2759 - set Specific Code input for plugin: RCC
2025-10-22 17:39:11,998 [INFO] BlockDiagram:2759 - set Specific Code input for plugin: NVIC
2025-10-22 17:39:11,998 [INFO] BlockDiagram:2759 - set Specific Code input for plugin: GPIO
2025-10-22 17:39:11,998 [INFO] CodeGenerator:793 - code generatio: config db path: /app/stm32cubeide/plugins/com.st.stm32cube.common.mx_6.8.0.202302231600//db/
2025-10-22 17:39:12,090 [INFO] CodeEngine:255 - oldGeneratedFile, /home/abanchio/Documents/Famaf/5to/microcontroladores/test/MXTmpFiles/license.tmp_save
2025-10-22 17:39:12,130 [INFO] CodeEngine:279 - Generated code: /home/abanchio/Documents/Famaf/5to/microcontroladores/test/MXTmpFiles/license.tmp
2025-10-22 17:39:12,142 [INFO] CodeEngine:255 - oldGeneratedFile, /home/abanchio/Documents/Famaf/5to/microcontroladores/test/MXTmpFiles/gpio.tmp_save
2025-10-22 17:39:12,184 [INFO] CodeEngine:279 - Generated code: /home/abanchio/Documents/Famaf/5to/microcontroladores/test/MXTmpFiles/gpio.tmp
2025-10-22 17:39:12,205 [INFO] CodeEngine:255 - oldGeneratedFile, /home/abanchio/Documents/Famaf/5to/microcontroladores/test/Core/Src/stm32f4xx_it.c_save
2025-10-22 17:39:12,275 [INFO] CodeEngine:279 - Generated code: /home/abanchio/Documents/Famaf/5to/microcontroladores/test/Core/Src/stm32f4xx_it.c
2025-10-22 17:39:12,275 [INFO] CodeEngine:255 - oldGeneratedFile, /home/abanchio/Documents/Famaf/5to/microcontroladores/test/Core/Inc/stm32f4xx_it.h_save
2025-10-22 17:39:12,306 [INFO] CodeEngine:279 - Generated code: /home/abanchio/Documents/Famaf/5to/microcontroladores/test/Core/Inc/stm32f4xx_it.h
2025-10-22 17:39:12,317 [INFO] CodeEngine:255 - oldGeneratedFile, /home/abanchio/Documents/Famaf/5to/microcontroladores/test/Core/Src/stm32f4xx_hal_msp.c_save
2025-10-22 17:39:12,369 [INFO] CodeEngine:279 - Generated code: /home/abanchio/Documents/Famaf/5to/microcontroladores/test/Core/Src/stm32f4xx_hal_msp.c
2025-10-22 17:39:12,369 [INFO] CodeEngine:255 - oldGeneratedFile, /home/abanchio/Documents/Famaf/5to/microcontroladores/test/MXTmpFiles/system.tmp_save
2025-10-22 17:39:12,401 [INFO] CodeEngine:279 - Generated code: /home/abanchio/Documents/Famaf/5to/microcontroladores/test/MXTmpFiles/system.tmp
2025-10-22 17:39:12,402 [INFO] CodeEngine:311 - oldGeneratedFile, /home/abanchio/Documents/Famaf/5to/microcontroladores/test/Core/Inc/stm32f4xx_hal_conf.h_save
2025-10-22 17:39:12,437 [INFO] CodeEngine:335 - Generated code: /home/abanchio/Documents/Famaf/5to/microcontroladores/test/Core/Inc/stm32f4xx_hal_conf.h
2025-10-22 17:39:12,489 [WARN] IPConfigManager:3431 - IP not found : TIM
2025-10-22 17:39:12,489 [WARN] CodeGenerator:3754 - IP not found : null
2025-10-22 17:39:12,490 [INFO] CodeEngine:255 - oldGeneratedFile, /home/abanchio/Documents/Famaf/5to/microcontroladores/test/Core/Inc/main.h_save
2025-10-22 17:39:12,531 [INFO] CodeEngine:279 - Generated code: /home/abanchio/Documents/Famaf/5to/microcontroladores/test/Core/Inc/main.h
2025-10-22 17:39:12,532 [INFO] CodeEngine:255 - oldGeneratedFile, /home/abanchio/Documents/Famaf/5to/microcontroladores/test/Core/Src/main.c_save
2025-10-22 17:39:12,580 [INFO] CodeEngine:279 - Generated code: /home/abanchio/Documents/Famaf/5to/microcontroladores/test/Core/Src/main.c
2025-10-22 17:39:12,855 [INFO] ProjectBuilder:2996 - Time for Copy HAL[1] : 10mS.
2025-10-22 17:39:12,856 [INFO] ProjectBuilder:4304 - Project Generator version: 3.19.2
2025-10-22 17:39:12,969 [INFO] ConfigFileManager:1483 - The Die is : DIE431
2025-10-22 17:39:13,656 [INFO] ProjectBuilder:4505 - Time for Generating toolchain IDE Files: 800mS.
2025-10-22 17:39:13,657 [INFO] ProjectBuilder:2867 - Time for Copy CMSIS : 0mS.
2025-10-22 17:39:13,657 [INFO] ProjectBuilder:2867 - Time for Copy CMSIS : 0mS.
2025-10-22 17:49:05,437 [ERROR] LogOutputStream:75 - [STDERR_REDIRECT] 
